series_id,game_num,blue_team,red_team,team,opp_team,side,champion,ban_order,ban_turn_global,ban_phase,win,result
2877290,1,FNC,LR,FNC,LR,Blue,Neeko,1,1,1,True,Win
2877290,1,FNC,LR,FNC,LR,Blue,Sion,2,3,1,True,Win
2877290,1,FNC,LR,FNC,LR,Blue,Malphite,3,5,1,True,Win
2877290,1,FNC,LR,FNC,LR,Blue,Nami,4,8,2,True,Win
2877290,1,FNC,LR,FNC,LR,Blue,Bard,5,10,2,True,Win
2877290,1,FNC,LR,LR,FNC,Red,Jayce,1,2,1,False,Loss
2877290,1,FNC,LR,LR,FNC,Red,Azir,2,4,1,False,Loss
2877290,1,FNC,LR,LR,FNC,Red,Orianna,3,6,1,False,Loss
2877290,1,FNC,LR,LR,FNC,Red,Jax,4,7,2,False,Loss
2877290,1,FNC,LR,LR,FNC,Red,Rumble,5,9,2,False,Loss
2877291,1,GX,SHFT,GX,SHFT,Blue,Sylas,1,1,1,True,Win
2877291,1,GX,SHFT,GX,SHFT,Blue,Qiyana,2,3,1,True,Win
2877291,1,GX,SHFT,GX,SHFT,Blue,Malphite,3,5,1,True,Win
2877291,1,GX,SHFT,GX,SHFT,Blue,Nautilus,4,8,2,True,Win
2877291,1,GX,SHFT,GX,SHFT,Blue,Caitlyn,5,10,2,True,Win
2877291,1,GX,SHFT,SHFT,GX,Red,Nidalee,1,2,1,False,Loss
2877291,1,GX,SHFT,SHFT,GX,Red,Sion,2,4,1,False,Loss
2877291,1,GX,SHFT,SHFT,GX,Red,Varus,3,6,1,False,Loss
2877291,1,GX,SHFT,SHFT,GX,Red,Neeko,4,7,2,False,Loss
2877291,1,GX,SHFT,SHFT,GX,Red,Jhin,5,9,2,False,Loss
2877292,1,TH,NAVI,TH,NAVI,Blue,Poppy,1,1,1,False,Loss
2877292,1,TH,NAVI,TH,NAVI,Blue,Pantheon,2,3,1,False,Loss
2877292,1,TH,NAVI,TH,NAVI,Blue,Varus,3,5,1,False,Loss
2877292,1,TH,NAVI,TH,NAVI,Blue,Braum,4,8,2,False,Loss
2877292,1,TH,NAVI,TH,NAVI,Blue,Alistar,5,10,2,False,Loss
2877292,1,TH,NAVI,NAVI,TH,Red,Jayce,1,2,1,True,Win
2877292,1,TH,NAVI,NAVI,TH,Red,Ambessa,2,4,1,True,Win
2877292,1,TH,NAVI,NAVI,TH,Red,Vi,3,6,1,True,Win
2877292,1,TH,NAVI,NAVI,TH,Red,Aphelios,4,7,2,True,Win
2877292,1,TH,NAVI,NAVI,TH,Red,Neeko,5,9,2,True,Win
2877293,1,SK,VIT,SK,VIT,Blue,Malphite,1,1,1,False,Loss
2877293,1,SK,VIT,SK,VIT,Blue,Azir,2,3,1,False,Loss
2877293,1,SK,VIT,SK,VIT,Blue,Poppy,3,5,1,False,Loss
2877293,1,SK,VIT,SK,VIT,Blue,Nautilus,4,8,2,False,Loss
2877293,1,SK,VIT,SK,VIT,Blue,Renekton,5,10,2,False,Loss
2877293,1,SK,VIT,VIT,SK,Red,Akali,1,2,1,True,Win
2877293,1,SK,VIT,VIT,SK,Red,Varus,2,4,1,True,Win
2877293,1,SK,VIT,VIT,SK,Red,Rumble,3,6,1,True,Win
2877293,1,SK,VIT,VIT,SK,Red,Orianna,4,7,2,True,Win
2877293,1,SK,VIT,VIT,SK,Red,Ryze,5,9,2,True,Win
2877294,1,KC,KCB,KC,KCB,Blue,Malphite,1,1,1,True,Win
2877294,1,KC,KCB,KC,KCB,Blue,Pantheon,2,3,1,True,Win
2877294,1,KC,KCB,KC,KCB,Blue,Ambessa,3,5,1,True,Win
2877294,1,KC,KCB,KC,KCB,Blue,Alistar,4,8,2,True,Win
2877294,1,KC,KCB,KC,KCB,Blue,Rell,5,10,2,True,Win
2877294,1,KC,KCB,KCB,KC,Red,Jayce,1,2,1,False,Loss
2877294,1,KC,KCB,KCB,KC,Red,Orianna,2,4,1,False,Loss
2877294,1,KC,KCB,KCB,KC,Red,Rumble,3,6,1,False,Loss
2877294,1,KC,KCB,KCB,KC,Red,Corki,4,7,2,False,Loss
2877294,1,KC,KCB,KCB,KC,Red,Sivir,5,9,2,False,Loss
2877295,1,G2,MKOI,G2,MKOI,Blue,Rumble,1,2,1,False,Loss
2877295,1,G2,MKOI,G2,MKOI,Blue,Orianna,2,4,1,False,Loss
2877295,1,G2,MKOI,G2,MKOI,Blue,Sion,3,6,1,False,Loss
2877295,1,G2,MKOI,G2,MKOI,Blue,Braum,4,7,2,False,Loss
2877295,1,G2,MKOI,G2,MKOI,Blue,Nautilus,5,9,2,False,Loss
2877295,1,G2,MKOI,MKOI,G2,Red,Kled,1,1,1,True,Win
2877295,1,G2,MKOI,MKOI,G2,Red,Malphite,2,3,1,True,Win
2877295,1,G2,MKOI,MKOI,G2,Red,Dr. Mundo,3,5,1,True,Win
2877295,1,G2,MKOI,MKOI,G2,Red,Nami,4,8,2,True,Win
2877295,1,G2,MKOI,MKOI,G2,Red,Bard,5,10,2,True,Win
2877296,1,TH,SHFT,TH,SHFT,Blue,Neeko,1,1,1,False,Loss
2877296,1,TH,SHFT,TH,SHFT,Blue,Taliyah,2,3,1,False,Loss
2877296,1,TH,SHFT,TH,SHFT,Blue,Yunara,3,5,1,False,Loss
2877296,1,TH,SHFT,TH,SHFT,Blue,Bard,4,8,2,False,Loss
2877296,1,TH,SHFT,TH,SHFT,Blue,Rakan,5,10,2,False,Loss
2877296,1,TH,SHFT,SHFT,TH,Red,Jayce,1,2,1,True,Win
2877296,1,TH,SHFT,SHFT,TH,Red,Aphelios,2,4,1,True,Win
2877296,1,TH,SHFT,SHFT,TH,Red,Orianna,3,6,1,True,Win
2877296,1,TH,SHFT,SHFT,TH,Red,Varus,4,7,2,True,Win
2877296,1,TH,SHFT,SHFT,TH,Red,Alistar,5,9,2,True,Win
2877297,1,LR,KCB,LR,KCB,Blue,Rumble,1,1,1,False,Loss
2877297,1,LR,KCB,LR,KCB,Blue,Varus,2,3,1,False,Loss
2877297,1,LR,KCB,LR,KCB,Blue,Taliyah,3,5,1,False,Loss
2877297,1,LR,KCB,LR,KCB,Blue,Nautilus,4,8,2,False,Loss
2877297,1,LR,KCB,LR,KCB,Blue,Aatrox,5,10,2,False,Loss
2877297,1,LR,KCB,KCB,LR,Red,Sion,1,2,1,True,Win
2877297,1,LR,KCB,KCB,LR,Red,Rakan,2,4,1,True,Win
2877297,1,LR,KCB,KCB,LR,Red,Malphite,3,6,1,True,Win
2877297,1,LR,KCB,KCB,LR,Red,Braum,4,7,2,True,Win
2877297,1,LR,KCB,KCB,LR,Red,Bard,5,9,2,True,Win
2877298,1,VIT,NAVI,VIT,NAVI,Blue,Neeko,1,1,1,False,Loss
2877298,1,VIT,NAVI,VIT,NAVI,Blue,Qiyana,2,3,1,False,Loss
2877298,1,VIT,NAVI,VIT,NAVI,Blue,Rumble,3,5,1,False,Loss
2877298,1,VIT,NAVI,VIT,NAVI,Blue,Jax,4,8,2,False,Loss
2877298,1,VIT,NAVI,VIT,NAVI,Blue,Rakan,5,10,2,False,Loss
2877298,1,VIT,NAVI,NAVI,VIT,Red,Jayce,1,2,1,True,Win
2877298,1,VIT,NAVI,NAVI,VIT,Red,Pantheon,2,4,1,True,Win
2877298,1,VIT,NAVI,NAVI,VIT,Red,Varus,3,6,1,True,Win
2877298,1,VIT,NAVI,NAVI,VIT,Red,Bard,4,7,2,True,Win
2877298,1,VIT,NAVI,NAVI,VIT,Red,Poppy,5,9,2,True,Win
2877299,1,FNC,SK,FNC,SK,Blue,Neeko,1,1,1,False,Loss
2877299,1,FNC,SK,FNC,SK,Blue,Irelia,2,3,1,False,Loss
2877299,1,FNC,SK,FNC,SK,Blue,Sylas,3,5,1,False,Loss
2877299,1,FNC,SK,FNC,SK,Blue,Rakan,4,8,2,False,Loss
2877299,1,FNC,SK,FNC,SK,Blue,Renata Glasc,5,10,2,False,Loss
2877299,1,FNC,SK,SK,FNC,Red,Rumble,1,2,1,True,Win
2877299,1,FNC,SK,SK,FNC,Red,Poppy,2,4,1,True,Win
2877299,1,FNC,SK,SK,FNC,Red,Malphite,3,6,1,True,Win
2877299,1,FNC,SK,SK,FNC,Red,Azir,4,7,2,True,Win
2877299,1,FNC,SK,SK,FNC,Red,Orianna,5,9,2,True,Win
2877300,1,G2,GX,G2,GX,Blue,Rumble,1,2,1,False,Loss
2877300,1,G2,GX,G2,GX,Blue,Jayce,2,4,1,False,Loss
2877300,1,G2,GX,G2,GX,Blue,Orianna,3,6,1,False,Loss
2877300,1,G2,GX,G2,GX,Blue,Gwen,4,7,2,False,Loss
2877300,1,G2,GX,G2,GX,Blue,Gnar,5,9,2,False,Loss
2877300,1,G2,GX,GX,G2,Red,Dr. Mundo,1,1,1,True,Win
2877300,1,G2,GX,GX,G2,Red,Malphite,2,3,1,True,Win
2877300,1,G2,GX,GX,G2,Red,Azir,3,5,1,True,Win
2877300,1,G2,GX,GX,G2,Red,Braum,4,8,2,True,Win
2877300,1,G2,GX,GX,G2,Red,Nautilus,5,10,2,True,Win
2877301,1,KC,MKOI,KC,MKOI,Blue,Varus,1,2,1,False,Loss
2877301,1,KC,MKOI,KC,MKOI,Blue,Jayce,2,4,1,False,Loss
2877301,1,KC,MKOI,KC,MKOI,Blue,Pantheon,3,6,1,False,Loss
2877301,1,KC,MKOI,KC,MKOI,Blue,K'Sante,4,7,2,False,Loss
2877301,1,KC,MKOI,KC,MKOI,Blue,Galio,5,9,2,False,Loss
2877301,1,KC,MKOI,MKOI,KC,Red,Neeko,1,1,1,True,Win
2877301,1,KC,MKOI,MKOI,KC,Red,Malphite,2,3,1,True,Win
2877301,1,KC,MKOI,MKOI,KC,Red,Orianna,3,5,1,True,Win
2877301,1,KC,MKOI,MKOI,KC,Red,Nautilus,4,8,2,True,Win
2877301,1,KC,MKOI,MKOI,KC,Red,Alistar,5,10,2,True,Win
2877302,1,NAVI,FNC,NAVI,FNC,Blue,Jayce,1,2,1,False,Loss
2877302,1,NAVI,FNC,NAVI,FNC,Blue,Vi,2,4,1,False,Loss
2877302,1,NAVI,FNC,NAVI,FNC,Blue,Malphite,3,6,1,False,Loss
2877302,1,NAVI,FNC,NAVI,FNC,Blue,Sivir,4,7,2,False,Loss
2877302,1,NAVI,FNC,NAVI,FNC,Blue,Poppy,5,9,2,False,Loss
2877302,1,NAVI,FNC,FNC,NAVI,Red,Neeko,1,1,1,True,Win
2877302,1,NAVI,FNC,FNC,NAVI,Red,Yunara,2,3,1,True,Win
2877302,1,NAVI,FNC,FNC,NAVI,Red,Sylas,3,5,1,True,Win
2877302,1,NAVI,FNC,FNC,NAVI,Red,Qiyana,4,8,2,True,Win
2877302,1,NAVI,FNC,FNC,NAVI,Red,Wukong,5,10,2,True,Win
2877303,1,KCB,VIT,KCB,VIT,Blue,Jayce,1,2,1,False,Loss
2877303,1,KCB,VIT,KCB,VIT,Blue,Rumble,2,4,1,False,Loss
2877303,1,KCB,VIT,KCB,VIT,Blue,Corki,3,6,1,False,Loss
2877303,1,KCB,VIT,KCB,VIT,Blue,Sivir,4,7,2,False,Loss
2877303,1,KCB,VIT,KCB,VIT,Blue,Kai'Sa,5,9,2,False,Loss
2877303,1,KCB,VIT,VIT,KCB,Red,Malphite,1,1,1,True,Win
2877303,1,KCB,VIT,VIT,KCB,Red,Orianna,2,3,1,True,Win
2877303,1,KCB,VIT,VIT,KCB,Red,Varus,3,5,1,True,Win
2877303,1,KCB,VIT,VIT,KCB,Red,Yunara,4,8,2,True,Win
2877303,1,KCB,VIT,VIT,KCB,Red,Ezreal,5,10,2,True,Win
2877304,1,TH,GX,TH,GX,Blue,Poppy,1,2,1,True,Win
2877304,1,TH,GX,TH,GX,Blue,Orianna,2,4,1,True,Win
2877304,1,TH,GX,TH,GX,Blue,Xin Zhao,3,6,1,True,Win
2877304,1,TH,GX,TH,GX,Blue,Bard,4,7,2,True,Win
2877304,1,TH,GX,TH,GX,Blue,Neeko,5,9,2,True,Win
2877304,1,TH,GX,GX,TH,Red,Jayce,1,1,1,False,Loss
2877304,1,TH,GX,GX,TH,Red,Sylas,2,3,1,False,Loss
2877304,1,TH,GX,GX,TH,Red,Rumble,3,5,1,False,Loss
2877304,1,TH,GX,GX,TH,Red,Nautilus,4,8,2,False,Loss
2877304,1,TH,GX,GX,TH,Red,Renekton,5,10,2,False,Loss
2877305,1,SHFT,MKOI,SHFT,MKOI,Blue,Yunara,1,2,1,False,Loss
2877305,1,SHFT,MKOI,SHFT,MKOI,Blue,Poppy,2,4,1,False,Loss
2877305,1,SHFT,MKOI,SHFT,MKOI,Blue,Jayce,3,6,1,False,Loss
2877305,1,SHFT,MKOI,SHFT,MKOI,Blue,Bard,4,7,2,False,Loss
2877305,1,SHFT,MKOI,SHFT,MKOI,Blue,Jarvan IV,5,9,2,False,Loss
2877305,1,SHFT,MKOI,MKOI,SHFT,Red,Wukong,1,1,1,False,Loss
2877305,1,SHFT,MKOI,MKOI,SHFT,Red,K'Sante,2,3,1,False,Loss
2877305,1,SHFT,MKOI,MKOI,SHFT,Red,Malphite,3,5,1,False,Loss
2877305,1,SHFT,MKOI,MKOI,SHFT,Red,Taliyah,4,8,2,False,Loss
2877305,1,SHFT,MKOI,MKOI,SHFT,Red,Renekton,5,10,2,False,Loss
2877306,1,LR,KC,LR,KC,Blue,Rumble,1,2,1,False,Loss
2877306,1,LR,KC,LR,KC,Blue,Jayce,2,4,1,False,Loss
2877306,1,LR,KC,LR,KC,Blue,Varus,3,6,1,False,Loss
2877306,1,LR,KC,LR,KC,Blue,Ambessa,4,7,2,False,Loss
2877306,1,LR,KC,LR,KC,Blue,K'Sante,5,9,2,False,Loss
2877306,1,LR,KC,KC,LR,Red,Sion,1,1,1,True,Win
2877306,1,LR,KC,KC,LR,Red,Malphite,2,3,1,True,Win
2877306,1,LR,KC,KC,LR,Red,Jarvan IV,3,5,1,True,Win
2877306,1,LR,KC,KC,LR,Red,Jax,4,8,2,True,Win
2877306,1,LR,KC,KC,LR,Red,Nocturne,5,10,2,True,Win
2877307,1,G2,SK,G2,SK,Blue,Malphite,1,1,1,True,Win
2877307,1,G2,SK,G2,SK,Blue,Yunara,2,3,1,True,Win
2877307,1,G2,SK,G2,SK,Blue,Rumble,3,5,1,True,Win
2877307,1,G2,SK,G2,SK,Blue,Neeko,4,8,2,True,Win
2877307,1,G2,SK,G2,SK,Blue,Akali,5,10,2,True,Win
2877307,1,G2,SK,SK,G2,Red,Poppy,1,2,1,False,Loss
2877307,1,G2,SK,SK,G2,Red,Dr. Mundo,2,4,1,False,Loss
2877307,1,G2,SK,SK,G2,Red,Varus,3,6,1,False,Loss
2877307,1,G2,SK,SK,G2,Red,Azir,4,7,2,False,Loss
2877307,1,G2,SK,SK,G2,Red,Ryze,5,9,2,False,Loss
2877308,1,GX,LR,GX,LR,Blue,Sion,1,2,1,True,Win
2877308,1,GX,LR,GX,LR,Blue,Orianna,2,4,1,True,Win
2877308,1,GX,LR,GX,LR,Blue,Ryze,3,6,1,True,Win
2877308,1,GX,LR,GX,LR,Blue,Nami,4,7,2,True,Win
2877308,1,GX,LR,GX,LR,Blue,Alistar,5,9,2,True,Win
2877308,1,GX,LR,LR,GX,Red,Rumble,1,1,1,False,Loss
2877308,1,GX,LR,LR,GX,Red,Jarvan IV,2,3,1,False,Loss
2877308,1,GX,LR,LR,GX,Red,Varus,3,5,1,False,Loss
2877308,1,GX,LR,LR,GX,Red,Neeko,4,8,2,False,Loss
2877308,1,GX,LR,LR,GX,Red,Jax,5,10,2,False,Loss
2877309,1,NAVI,KCB,NAVI,KCB,Blue,Orianna,1,2,1,True,Win
2877309,1,NAVI,KCB,NAVI,KCB,Blue,Varus,2,4,1,True,Win
2877309,1,NAVI,KCB,NAVI,KCB,Blue,Wukong,3,6,1,True,Win
2877309,1,NAVI,KCB,NAVI,KCB,Blue,Taliyah,4,7,2,True,Win
2877309,1,NAVI,KCB,NAVI,KCB,Blue,Yone,5,9,2,True,Win
2877309,1,NAVI,KCB,KCB,NAVI,Red,Jayce,1,1,1,False,Loss
2877309,1,NAVI,KCB,KCB,NAVI,Red,Malphite,2,3,1,False,Loss
2877309,1,NAVI,KCB,KCB,NAVI,Red,K'Sante,3,5,1,False,Loss
2877309,1,NAVI,KCB,KCB,NAVI,Red,Xin Zhao,4,8,2,False,Loss
2877309,1,NAVI,KCB,KCB,NAVI,Red,Bard,5,10,2,False,Loss
2877310,1,TH,VIT,TH,VIT,Blue,Renekton,1,2,1,True,Win
2877310,1,TH,VIT,TH,VIT,Blue,Pantheon,2,4,1,True,Win
2877310,1,TH,VIT,TH,VIT,Blue,Orianna,3,6,1,True,Win
2877310,1,TH,VIT,TH,VIT,Blue,Corki,4,7,2,True,Win
2877310,1,TH,VIT,TH,VIT,Blue,Rakan,5,9,2,True,Win
2877310,1,TH,VIT,VIT,TH,Red,Azir,1,1,1,False,Loss
2877310,1,TH,VIT,VIT,TH,Red,Jayce,2,3,1,False,Loss
2877310,1,TH,VIT,VIT,TH,Red,Varus,3,5,1,False,Loss
2877310,1,TH,VIT,VIT,TH,Red,Karma,4,8,2,False,Loss
2877310,1,TH,VIT,VIT,TH,Red,Neeko,5,10,2,False,Loss
2877311,1,G2,SHFT,G2,SHFT,Blue,Neeko,1,1,1,True,Win
2877311,1,G2,SHFT,G2,SHFT,Blue,Yunara,2,3,1,True,Win
2877311,1,G2,SHFT,G2,SHFT,Blue,Aurora,3,5,1,True,Win
2877311,1,G2,SHFT,G2,SHFT,Blue,Alistar,4,8,2,True,Win
2877311,1,G2,SHFT,G2,SHFT,Blue,Poppy,5,10,2,True,Win
2877311,1,G2,SHFT,SHFT,G2,Red,Jayce,1,2,1,False,Loss
2877311,1,G2,SHFT,SHFT,G2,Red,Varus,2,4,1,False,Loss
2877311,1,G2,SHFT,SHFT,G2,Red,Orianna,3,6,1,False,Loss
2877311,1,G2,SHFT,SHFT,G2,Red,Sivir,4,7,2,False,Loss
2877311,1,G2,SHFT,SHFT,G2,Red,Nautilus,5,9,2,False,Loss
2877312,1,SK,KC,SK,KC,Blue,Varus,1,2,1,False,Loss
2877312,1,SK,KC,SK,KC,Blue,Jayce,2,4,1,False,Loss
2877312,1,SK,KC,SK,KC,Blue,Rumble,3,6,1,False,Loss
2877312,1,SK,KC,SK,KC,Blue,Braum,4,7,2,False,Loss
2877312,1,SK,KC,SK,KC,Blue,Rell,5,9,2,False,Loss
2877312,1,SK,KC,KC,SK,Red,Irelia,1,1,1,True,Win
2877312,1,SK,KC,KC,SK,Red,Vi,2,3,1,True,Win
2877312,1,SK,KC,KC,SK,Red,Akali,3,5,1,True,Win
2877312,1,SK,KC,KC,SK,Red,Gwen,4,8,2,True,Win
2877312,1,SK,KC,KC,SK,Red,Ambessa,5,10,2,True,Win
2877313,1,FNC,MKOI,FNC,MKOI,Blue,Neeko,1,1,1,False,Loss
2877313,1,FNC,MKOI,FNC,MKOI,Blue,Yunara,2,3,1,False,Loss
2877313,1,FNC,MKOI,FNC,MKOI,Blue,Taliyah,3,5,1,False,Loss
2877313,1,FNC,MKOI,FNC,MKOI,Blue,Rakan,4,8,2,False,Loss
2877313,1,FNC,MKOI,FNC,MKOI,Blue,Nami,5,10,2,False,Loss
2877313,1,FNC,MKOI,MKOI,FNC,Red,Jayce,1,2,1,True,Win
2877313,1,FNC,MKOI,MKOI,FNC,Red,Varus,2,4,1,True,Win
2877313,1,FNC,MKOI,MKOI,FNC,Red,Vi,3,6,1,True,Win
2877313,1,FNC,MKOI,MKOI,FNC,Red,Poppy,4,7,2,True,Win
2877313,1,FNC,MKOI,MKOI,FNC,Red,Kai'Sa,5,9,2,True,Win
2877314,1,VIT,SHFT,VIT,SHFT,Blue,Varus,1,2,1,True,Win
2877314,1,VIT,SHFT,VIT,SHFT,Blue,Wukong,2,4,1,True,Win
2877314,1,VIT,SHFT,VIT,SHFT,Blue,Poppy,3,6,1,True,Win
2877314,1,VIT,SHFT,VIT,SHFT,Blue,Nautilus,4,7,2,True,Win
2877314,1,VIT,SHFT,VIT,SHFT,Blue,Azir,5,9,2,True,Win
2877314,1,VIT,SHFT,SHFT,VIT,Red,Renekton,1,1,1,False,Loss
2877314,1,VIT,SHFT,SHFT,VIT,Red,Pantheon,2,3,1,False,Loss
2877314,1,VIT,SHFT,SHFT,VIT,Red,Jayce,3,5,1,False,Loss
2877314,1,VIT,SHFT,SHFT,VIT,Red,Rakan,4,8,2,False,Loss
2877314,1,VIT,SHFT,SHFT,VIT,Red,Orianna,5,10,2,False,Loss
2877315,1,SK,NAVI,SK,NAVI,Blue,Malphite,1,1,1,False,Loss
2877315,1,SK,NAVI,SK,NAVI,Blue,Azir,2,3,1,False,Loss
2877315,1,SK,NAVI,SK,NAVI,Blue,Orianna,3,5,1,False,Loss
2877315,1,SK,NAVI,SK,NAVI,Blue,Gwen,4,8,2,False,Loss
2877315,1,SK,NAVI,SK,NAVI,Blue,Alistar,5,10,2,False,Loss
2877315,1,SK,NAVI,NAVI,SK,Red,Varus,1,2,1,True,Win
2877315,1,SK,NAVI,NAVI,SK,Red,Jayce,2,4,1,True,Win
2877315,1,SK,NAVI,NAVI,SK,Red,Rumble,3,6,1,True,Win
2877315,1,SK,NAVI,NAVI,SK,Red,Bard,4,7,2,True,Win
2877315,1,SK,NAVI,NAVI,SK,Red,Gnar,5,9,2,True,Win
2877316,1,TH,LR,TH,LR,Blue,Sion,1,1,1,False,Loss
2877316,1,TH,LR,TH,LR,Blue,Corki,2,3,1,False,Loss
2877316,1,TH,LR,TH,LR,Blue,Jarvan IV,3,5,1,False,Loss
2877316,1,TH,LR,TH,LR,Blue,Bard,4,8,2,False,Loss
2877316,1,TH,LR,TH,LR,Blue,Cho'Gath,5,10,2,False,Loss
2877316,1,TH,LR,LR,TH,Red,Rumble,1,2,1,True,Win
2877316,1,TH,LR,LR,TH,Red,Varus,2,4,1,True,Win
2877316,1,TH,LR,LR,TH,Red,Orianna,3,6,1,True,Win
2877316,1,TH,LR,LR,TH,Red,Aatrox,4,7,2,True,Win
2877316,1,TH,LR,LR,TH,Red,Gnar,5,9,2,True,Win
2877317,1,KCB,MKOI,KCB,MKOI,Blue,Orianna,1,2,1,False,Loss
2877317,1,KCB,MKOI,KCB,MKOI,Blue,Jayce,2,4,1,False,Loss
2877317,1,KCB,MKOI,KCB,MKOI,Blue,Azir,3,6,1,False,Loss
2877317,1,KCB,MKOI,KCB,MKOI,Blue,Kai'Sa,4,7,2,False,Loss
2877317,1,KCB,MKOI,KCB,MKOI,Blue,Rakan,5,9,2,False,Loss
2877317,1,KCB,MKOI,MKOI,KCB,Red,Neeko,1,1,1,True,Win
2877317,1,KCB,MKOI,MKOI,KCB,Red,Varus,2,3,1,True,Win
2877317,1,KCB,MKOI,MKOI,KCB,Red,Akali,3,5,1,True,Win
2877317,1,KCB,MKOI,MKOI,KCB,Red,Lulu,4,8,2,True,Win
2877317,1,KCB,MKOI,MKOI,KCB,Red,Jarvan IV,5,10,2,True,Win
2877318,1,FNC,GX,FNC,GX,Blue,Akali,1,1,1,True,Win
2877318,1,FNC,GX,FNC,GX,Blue,Yone,2,3,1,True,Win
2877318,1,FNC,GX,FNC,GX,Blue,Vi,3,5,1,True,Win
2877318,1,FNC,GX,FNC,GX,Blue,Neeko,4,8,2,True,Win
2877318,1,FNC,GX,FNC,GX,Blue,Kai'Sa,5,10,2,True,Win
2877318,1,FNC,GX,GX,FNC,Red,Jayce,1,2,1,False,Loss
2877318,1,FNC,GX,GX,FNC,Red,Varus,2,4,1,False,Loss
2877318,1,FNC,GX,GX,FNC,Red,Jarvan IV,3,6,1,False,Loss
2877318,1,FNC,GX,GX,FNC,Red,Wukong,4,7,2,False,Loss
2877318,1,FNC,GX,GX,FNC,Red,Qiyana,5,9,2,False,Loss
2877319,1,G2,KC,G2,KC,Blue,Varus,1,2,1,False,Loss
2877319,1,G2,KC,G2,KC,Blue,Azir,2,4,1,False,Loss
2877319,1,G2,KC,G2,KC,Blue,Orianna,3,6,1,False,Loss
2877319,1,G2,KC,G2,KC,Blue,Wukong,4,7,2,False,Loss
2877319,1,G2,KC,G2,KC,Blue,Qiyana,5,9,2,False,Loss
2877319,1,G2,KC,KC,G2,Red,Jayce,1,1,1,True,Win
2877319,1,G2,KC,KC,G2,Red,Pantheon,2,3,1,True,Win
2877319,1,G2,KC,KC,G2,Red,Jarvan IV,3,5,1,True,Win
2877319,1,G2,KC,KC,G2,Red,Anivia,4,8,2,True,Win
2877319,1,G2,KC,KC,G2,Red,Nami,5,10,2,True,Win
2877320,1,SK,KCB,SK,KCB,Blue,Malphite,1,1,1,True,Win
2877320,1,SK,KCB,SK,KCB,Blue,Akali,2,3,1,True,Win
2877320,1,SK,KCB,SK,KCB,Blue,Orianna,3,5,1,True,Win
2877320,1,SK,KCB,SK,KCB,Blue,Aurora,4,8,2,True,Win
2877320,1,SK,KCB,SK,KCB,Blue,Neeko,5,10,2,True,Win
2877320,1,SK,KCB,KCB,SK,Red,Jayce,1,2,1,False,Loss
2877320,1,SK,KCB,KCB,SK,Red,Irelia,2,4,1,False,Loss
2877320,1,SK,KCB,KCB,SK,Red,Ryze,3,6,1,False,Loss
2877320,1,SK,KCB,KCB,SK,Red,Vi,4,7,2,False,Loss
2877320,1,SK,KCB,KCB,SK,Red,Sejuani,5,9,2,False,Loss
2877321,1,SHFT,LR,SHFT,LR,Blue,Sion,1,2,1,False,Loss
2877321,1,SHFT,LR,SHFT,LR,Blue,Dr. Mundo,2,4,1,False,Loss
2877321,1,SHFT,LR,SHFT,LR,Blue,Orianna,3,6,1,False,Loss
2877321,1,SHFT,LR,SHFT,LR,Blue,Karma,4,7,2,False,Loss
2877321,1,SHFT,LR,SHFT,LR,Blue,Bard,5,9,2,False,Loss
2877321,1,SHFT,LR,LR,SHFT,Red,Rumble,1,1,1,True,Win
2877321,1,SHFT,LR,LR,SHFT,Red,Varus,2,3,1,True,Win
2877321,1,SHFT,LR,LR,SHFT,Red,Cassiopeia,3,5,1,True,Win
2877321,1,SHFT,LR,LR,SHFT,Red,Ambessa,4,8,2,True,Win
2877321,1,SHFT,LR,LR,SHFT,Red,Gnar,5,10,2,True,Win
2877322,1,VIT,FNC,VIT,FNC,Blue,Vi,1,2,1,False,Loss
2877322,1,VIT,FNC,VIT,FNC,Blue,Varus,2,4,1,False,Loss
2877322,1,VIT,FNC,VIT,FNC,Blue,Azir,3,6,1,False,Loss
2877322,1,VIT,FNC,VIT,FNC,Blue,Neeko,4,7,2,False,Loss
2877322,1,VIT,FNC,VIT,FNC,Blue,Rakan,5,9,2,False,Loss
2877322,1,VIT,FNC,FNC,VIT,Red,Pantheon,1,1,1,True,Win
2877322,1,VIT,FNC,FNC,VIT,Red,Rumble,2,3,1,True,Win
2877322,1,VIT,FNC,FNC,VIT,Red,Taliyah,3,5,1,True,Win
2877322,1,VIT,FNC,FNC,VIT,Red,Lulu,4,8,2,True,Win
2877322,1,VIT,FNC,FNC,VIT,Red,Gnar,5,10,2,True,Win
2877323,1,G2,TH,G2,TH,Blue,Aphelios,1,1,1,True,Win
2877323,1,G2,TH,G2,TH,Blue,Taliyah,2,3,1,True,Win
2877323,1,G2,TH,G2,TH,Blue,Rumble,3,5,1,True,Win
2877323,1,G2,TH,G2,TH,Blue,Ambessa,4,8,2,True,Win
2877323,1,G2,TH,G2,TH,Blue,Gnar,5,10,2,True,Win
2877323,1,G2,TH,TH,G2,Red,Yunara,1,2,1,False,Loss
2877323,1,G2,TH,TH,G2,Red,Jayce,2,4,1,False,Loss
2877323,1,G2,TH,TH,G2,Red,Jarvan IV,3,6,1,False,Loss
2877323,1,G2,TH,TH,G2,Red,Bard,4,7,2,False,Loss
2877323,1,G2,TH,TH,G2,Red,Rakan,5,9,2,False,Loss
2877324,1,NAVI,KC,NAVI,KC,Blue,Varus,1,2,1,False,Loss
2877324,1,NAVI,KC,NAVI,KC,Blue,Jayce,2,4,1,False,Loss
2877324,1,NAVI,KC,NAVI,KC,Blue,Rumble,3,6,1,False,Loss
2877324,1,NAVI,KC,NAVI,KC,Blue,Jarvan IV,4,7,2,False,Loss
2877324,1,NAVI,KC,NAVI,KC,Blue,Braum,5,9,2,False,Loss
2877324,1,NAVI,KC,KC,NAVI,Red,K'Sante,1,1,1,True,Win
2877324,1,NAVI,KC,KC,NAVI,Red,Sion,2,3,1,True,Win
2877324,1,NAVI,KC,KC,NAVI,Red,Akali,3,5,1,True,Win
2877324,1,NAVI,KC,KC,NAVI,Red,Renekton,4,8,2,True,Win
2877324,1,NAVI,KC,KC,NAVI,Red,Alistar,5,10,2,True,Win
2877325,1,MKOI,GX,MKOI,GX,Blue,Neeko,1,1,1,False,Loss
2877325,1,MKOI,GX,MKOI,GX,Blue,Orianna,2,3,1,False,Loss
2877325,1,MKOI,GX,MKOI,GX,Blue,Jarvan IV,3,5,1,False,Loss
2877325,1,MKOI,GX,MKOI,GX,Blue,Gnar,4,8,2,False,Loss
2877325,1,MKOI,GX,MKOI,GX,Blue,Aurora,5,10,2,False,Loss
2877325,1,MKOI,GX,GX,MKOI,Red,Jayce,1,2,1,True,Win
2877325,1,MKOI,GX,GX,MKOI,Red,Rumble,2,4,1,True,Win
2877325,1,MKOI,GX,GX,MKOI,Red,Varus,3,6,1,True,Win
2877325,1,MKOI,GX,GX,MKOI,Red,Pantheon,4,7,2,True,Win
2877325,1,MKOI,GX,GX,MKOI,Red,Alistar,5,9,2,True,Win
2877326,1,TH,SK,TH,SK,Blue,Varus,1,2,1,False,Loss
2877326,1,TH,SK,TH,SK,Blue,Ryze,2,4,1,False,Loss
2877326,1,TH,SK,TH,SK,Blue,Yunara,3,6,1,False,Loss
2877326,1,TH,SK,TH,SK,Blue,Corki,4,7,2,False,Loss
2877326,1,TH,SK,TH,SK,Blue,Miss Fortune,5,9,2,False,Loss
2877326,1,TH,SK,SK,TH,Red,Dr. Mundo,1,1,1,True,Win
2877326,1,TH,SK,SK,TH,Red,Jarvan IV,2,3,1,True,Win
2877326,1,TH,SK,SK,TH,Red,Jayce,3,5,1,True,Win
2877326,1,TH,SK,SK,TH,Red,Aphelios,4,8,2,True,Win
2877326,1,TH,SK,SK,TH,Red,Caitlyn,5,10,2,True,Win
2877327,1,GX,NAVI,GX,NAVI,Blue,K'Sante,1,1,1,True,Win
2877327,1,GX,NAVI,GX,NAVI,Blue,Azir,2,3,1,True,Win
2877327,1,GX,NAVI,GX,NAVI,Blue,Jayce,3,5,1,True,Win
2877327,1,GX,NAVI,GX,NAVI,Blue,Yunara,4,8,2,True,Win
2877327,1,GX,NAVI,GX,NAVI,Blue,Aphelios,5,10,2,True,Win
2877327,1,GX,NAVI,NAVI,GX,Red,Varus,1,2,1,False,Loss
2877327,1,GX,NAVI,NAVI,GX,Red,Jarvan IV,2,4,1,False,Loss
2877327,1,GX,NAVI,NAVI,GX,Red,Akali,3,6,1,False,Loss
2877327,1,GX,NAVI,NAVI,GX,Red,Caitlyn,4,7,2,False,Loss
2877327,1,GX,NAVI,NAVI,GX,Red,Neeko,5,9,2,False,Loss
2877328,1,FNC,SHFT,FNC,SHFT,Blue,Neeko,1,1,1,False,Loss
2877328,1,FNC,SHFT,FNC,SHFT,Blue,Rumble,2,3,1,False,Loss
2877328,1,FNC,SHFT,FNC,SHFT,Blue,Vi,3,5,1,False,Loss
2877328,1,FNC,SHFT,FNC,SHFT,Blue,Bard,4,8,2,False,Loss
2877328,1,FNC,SHFT,FNC,SHFT,Blue,Gnar,5,10,2,False,Loss
2877328,1,FNC,SHFT,SHFT,FNC,Red,Jayce,1,2,1,True,Win
2877328,1,FNC,SHFT,SHFT,FNC,Red,Jarvan IV,2,4,1,True,Win
2877328,1,FNC,SHFT,SHFT,FNC,Red,Orianna,3,6,1,True,Win
2877328,1,FNC,SHFT,SHFT,FNC,Red,Alistar,4,7,2,True,Win
2877328,1,FNC,SHFT,SHFT,FNC,Red,Nautilus,5,9,2,True,Win
2877329,1,G2,KCB,G2,KCB,Blue,Yunara,1,1,1,True,Win
2877329,1,G2,KCB,G2,KCB,Blue,Rumble,2,3,1,True,Win
2877329,1,G2,KCB,G2,KCB,Blue,Aatrox,3,5,1,True,Win
2877329,1,G2,KCB,G2,KCB,Blue,Ambessa,4,8,2,True,Win
2877329,1,G2,KCB,G2,KCB,Blue,Neeko,5,10,2,True,Win
2877329,1,G2,KCB,KCB,G2,Red,Jayce,1,2,1,False,Loss
2877329,1,G2,KCB,KCB,G2,Red,Varus,2,4,1,False,Loss
2877329,1,G2,KCB,KCB,G2,Red,Poppy,3,6,1,False,Loss
2877329,1,G2,KCB,KCB,G2,Red,Caitlyn,4,7,2,False,Loss
2877329,1,G2,KCB,KCB,G2,Red,Ezreal,5,9,2,False,Loss
2877330,1,VIT,KC,VIT,KC,Blue,Jarvan IV,1,1,1,True,Win
2877330,1,VIT,KC,VIT,KC,Blue,Azir,2,3,1,True,Win
2877330,1,VIT,KC,VIT,KC,Blue,Yunara,3,5,1,True,Win
2877330,1,VIT,KC,VIT,KC,Blue,Bard,4,8,2,True,Win
2877330,1,VIT,KC,VIT,KC,Blue,Nautilus,5,10,2,True,Win
2877330,1,VIT,KC,KC,VIT,Red,Orianna,1,2,1,False,Loss
2877330,1,VIT,KC,KC,VIT,Red,Varus,2,4,1,False,Loss
2877330,1,VIT,KC,KC,VIT,Red,Xayah,3,6,1,False,Loss
2877330,1,VIT,KC,KC,VIT,Red,Kai'Sa,4,7,2,False,Loss
2877330,1,VIT,KC,KC,VIT,Red,Rakan,5,9,2,False,Loss
2877331,1,LR,MKOI,LR,MKOI,Blue,Rumble,1,2,1,True,Win
2877331,1,LR,MKOI,LR,MKOI,Blue,Varus,2,4,1,True,Win
2877331,1,LR,MKOI,LR,MKOI,Blue,Ambessa,3,6,1,True,Win
2877331,1,LR,MKOI,LR,MKOI,Blue,Jhin,4,7,2,True,Win
2877331,1,LR,MKOI,LR,MKOI,Blue,Yunara,5,9,2,True,Win
2877331,1,LR,MKOI,MKOI,LR,Red,Sion,1,1,1,False,Loss
2877331,1,LR,MKOI,MKOI,LR,Red,Ryze,2,3,1,False,Loss
2877331,1,LR,MKOI,MKOI,LR,Red,Jayce,3,5,1,False,Loss
2877331,1,LR,MKOI,MKOI,LR,Red,Bard,4,8,2,False,Loss
2877331,1,LR,MKOI,MKOI,LR,Red,Jax,5,10,2,False,Loss
2877332,1,SHFT,NAVI,SHFT,NAVI,Blue,Sion,1,2,1,False,Loss
2877332,1,SHFT,NAVI,SHFT,NAVI,Blue,Yunara,2,4,1,False,Loss
2877332,1,SHFT,NAVI,SHFT,NAVI,Blue,Poppy,3,6,1,False,Loss
2877332,1,SHFT,NAVI,SHFT,NAVI,Blue,Alistar,4,7,2,False,Loss
2877332,1,SHFT,NAVI,SHFT,NAVI,Blue,Rakan,5,9,2,False,Loss
2877332,1,SHFT,NAVI,NAVI,SHFT,Red,Wukong,1,1,1,True,Win
2877332,1,SHFT,NAVI,NAVI,SHFT,Red,Taliyah,2,3,1,True,Win
2877332,1,SHFT,NAVI,NAVI,SHFT,Red,Varus,3,5,1,True,Win
2877332,1,SHFT,NAVI,NAVI,SHFT,Red,Neeko,4,8,2,True,Win
2877332,1,SHFT,NAVI,NAVI,SHFT,Red,Rell,5,10,2,True,Win
2877333,1,TH,KCB,TH,KCB,Blue,Varus,1,2,1,True,Win
2877333,1,TH,KCB,TH,KCB,Blue,Pantheon,2,4,1,True,Win
2877333,1,TH,KCB,TH,KCB,Blue,Rumble,3,6,1,True,Win
2877333,1,TH,KCB,TH,KCB,Blue,Aphelios,4,7,2,True,Win
2877333,1,TH,KCB,TH,KCB,Blue,Neeko,5,9,2,True,Win
2877333,1,TH,KCB,KCB,TH,Red,Jayce,1,1,1,False,Loss
2877333,1,TH,KCB,KCB,TH,Red,Dr. Mundo,2,3,1,False,Loss
2877333,1,TH,KCB,KCB,TH,Red,K'Sante,3,5,1,False,Loss
2877333,1,TH,KCB,KCB,TH,Red,Aatrox,4,8,2,False,Loss
2877333,1,TH,KCB,KCB,TH,Red,Nautilus,5,10,2,False,Loss
2877335,1,GX,VIT,GX,VIT,Blue,Jayce,1,1,1,False,Loss
2877335,1,GX,VIT,GX,VIT,Blue,Pantheon,2,3,1,False,Loss
2877335,1,GX,VIT,GX,VIT,Blue,Azir,3,5,1,False,Loss
2877335,1,GX,VIT,GX,VIT,Blue,K'Sante,4,8,2,False,Loss
2877335,1,GX,VIT,GX,VIT,Blue,Karma,5,10,2,False,Loss
2877335,1,GX,VIT,VIT,GX,Red,Varus,1,2,1,True,Win
2877335,1,GX,VIT,VIT,GX,Red,Kai'Sa,2,4,1,True,Win
2877335,1,GX,VIT,VIT,GX,Red,Wukong,3,6,1,True,Win
2877335,1,GX,VIT,VIT,GX,Red,Neeko,4,7,2,True,Win
2877335,1,GX,VIT,VIT,GX,Red,Yunara,5,9,2,True,Win
2877336,1,SK,MKOI,SK,MKOI,Blue,Varus,1,2,1,False,Loss
2877336,1,SK,MKOI,SK,MKOI,Blue,Jayce,2,4,1,False,Loss
2877336,1,SK,MKOI,SK,MKOI,Blue,Azir,3,6,1,False,Loss
2877336,1,SK,MKOI,SK,MKOI,Blue,Orianna,4,7,2,False,Loss
2877336,1,SK,MKOI,SK,MKOI,Blue,Taliyah,5,9,2,False,Loss
2877336,1,SK,MKOI,MKOI,SK,Red,Akali,1,1,1,True,Win
2877336,1,SK,MKOI,MKOI,SK,Red,Yone,2,3,1,True,Win
2877336,1,SK,MKOI,MKOI,SK,Red,Irelia,3,5,1,True,Win
2877336,1,SK,MKOI,MKOI,SK,Red,Neeko,4,8,2,True,Win
2877336,1,SK,MKOI,MKOI,SK,Red,Xayah,5,10,2,True,Win
2877337,1,FNC,KC,FNC,KC,Blue,Jarvan IV,1,1,1,False,Loss
2877337,1,FNC,KC,FNC,KC,Blue,Azir,2,3,1,False,Loss
2877337,1,FNC,KC,FNC,KC,Blue,Yunara,3,5,1,False,Loss
2877337,1,FNC,KC,FNC,KC,Blue,Bard,4,8,2,False,Loss
2877337,1,FNC,KC,FNC,KC,Blue,Neeko,5,10,2,False,Loss
2877337,1,FNC,KC,KC,FNC,Red,Rumble,1,2,1,True,Win
2877337,1,FNC,KC,KC,FNC,Red,Pantheon,2,4,1,True,Win
2877337,1,FNC,KC,KC,FNC,Red,Vi,3,6,1,True,Win
2877337,1,FNC,KC,KC,FNC,Red,Nautilus,4,7,2,True,Win
2877337,1,FNC,KC,KC,FNC,Red,Karma,5,9,2,True,Win
2877338,1,G2,LR,G2,LR,Blue,Sion,1,1,1,False,Loss
2877338,1,G2,LR,G2,LR,Blue,Caitlyn,2,3,1,False,Loss
2877338,1,G2,LR,G2,LR,Blue,Poppy,3,5,1,False,Loss
2877338,1,G2,LR,G2,LR,Blue,Karma,4,8,2,False,Loss
2877338,1,G2,LR,G2,LR,Blue,K'Sante,5,10,2,False,Loss
2877338,1,G2,LR,LR,G2,Red,Varus,1,2,1,True,Win
2877338,1,G2,LR,LR,G2,Red,Orianna,2,4,1,True,Win
2877338,1,G2,LR,LR,G2,Red,Azir,3,6,1,True,Win
2877338,1,G2,LR,LR,G2,Red,Gnar,4,7,2,True,Win
2877338,1,G2,LR,LR,G2,Red,Jax,5,9,2,True,Win
2877339,1,KCB,FNC,KCB,FNC,Blue,Jayce,1,2,1,False,Loss
2877339,1,KCB,FNC,KCB,FNC,Blue,Vi,2,4,1,False,Loss
2877339,1,KCB,FNC,KCB,FNC,Blue,Azir,3,6,1,False,Loss
2877339,1,KCB,FNC,KCB,FNC,Blue,Jarvan IV,4,7,2,False,Loss
2877339,1,KCB,FNC,KCB,FNC,Blue,Aatrox,5,9,2,False,Loss
2877339,1,KCB,FNC,FNC,KCB,Red,Neeko,1,1,1,True,Win
2877339,1,KCB,FNC,FNC,KCB,Red,Varus,2,3,1,True,Win
2877339,1,KCB,FNC,FNC,KCB,Red,Taliyah,3,5,1,True,Win
2877339,1,KCB,FNC,FNC,KCB,Red,Aphelios,4,8,2,True,Win
2877339,1,KCB,FNC,FNC,KCB,Red,Corki,5,10,2,True,Win
2877340,1,SK,GX,SK,GX,Blue,Varus,1,2,1,False,Loss
2877340,1,SK,GX,SK,GX,Blue,Orianna,2,4,1,False,Loss
2877340,1,SK,GX,SK,GX,Blue,K'Sante,3,6,1,False,Loss
2877340,1,SK,GX,SK,GX,Blue,Xayah,4,7,2,False,Loss
2877340,1,SK,GX,SK,GX,Blue,Caitlyn,5,9,2,False,Loss
2877340,1,SK,GX,GX,SK,Red,Irelia,1,1,1,True,Win
2877340,1,SK,GX,GX,SK,Red,Pantheon,2,3,1,True,Win
2877340,1,SK,GX,GX,SK,Red,Akali,3,5,1,True,Win
2877340,1,SK,GX,GX,SK,Red,Neeko,4,8,2,True,Win
2877340,1,SK,GX,GX,SK,Red,Kai'Sa,5,10,2,True,Win
2877341,1,LR,NAVI,LR,NAVI,Blue,Varus,1,2,1,False,Loss
2877341,1,LR,NAVI,LR,NAVI,Blue,Orianna,2,4,1,False,Loss
2877341,1,LR,NAVI,LR,NAVI,Blue,Azir,3,6,1,False,Loss
2877341,1,LR,NAVI,LR,NAVI,Blue,Qiyana,4,7,2,False,Loss
2877341,1,LR,NAVI,LR,NAVI,Blue,Nautilus,5,9,2,False,Loss
2877341,1,LR,NAVI,NAVI,LR,Red,Sion,1,1,1,True,Win
2877341,1,LR,NAVI,NAVI,LR,Red,Dr. Mundo,2,3,1,True,Win
2877341,1,LR,NAVI,NAVI,LR,Red,Anivia,3,5,1,True,Win
2877341,1,LR,NAVI,NAVI,LR,Red,Braum,4,8,2,True,Win
2877341,1,LR,NAVI,NAVI,LR,Red,Taliyah,5,10,2,True,Win
2877342,1,G2,VIT,G2,VIT,Blue,Yunara,1,1,1,True,Win
2877342,1,G2,VIT,G2,VIT,Blue,Ezreal,2,3,1,True,Win
2877342,1,G2,VIT,G2,VIT,Blue,Aurelion Sol,3,5,1,True,Win
2877342,1,G2,VIT,G2,VIT,Blue,Neeko,4,8,2,True,Win
2877342,1,G2,VIT,G2,VIT,Blue,Rakan,5,10,2,True,Win
2877342,1,G2,VIT,VIT,G2,Red,Varus,1,2,1,False,Loss
2877342,1,G2,VIT,VIT,G2,Red,Jayce,2,4,1,False,Loss
2877342,1,G2,VIT,VIT,G2,Red,Dr. Mundo,3,6,1,False,Loss
2877342,1,G2,VIT,VIT,G2,Red,Xayah,4,7,2,False,Loss
2877342,1,G2,VIT,VIT,G2,Red,Poppy,5,9,2,False,Loss
2877343,1,TH,MKOI,TH,MKOI,Blue,Varus,1,2,1,True,Win
2877343,1,TH,MKOI,TH,MKOI,Blue,Poppy,2,4,1,True,Win
2877343,1,TH,MKOI,TH,MKOI,Blue,Jayce,3,6,1,True,Win
2877343,1,TH,MKOI,TH,MKOI,Blue,Kai'Sa,4,7,2,True,Win
2877343,1,TH,MKOI,TH,MKOI,Blue,Rakan,5,9,2,True,Win
2877343,1,TH,MKOI,MKOI,TH,Red,Dr. Mundo,1,1,1,False,Loss
2877343,1,TH,MKOI,MKOI,TH,Red,Ambessa,2,3,1,False,Loss
2877343,1,TH,MKOI,MKOI,TH,Red,Malphite,3,5,1,False,Loss
2877343,1,TH,MKOI,MKOI,TH,Red,Neeko,4,8,2,False,Loss
2877343,1,TH,MKOI,MKOI,TH,Red,Lulu,5,10,2,False,Loss
2877344,1,KC,SHFT,KC,SHFT,Blue,Neeko,1,1,1,True,Win
2877344,1,KC,SHFT,KC,SHFT,Blue,Vi,2,3,1,True,Win
2877344,1,KC,SHFT,KC,SHFT,Blue,Bard,3,5,1,True,Win
2877344,1,KC,SHFT,KC,SHFT,Blue,Dr. Mundo,4,8,2,True,Win
2877344,1,KC,SHFT,KC,SHFT,Blue,Malphite,5,10,2,True,Win
2877344,1,KC,SHFT,SHFT,KC,Red,Yunara,1,2,1,False,Loss
2877344,1,KC,SHFT,SHFT,KC,Red,Azir,2,4,1,False,Loss
2877344,1,KC,SHFT,SHFT,KC,Red,Jarvan IV,3,6,1,False,Loss
2877344,1,KC,SHFT,SHFT,KC,Red,Ryze,4,7,2,False,Loss
2877344,1,KC,SHFT,SHFT,KC,Red,Akali,5,9,2,False,Loss
2877345,1,TH,FNC,TH,FNC,Blue,Vi,1,2,1,True,Win
2877345,1,TH,FNC,TH,FNC,Blue,Yunara,2,4,1,True,Win
2877345,1,TH,FNC,TH,FNC,Blue,Jarvan IV,3,6,1,True,Win
2877345,1,TH,FNC,TH,FNC,Blue,Renekton,4,7,2,True,Win
2877345,1,TH,FNC,TH,FNC,Blue,Alistar,5,9,2,True,Win
2877345,1,TH,FNC,FNC,TH,Red,Rumble,1,1,1,False,Loss
2877345,1,TH,FNC,FNC,TH,Red,Aphelios,2,3,1,False,Loss
2877345,1,TH,FNC,FNC,TH,Red,Varus,3,5,1,False,Loss
2877345,1,TH,FNC,FNC,TH,Red,Ezreal,4,8,2,False,Loss
2877345,1,TH,FNC,FNC,TH,Red,Braum,5,10,2,False,Loss
2877346,1,KCB,SHFT,KCB,SHFT,Blue,Neeko,1,2,1,False,Loss
2877346,1,KCB,SHFT,KCB,SHFT,Blue,Varus,2,4,1,False,Loss
2877346,1,KCB,SHFT,KCB,SHFT,Blue,Cassiopeia,3,6,1,False,Loss
2877346,1,KCB,SHFT,KCB,SHFT,Blue,Bard,4,7,2,False,Loss
2877346,1,KCB,SHFT,KCB,SHFT,Blue,K'Sante,5,9,2,False,Loss
2877346,1,KCB,SHFT,SHFT,KCB,Red,Rumble,1,1,1,True,Win
2877346,1,KCB,SHFT,SHFT,KCB,Red,Pantheon,2,3,1,True,Win
2877346,1,KCB,SHFT,SHFT,KCB,Red,Jarvan IV,3,5,1,True,Win
2877346,1,KCB,SHFT,SHFT,KCB,Red,Renekton,4,8,2,True,Win
2877346,1,KCB,SHFT,SHFT,KCB,Red,Nautilus,5,10,2,True,Win
2877347,1,SK,LR,SK,LR,Blue,Sion,1,2,1,False,Loss
2877347,1,SK,LR,SK,LR,Blue,Dr. Mundo,2,4,1,False,Loss
2877347,1,SK,LR,SK,LR,Blue,Caitlyn,3,6,1,False,Loss
2877347,1,SK,LR,SK,LR,Blue,Nami,4,7,2,False,Loss
2877347,1,SK,LR,SK,LR,Blue,Bard,5,9,2,False,Loss
2877347,1,SK,LR,LR,SK,Red,Rumble,1,1,1,True,Win
2877347,1,SK,LR,LR,SK,Red,Varus,2,3,1,True,Win
2877347,1,SK,LR,LR,SK,Red,Gnar,3,5,1,True,Win
2877347,1,SK,LR,LR,SK,Red,Nautilus,4,8,2,True,Win
2877347,1,SK,LR,LR,SK,Red,Sylas,5,10,2,True,Win
2877348,1,G2,NAVI,G2,NAVI,Blue,Yunara,1,1,1,False,Loss
2877348,1,G2,NAVI,G2,NAVI,Blue,Rumble,2,3,1,False,Loss
2877348,1,G2,NAVI,G2,NAVI,Blue,Kai'Sa,3,5,1,False,Loss
2877348,1,G2,NAVI,G2,NAVI,Blue,Thresh,4,8,2,False,Loss
2877348,1,G2,NAVI,G2,NAVI,Blue,Kennen,5,10,2,False,Loss
2877348,1,G2,NAVI,NAVI,G2,Red,Varus,1,2,1,True,Win
2877348,1,G2,NAVI,NAVI,G2,Red,Jarvan IV,2,4,1,True,Win
2877348,1,G2,NAVI,NAVI,G2,Red,Vi,3,6,1,True,Win
2877348,1,G2,NAVI,NAVI,G2,Red,Braum,4,7,2,True,Win
2877348,1,G2,NAVI,NAVI,G2,Red,Neeko,5,9,2,True,Win
2877349,1,MKOI,VIT,MKOI,VIT,Blue,Malphite,1,1,1,False,Loss
2877349,1,MKOI,VIT,MKOI,VIT,Blue,Orianna,2,3,1,False,Loss
2877349,1,MKOI,VIT,MKOI,VIT,Blue,Dr. Mundo,3,5,1,False,Loss
2877349,1,MKOI,VIT,MKOI,VIT,Blue,Nautilus,4,8,2,False,Loss
2877349,1,MKOI,VIT,MKOI,VIT,Blue,Ambessa,5,10,2,False,Loss
2877349,1,MKOI,VIT,VIT,MKOI,Red,Varus,1,2,1,True,Win
2877349,1,MKOI,VIT,VIT,MKOI,Red,Azir,2,4,1,True,Win
2877349,1,MKOI,VIT,VIT,MKOI,Red,Rumble,3,6,1,True,Win
2877349,1,MKOI,VIT,VIT,MKOI,Red,Sion,4,7,2,True,Win
2877349,1,MKOI,VIT,VIT,MKOI,Red,Nami,5,9,2,True,Win
2877350,1,KC,GX,KC,GX,Blue,Neeko,1,1,1,True,Win
2877350,1,KC,GX,KC,GX,Blue,Vi,2,3,1,True,Win
2877350,1,KC,GX,KC,GX,Blue,Yone,3,5,1,True,Win
2877350,1,KC,GX,KC,GX,Blue,Caitlyn,4,8,2,True,Win
2877350,1,KC,GX,KC,GX,Blue,Ezreal,5,10,2,True,Win
2877350,1,KC,GX,GX,KC,Red,Varus,1,2,1,False,Loss
2877350,1,KC,GX,GX,KC,Red,Jayce,2,4,1,False,Loss
2877350,1,KC,GX,GX,KC,Red,Yunara,3,6,1,False,Loss
2877350,1,KC,GX,GX,KC,Red,Alistar,4,7,2,False,Loss
2877350,1,KC,GX,GX,KC,Red,Kai'Sa,5,9,2,False,Loss
2877351,1,LR,VIT,LR,VIT,Blue,Rumble,1,2,1,False,Loss
2877351,1,LR,VIT,LR,VIT,Blue,Taliyah,2,4,1,False,Loss
2877351,1,LR,VIT,LR,VIT,Blue,Vi,3,6,1,False,Loss
2877351,1,LR,VIT,LR,VIT,Blue,Nautilus,4,7,2,False,Loss
2877351,1,LR,VIT,LR,VIT,Blue,Neeko,5,9,2,False,Loss
2877351,1,LR,VIT,VIT,LR,Red,Ryze,1,1,1,True,Win
2877351,1,LR,VIT,VIT,LR,Red,Caitlyn,2,3,1,True,Win
2877351,1,LR,VIT,VIT,LR,Red,Nami,3,5,1,True,Win
2877351,1,LR,VIT,VIT,LR,Red,Lillia,4,8,2,True,Win
2877351,1,LR,VIT,VIT,LR,Red,Gwen,5,10,2,True,Win
2877352,1,GX,KCB,GX,KCB,Blue,Pantheon,1,1,1,False,Loss
2877352,1,GX,KCB,GX,KCB,Blue,Vi,2,3,1,False,Loss
2877352,1,GX,KCB,GX,KCB,Blue,Akali,3,5,1,False,Loss
2877352,1,GX,KCB,GX,KCB,Blue,Ambessa,4,8,2,False,Loss
2877352,1,GX,KCB,GX,KCB,Blue,Braum,5,10,2,False,Loss
2877352,1,GX,KCB,KCB,GX,Red,Varus,1,2,1,True,Win
2877352,1,GX,KCB,KCB,GX,Red,Orianna,2,4,1,True,Win
2877352,1,GX,KCB,KCB,GX,Red,Yone,3,6,1,True,Win
2877352,1,GX,KCB,KCB,GX,Red,Caitlyn,4,7,2,True,Win
2877352,1,GX,KCB,KCB,GX,Red,Aphelios,5,9,2,True,Win
2877353,1,SHFT,SK,SHFT,SK,Blue,Irelia,1,2,1,True,Win
2877353,1,SHFT,SK,SHFT,SK,Blue,Varus,2,4,1,True,Win
2877353,1,SHFT,SK,SHFT,SK,Blue,Rumble,3,6,1,True,Win
2877353,1,SHFT,SK,SHFT,SK,Blue,Pantheon,4,7,2,True,Win
2877353,1,SHFT,SK,SHFT,SK,Blue,Sion,5,9,2,True,Win
2877353,1,SHFT,SK,SK,SHFT,Red,Vi,1,1,1,False,Loss
2877353,1,SHFT,SK,SK,SHFT,Red,Jarvan IV,2,3,1,False,Loss
2877353,1,SHFT,SK,SK,SHFT,Red,Cassiopeia,3,5,1,False,Loss
2877353,1,SHFT,SK,SK,SHFT,Red,Nautilus,4,8,2,False,Loss
2877353,1,SHFT,SK,SK,SHFT,Red,Renekton,5,10,2,False,Loss
2877354,1,MKOI,NAVI,MKOI,NAVI,Blue,Yunara,1,1,1,True,Win
2877354,1,MKOI,NAVI,MKOI,NAVI,Blue,Orianna,2,3,1,True,Win
2877354,1,MKOI,NAVI,MKOI,NAVI,Blue,Ambessa,3,5,1,True,Win
2877354,1,MKOI,NAVI,MKOI,NAVI,Blue,Aphelios,4,8,2,True,Win
2877354,1,MKOI,NAVI,MKOI,NAVI,Blue,Xayah,5,10,2,True,Win
2877354,1,MKOI,NAVI,NAVI,MKOI,Red,Varus,1,2,1,False,Loss
2877354,1,MKOI,NAVI,NAVI,MKOI,Red,Jarvan IV,2,4,1,False,Loss
2877354,1,MKOI,NAVI,NAVI,MKOI,Red,Rumble,3,6,1,False,Loss
2877354,1,MKOI,NAVI,NAVI,MKOI,Red,Ezreal,4,7,2,False,Loss
2877354,1,MKOI,NAVI,NAVI,MKOI,Red,Nautilus,5,9,2,False,Loss
2877355,1,TH,KC,TH,KC,Blue,Jarvan IV,1,2,1,True,Win
2877355,1,TH,KC,TH,KC,Blue,Yunara,2,4,1,True,Win
2877355,1,TH,KC,TH,KC,Blue,Alistar,3,6,1,True,Win
2877355,1,TH,KC,TH,KC,Blue,Galio,4,7,2,True,Win
2877355,1,TH,KC,TH,KC,Blue,Sion,5,9,2,True,Win
2877355,1,TH,KC,KC,TH,Red,Dr. Mundo,1,1,1,False,Loss
2877355,1,TH,KC,KC,TH,Red,Ryze,2,3,1,False,Loss
2877355,1,TH,KC,KC,TH,Red,Orianna,3,5,1,False,Loss
2877355,1,TH,KC,KC,TH,Red,Vi,4,8,2,False,Loss
2877355,1,TH,KC,KC,TH,Red,Nocturne,5,10,2,False,Loss
2877356,1,G2,FNC,G2,FNC,Blue,Rumble,1,2,1,True,Win
2877356,1,G2,FNC,G2,FNC,Blue,Yunara,2,4,1,True,Win
2877356,1,G2,FNC,G2,FNC,Blue,Jayce,3,6,1,True,Win
2877356,1,G2,FNC,G2,FNC,Blue,Neeko,4,7,2,True,Win
2877356,1,G2,FNC,G2,FNC,Blue,Rakan,5,9,2,True,Win
2877356,1,G2,FNC,FNC,G2,Red,Varus,1,1,1,False,Loss
2877356,1,G2,FNC,FNC,G2,Red,Dr. Mundo,2,3,1,False,Loss
2877356,1,G2,FNC,FNC,G2,Red,Jarvan IV,3,5,1,False,Loss
2877356,1,G2,FNC,FNC,G2,Red,Renekton,4,8,2,False,Loss
2877356,1,G2,FNC,FNC,G2,Red,Alistar,5,10,2,False,Loss
2882792,1,GMB,EKO,GMB,EKO,Blue,Zyra,1,1,1,False,Loss
2882792,1,GMB,EKO,GMB,EKO,Blue,Lillia,2,3,1,False,Loss
2882792,1,GMB,EKO,GMB,EKO,Blue,Wukong,3,5,1,False,Loss
2882792,1,GMB,EKO,GMB,EKO,Blue,Veigar,4,8,2,False,Loss
2882792,1,GMB,EKO,GMB,EKO,Blue,Viktor,5,10,2,False,Loss
2882792,1,GMB,EKO,EKO,GMB,Red,Ambessa,1,2,1,True,Win
2882792,1,GMB,EKO,EKO,GMB,Red,Smolder,2,4,1,True,Win
2882792,1,GMB,EKO,EKO,GMB,Red,Syndra,3,6,1,True,Win
2882792,1,GMB,EKO,EKO,GMB,Red,Alistar,4,7,2,True,Win
2882792,1,GMB,EKO,EKO,GMB,Red,Orianna,5,9,2,True,Win
2882793,1,DEA,ZENA,DEA,ZENA,Blue,Orianna,1,1,1,True,Win
2882793,1,DEA,ZENA,DEA,ZENA,Blue,Ambessa,2,3,1,True,Win
2882793,1,DEA,ZENA,DEA,ZENA,Blue,Ryze,3,5,1,True,Win
2882793,1,DEA,ZENA,DEA,ZENA,Blue,Aatrox,4,8,2,True,Win
2882793,1,DEA,ZENA,DEA,ZENA,Blue,Darius,5,10,2,True,Win
2882793,1,DEA,ZENA,ZENA,DEA,Red,Qiyana,1,2,1,False,Loss
2882793,1,DEA,ZENA,ZENA,DEA,Red,Naafiri,2,4,1,False,Loss
2882793,1,DEA,ZENA,ZENA,DEA,Red,Akali,3,6,1,False,Loss
2882793,1,DEA,ZENA,ZENA,DEA,Red,Poppy,4,7,2,False,Loss
2882793,1,DEA,ZENA,ZENA,DEA,Red,Xin Zhao,5,9,2,False,Loss
2882794,1,AXL,P11,AXL,P11,Blue,Zoe,1,1,1,False,Loss
2882794,1,AXL,P11,AXL,P11,Blue,Jarvan IV,2,3,1,False,Loss
2882794,1,AXL,P11,AXL,P11,Blue,Sion,3,5,1,False,Loss
2882794,1,AXL,P11,AXL,P11,Blue,Dr. Mundo,4,8,2,False,Loss
2882794,1,AXL,P11,AXL,P11,Blue,Malphite,5,10,2,False,Loss
2882794,1,AXL,P11,P11,AXL,Red,Sylas,1,2,1,True,Win
2882794,1,AXL,P11,P11,AXL,Red,Gwen,2,4,1,True,Win
2882794,1,AXL,P11,P11,AXL,Red,Urgot,3,6,1,True,Win
2882794,1,AXL,P11,P11,AXL,Red,Aatrox,4,7,2,True,Win
2882794,1,AXL,P11,P11,AXL,Red,Gnar,5,9,2,True,Win
2882795,1,CG,HMB,CG,HMB,Blue,Ambessa,1,1,1,True,Win
2882795,1,CG,HMB,CG,HMB,Blue,Zaahen,2,3,1,True,Win
2882795,1,CG,HMB,CG,HMB,Blue,Aatrox,3,5,1,True,Win
2882795,1,CG,HMB,CG,HMB,Blue,Neeko,4,8,2,True,Win
2882795,1,CG,HMB,CG,HMB,Blue,Nautilus,5,10,2,True,Win
2882795,1,CG,HMB,HMB,CG,Red,Sion,1,2,1,False,Loss
2882795,1,CG,HMB,HMB,CG,Red,Ornn,2,4,1,False,Loss
2882795,1,CG,HMB,HMB,CG,Red,Kai'Sa,3,6,1,False,Loss
2882795,1,CG,HMB,HMB,CG,Red,Syndra,4,7,2,False,Loss
2882795,1,CG,HMB,HMB,CG,Red,Aurora,5,9,2,False,Loss
2882796,1,HMB,P11,HMB,P11,Blue,Zoe,1,1,1,False,Loss
2882796,1,HMB,P11,HMB,P11,Blue,Sion,2,3,1,False,Loss
2882796,1,HMB,P11,HMB,P11,Blue,Jayce,3,5,1,False,Loss
2882796,1,HMB,P11,HMB,P11,Blue,Galio,4,8,2,False,Loss
2882796,1,HMB,P11,HMB,P11,Blue,Ahri,5,10,2,False,Loss
2882796,1,HMB,P11,P11,HMB,Red,Azir,1,2,1,False,Loss
2882796,1,HMB,P11,P11,HMB,Red,Taliyah,2,4,1,False,Loss
2882796,1,HMB,P11,P11,HMB,Red,Zaahen,3,6,1,False,Loss
2882796,1,HMB,P11,P11,HMB,Red,Yunara,4,7,2,False,Loss
2882796,1,HMB,P11,P11,HMB,Red,Alistar,5,9,2,False,Loss
2882797,1,GMB,CG,GMB,CG,Blue,Kai'Sa,1,1,1,False,Loss
2882797,1,GMB,CG,GMB,CG,Blue,Akali,2,3,1,False,Loss
2882797,1,GMB,CG,GMB,CG,Blue,Jayce,3,5,1,False,Loss
2882797,1,GMB,CG,GMB,CG,Blue,Braum,4,8,2,False,Loss
2882797,1,GMB,CG,GMB,CG,Blue,Morgana,5,10,2,False,Loss
2882797,1,GMB,CG,CG,GMB,Red,Ambessa,1,2,1,True,Win
2882797,1,GMB,CG,CG,GMB,Red,Diana,2,4,1,True,Win
2882797,1,GMB,CG,CG,GMB,Red,Corki,3,6,1,True,Win
2882797,1,GMB,CG,CG,GMB,Red,Smolder,4,7,2,True,Win
2882797,1,GMB,CG,CG,GMB,Red,Aphelios,5,9,2,True,Win
2882798,1,AXL,DEA,AXL,DEA,Blue,Akali,1,1,1,False,Loss
2882798,1,AXL,DEA,AXL,DEA,Blue,Qiyana,2,3,1,False,Loss
2882798,1,AXL,DEA,AXL,DEA,Blue,Neeko,3,5,1,False,Loss
2882798,1,AXL,DEA,AXL,DEA,Blue,Kennen,4,8,2,False,Loss
2882798,1,AXL,DEA,AXL,DEA,Blue,Malphite,5,10,2,False,Loss
2882798,1,AXL,DEA,DEA,AXL,Red,Ambessa,1,2,1,True,Win
2882798,1,AXL,DEA,DEA,AXL,Red,Zaahen,2,4,1,True,Win
2882798,1,AXL,DEA,DEA,AXL,Red,Wukong,3,6,1,True,Win
2882798,1,AXL,DEA,DEA,AXL,Red,Xin Zhao,4,7,2,True,Win
2882798,1,AXL,DEA,DEA,AXL,Red,Urgot,5,9,2,True,Win
2882799,1,EKO,ZENA,EKO,ZENA,Blue,Yone,1,1,1,True,Win
2882799,1,EKO,ZENA,EKO,ZENA,Blue,Yunara,2,3,1,True,Win
2882799,1,EKO,ZENA,EKO,ZENA,Blue,Zac,3,5,1,True,Win
2882799,1,EKO,ZENA,EKO,ZENA,Blue,Ambessa,4,8,2,True,Win
2882799,1,EKO,ZENA,EKO,ZENA,Blue,Braum,5,10,2,True,Win
2882799,1,EKO,ZENA,ZENA,EKO,Red,Wukong,1,2,1,False,Loss
2882799,1,EKO,ZENA,ZENA,EKO,Red,Zaahen,2,4,1,False,Loss
2882799,1,EKO,ZENA,ZENA,EKO,Red,Diana,3,6,1,False,Loss
2882799,1,EKO,ZENA,ZENA,EKO,Red,Fiora,4,7,2,False,Loss
2882799,1,EKO,ZENA,ZENA,EKO,Red,Alistar,5,9,2,False,Loss
2882800,1,HMB,DEA,HMB,DEA,Blue,Akali,1,1,1,True,Win
2882800,1,HMB,DEA,HMB,DEA,Blue,Naafiri,2,3,1,True,Win
2882800,1,HMB,DEA,HMB,DEA,Blue,Jayce,3,5,1,True,Win
2882800,1,HMB,DEA,HMB,DEA,Blue,Poppy,4,8,2,True,Win
2882800,1,HMB,DEA,HMB,DEA,Blue,Taric,5,10,2,True,Win
2882800,1,HMB,DEA,DEA,HMB,Red,Ambessa,1,2,1,False,Loss
2882800,1,HMB,DEA,DEA,HMB,Red,Orianna,2,4,1,False,Loss
2882800,1,HMB,DEA,DEA,HMB,Red,Corki,3,6,1,False,Loss
2882800,1,HMB,DEA,DEA,HMB,Red,Caitlyn,4,7,2,False,Loss
2882800,1,HMB,DEA,DEA,HMB,Red,Yunara,5,9,2,False,Loss
2882801,1,EKO,AXL,EKO,AXL,Blue,Nocturne,1,1,1,False,Loss
2882801,1,EKO,AXL,EKO,AXL,Blue,Ziggs,2,3,1,False,Loss
2882801,1,EKO,AXL,EKO,AXL,Blue,Aatrox,3,5,1,False,Loss
2882801,1,EKO,AXL,EKO,AXL,Blue,Braum,4,8,2,False,Loss
2882801,1,EKO,AXL,EKO,AXL,Blue,Mel,5,10,2,False,Loss
2882801,1,EKO,AXL,AXL,EKO,Red,Olaf,1,2,1,True,Win
2882801,1,EKO,AXL,AXL,EKO,Red,Wukong,2,4,1,True,Win
2882801,1,EKO,AXL,AXL,EKO,Red,Smolder,3,6,1,True,Win
2882801,1,EKO,AXL,AXL,EKO,Red,Sivir,4,7,2,True,Win
2882801,1,EKO,AXL,AXL,EKO,Red,Tristana,5,9,2,True,Win
2882802,1,ZENA,GMB,ZENA,GMB,Blue,Lucian,1,1,1,True,Win
2882802,1,ZENA,GMB,ZENA,GMB,Blue,Smolder,2,3,1,True,Win
2882802,1,ZENA,GMB,ZENA,GMB,Blue,Ambessa,3,5,1,True,Win
2882802,1,ZENA,GMB,ZENA,GMB,Blue,Leona,4,8,2,True,Win
2882802,1,ZENA,GMB,ZENA,GMB,Blue,Nautilus,5,10,2,True,Win
2882802,1,ZENA,GMB,GMB,ZENA,Red,Zac,1,2,1,False,Loss
2882802,1,ZENA,GMB,GMB,ZENA,Red,Jayce,2,4,1,False,Loss
2882802,1,ZENA,GMB,GMB,ZENA,Red,Sona,3,6,1,False,Loss
2882802,1,ZENA,GMB,GMB,ZENA,Red,Karma,4,7,2,False,Loss
2882802,1,ZENA,GMB,GMB,ZENA,Red,Braum,5,9,2,False,Loss
2882803,1,P11,CG,P11,CG,Blue,Ornn,1,1,1,False,Loss
2882803,1,P11,CG,P11,CG,Blue,Yasuo,2,3,1,False,Loss
2882803,1,P11,CG,P11,CG,Blue,Sion,3,5,1,False,Loss
2882803,1,P11,CG,P11,CG,Blue,Bard,4,8,2,False,Loss
2882803,1,P11,CG,P11,CG,Blue,Akali,5,10,2,False,Loss
2882803,1,P11,CG,CG,P11,Red,Ambessa,1,2,1,True,Win
2882803,1,P11,CG,CG,P11,Red,Jarvan IV,2,4,1,True,Win
2882803,1,P11,CG,CG,P11,Red,Sivir,3,6,1,True,Win
2882803,1,P11,CG,CG,P11,Red,Xayah,4,7,2,True,Win
2882803,1,P11,CG,CG,P11,Red,Kai'Sa,5,9,2,True,Win
2882804,1,ZENA,AXL,ZENA,AXL,Blue,Ambessa,1,1,1,True,Win
2882804,1,ZENA,AXL,ZENA,AXL,Blue,Gwen,2,3,1,True,Win
2882804,1,ZENA,AXL,ZENA,AXL,Blue,Neeko,3,5,1,True,Win
2882804,1,ZENA,AXL,ZENA,AXL,Blue,Orianna,4,8,2,True,Win
2882804,1,ZENA,AXL,ZENA,AXL,Blue,Galio,5,10,2,True,Win
2882804,1,ZENA,AXL,AXL,ZENA,Red,Syndra,1,2,1,False,Loss
2882804,1,ZENA,AXL,AXL,ZENA,Red,Zac,2,4,1,False,Loss
2882804,1,ZENA,AXL,AXL,ZENA,Red,Diana,3,6,1,False,Loss
2882804,1,ZENA,AXL,AXL,ZENA,Red,Braum,4,7,2,False,Loss
2882804,1,ZENA,AXL,AXL,ZENA,Red,Karma,5,9,2,False,Loss
2882805,1,CG,DEA,CG,DEA,Blue,Naafiri,1,1,1,True,Win
2882805,1,CG,DEA,CG,DEA,Blue,Gwen,2,3,1,True,Win
2882805,1,CG,DEA,CG,DEA,Blue,Akali,3,5,1,True,Win
2882805,1,CG,DEA,CG,DEA,Blue,Ekko,4,8,2,True,Win
2882805,1,CG,DEA,CG,DEA,Blue,Kassadin,5,10,2,True,Win
2882805,1,CG,DEA,DEA,CG,Red,Ornn,1,2,1,False,Loss
2882805,1,CG,DEA,DEA,CG,Red,K'Sante,2,4,1,False,Loss
2882805,1,CG,DEA,DEA,CG,Red,Sion,3,6,1,False,Loss
2882805,1,CG,DEA,DEA,CG,Red,Rell,4,7,2,False,Loss
2882805,1,CG,DEA,DEA,CG,Red,Orianna,5,9,2,False,Loss
2882806,1,EKO,HMB,EKO,HMB,Blue,Taliyah,1,1,1,False,Loss
2882806,1,EKO,HMB,EKO,HMB,Blue,Rumble,2,3,1,False,Loss
2882806,1,EKO,HMB,EKO,HMB,Blue,Ambessa,3,5,1,False,Loss
2882806,1,EKO,HMB,EKO,HMB,Blue,Sion,4,8,2,False,Loss
2882806,1,EKO,HMB,EKO,HMB,Blue,Ornn,5,10,2,False,Loss
2882806,1,EKO,HMB,HMB,EKO,Red,Diana,1,2,1,True,Win
2882806,1,EKO,HMB,HMB,EKO,Red,Zaahen,2,4,1,True,Win
2882806,1,EKO,HMB,HMB,EKO,Red,Malphite,3,6,1,True,Win
2882806,1,EKO,HMB,HMB,EKO,Red,Darius,4,7,2,True,Win
2882806,1,EKO,HMB,HMB,EKO,Red,Fiora,5,9,2,True,Win
2882807,1,P11,GMB,P11,GMB,Blue,Lucian,1,1,1,False,Loss
2882807,1,P11,GMB,P11,GMB,Blue,Ambessa,2,3,1,False,Loss
2882807,1,P11,GMB,P11,GMB,Blue,Smolder,3,5,1,False,Loss
2882807,1,P11,GMB,P11,GMB,Blue,Gwen,4,8,2,False,Loss
2882807,1,P11,GMB,P11,GMB,Blue,Zaahen,5,10,2,False,Loss
2882807,1,P11,GMB,GMB,P11,Red,Zoe,1,2,1,True,Win
2882807,1,P11,GMB,GMB,P11,Red,Jayce,2,4,1,True,Win
2882807,1,P11,GMB,GMB,P11,Red,Neeko,3,6,1,True,Win
2882807,1,P11,GMB,GMB,P11,Red,Gnar,4,7,2,True,Win
2882807,1,P11,GMB,GMB,P11,Red,Malphite,5,9,2,True,Win
2882808,1,DEA,P11,DEA,P11,Blue,Ahri,1,1,1,True,Win
2882808,1,DEA,P11,DEA,P11,Blue,Ambessa,2,3,1,True,Win
2882808,1,DEA,P11,DEA,P11,Blue,Wukong,3,5,1,True,Win
2882808,1,DEA,P11,DEA,P11,Blue,Xayah,4,8,2,True,Win
2882808,1,DEA,P11,DEA,P11,Blue,Rell,5,10,2,True,Win
2882808,1,DEA,P11,P11,DEA,Red,Dr. Mundo,1,2,1,False,Loss
2882808,1,DEA,P11,P11,DEA,Red,Gwen,2,4,1,False,Loss
2882808,1,DEA,P11,P11,DEA,Red,Naafiri,3,6,1,False,Loss
2882808,1,DEA,P11,P11,DEA,Red,Ekko,4,7,2,False,Loss
2882808,1,DEA,P11,P11,DEA,Red,Akali,5,9,2,False,Loss
2882809,1,HMB,ZENA,HMB,ZENA,Blue,Orianna,1,1,1,True,Win
2882809,1,HMB,ZENA,HMB,ZENA,Blue,Ryze,2,3,1,True,Win
2882809,1,HMB,ZENA,HMB,ZENA,Blue,Jayce,3,5,1,True,Win
2882809,1,HMB,ZENA,HMB,ZENA,Blue,Zac,4,8,2,True,Win
2882809,1,HMB,ZENA,HMB,ZENA,Blue,Sona,5,10,2,True,Win
2882809,1,HMB,ZENA,ZENA,HMB,Red,Neeko,1,2,1,False,Loss
2882809,1,HMB,ZENA,ZENA,HMB,Red,Kai'Sa,2,4,1,False,Loss
2882809,1,HMB,ZENA,ZENA,HMB,Red,Bard,3,6,1,False,Loss
2882809,1,HMB,ZENA,ZENA,HMB,Red,Rell,4,7,2,False,Loss
2882809,1,HMB,ZENA,ZENA,HMB,Red,Alistar,5,9,2,False,Loss
2882810,1,AXL,GMB,AXL,GMB,Blue,Diana,1,1,1,False,Loss
2882810,1,AXL,GMB,AXL,GMB,Blue,Sion,2,3,1,False,Loss
2882810,1,AXL,GMB,AXL,GMB,Blue,Orianna,3,5,1,False,Loss
2882810,1,AXL,GMB,AXL,GMB,Blue,Nautilus,4,8,2,False,Loss
2882810,1,AXL,GMB,AXL,GMB,Blue,Corki,5,10,2,False,Loss
2882810,1,AXL,GMB,GMB,AXL,Red,Jayce,1,2,1,True,Win
2882810,1,AXL,GMB,GMB,AXL,Red,Gwen,2,4,1,True,Win
2882810,1,AXL,GMB,GMB,AXL,Red,Ambessa,3,6,1,True,Win
2882810,1,AXL,GMB,GMB,AXL,Red,Ziggs,4,7,2,True,Win
2882810,1,AXL,GMB,GMB,AXL,Red,Ashe,5,9,2,True,Win
2882811,1,CG,EKO,CG,EKO,Blue,Zyra,1,1,1,True,Win
2882811,1,CG,EKO,CG,EKO,Blue,Lillia,2,3,1,True,Win
2882811,1,CG,EKO,CG,EKO,Blue,Diana,3,5,1,True,Win
2882811,1,CG,EKO,CG,EKO,Blue,Pyke,4,8,2,True,Win
2882811,1,CG,EKO,CG,EKO,Blue,Orianna,5,10,2,True,Win
2882811,1,CG,EKO,EKO,CG,Red,Cho'Gath,1,2,1,False,Loss
2882811,1,CG,EKO,EKO,CG,Red,Ornn,2,4,1,False,Loss
2882811,1,CG,EKO,EKO,CG,Red,Syndra,3,6,1,False,Loss
2882811,1,CG,EKO,EKO,CG,Red,Akali,4,7,2,False,Loss
2882811,1,CG,EKO,EKO,CG,Red,Aurora,5,9,2,False,Loss
2882812,1,ZENA,CG,ZENA,CG,Blue,Aphelios,1,1,1,False,Loss
2882812,1,ZENA,CG,ZENA,CG,Blue,Corki,2,3,1,False,Loss
2882812,1,ZENA,CG,ZENA,CG,Blue,Syndra,3,5,1,False,Loss
2882812,1,ZENA,CG,ZENA,CG,Blue,Bard,4,8,2,False,Loss
2882812,1,ZENA,CG,ZENA,CG,Blue,Rell,5,10,2,False,Loss
2882812,1,ZENA,CG,CG,ZENA,Red,Jayce,1,2,1,True,Win
2882812,1,ZENA,CG,CG,ZENA,Red,Orianna,2,4,1,True,Win
2882812,1,ZENA,CG,CG,ZENA,Red,Aatrox,3,6,1,True,Win
2882812,1,ZENA,CG,CG,ZENA,Red,Xin Zhao,4,7,2,True,Win
2882812,1,ZENA,CG,CG,ZENA,Red,Jarvan IV,5,9,2,True,Win
2882813,1,P11,EKO,P11,EKO,Blue,Lillia,1,1,1,False,Loss
2882813,1,P11,EKO,P11,EKO,Blue,Zaahen,2,3,1,False,Loss
2882813,1,P11,EKO,P11,EKO,Blue,Diana,3,5,1,False,Loss
2882813,1,P11,EKO,P11,EKO,Blue,Darius,4,8,2,False,Loss
2882813,1,P11,EKO,P11,EKO,Blue,Fiora,5,10,2,False,Loss
2882813,1,P11,EKO,EKO,P11,Red,Ambessa,1,2,1,True,Win
2882813,1,P11,EKO,EKO,P11,Red,Zoe,2,4,1,True,Win
2882813,1,P11,EKO,EKO,P11,Red,Neeko,3,6,1,True,Win
2882813,1,P11,EKO,EKO,P11,Red,Alistar,4,7,2,True,Win
2882813,1,P11,EKO,EKO,P11,Red,Braum,5,9,2,True,Win
2882814,1,DEA,GMB,DEA,GMB,Blue,Ambessa,1,1,1,True,Win
2882814,1,DEA,GMB,DEA,GMB,Blue,Lucian,2,3,1,True,Win
2882814,1,DEA,GMB,DEA,GMB,Blue,Wukong,3,5,1,True,Win
2882814,1,DEA,GMB,DEA,GMB,Blue,Sion,4,8,2,True,Win
2882814,1,DEA,GMB,DEA,GMB,Blue,K'Sante,5,10,2,True,Win
2882814,1,DEA,GMB,GMB,DEA,Red,Akali,1,2,1,False,Loss
2882814,1,DEA,GMB,GMB,DEA,Red,Qiyana,2,4,1,False,Loss
2882814,1,DEA,GMB,GMB,DEA,Red,Naafiri,3,6,1,False,Loss
2882814,1,DEA,GMB,GMB,DEA,Red,Gwen,4,7,2,False,Loss
2882814,1,DEA,GMB,GMB,DEA,Red,Urgot,5,9,2,False,Loss
2882815,1,HMB,AXL,HMB,AXL,Blue,Gwen,1,1,1,True,Win
2882815,1,HMB,AXL,HMB,AXL,Blue,Urgot,2,3,1,True,Win
2882815,1,HMB,AXL,HMB,AXL,Blue,Malphite,3,5,1,True,Win
2882815,1,HMB,AXL,HMB,AXL,Blue,Akali,4,8,2,True,Win
2882815,1,HMB,AXL,HMB,AXL,Blue,Aatrox,5,10,2,True,Win
2882815,1,HMB,AXL,AXL,HMB,Red,Corki,1,2,1,False,Loss
2882815,1,HMB,AXL,AXL,HMB,Red,Sion,2,4,1,False,Loss
2882815,1,HMB,AXL,AXL,HMB,Red,Ambessa,3,6,1,False,Loss
2882815,1,HMB,AXL,AXL,HMB,Red,K'Sante,4,7,2,False,Loss
2882815,1,HMB,AXL,AXL,HMB,Red,Ornn,5,9,2,False,Loss
2882816,1,CG,AXL,CG,AXL,Blue,Ambessa,1,1,1,True,Win
2882816,1,CG,AXL,CG,AXL,Blue,Gwen,2,3,1,True,Win
2882816,1,CG,AXL,CG,AXL,Blue,Aatrox,3,5,1,True,Win
2882816,1,CG,AXL,CG,AXL,Blue,Wukong,4,8,2,True,Win
2882816,1,CG,AXL,CG,AXL,Blue,Xin Zhao,5,10,2,True,Win
2882816,1,CG,AXL,AXL,CG,Red,Sion,1,2,1,False,Loss
2882816,1,CG,AXL,AXL,CG,Red,Jayce,2,4,1,False,Loss
2882816,1,CG,AXL,AXL,CG,Red,Bard,3,6,1,False,Loss
2882816,1,CG,AXL,AXL,CG,Red,Jarvan IV,4,7,2,False,Loss
2882816,1,CG,AXL,AXL,CG,Red,Vi,5,9,2,False,Loss
2882817,1,GMB,HMB,GMB,HMB,Blue,Jayce,1,1,1,False,Loss
2882817,1,GMB,HMB,GMB,HMB,Blue,Neeko,2,3,1,False,Loss
2882817,1,GMB,HMB,GMB,HMB,Blue,Renekton,3,5,1,False,Loss
2882817,1,GMB,HMB,GMB,HMB,Blue,Bard,4,8,2,False,Loss
2882817,1,GMB,HMB,GMB,HMB,Blue,Azir,5,10,2,False,Loss
2882817,1,GMB,HMB,HMB,GMB,Red,Orianna,1,2,1,True,Win
2882817,1,GMB,HMB,HMB,GMB,Red,Corki,2,4,1,True,Win
2882817,1,GMB,HMB,HMB,GMB,Red,Ambessa,3,6,1,True,Win
2882817,1,GMB,HMB,HMB,GMB,Red,LeBlanc,4,7,2,True,Win
2882817,1,GMB,HMB,HMB,GMB,Red,Syndra,5,9,2,True,Win
2882818,1,P11,ZENA,P11,ZENA,Blue,Diana,1,1,1,False,Loss
2882818,1,P11,ZENA,P11,ZENA,Blue,Yone,2,3,1,False,Loss
2882818,1,P11,ZENA,P11,ZENA,Blue,Gwen,3,5,1,False,Loss
2882818,1,P11,ZENA,P11,ZENA,Blue,Zaahen,4,8,2,False,Loss
2882818,1,P11,ZENA,P11,ZENA,Blue,Jarvan IV,5,10,2,False,Loss
2882818,1,P11,ZENA,ZENA,P11,Red,Neeko,1,2,1,True,Win
2882818,1,P11,ZENA,ZENA,P11,Red,Dr. Mundo,2,4,1,True,Win
2882818,1,P11,ZENA,ZENA,P11,Red,Jayce,3,6,1,True,Win
2882818,1,P11,ZENA,ZENA,P11,Red,Braum,4,7,2,True,Win
2882818,1,P11,ZENA,ZENA,P11,Red,Poppy,5,9,2,True,Win
2882819,1,DEA,EKO,DEA,EKO,Blue,Ambessa,1,1,1,False,Loss
2882819,1,DEA,EKO,DEA,EKO,Blue,Orianna,2,3,1,False,Loss
2882819,1,DEA,EKO,DEA,EKO,Blue,Mel,3,5,1,False,Loss
2882819,1,DEA,EKO,DEA,EKO,Blue,Darius,4,8,2,False,Loss
2882819,1,DEA,EKO,DEA,EKO,Blue,Zaahen,5,10,2,False,Loss
2882819,1,DEA,EKO,EKO,DEA,Red,Gwen,1,2,1,True,Win
2882819,1,DEA,EKO,EKO,DEA,Red,Akali,2,4,1,True,Win
2882819,1,DEA,EKO,EKO,DEA,Red,Naafiri,3,6,1,True,Win
2882819,1,DEA,EKO,EKO,DEA,Red,Alistar,4,7,2,True,Win
2882819,1,DEA,EKO,EKO,DEA,Red,Braum,5,9,2,True,Win
2882821,1,AXL,P11,AXL,P11,Blue,Sion,1,1,1,True,Win
2882821,1,AXL,P11,AXL,P11,Blue,Orianna,2,3,1,True,Win
2882821,1,AXL,P11,AXL,P11,Blue,Bard,3,5,1,True,Win
2882821,1,AXL,P11,AXL,P11,Blue,Ornn,4,8,2,True,Win
2882821,1,AXL,P11,AXL,P11,Blue,Shen,5,10,2,True,Win
2882821,1,AXL,P11,P11,AXL,Red,Diana,1,2,1,False,Loss
2882821,1,AXL,P11,P11,AXL,Red,Gwen,2,4,1,False,Loss
2882821,1,AXL,P11,P11,AXL,Red,Ambessa,3,6,1,False,Loss
2882821,1,AXL,P11,P11,AXL,Red,Gnar,4,7,2,False,Loss
2882821,1,AXL,P11,P11,AXL,Red,Aatrox,5,9,2,False,Loss
2882821,2,AXL,P11,AXL,P11,Blue,Sion,1,1,1,False,Loss
2882821,2,AXL,P11,AXL,P11,Blue,Orianna,2,3,1,False,Loss
2882821,2,AXL,P11,AXL,P11,Blue,Bard,3,5,1,False,Loss
2882821,2,AXL,P11,AXL,P11,Blue,Lulu,4,8,2,False,Loss
2882821,2,AXL,P11,AXL,P11,Blue,Janna,5,10,2,False,Loss
2882821,2,AXL,P11,P11,AXL,Red,Diana,1,2,1,True,Win
2882821,2,AXL,P11,P11,AXL,Red,Gwen,2,4,1,True,Win
2882821,2,AXL,P11,P11,AXL,Red,Ambessa,3,6,1,True,Win
2882821,2,AXL,P11,P11,AXL,Red,Gnar,4,7,2,True,Win
2882821,2,AXL,P11,P11,AXL,Red,Fiora,5,9,2,True,Win
2882821,3,P11,AXL,P11,AXL,Blue,Diana,1,1,1,True,Win
2882821,3,P11,AXL,P11,AXL,Blue,Gwen,2,3,1,True,Win
2882821,3,P11,AXL,P11,AXL,Blue,Urgot,3,5,1,True,Win
2882821,3,P11,AXL,P11,AXL,Blue,Renekton,4,8,2,True,Win
2882821,3,P11,AXL,P11,AXL,Blue,Gnar,5,10,2,True,Win
2882821,3,P11,AXL,AXL,P11,Red,Sion,1,2,1,False,Loss
2882821,3,P11,AXL,AXL,P11,Red,Orianna,2,4,1,False,Loss
2882821,3,P11,AXL,AXL,P11,Red,Bard,3,6,1,False,Loss
2882821,3,P11,AXL,AXL,P11,Red,Alistar,4,7,2,False,Loss
2882821,3,P11,AXL,AXL,P11,Red,Lulu,5,9,2,False,Loss
2882821,4,P11,AXL,P11,AXL,Blue,Diana,1,1,1,False,Loss
2882821,4,P11,AXL,P11,AXL,Blue,Gwen,2,3,1,False,Loss
2882821,4,P11,AXL,P11,AXL,Blue,Urgot,3,5,1,False,Loss
2882821,4,P11,AXL,P11,AXL,Blue,Xin Zhao,4,8,2,False,Loss
2882821,4,P11,AXL,P11,AXL,Blue,Qiyana,5,10,2,False,Loss
2882821,4,P11,AXL,AXL,P11,Red,Sion,1,2,1,True,Win
2882821,4,P11,AXL,AXL,P11,Red,Bard,2,4,1,True,Win
2882821,4,P11,AXL,AXL,P11,Red,Sylas,3,6,1,True,Win
2882821,4,P11,AXL,AXL,P11,Red,Kled,4,7,2,True,Win
2882821,4,P11,AXL,AXL,P11,Red,Shen,5,9,2,True,Win
2882821,5,AXL,P11,AXL,P11,Blue,Sion,1,1,1,False,Loss
2882821,5,AXL,P11,AXL,P11,Blue,Bard,2,3,1,False,Loss
2882821,5,AXL,P11,AXL,P11,Blue,Lucian,3,5,1,False,Loss
2882821,5,AXL,P11,AXL,P11,Blue,Seraphine,4,8,2,False,Loss
2882821,5,AXL,P11,AXL,P11,Blue,Zilean,5,10,2,False,Loss
2882821,5,AXL,P11,P11,AXL,Red,Diana,1,2,1,True,Win
2882821,5,AXL,P11,P11,AXL,Red,Gwen,2,4,1,True,Win
2882821,5,AXL,P11,P11,AXL,Red,Urgot,3,6,1,True,Win
2882821,5,AXL,P11,P11,AXL,Red,Jax,4,7,2,True,Win
2882821,5,AXL,P11,P11,AXL,Red,Zaahen,5,9,2,True,Win
2882822,1,DEA,CG,DEA,CG,Blue,Ornn,1,1,1,True,Win
2882822,1,DEA,CG,DEA,CG,Blue,Rell,2,3,1,True,Win
2882822,1,DEA,CG,DEA,CG,Blue,Varus,3,5,1,True,Win
2882822,1,DEA,CG,DEA,CG,Blue,Lulu,4,8,2,True,Win
2882822,1,DEA,CG,DEA,CG,Blue,Sylas,5,10,2,True,Win
2882822,1,DEA,CG,CG,DEA,Red,Ambessa,1,2,1,False,Loss
2882822,1,DEA,CG,CG,DEA,Red,Naafiri,2,4,1,False,Loss
2882822,1,DEA,CG,CG,DEA,Red,Akali,3,6,1,False,Loss
2882822,1,DEA,CG,CG,DEA,Red,Leona,4,7,2,False,Loss
2882822,1,DEA,CG,CG,DEA,Red,Nautilus,5,9,2,False,Loss
2882822,2,CG,DEA,CG,DEA,Blue,Ambessa,1,1,1,True,Win
2882822,2,CG,DEA,CG,DEA,Blue,Akali,2,3,1,True,Win
2882822,2,CG,DEA,CG,DEA,Blue,Naafiri,3,5,1,True,Win
2882822,2,CG,DEA,CG,DEA,Blue,Varus,4,8,2,True,Win
2882822,2,CG,DEA,CG,DEA,Blue,Ezreal,5,10,2,True,Win
2882822,2,CG,DEA,DEA,CG,Red,Ornn,1,2,1,False,Loss
2882822,2,CG,DEA,DEA,CG,Red,Rell,2,4,1,False,Loss
2882822,2,CG,DEA,DEA,CG,Red,Aurora,3,6,1,False,Loss
2882822,2,CG,DEA,DEA,CG,Red,Kai'Sa,4,7,2,False,Loss
2882822,2,CG,DEA,DEA,CG,Red,Bard,5,9,2,False,Loss
2882822,3,DEA,CG,DEA,CG,Blue,Ornn,1,1,1,False,Loss
2882822,3,DEA,CG,DEA,CG,Blue,Rell,2,3,1,False,Loss
2882822,3,DEA,CG,DEA,CG,Blue,Aurora,3,5,1,False,Loss
2882822,3,DEA,CG,DEA,CG,Blue,Zaahen,4,8,2,False,Loss
2882822,3,DEA,CG,DEA,CG,Blue,Cho'Gath,5,10,2,False,Loss
2882822,3,DEA,CG,CG,DEA,Red,Ambessa,1,2,1,True,Win
2882822,3,DEA,CG,CG,DEA,Red,Akali,2,4,1,True,Win
2882822,3,DEA,CG,CG,DEA,Red,Naafiri,3,6,1,True,Win
2882822,3,DEA,CG,CG,DEA,Red,Gwen,4,7,2,True,Win
2882822,3,DEA,CG,CG,DEA,Red,Gnar,5,9,2,True,Win
2882822,4,CG,DEA,CG,DEA,Blue,Ambessa,1,1,1,True,Win
2882822,4,CG,DEA,CG,DEA,Blue,Naafiri,2,3,1,True,Win
2882822,4,CG,DEA,CG,DEA,Blue,Akali,3,5,1,True,Win
2882822,4,CG,DEA,CG,DEA,Blue,Camille,4,8,2,True,Win
2882822,4,CG,DEA,CG,DEA,Blue,Qiyana,5,10,2,True,Win
2882822,4,CG,DEA,DEA,CG,Red,Ornn,1,2,1,False,Loss
2882822,4,CG,DEA,DEA,CG,Red,Rell,2,4,1,False,Loss
2882822,4,CG,DEA,DEA,CG,Red,Aurora,3,6,1,False,Loss
2882822,4,CG,DEA,DEA,CG,Red,Cho'Gath,4,7,2,False,Loss
2882822,4,CG,DEA,DEA,CG,Red,Galio,5,9,2,False,Loss
2882823,1,EKO,HMB,EKO,HMB,Blue,Taliyah,1,1,1,False,Loss
2882823,1,EKO,HMB,EKO,HMB,Blue,Rumble,2,3,1,False,Loss
2882823,1,EKO,HMB,EKO,HMB,Blue,Azir,3,5,1,False,Loss
2882823,1,EKO,HMB,EKO,HMB,Blue,Kai'Sa,4,8,2,False,Loss
2882823,1,EKO,HMB,EKO,HMB,Blue,Varus,5,10,2,False,Loss
2882823,1,EKO,HMB,HMB,EKO,Red,Ambessa,1,2,1,True,Win
2882823,1,EKO,HMB,HMB,EKO,Red,Syndra,2,4,1,True,Win
2882823,1,EKO,HMB,HMB,EKO,Red,Veigar,3,6,1,True,Win
2882823,1,EKO,HMB,HMB,EKO,Red,Sylas,4,7,2,True,Win
2882823,1,EKO,HMB,HMB,EKO,Red,Dr. Mundo,5,9,2,True,Win
2882823,2,HMB,EKO,HMB,EKO,Blue,Akali,1,1,1,True,Win
2882823,2,HMB,EKO,HMB,EKO,Blue,Sivir,2,3,1,True,Win
2882823,2,HMB,EKO,HMB,EKO,Blue,Varus,3,5,1,True,Win
2882823,2,HMB,EKO,HMB,EKO,Blue,Nautilus,4,8,2,True,Win
2882823,2,HMB,EKO,HMB,EKO,Blue,Thresh,5,10,2,True,Win
2882823,2,HMB,EKO,EKO,HMB,Red,Taliyah,1,2,1,False,Loss
2882823,2,HMB,EKO,EKO,HMB,Red,Rumble,2,4,1,False,Loss
2882823,2,HMB,EKO,EKO,HMB,Red,Ambessa,3,6,1,False,Loss
2882823,2,HMB,EKO,EKO,HMB,Red,Poppy,4,7,2,False,Loss
2882823,2,HMB,EKO,EKO,HMB,Red,Braum,5,9,2,False,Loss
2882823,3,HMB,EKO,HMB,EKO,Blue,Jarvan IV,1,1,1,True,Win
2882823,3,HMB,EKO,HMB,EKO,Blue,Sivir,2,3,1,True,Win
2882823,3,HMB,EKO,HMB,EKO,Blue,Ambessa,3,5,1,True,Win
2882823,3,HMB,EKO,HMB,EKO,Blue,Veigar,4,8,2,True,Win
2882823,3,HMB,EKO,HMB,EKO,Blue,Mel,5,10,2,True,Win
2882823,3,HMB,EKO,EKO,HMB,Red,Taliyah,1,2,1,False,Loss
2882823,3,HMB,EKO,EKO,HMB,Red,Rumble,2,4,1,False,Loss
2882823,3,HMB,EKO,EKO,HMB,Red,Ornn,3,6,1,False,Loss
2882823,3,HMB,EKO,EKO,HMB,Red,Viktor,4,7,2,False,Loss
2882823,3,HMB,EKO,EKO,HMB,Red,Gwen,5,9,2,False,Loss
2882825,1,P11,GMB,P11,GMB,Blue,Syndra,1,1,1,False,Loss
2882825,1,P11,GMB,P11,GMB,Blue,Diana,2,3,1,False,Loss
2882825,1,P11,GMB,P11,GMB,Blue,Nautilus,3,5,1,False,Loss
2882825,1,P11,GMB,P11,GMB,Blue,Neeko,4,8,2,False,Loss
2882825,1,P11,GMB,P11,GMB,Blue,Karma,5,10,2,False,Loss
2882825,1,P11,GMB,GMB,P11,Red,Orianna,1,2,1,True,Win
2882825,1,P11,GMB,GMB,P11,Red,Varus,2,4,1,True,Win
2882825,1,P11,GMB,GMB,P11,Red,Ryze,3,6,1,True,Win
2882825,1,P11,GMB,GMB,P11,Red,Renekton,4,7,2,True,Win
2882825,1,P11,GMB,GMB,P11,Red,Sion,5,9,2,True,Win
2882825,2,GMB,P11,GMB,P11,Blue,Jayce,1,1,1,False,Loss
2882825,2,GMB,P11,GMB,P11,Blue,Varus,2,3,1,False,Loss
2882825,2,GMB,P11,GMB,P11,Blue,Malphite,3,5,1,False,Loss
2882825,2,GMB,P11,GMB,P11,Blue,Lulu,4,8,2,False,Loss
2882825,2,GMB,P11,GMB,P11,Blue,Karma,5,10,2,False,Loss
2882825,2,GMB,P11,P11,GMB,Red,Diana,1,2,1,True,Win
2882825,2,GMB,P11,P11,GMB,Red,Jarvan IV,2,4,1,True,Win
2882825,2,GMB,P11,P11,GMB,Red,Orianna,3,6,1,True,Win
2882825,2,GMB,P11,P11,GMB,Red,Neeko,4,7,2,True,Win
2882825,2,GMB,P11,P11,GMB,Red,Aatrox,5,9,2,True,Win
2882825,3,P11,GMB,P11,GMB,Blue,Diana,1,1,1,True,Win
2882825,3,P11,GMB,P11,GMB,Blue,Lucian,2,3,1,True,Win
2882825,3,P11,GMB,P11,GMB,Blue,Malphite,3,5,1,True,Win
2882825,3,P11,GMB,P11,GMB,Blue,Sivir,4,8,2,True,Win
2882825,3,P11,GMB,P11,GMB,Blue,Smolder,5,10,2,True,Win
2882825,3,P11,GMB,GMB,P11,Red,Varus,1,2,1,False,Loss
2882825,3,P11,GMB,GMB,P11,Red,Jarvan IV,2,4,1,False,Loss
2882825,3,P11,GMB,GMB,P11,Red,Jayce,3,6,1,False,Loss
2882825,3,P11,GMB,GMB,P11,Red,Neeko,4,7,2,False,Loss
2882825,3,P11,GMB,GMB,P11,Red,Nautilus,5,9,2,False,Loss
2882825,4,GMB,P11,GMB,P11,Blue,Jayce,1,1,1,True,Win
2882825,4,GMB,P11,GMB,P11,Blue,Jarvan IV,2,3,1,True,Win
2882825,4,GMB,P11,GMB,P11,Blue,Rumble,3,5,1,True,Win
2882825,4,GMB,P11,GMB,P11,Blue,Ekko,4,8,2,True,Win
2882825,4,GMB,P11,GMB,P11,Blue,Azir,5,10,2,True,Win
2882825,4,GMB,P11,P11,GMB,Red,Diana,1,2,1,False,Loss
2882825,4,GMB,P11,P11,GMB,Red,Ryze,2,4,1,False,Loss
2882825,4,GMB,P11,P11,GMB,Red,Varus,3,6,1,False,Loss
2882825,4,GMB,P11,P11,GMB,Red,LeBlanc,4,7,2,False,Loss
2882825,4,GMB,P11,P11,GMB,Red,Ahri,5,9,2,False,Loss
2882825,5,P11,GMB,P11,GMB,Blue,Diana,1,1,1,False,Loss
2882825,5,P11,GMB,P11,GMB,Blue,Gwen,2,3,1,False,Loss
2882825,5,P11,GMB,P11,GMB,Blue,Lucian,3,5,1,False,Loss
2882825,5,P11,GMB,P11,GMB,Blue,Miss Fortune,4,8,2,False,Loss
2882825,5,P11,GMB,P11,GMB,Blue,Ziggs,5,10,2,False,Loss
2882825,5,P11,GMB,GMB,P11,Red,Leona,1,2,1,True,Win
2882825,5,P11,GMB,GMB,P11,Red,Varus,2,4,1,True,Win
2882825,5,P11,GMB,GMB,P11,Red,Jayce,3,6,1,True,Win
2882825,5,P11,GMB,GMB,P11,Red,Malphite,4,7,2,True,Win
2882825,5,P11,GMB,GMB,P11,Red,Yorick,5,9,2,True,Win
2882826,1,ZENA,GMB,ZENA,GMB,Blue,Ambessa,1,1,1,False,Loss
2882826,1,ZENA,GMB,ZENA,GMB,Blue,Nami,2,3,1,False,Loss
2882826,1,ZENA,GMB,ZENA,GMB,Blue,Varus,3,5,1,False,Loss
2882826,1,ZENA,GMB,ZENA,GMB,Blue,Alistar,4,8,2,False,Loss
2882826,1,ZENA,GMB,ZENA,GMB,Blue,Caitlyn,5,10,2,False,Loss
2882826,1,ZENA,GMB,GMB,ZENA,Red,Zac,1,2,1,True,Win
2882826,1,ZENA,GMB,GMB,ZENA,Red,Orianna,2,4,1,True,Win
2882826,1,ZENA,GMB,GMB,ZENA,Red,Gwen,3,6,1,True,Win
2882826,1,ZENA,GMB,GMB,ZENA,Red,Jayce,4,7,2,True,Win
2882826,1,ZENA,GMB,GMB,ZENA,Red,Karma,5,9,2,True,Win
2882826,2,GMB,ZENA,GMB,ZENA,Blue,Zac,1,1,1,True,Win
2882826,2,GMB,ZENA,GMB,ZENA,Blue,Gwen,2,3,1,True,Win
2882826,2,GMB,ZENA,GMB,ZENA,Blue,Jayce,3,5,1,True,Win
2882826,2,GMB,ZENA,GMB,ZENA,Blue,Karma,4,8,2,True,Win
2882826,2,GMB,ZENA,GMB,ZENA,Blue,Seraphine,5,10,2,True,Win
2882826,2,GMB,ZENA,ZENA,GMB,Red,Varus,1,2,1,False,Loss
2882826,2,GMB,ZENA,ZENA,GMB,Red,Wukong,2,4,1,False,Loss
2882826,2,GMB,ZENA,ZENA,GMB,Red,Nocturne,3,6,1,False,Loss
2882826,2,GMB,ZENA,ZENA,GMB,Red,Caitlyn,4,7,2,False,Loss
2882826,2,GMB,ZENA,ZENA,GMB,Red,Aphelios,5,9,2,False,Loss
2882826,3,GMB,ZENA,GMB,ZENA,Blue,Zac,1,1,1,True,Win
2882826,3,GMB,ZENA,GMB,ZENA,Blue,Jayce,2,3,1,True,Win
2882826,3,GMB,ZENA,GMB,ZENA,Blue,Gwen,3,5,1,True,Win
2882826,3,GMB,ZENA,GMB,ZENA,Blue,Diana,4,8,2,True,Win
2882826,3,GMB,ZENA,GMB,ZENA,Blue,Dr. Mundo,5,10,2,True,Win
2882826,3,GMB,ZENA,ZENA,GMB,Red,Varus,1,2,1,False,Loss
2882826,3,GMB,ZENA,ZENA,GMB,Red,Wukong,2,4,1,False,Loss
2882826,3,GMB,ZENA,ZENA,GMB,Red,Nocturne,3,6,1,False,Loss
2882826,3,GMB,ZENA,ZENA,GMB,Red,Vi,4,7,2,False,Loss
2882826,3,GMB,ZENA,ZENA,GMB,Red,Malphite,5,9,2,False,Loss
2882827,1,CG,HMB,CG,HMB,Blue,Ambessa,1,1,1,False,Loss
2882827,1,CG,HMB,CG,HMB,Blue,Neeko,2,3,1,False,Loss
2882827,1,CG,HMB,CG,HMB,Blue,Jarvan IV,3,5,1,False,Loss
2882827,1,CG,HMB,CG,HMB,Blue,Akali,4,8,2,False,Loss
2882827,1,CG,HMB,CG,HMB,Blue,Bard,5,10,2,False,Loss
2882827,1,CG,HMB,HMB,CG,Red,Orianna,1,2,1,True,Win
2882827,1,CG,HMB,HMB,CG,Red,Morgana,2,4,1,True,Win
2882827,1,CG,HMB,HMB,CG,Red,Jayce,3,6,1,True,Win
2882827,1,CG,HMB,HMB,CG,Red,Pyke,4,7,2,True,Win
2882827,1,CG,HMB,HMB,CG,Red,Nautilus,5,9,2,True,Win
2882827,2,HMB,CG,HMB,CG,Blue,Orianna,1,1,1,True,Win
2882827,2,HMB,CG,HMB,CG,Blue,Jayce,2,3,1,True,Win
2882827,2,HMB,CG,HMB,CG,Blue,Akali,3,5,1,True,Win
2882827,2,HMB,CG,HMB,CG,Blue,Syndra,4,8,2,True,Win
2882827,2,HMB,CG,HMB,CG,Blue,Ryze,5,10,2,True,Win
2882827,2,HMB,CG,CG,HMB,Red,Ambessa,1,2,1,False,Loss
2882827,2,HMB,CG,CG,HMB,Red,Neeko,2,4,1,False,Loss
2882827,2,HMB,CG,CG,HMB,Red,Jarvan IV,3,6,1,False,Loss
2882827,2,HMB,CG,CG,HMB,Red,Azir,4,7,2,False,Loss
2882827,2,HMB,CG,CG,HMB,Red,Anivia,5,9,2,False,Loss
2882827,3,HMB,CG,HMB,CG,Blue,Orianna,1,1,1,True,Win
2882827,3,HMB,CG,HMB,CG,Blue,Jayce,2,3,1,True,Win
2882827,3,HMB,CG,HMB,CG,Blue,Kai'Sa,3,5,1,True,Win
2882827,3,HMB,CG,HMB,CG,Blue,Ryze,4,8,2,True,Win
2882827,3,HMB,CG,HMB,CG,Blue,Akali,5,10,2,True,Win
2882827,3,HMB,CG,CG,HMB,Red,Ambessa,1,2,1,False,Loss
2882827,3,HMB,CG,CG,HMB,Red,Neeko,2,4,1,False,Loss
2882827,3,HMB,CG,CG,HMB,Red,Jarvan IV,3,6,1,False,Loss
2882827,3,HMB,CG,CG,HMB,Red,Qiyana,4,7,2,False,Loss
2882827,3,HMB,CG,CG,HMB,Red,Hwei,5,9,2,False,Loss
2882828,1,DEA,GMB,DEA,GMB,Blue,Aatrox,1,1,1,False,Loss
2882828,1,DEA,GMB,DEA,GMB,Blue,Orianna,2,3,1,False,Loss
2882828,1,DEA,GMB,DEA,GMB,Blue,Ambessa,3,5,1,False,Loss
2882828,1,DEA,GMB,DEA,GMB,Blue,Gnar,4,8,2,False,Loss
2882828,1,DEA,GMB,DEA,GMB,Blue,K'Sante,5,10,2,False,Loss
2882828,1,DEA,GMB,GMB,DEA,Red,Naafiri,1,2,1,True,Win
2882828,1,DEA,GMB,GMB,DEA,Red,Dr. Mundo,2,4,1,True,Win
2882828,1,DEA,GMB,GMB,DEA,Red,Akali,3,6,1,True,Win
2882828,1,DEA,GMB,GMB,DEA,Red,Ekko,4,7,2,True,Win
2882828,1,DEA,GMB,GMB,DEA,Red,Qiyana,5,9,2,True,Win
2882828,2,GMB,DEA,GMB,DEA,Blue,Naafiri,1,1,1,True,Win
2882828,2,GMB,DEA,GMB,DEA,Blue,Dr. Mundo,2,3,1,True,Win
2882828,2,GMB,DEA,GMB,DEA,Blue,Akali,3,5,1,True,Win
2882828,2,GMB,DEA,GMB,DEA,Blue,Rell,4,8,2,True,Win
2882828,2,GMB,DEA,GMB,DEA,Blue,Leona,5,10,2,True,Win
2882828,2,GMB,DEA,DEA,GMB,Red,Aatrox,1,2,1,False,Loss
2882828,2,GMB,DEA,DEA,GMB,Red,Orianna,2,4,1,False,Loss
2882828,2,GMB,DEA,DEA,GMB,Red,Ambessa,3,6,1,False,Loss
2882828,2,GMB,DEA,DEA,GMB,Red,Bard,4,7,2,False,Loss
2882828,2,GMB,DEA,DEA,GMB,Red,Neeko,5,9,2,False,Loss
2882828,3,GMB,DEA,GMB,DEA,Blue,Naafiri,1,1,1,False,Loss
2882828,3,GMB,DEA,GMB,DEA,Blue,Akali,2,3,1,False,Loss
2882828,3,GMB,DEA,GMB,DEA,Blue,Dr. Mundo,3,5,1,False,Loss
2882828,3,GMB,DEA,GMB,DEA,Blue,Nocturne,4,8,2,False,Loss
2882828,3,GMB,DEA,GMB,DEA,Blue,Pantheon,5,10,2,False,Loss
2882828,3,GMB,DEA,DEA,GMB,Red,Aatrox,1,2,1,True,Win
2882828,3,GMB,DEA,DEA,GMB,Red,Orianna,2,4,1,True,Win
2882828,3,GMB,DEA,DEA,GMB,Red,Ambessa,3,6,1,True,Win
2882828,3,GMB,DEA,DEA,GMB,Red,Jax,4,7,2,True,Win
2882828,3,GMB,DEA,DEA,GMB,Red,Gnar,5,9,2,True,Win
2882828,4,DEA,GMB,DEA,GMB,Blue,Orianna,1,1,1,False,Loss
2882828,4,DEA,GMB,DEA,GMB,Blue,Aatrox,2,3,1,False,Loss
2882828,4,DEA,GMB,DEA,GMB,Blue,Ambessa,3,5,1,False,Loss
2882828,4,DEA,GMB,DEA,GMB,Blue,Taliyah,4,8,2,False,Loss
2882828,4,DEA,GMB,DEA,GMB,Blue,Yone,5,10,2,False,Loss
2882828,4,DEA,GMB,GMB,DEA,Red,Naafiri,1,2,1,False,Loss
2882828,4,DEA,GMB,GMB,DEA,Red,Dr. Mundo,2,4,1,False,Loss
2882828,4,DEA,GMB,GMB,DEA,Red,Akali,3,6,1,False,Loss
2882828,4,DEA,GMB,GMB,DEA,Red,Nocturne,4,7,2,False,Loss
2882828,4,DEA,GMB,GMB,DEA,Red,Camille,5,9,2,False,Loss
2882828,5,DEA,GMB,DEA,GMB,Blue,Orianna,1,1,1,False,Loss
2882828,5,DEA,GMB,DEA,GMB,Blue,Aatrox,2,3,1,False,Loss
2882828,5,DEA,GMB,DEA,GMB,Blue,Ambessa,3,5,1,False,Loss
2882828,5,DEA,GMB,DEA,GMB,Blue,Taliyah,4,8,2,False,Loss
2882828,5,DEA,GMB,DEA,GMB,Blue,Yone,5,10,2,False,Loss
2882828,5,DEA,GMB,GMB,DEA,Red,Naafiri,1,2,1,True,Win
2882828,5,DEA,GMB,GMB,DEA,Red,Dr. Mundo,2,4,1,True,Win
2882828,5,DEA,GMB,GMB,DEA,Red,Akali,3,6,1,True,Win
2882828,5,DEA,GMB,GMB,DEA,Red,Nocturne,4,7,2,True,Win
2882828,5,DEA,GMB,GMB,DEA,Red,Camille,5,9,2,True,Win
2882829,1,GMB,EKO,GMB,EKO,Blue,Lillia,1,1,1,True,Win
2882829,1,GMB,EKO,GMB,EKO,Blue,Zyra,2,3,1,True,Win
2882829,1,GMB,EKO,GMB,EKO,Blue,Wukong,3,5,1,True,Win
2882829,1,GMB,EKO,GMB,EKO,Blue,Akali,4,8,2,True,Win
2882829,1,GMB,EKO,GMB,EKO,Blue,Darius,5,10,2,True,Win
2882829,1,GMB,EKO,EKO,GMB,Red,Ambessa,1,2,1,False,Loss
2882829,1,GMB,EKO,EKO,GMB,Red,Syndra,2,4,1,False,Loss
2882829,1,GMB,EKO,EKO,GMB,Red,Neeko,3,6,1,False,Loss
2882829,1,GMB,EKO,EKO,GMB,Red,Alistar,4,7,2,False,Loss
2882829,1,GMB,EKO,EKO,GMB,Red,Braum,5,9,2,False,Loss
2882829,2,GMB,EKO,GMB,EKO,Blue,Lillia,1,1,1,False,Loss
2882829,2,GMB,EKO,GMB,EKO,Blue,Zyra,2,3,1,False,Loss
2882829,2,GMB,EKO,GMB,EKO,Blue,Wukong,3,5,1,False,Loss
2882829,2,GMB,EKO,GMB,EKO,Blue,Veigar,4,8,2,False,Loss
2882829,2,GMB,EKO,GMB,EKO,Blue,Leona,5,10,2,False,Loss
2882829,2,GMB,EKO,EKO,GMB,Red,Ambessa,1,2,1,True,Win
2882829,2,GMB,EKO,EKO,GMB,Red,Syndra,2,4,1,True,Win
2882829,2,GMB,EKO,EKO,GMB,Red,Neeko,3,6,1,True,Win
2882829,2,GMB,EKO,EKO,GMB,Red,Anivia,4,7,2,True,Win
2882829,2,GMB,EKO,EKO,GMB,Red,Viktor,5,9,2,True,Win
2882829,3,EKO,GMB,EKO,GMB,Blue,Ambessa,1,1,1,False,Loss
2882829,3,EKO,GMB,EKO,GMB,Blue,Syndra,2,3,1,False,Loss
2882829,3,EKO,GMB,EKO,GMB,Blue,Neeko,3,5,1,False,Loss
2882829,3,EKO,GMB,EKO,GMB,Blue,Gwen,4,8,2,False,Loss
2882829,3,EKO,GMB,EKO,GMB,Blue,Aatrox,5,10,2,False,Loss
2882829,3,EKO,GMB,GMB,EKO,Red,Lillia,1,2,1,True,Win
2882829,3,EKO,GMB,GMB,EKO,Red,Zyra,2,4,1,True,Win
2882829,3,EKO,GMB,GMB,EKO,Red,Veigar,3,6,1,True,Win
2882829,3,EKO,GMB,GMB,EKO,Red,Sett,4,7,2,True,Win
2882829,3,EKO,GMB,GMB,EKO,Red,Yone,5,9,2,True,Win
2882829,4,GMB,EKO,GMB,EKO,Blue,Lillia,1,1,1,True,Win
2882829,4,GMB,EKO,GMB,EKO,Blue,Zyra,2,3,1,True,Win
2882829,4,GMB,EKO,GMB,EKO,Blue,Veigar,3,5,1,True,Win
2882829,4,GMB,EKO,GMB,EKO,Blue,Seraphine,4,8,2,True,Win
2882829,4,GMB,EKO,GMB,EKO,Blue,Senna,5,10,2,True,Win
2882829,4,GMB,EKO,EKO,GMB,Red,Ambessa,1,2,1,False,Loss
2882829,4,GMB,EKO,EKO,GMB,Red,Syndra,2,4,1,False,Loss
2882829,4,GMB,EKO,EKO,GMB,Red,Neeko,3,6,1,False,Loss
2882829,4,GMB,EKO,EKO,GMB,Red,Jax,4,7,2,False,Loss
2882829,4,GMB,EKO,EKO,GMB,Red,Gragas,5,9,2,False,Loss
2882830,1,GMB,CG,GMB,CG,Blue,Ornn,1,1,1,True,Win
2882830,1,GMB,CG,GMB,CG,Blue,Jayce,2,3,1,True,Win
2882830,1,GMB,CG,GMB,CG,Blue,Orianna,3,5,1,True,Win
2882830,1,GMB,CG,GMB,CG,Blue,Braum,4,8,2,True,Win
2882830,1,GMB,CG,GMB,CG,Blue,Leona,5,10,2,True,Win
2882830,1,GMB,CG,CG,GMB,Red,Ambessa,1,2,1,False,Loss
2882830,1,GMB,CG,CG,GMB,Red,Caitlyn,2,4,1,False,Loss
2882830,1,GMB,CG,CG,GMB,Red,Wukong,4,7,2,False,Loss
2882830,1,GMB,CG,CG,GMB,Red,Karma,5,9,2,False,Loss
2882830,2,GMB,CG,GMB,CG,Blue,Jayce,1,1,1,False,Loss
2882830,2,GMB,CG,GMB,CG,Blue,Taliyah,2,3,1,False,Loss
2882830,2,GMB,CG,GMB,CG,Blue,Varus,3,5,1,False,Loss
2882830,2,GMB,CG,GMB,CG,Blue,Thresh,4,8,2,False,Loss
2882830,2,GMB,CG,GMB,CG,Blue,Leona,5,10,2,False,Loss
2882830,2,GMB,CG,CG,GMB,Red,Ambessa,1,2,1,True,Win
2882830,2,GMB,CG,CG,GMB,Red,Caitlyn,2,4,1,True,Win
2882830,2,GMB,CG,CG,GMB,Red,Orianna,3,6,1,True,Win
2882830,2,GMB,CG,CG,GMB,Red,Sylas,4,7,2,True,Win
2882830,2,GMB,CG,CG,GMB,Red,Karma,5,9,2,True,Win
2882830,3,CG,GMB,CG,GMB,Blue,Ambessa,1,1,1,True,Win
2882830,3,CG,GMB,CG,GMB,Blue,Caitlyn,2,3,1,True,Win
2882830,3,CG,GMB,CG,GMB,Blue,Wukong,3,5,1,True,Win
2882830,3,CG,GMB,CG,GMB,Blue,Rakan,4,8,2,True,Win
2882830,3,CG,GMB,CG,GMB,Blue,Bard,5,10,2,True,Win
2882830,3,CG,GMB,GMB,CG,Red,Cho'Gath,1,2,1,False,Loss
2882830,3,CG,GMB,GMB,CG,Red,Jayce,2,4,1,False,Loss
2882830,3,CG,GMB,GMB,CG,Red,Orianna,3,6,1,False,Loss
2882830,3,CG,GMB,GMB,CG,Red,Sivir,4,7,2,False,Loss
2882830,3,CG,GMB,GMB,CG,Red,Ezreal,5,9,2,False,Loss
2882830,4,CG,GMB,CG,GMB,Blue,Ambessa,1,1,1,True,Win
2882830,4,CG,GMB,CG,GMB,Blue,Caitlyn,2,3,1,True,Win
2882830,4,CG,GMB,CG,GMB,Blue,Karma,3,5,1,True,Win
2882830,4,CG,GMB,CG,GMB,Blue,Wukong,4,8,2,True,Win
2882830,4,CG,GMB,CG,GMB,Blue,Xin Zhao,5,10,2,True,Win
2882830,4,CG,GMB,GMB,CG,Red,Cho'Gath,1,2,1,False,Loss
2882830,4,CG,GMB,GMB,CG,Red,Jayce,2,4,1,False,Loss
2882830,4,CG,GMB,GMB,CG,Red,Orianna,3,6,1,False,Loss
2882830,4,CG,GMB,GMB,CG,Red,Zac,4,7,2,False,Loss
2882830,4,CG,GMB,GMB,CG,Red,Trundle,5,9,2,False,Loss
2882831,1,CG,HMB,CG,HMB,Blue,Ambessa,1,1,1,False,Loss
2882831,1,CG,HMB,CG,HMB,Blue,Zaahen,2,3,1,False,Loss
2882831,1,CG,HMB,CG,HMB,Blue,Akali,3,5,1,False,Loss
2882831,1,CG,HMB,CG,HMB,Blue,Aurora,4,8,2,False,Loss
2882831,1,CG,HMB,CG,HMB,Blue,Aatrox,5,10,2,False,Loss
2882831,1,CG,HMB,HMB,CG,Red,Ornn,1,2,1,True,Win
2882831,1,CG,HMB,HMB,CG,Red,Bard,2,4,1,True,Win
2882831,1,CG,HMB,HMB,CG,Red,Morgana,3,6,1,True,Win
2882831,1,CG,HMB,HMB,CG,Red,Dr. Mundo,4,7,2,True,Win
2882831,1,CG,HMB,HMB,CG,Red,Xin Zhao,5,9,2,True,Win
2882831,2,HMB,CG,HMB,CG,Blue,Ornn,1,1,1,True,Win
2882831,2,HMB,CG,HMB,CG,Blue,Morgana,2,3,1,True,Win
2882831,2,HMB,CG,HMB,CG,Blue,Ashe,3,5,1,True,Win
2882831,2,HMB,CG,HMB,CG,Blue,Bard,4,8,2,True,Win
2882831,2,HMB,CG,HMB,CG,Blue,Lulu,5,10,2,True,Win
2882831,2,HMB,CG,CG,HMB,Red,Ambessa,1,2,1,False,Loss
2882831,2,HMB,CG,CG,HMB,Red,Zaahen,2,4,1,False,Loss
2882831,2,HMB,CG,CG,HMB,Red,Wukong,3,6,1,False,Loss
2882831,2,HMB,CG,CG,HMB,Red,Orianna,4,7,2,False,Loss
2882831,2,HMB,CG,CG,HMB,Red,Taliyah,5,9,2,False,Loss
2882831,3,HMB,CG,HMB,CG,Blue,Morgana,1,1,1,True,Win
2882831,3,HMB,CG,HMB,CG,Blue,Bard,2,3,1,True,Win
2882831,3,HMB,CG,HMB,CG,Blue,Dr. Mundo,3,5,1,True,Win
2882831,3,HMB,CG,HMB,CG,Blue,Kai'Sa,4,8,2,True,Win
2882831,3,HMB,CG,HMB,CG,Blue,Akali,5,10,2,True,Win
2882831,3,HMB,CG,CG,HMB,Red,Ambessa,1,2,1,False,Loss
2882831,3,HMB,CG,CG,HMB,Red,Zaahen,2,4,1,False,Loss
2882831,3,HMB,CG,CG,HMB,Red,Orianna,3,6,1,False,Loss
2882831,3,HMB,CG,CG,HMB,Red,Lucian,4,7,2,False,Loss
2882831,3,HMB,CG,CG,HMB,Red,Ashe,5,9,2,False,Loss
2883315,1,DNS,KT,DNS,KT,Blue,Jayce,1,2,1,True,Win
2883315,1,DNS,KT,DNS,KT,Blue,Azir,2,4,1,True,Win
2883315,1,DNS,KT,DNS,KT,Blue,Orianna,3,6,1,True,Win
2883315,1,DNS,KT,DNS,KT,Blue,Ambessa,4,7,2,True,Win
2883315,1,DNS,KT,DNS,KT,Blue,Nautilus,5,9,2,True,Win
2883315,1,DNS,KT,KT,DNS,Red,Neeko,1,1,1,False,Loss
2883315,1,DNS,KT,KT,DNS,Red,Vi,2,3,1,False,Loss
2883315,1,DNS,KT,KT,DNS,Red,Sylas,3,5,1,False,Loss
2883315,1,DNS,KT,KT,DNS,Red,Rakan,4,8,2,False,Loss
2883315,1,DNS,KT,KT,DNS,Red,Aphelios,5,10,2,False,Loss
2883315,2,DNS,KT,DNS,KT,Blue,Jayce,1,2,1,False,Loss
2883315,2,DNS,KT,DNS,KT,Blue,Azir,2,4,1,False,Loss
2883315,2,DNS,KT,DNS,KT,Blue,Orianna,3,6,1,False,Loss
2883315,2,DNS,KT,DNS,KT,Blue,Jarvan IV,4,7,2,False,Loss
2883315,2,DNS,KT,DNS,KT,Blue,Nocturne,5,9,2,False,Loss
2883315,2,DNS,KT,KT,DNS,Red,Neeko,1,1,1,True,Win
2883315,2,DNS,KT,KT,DNS,Red,Vi,2,3,1,True,Win
2883315,2,DNS,KT,KT,DNS,Red,Cassiopeia,3,5,1,True,Win
2883315,2,DNS,KT,KT,DNS,Red,Renata Glasc,4,8,2,True,Win
2883315,2,DNS,KT,KT,DNS,Red,Lulu,5,10,2,True,Win
2883315,3,KT,DNS,KT,DNS,Blue,Vi,1,2,1,True,Win
2883315,3,KT,DNS,KT,DNS,Blue,Neeko,2,4,1,True,Win
2883315,3,KT,DNS,KT,DNS,Blue,Orianna,3,6,1,True,Win
2883315,3,KT,DNS,KT,DNS,Blue,Nautilus,4,7,2,True,Win
2883315,3,KT,DNS,KT,DNS,Blue,Leona,5,9,2,True,Win
2883315,3,KT,DNS,DNS,KT,Red,Poppy,1,1,1,False,Loss
2883315,3,KT,DNS,DNS,KT,Red,Jayce,2,3,1,False,Loss
2883315,3,KT,DNS,DNS,KT,Red,Azir,3,5,1,False,Loss
2883315,3,KT,DNS,DNS,KT,Red,Akali,4,8,2,False,Loss
2883315,3,KT,DNS,DNS,KT,Red,Mel,5,10,2,False,Loss
2883316,1,BRO,KT,BRO,KT,Blue,Rumble,1,2,1,True,Win
2883316,1,BRO,KT,BRO,KT,Blue,Jayce,2,4,1,True,Win
2883316,1,BRO,KT,BRO,KT,Blue,Ambessa,3,6,1,True,Win
2883316,1,BRO,KT,BRO,KT,Blue,Alistar,4,7,2,True,Win
2883316,1,BRO,KT,BRO,KT,Blue,Yunara,5,9,2,True,Win
2883316,1,BRO,KT,KT,BRO,Red,Malphite,1,1,1,False,Loss
2883316,1,BRO,KT,KT,BRO,Red,Neeko,2,3,1,False,Loss
2883316,1,BRO,KT,KT,BRO,Red,Renekton,3,5,1,False,Loss
2883316,1,BRO,KT,KT,BRO,Red,Varus,4,8,2,False,Loss
2883316,1,BRO,KT,KT,BRO,Red,Nocturne,5,10,2,False,Loss
2883316,2,BRO,KT,BRO,KT,Blue,Malphite,1,1,1,False,Loss
2883316,2,BRO,KT,BRO,KT,Blue,Jarvan IV,2,3,1,False,Loss
2883316,2,BRO,KT,BRO,KT,Blue,Vi,3,5,1,False,Loss
2883316,2,BRO,KT,BRO,KT,Blue,Nocturne,4,8,2,False,Loss
2883316,2,BRO,KT,BRO,KT,Blue,Trundle,5,10,2,False,Loss
2883316,2,BRO,KT,KT,BRO,Red,Jayce,1,2,1,True,Win
2883316,2,BRO,KT,KT,BRO,Red,Rumble,2,4,1,True,Win
2883316,2,BRO,KT,KT,BRO,Red,Wukong,3,6,1,True,Win
2883316,2,BRO,KT,KT,BRO,Red,Aphelios,4,7,2,True,Win
2883316,2,BRO,KT,KT,BRO,Red,Nautilus,5,9,2,True,Win
2883316,3,KT,BRO,KT,BRO,Blue,Jayce,1,2,1,True,Win
2883316,3,KT,BRO,KT,BRO,Blue,Rumble,2,4,1,True,Win
2883316,3,KT,BRO,KT,BRO,Blue,Nocturne,3,6,1,True,Win
2883316,3,KT,BRO,KT,BRO,Blue,Ahri,4,7,2,True,Win
2883316,3,KT,BRO,KT,BRO,Blue,Alistar,5,9,2,True,Win
2883316,3,KT,BRO,BRO,KT,Red,Malphite,1,1,1,False,Loss
2883316,3,KT,BRO,BRO,KT,Red,Akali,2,3,1,False,Loss
2883316,3,KT,BRO,BRO,KT,Red,Aurora,3,5,1,False,Loss
2883316,3,KT,BRO,BRO,KT,Red,Sivir,4,8,2,False,Loss
2883316,3,KT,BRO,BRO,KT,Red,Ezreal,5,10,2,False,Loss
2883317,1,DRX,GEN,DRX,GEN,Blue,Rumble,1,2,1,False,Loss
2883317,1,DRX,GEN,DRX,GEN,Blue,Jayce,2,4,1,False,Loss
2883317,1,DRX,GEN,DRX,GEN,Blue,Poppy,3,6,1,False,Loss
2883317,1,DRX,GEN,DRX,GEN,Blue,K'Sante,4,7,2,False,Loss
2883317,1,DRX,GEN,DRX,GEN,Blue,Sion,5,9,2,False,Loss
2883317,1,DRX,GEN,GEN,DRX,Red,Neeko,1,1,1,True,Win
2883317,1,DRX,GEN,GEN,DRX,Red,Malphite,2,3,1,True,Win
2883317,1,DRX,GEN,GEN,DRX,Red,Varus,3,5,1,True,Win
2883317,1,DRX,GEN,GEN,DRX,Red,Lulu,4,8,2,True,Win
2883317,1,DRX,GEN,GEN,DRX,Red,Bard,5,10,2,True,Win
2883317,2,GEN,DRX,GEN,DRX,Blue,Neeko,1,1,1,True,Win
2883317,2,GEN,DRX,GEN,DRX,Blue,Sylas,2,3,1,True,Win
2883317,2,GEN,DRX,GEN,DRX,Blue,Vi,3,5,1,True,Win
2883317,2,GEN,DRX,GEN,DRX,Blue,Varus,4,8,2,True,Win
2883317,2,GEN,DRX,GEN,DRX,Blue,Sivir,5,10,2,True,Win
2883317,2,GEN,DRX,DRX,GEN,Red,Rumble,1,2,1,False,Loss
2883317,2,GEN,DRX,DRX,GEN,Red,Jayce,2,4,1,False,Loss
2883317,2,GEN,DRX,DRX,GEN,Red,Malphite,3,6,1,False,Loss
2883317,2,GEN,DRX,DRX,GEN,Red,Nautilus,4,7,2,False,Loss
2883317,2,GEN,DRX,DRX,GEN,Red,Rakan,5,9,2,False,Loss
2883318,1,NS,BFX,NS,BFX,Blue,Vi,1,1,1,False,Loss
2883318,1,NS,BFX,NS,BFX,Blue,Azir,2,3,1,False,Loss
2883318,1,NS,BFX,NS,BFX,Blue,Sylas,3,5,1,False,Loss
2883318,1,NS,BFX,NS,BFX,Blue,Ambessa,4,8,2,False,Loss
2883318,1,NS,BFX,NS,BFX,Blue,Dr. Mundo,5,10,2,False,Loss
2883318,1,NS,BFX,BFX,NS,Red,Rumble,1,2,1,True,Win
2883318,1,NS,BFX,BFX,NS,Red,Orianna,2,4,1,True,Win
2883318,1,NS,BFX,BFX,NS,Red,Jayce,3,6,1,True,Win
2883318,1,NS,BFX,BFX,NS,Red,Alistar,4,7,2,True,Win
2883318,1,NS,BFX,BFX,NS,Red,Neeko,5,9,2,True,Win
2883318,2,BFX,NS,BFX,NS,Blue,Rumble,1,2,1,True,Win
2883318,2,BFX,NS,BFX,NS,Blue,Jayce,2,4,1,True,Win
2883318,2,BFX,NS,BFX,NS,Blue,Jarvan IV,3,6,1,True,Win
2883318,2,BFX,NS,BFX,NS,Blue,Nocturne,4,7,2,True,Win
2883318,2,BFX,NS,BFX,NS,Blue,Xin Zhao,5,9,2,True,Win
2883318,2,BFX,NS,NS,BFX,Red,Vi,1,1,1,False,Loss
2883318,2,BFX,NS,NS,BFX,Red,Azir,2,3,1,False,Loss
2883318,2,BFX,NS,NS,BFX,Red,Ambessa,3,5,1,False,Loss
2883318,2,BFX,NS,NS,BFX,Red,LeBlanc,4,8,2,False,Loss
2883318,2,BFX,NS,NS,BFX,Red,Gnar,5,10,2,False,Loss
2883320,1,DK,DNS,DK,DNS,Blue,Azir,1,2,1,True,Win
2883320,1,DK,DNS,DK,DNS,Blue,Orianna,2,4,1,True,Win
2883320,1,DK,DNS,DK,DNS,Blue,Neeko,3,6,1,True,Win
2883320,1,DK,DNS,DK,DNS,Blue,Varus,4,7,2,True,Win
2883320,1,DK,DNS,DK,DNS,Blue,Jhin,5,9,2,True,Win
2883320,1,DK,DNS,DNS,DK,Red,Qiyana,1,1,1,False,Loss
2883320,1,DK,DNS,DNS,DK,Red,Jayce,2,3,1,False,Loss
2883320,1,DK,DNS,DNS,DK,Red,Cassiopeia,3,5,1,False,Loss
2883320,1,DK,DNS,DNS,DK,Red,Jarvan IV,4,8,2,False,Loss
2883320,1,DK,DNS,DNS,DK,Red,Nautilus,5,10,2,False,Loss
2883320,2,DK,DNS,DK,DNS,Blue,Orianna,1,2,1,True,Win
2883320,2,DK,DNS,DK,DNS,Blue,Azir,2,4,1,True,Win
2883320,2,DK,DNS,DK,DNS,Blue,Akali,3,6,1,True,Win
2883320,2,DK,DNS,DK,DNS,Blue,Ezreal,4,7,2,True,Win
2883320,2,DK,DNS,DK,DNS,Blue,Sivir,5,9,2,True,Win
2883320,2,DK,DNS,DNS,DK,Red,Qiyana,1,1,1,False,Loss
2883320,2,DK,DNS,DNS,DK,Red,Jayce,2,3,1,False,Loss
2883320,2,DK,DNS,DNS,DK,Red,LeBlanc,3,5,1,False,Loss
2883320,2,DK,DNS,DNS,DK,Red,Bard,4,8,2,False,Loss
2883320,2,DK,DNS,DNS,DK,Red,Neeko,5,10,2,False,Loss
2883321,1,T1,HLE,T1,HLE,Blue,Jayce,1,2,1,False,Loss
2883321,1,T1,HLE,T1,HLE,Blue,Azir,2,4,1,False,Loss
2883321,1,T1,HLE,T1,HLE,Blue,Varus,3,6,1,False,Loss
2883321,1,T1,HLE,T1,HLE,Blue,Rell,4,7,2,False,Loss
2883321,1,T1,HLE,T1,HLE,Blue,Nautilus,5,9,2,False,Loss
2883321,1,T1,HLE,HLE,T1,Red,Malphite,1,1,1,True,Win
2883321,1,T1,HLE,HLE,T1,Red,Orianna,2,3,1,True,Win
2883321,1,T1,HLE,HLE,T1,Red,Yunara,3,5,1,True,Win
2883321,1,T1,HLE,HLE,T1,Red,Bard,4,8,2,True,Win
2883321,1,T1,HLE,HLE,T1,Red,Aphelios,5,10,2,True,Win
2883321,2,HLE,T1,HLE,T1,Blue,Malphite,1,1,1,False,Loss
2883321,2,HLE,T1,HLE,T1,Blue,Orianna,2,3,1,False,Loss
2883321,2,HLE,T1,HLE,T1,Blue,Yunara,3,5,1,False,Loss
2883321,2,HLE,T1,HLE,T1,Blue,Galio,4,8,2,False,Loss
2883321,2,HLE,T1,HLE,T1,Blue,Sion,5,10,2,False,Loss
2883321,2,HLE,T1,T1,HLE,Red,Jayce,1,2,1,True,Win
2883321,2,HLE,T1,T1,HLE,Red,Azir,2,4,1,True,Win
2883321,2,HLE,T1,T1,HLE,Red,Varus,3,6,1,True,Win
2883321,2,HLE,T1,T1,HLE,Red,Yone,4,7,2,True,Win
2883321,2,HLE,T1,T1,HLE,Red,Gwen,5,9,2,True,Win
2883321,3,T1,HLE,T1,HLE,Blue,Jayce,1,2,1,True,Win
2883321,3,T1,HLE,T1,HLE,Blue,Varus,2,4,1,True,Win
2883321,3,T1,HLE,T1,HLE,Blue,Rell,3,6,1,True,Win
2883321,3,T1,HLE,T1,HLE,Blue,Renata Glasc,4,7,2,True,Win
2883321,3,T1,HLE,T1,HLE,Blue,Ashe,5,9,2,True,Win
2883321,3,T1,HLE,HLE,T1,Red,Malphite,1,1,1,False,Loss
2883321,3,T1,HLE,HLE,T1,Red,Poppy,2,3,1,False,Loss
2883321,3,T1,HLE,HLE,T1,Red,Yunara,3,5,1,False,Loss
2883321,3,T1,HLE,HLE,T1,Red,Ezreal,4,8,2,False,Loss
2883321,3,T1,HLE,HLE,T1,Red,Gwen,5,10,2,False,Loss
2883322,1,BFX,BRO,BFX,BRO,Blue,Neeko,1,1,1,True,Win
2883322,1,BFX,BRO,BFX,BRO,Blue,Malphite,2,3,1,True,Win
2883322,1,BFX,BRO,BFX,BRO,Blue,Gwen,3,5,1,True,Win
2883322,1,BFX,BRO,BFX,BRO,Blue,Poppy,4,8,2,True,Win
2883322,1,BFX,BRO,BFX,BRO,Blue,Yunara,5,10,2,True,Win
2883322,1,BFX,BRO,BRO,BFX,Red,Jayce,1,2,1,False,Loss
2883322,1,BFX,BRO,BRO,BFX,Red,Rumble,2,4,1,False,Loss
2883322,1,BFX,BRO,BRO,BFX,Red,Sion,3,6,1,False,Loss
2883322,1,BFX,BRO,BRO,BFX,Red,Bard,4,7,2,False,Loss
2883322,1,BFX,BRO,BRO,BFX,Red,Lucian,5,9,2,False,Loss
2883322,2,BFX,BRO,BFX,BRO,Blue,Rumble,1,2,1,False,Loss
2883322,2,BFX,BRO,BFX,BRO,Blue,Orianna,2,4,1,False,Loss
2883322,2,BFX,BRO,BFX,BRO,Blue,Jayce,3,6,1,False,Loss
2883322,2,BFX,BRO,BFX,BRO,Blue,Corki,4,7,2,False,Loss
2883322,2,BFX,BRO,BFX,BRO,Blue,Aphelios,5,9,2,False,Loss
2883322,2,BFX,BRO,BRO,BFX,Red,Neeko,1,1,1,True,Win
2883322,2,BFX,BRO,BRO,BFX,Red,Jarvan IV,2,3,1,True,Win
2883322,2,BFX,BRO,BRO,BFX,Red,Malphite,3,5,1,True,Win
2883322,2,BFX,BRO,BRO,BFX,Red,Cassiopeia,4,8,2,True,Win
2883322,2,BFX,BRO,BRO,BFX,Red,Syndra,5,10,2,True,Win
2883322,3,BRO,BFX,BRO,BFX,Blue,Jayce,1,2,1,False,Loss
2883322,3,BRO,BFX,BRO,BFX,Blue,Rumble,2,4,1,False,Loss
2883322,3,BRO,BFX,BRO,BFX,Blue,Neeko,3,6,1,False,Loss
2883322,3,BRO,BFX,BRO,BFX,Blue,Kalista,4,7,2,False,Loss
2883322,3,BRO,BFX,BRO,BFX,Blue,Aphelios,5,9,2,False,Loss
2883322,3,BRO,BFX,BFX,BRO,Red,Malphite,1,1,1,True,Win
2883322,3,BRO,BFX,BFX,BRO,Red,Jarvan IV,2,3,1,True,Win
2883322,3,BRO,BFX,BFX,BRO,Red,Gwen,3,5,1,True,Win
2883322,3,BRO,BFX,BFX,BRO,Red,Akali,4,8,2,True,Win
2883322,3,BRO,BFX,BFX,BRO,Red,LeBlanc,5,10,2,True,Win
2883323,1,KT,GEN,KT,GEN,Blue,Jayce,1,2,1,False,Loss
2883323,1,KT,GEN,KT,GEN,Blue,Azir,2,4,1,False,Loss
2883323,1,KT,GEN,KT,GEN,Blue,Ambessa,3,6,1,False,Loss
2883323,1,KT,GEN,KT,GEN,Blue,Bard,4,7,2,False,Loss
2883323,1,KT,GEN,KT,GEN,Blue,Poppy,5,9,2,False,Loss
2883323,1,KT,GEN,GEN,KT,Red,Neeko,1,1,1,True,Win
2883323,1,KT,GEN,GEN,KT,Red,Malphite,2,3,1,True,Win
2883323,1,KT,GEN,GEN,KT,Red,Orianna,3,5,1,True,Win
2883323,1,KT,GEN,GEN,KT,Red,Sivir,4,8,2,True,Win
2883323,1,KT,GEN,GEN,KT,Red,Ziggs,5,10,2,True,Win
2883323,2,GEN,KT,GEN,KT,Blue,Azir,1,2,1,True,Win
2883323,2,GEN,KT,GEN,KT,Blue,Orianna,2,4,1,True,Win
2883323,2,GEN,KT,GEN,KT,Blue,Malphite,3,6,1,True,Win
2883323,2,GEN,KT,GEN,KT,Blue,Aphelios,4,7,2,True,Win
2883323,2,GEN,KT,GEN,KT,Blue,Corki,5,9,2,True,Win
2883323,2,GEN,KT,KT,GEN,Red,Neeko,1,1,1,False,Loss
2883323,2,GEN,KT,KT,GEN,Red,Jayce,2,3,1,False,Loss
2883323,2,GEN,KT,KT,GEN,Red,Cassiopeia,3,5,1,False,Loss
2883323,2,GEN,KT,KT,GEN,Red,Lulu,4,8,2,False,Loss
2883323,2,GEN,KT,KT,GEN,Red,Poppy,5,10,2,False,Loss
2883325,1,HLE,NS,HLE,NS,Blue,Rumble,1,2,1,False,Loss
2883325,1,HLE,NS,HLE,NS,Blue,Jayce,2,4,1,False,Loss
2883325,1,HLE,NS,HLE,NS,Blue,Varus,3,6,1,False,Loss
2883325,1,HLE,NS,HLE,NS,Blue,Gwen,4,7,2,False,Loss
2883325,1,HLE,NS,HLE,NS,Blue,Miss Fortune,5,9,2,False,Loss
2883325,1,HLE,NS,NS,HLE,Red,Ambessa,1,1,1,True,Win
2883325,1,HLE,NS,NS,HLE,Red,Malphite,2,3,1,True,Win
2883325,1,HLE,NS,NS,HLE,Red,Yunara,3,5,1,True,Win
2883325,1,HLE,NS,NS,HLE,Red,Xin Zhao,4,8,2,True,Win
2883325,1,HLE,NS,NS,HLE,Red,Jarvan IV,5,10,2,True,Win
2883325,2,NS,HLE,NS,HLE,Blue,Jayce,1,2,1,True,Win
2883325,2,NS,HLE,NS,HLE,Blue,Rumble,2,4,1,True,Win
2883325,2,NS,HLE,NS,HLE,Blue,Yone,3,6,1,True,Win
2883325,2,NS,HLE,NS,HLE,Blue,Rakan,4,7,2,True,Win
2883325,2,NS,HLE,NS,HLE,Blue,Rell,5,9,2,True,Win
2883325,2,NS,HLE,HLE,NS,Red,Malphite,1,1,1,False,Loss
2883325,2,NS,HLE,HLE,NS,Red,Vi,2,3,1,False,Loss
2883325,2,NS,HLE,HLE,NS,Red,Poppy,3,5,1,False,Loss
2883325,2,NS,HLE,HLE,NS,Red,Alistar,4,8,2,False,Loss
2883325,2,NS,HLE,HLE,NS,Red,Renekton,5,10,2,False,Loss
2883326,1,T1,DRX,T1,DRX,Blue,Jayce,1,2,1,True,Win
2883326,1,T1,DRX,T1,DRX,Blue,Varus,2,4,1,True,Win
2883326,1,T1,DRX,T1,DRX,Blue,Jarvan IV,3,6,1,True,Win
2883326,1,T1,DRX,T1,DRX,Blue,Renekton,4,7,2,True,Win
2883326,1,T1,DRX,T1,DRX,Blue,Rek'Sai,5,9,2,True,Win
2883326,1,T1,DRX,DRX,T1,Red,Malphite,1,1,1,False,Loss
2883326,1,T1,DRX,DRX,T1,Red,Pantheon,2,3,1,False,Loss
2883326,1,T1,DRX,DRX,T1,Red,Rumble,3,5,1,False,Loss
2883326,1,T1,DRX,DRX,T1,Red,Lulu,4,8,2,False,Loss
2883326,1,T1,DRX,DRX,T1,Red,Ambessa,5,10,2,False,Loss
2883326,2,T1,DRX,T1,DRX,Blue,Varus,1,1,1,False,Loss
2883326,2,T1,DRX,T1,DRX,Blue,Malphite,2,3,1,False,Loss
2883326,2,T1,DRX,T1,DRX,Blue,Vi,3,5,1,False,Loss
2883326,2,T1,DRX,T1,DRX,Blue,Nami,4,8,2,False,Loss
2883326,2,T1,DRX,T1,DRX,Blue,Karma,5,10,2,False,Loss
2883326,2,T1,DRX,DRX,T1,Red,Rumble,1,2,1,True,Win
2883326,2,T1,DRX,DRX,T1,Red,Jayce,2,4,1,True,Win
2883326,2,T1,DRX,DRX,T1,Red,Pantheon,3,6,1,True,Win
2883326,2,T1,DRX,DRX,T1,Red,Jarvan IV,4,7,2,True,Win
2883326,2,T1,DRX,DRX,T1,Red,Wukong,5,9,2,True,Win
2883326,3,DRX,T1,DRX,T1,Blue,Malphite,1,1,1,False,Loss
2883326,3,DRX,T1,DRX,T1,Blue,Pantheon,2,3,1,False,Loss
2883326,3,DRX,T1,DRX,T1,Blue,Wukong,3,5,1,False,Loss
2883326,3,DRX,T1,DRX,T1,Blue,Xayah,4,8,2,False,Loss
2883326,3,DRX,T1,DRX,T1,Blue,Zeri,5,10,2,False,Loss
2883326,3,DRX,T1,T1,DRX,Red,Jayce,1,2,1,True,Win
2883326,3,DRX,T1,T1,DRX,Red,Rumble,2,4,1,True,Win
2883326,3,DRX,T1,T1,DRX,Red,Akali,3,6,1,True,Win
2883326,3,DRX,T1,T1,DRX,Red,K'Sante,4,7,2,True,Win
2883326,3,DRX,T1,T1,DRX,Red,Kennen,5,9,2,True,Win
2883337,1,DK,BRO,DK,BRO,Blue,Azir,1,2,1,True,Win
2883337,1,DK,BRO,DK,BRO,Blue,Jayce,2,4,1,True,Win
2883337,1,DK,BRO,DK,BRO,Blue,Orianna,3,6,1,True,Win
2883337,1,DK,BRO,DK,BRO,Blue,Renekton,4,7,2,True,Win
2883337,1,DK,BRO,DK,BRO,Blue,Kai'Sa,5,9,2,True,Win
2883337,1,DK,BRO,BRO,DK,Red,Qiyana,1,1,1,False,Loss
2883337,1,DK,BRO,BRO,DK,Red,Malphite,2,3,1,False,Loss
2883337,1,DK,BRO,BRO,DK,Red,Rumble,3,5,1,False,Loss
2883337,1,DK,BRO,BRO,DK,Red,Bard,4,8,2,False,Loss
2883337,1,DK,BRO,BRO,DK,Red,Lucian,5,10,2,False,Loss
2883337,2,DK,BRO,DK,BRO,Blue,Azir,1,2,1,True,Win
2883337,2,DK,BRO,DK,BRO,Blue,Jayce,2,4,1,True,Win
2883337,2,DK,BRO,DK,BRO,Blue,Vi,3,6,1,True,Win
2883337,2,DK,BRO,DK,BRO,Blue,Rakan,4,7,2,True,Win
2883337,2,DK,BRO,DK,BRO,Blue,Nautilus,5,9,2,True,Win
2883337,2,DK,BRO,BRO,DK,Red,Qiyana,1,1,1,False,Loss
2883337,2,DK,BRO,BRO,DK,Red,Malphite,2,3,1,False,Loss
2883337,2,DK,BRO,BRO,DK,Red,Akali,3,5,1,False,Loss
2883337,2,DK,BRO,BRO,DK,Red,Lucian,4,8,2,False,Loss
2883337,2,DK,BRO,BRO,DK,Red,Kalista,5,10,2,False,Loss
2883338,1,DK,NS,DK,NS,Blue,Orianna,1,2,1,True,Win
2883338,1,DK,NS,DK,NS,Blue,Azir,2,4,1,True,Win
2883338,1,DK,NS,DK,NS,Blue,Jayce,3,6,1,True,Win
2883338,1,DK,NS,DK,NS,Blue,Nautilus,4,7,2,True,Win
2883338,1,DK,NS,DK,NS,Blue,Varus,5,9,2,True,Win
2883338,1,DK,NS,NS,DK,Red,Malphite,1,1,1,False,Loss
2883338,1,DK,NS,NS,DK,Red,Yunara,2,3,1,False,Loss
2883338,1,DK,NS,NS,DK,Red,Vi,3,5,1,False,Loss
2883338,1,DK,NS,NS,DK,Red,Lucian,4,8,2,False,Loss
2883338,1,DK,NS,NS,DK,Red,Karma,5,10,2,False,Loss
2883338,2,DK,NS,DK,NS,Blue,Orianna,1,2,1,False,Loss
2883338,2,DK,NS,DK,NS,Blue,Azir,2,4,1,False,Loss
2883338,2,DK,NS,DK,NS,Blue,Jayce,3,6,1,False,Loss
2883338,2,DK,NS,DK,NS,Blue,Braum,4,7,2,False,Loss
2883338,2,DK,NS,DK,NS,Blue,Alistar,5,9,2,False,Loss
2883338,2,DK,NS,NS,DK,Red,Malphite,1,1,1,True,Win
2883338,2,DK,NS,NS,DK,Red,Vi,2,3,1,True,Win
2883338,2,DK,NS,NS,DK,Red,Renekton,3,5,1,True,Win
2883338,2,DK,NS,NS,DK,Red,Ahri,4,8,2,True,Win
2883338,2,DK,NS,NS,DK,Red,LeBlanc,5,10,2,True,Win
2883338,3,DK,NS,DK,NS,Blue,Orianna,1,2,1,True,Win
2883338,3,DK,NS,DK,NS,Blue,Azir,2,4,1,True,Win
2883338,3,DK,NS,DK,NS,Blue,Lulu,3,6,1,True,Win
2883338,3,DK,NS,DK,NS,Blue,Xin Zhao,4,7,2,True,Win
2883338,3,DK,NS,DK,NS,Blue,Wukong,5,9,2,True,Win
2883338,3,DK,NS,NS,DK,Red,Malphite,1,1,1,False,Loss
2883338,3,DK,NS,NS,DK,Red,Poppy,2,3,1,False,Loss
2883338,3,DK,NS,NS,DK,Red,Sion,3,5,1,False,Loss
2883338,3,DK,NS,NS,DK,Red,Ahri,4,8,2,False,Loss
2883338,3,DK,NS,NS,DK,Red,LeBlanc,5,10,2,False,Loss
2883339,1,DNS,DRX,DNS,DRX,Blue,Jayce,1,1,1,False,Loss
2883339,1,DNS,DRX,DNS,DRX,Blue,Ambessa,2,3,1,False,Loss
2883339,1,DNS,DRX,DNS,DRX,Blue,Bard,3,5,1,False,Loss
2883339,1,DNS,DRX,DNS,DRX,Blue,Poppy,4,8,2,False,Loss
2883339,1,DNS,DRX,DNS,DRX,Blue,Rakan,5,10,2,False,Loss
2883339,1,DNS,DRX,DRX,DNS,Red,Malphite,1,2,1,True,Win
2883339,1,DNS,DRX,DRX,DNS,Red,Neeko,2,4,1,True,Win
2883339,1,DNS,DRX,DRX,DNS,Red,Rumble,3,6,1,True,Win
2883339,1,DNS,DRX,DRX,DNS,Red,Gnar,4,7,2,True,Win
2883339,1,DNS,DRX,DRX,DNS,Red,K'Sante,5,9,2,True,Win
2883339,2,DRX,DNS,DRX,DNS,Blue,Malphite,1,1,1,False,Loss
2883339,2,DRX,DNS,DRX,DNS,Blue,Vi,2,3,1,False,Loss
2883339,2,DRX,DNS,DRX,DNS,Blue,K'Sante,3,5,1,False,Loss
2883339,2,DRX,DNS,DRX,DNS,Blue,Jarvan IV,4,8,2,False,Loss
2883339,2,DRX,DNS,DRX,DNS,Blue,Wukong,5,10,2,False,Loss
2883339,2,DRX,DNS,DNS,DRX,Red,Jayce,1,2,1,True,Win
2883339,2,DRX,DNS,DNS,DRX,Red,Ambessa,2,4,1,True,Win
2883339,2,DRX,DNS,DNS,DRX,Red,Rumble,3,6,1,True,Win
2883339,2,DRX,DNS,DNS,DRX,Red,Bard,4,7,2,True,Win
2883339,2,DRX,DNS,DNS,DRX,Red,Nautilus,5,9,2,True,Win
2883339,3,DNS,DRX,DNS,DRX,Blue,Malphite,1,1,1,True,Win
2883339,3,DNS,DRX,DNS,DRX,Blue,Bard,2,3,1,True,Win
2883339,3,DNS,DRX,DNS,DRX,Blue,Ambessa,3,5,1,True,Win
2883339,3,DNS,DRX,DNS,DRX,Blue,Miss Fortune,4,8,2,True,Win
2883339,3,DNS,DRX,DNS,DRX,Blue,Ashe,5,10,2,True,Win
2883339,3,DNS,DRX,DRX,DNS,Red,Rumble,1,2,1,False,Loss
2883339,3,DNS,DRX,DRX,DNS,Red,Varus,2,4,1,False,Loss
2883339,3,DNS,DRX,DRX,DNS,Red,Vi,3,6,1,False,Loss
2883339,3,DNS,DRX,DRX,DNS,Red,Nautilus,4,7,2,False,Loss
2883339,3,DNS,DRX,DRX,DNS,Red,Rell,5,9,2,False,Loss
2883340,1,HLE,BRO,HLE,BRO,Blue,Jayce,1,2,1,True,Win
2883340,1,HLE,BRO,HLE,BRO,Blue,Rumble,2,4,1,True,Win
2883340,1,HLE,BRO,HLE,BRO,Blue,Poppy,3,6,1,True,Win
2883340,1,HLE,BRO,HLE,BRO,Blue,Bard,4,7,2,True,Win
2883340,1,HLE,BRO,HLE,BRO,Blue,Neeko,5,9,2,True,Win
2883340,1,HLE,BRO,BRO,HLE,Red,Malphite,1,1,1,False,Loss
2883340,1,HLE,BRO,BRO,HLE,Red,Ambessa,2,3,1,False,Loss
2883340,1,HLE,BRO,BRO,HLE,Red,Aurora,3,5,1,False,Loss
2883340,1,HLE,BRO,BRO,HLE,Red,Alistar,4,8,2,False,Loss
2883340,1,HLE,BRO,BRO,HLE,Red,Nautilus,5,10,2,False,Loss
2883340,2,HLE,BRO,HLE,BRO,Blue,Jayce,1,2,1,False,Loss
2883340,2,HLE,BRO,HLE,BRO,Blue,Rumble,2,4,1,False,Loss
2883340,2,HLE,BRO,HLE,BRO,Blue,Vi,3,6,1,False,Loss
2883340,2,HLE,BRO,HLE,BRO,Blue,Nautilus,4,7,2,False,Loss
2883340,2,HLE,BRO,HLE,BRO,Blue,Neeko,5,9,2,False,Loss
2883340,2,HLE,BRO,BRO,HLE,Red,Malphite,1,1,1,True,Win
2883340,2,HLE,BRO,BRO,HLE,Red,Aphelios,2,3,1,True,Win
2883340,2,HLE,BRO,BRO,HLE,Red,Ryze,3,5,1,True,Win
2883340,2,HLE,BRO,BRO,HLE,Red,Lulu,4,8,2,True,Win
2883340,2,HLE,BRO,BRO,HLE,Red,Alistar,5,10,2,True,Win
2883340,3,BRO,HLE,BRO,HLE,Blue,Rumble,1,2,1,False,Loss
2883340,3,BRO,HLE,BRO,HLE,Blue,Jayce,2,4,1,False,Loss
2883340,3,BRO,HLE,BRO,HLE,Blue,Aphelios,3,6,1,False,Loss
2883340,3,BRO,HLE,BRO,HLE,Blue,Anivia,4,7,2,False,Loss
2883340,3,BRO,HLE,BRO,HLE,Blue,Galio,5,9,2,False,Loss
2883340,3,BRO,HLE,HLE,BRO,Red,Malphite,1,1,1,True,Win
2883340,3,BRO,HLE,HLE,BRO,Red,Neeko,2,3,1,True,Win
2883340,3,BRO,HLE,HLE,BRO,Red,Cassiopeia,3,5,1,True,Win
2883340,3,BRO,HLE,HLE,BRO,Red,Trundle,4,8,2,True,Win
2883340,3,BRO,HLE,HLE,BRO,Red,Kennen,5,10,2,True,Win
2883341,1,GEN,BFX,GEN,BFX,Blue,Neeko,1,1,1,True,Win
2883341,1,GEN,BFX,GEN,BFX,Blue,Malphite,2,3,1,True,Win
2883341,1,GEN,BFX,GEN,BFX,Blue,Varus,3,5,1,True,Win
2883341,1,GEN,BFX,GEN,BFX,Blue,Taliyah,4,8,2,True,Win
2883341,1,GEN,BFX,GEN,BFX,Blue,Sion,5,10,2,True,Win
2883341,1,GEN,BFX,BFX,GEN,Red,Jayce,1,2,1,False,Loss
2883341,1,GEN,BFX,BFX,GEN,Red,Rumble,2,4,1,False,Loss
2883341,1,GEN,BFX,BFX,GEN,Red,Xin Zhao,3,6,1,False,Loss
2883341,1,GEN,BFX,BFX,GEN,Red,Nautilus,4,7,2,False,Loss
2883341,1,GEN,BFX,BFX,GEN,Red,Gwen,5,9,2,False,Loss
2883341,2,GEN,BFX,GEN,BFX,Blue,Rumble,1,2,1,True,Win
2883341,2,GEN,BFX,GEN,BFX,Blue,Jayce,2,4,1,True,Win
2883341,2,GEN,BFX,GEN,BFX,Blue,Neeko,3,6,1,True,Win
2883341,2,GEN,BFX,GEN,BFX,Blue,Jax,4,7,2,True,Win
2883341,2,GEN,BFX,GEN,BFX,Blue,Aurora,5,9,2,True,Win
2883341,2,GEN,BFX,BFX,GEN,Red,Malphite,1,1,1,False,Loss
2883341,2,GEN,BFX,BFX,GEN,Red,Varus,2,3,1,False,Loss
2883341,2,GEN,BFX,BFX,GEN,Red,Vi,3,5,1,False,Loss
2883341,2,GEN,BFX,BFX,GEN,Red,Lucian,4,8,2,False,Loss
2883341,2,GEN,BFX,BFX,GEN,Red,Poppy,5,10,2,False,Loss
2883342,1,T1,KT,T1,KT,Blue,Jayce,1,2,1,True,Win
2883342,1,T1,KT,T1,KT,Blue,Rumble,2,4,1,True,Win
2883342,1,T1,KT,T1,KT,Blue,Orianna,3,6,1,True,Win
2883342,1,T1,KT,T1,KT,Blue,Nautilus,4,7,2,True,Win
2883342,1,T1,KT,T1,KT,Blue,Malphite,5,9,2,True,Win
2883342,1,T1,KT,KT,T1,Red,Bard,1,1,1,False,Loss
2883342,1,T1,KT,KT,T1,Red,Neeko,2,3,1,False,Loss
2883342,1,T1,KT,KT,T1,Red,Azir,3,5,1,False,Loss
2883342,1,T1,KT,KT,T1,Red,Yunara,4,8,2,False,Loss
2883342,1,T1,KT,KT,T1,Red,Poppy,5,10,2,False,Loss
2883342,2,T1,KT,T1,KT,Blue,Malphite,1,1,1,True,Win
2883342,2,T1,KT,T1,KT,Blue,Nocturne,2,3,1,True,Win
2883342,2,T1,KT,T1,KT,Blue,Rumble,3,5,1,True,Win
2883342,2,T1,KT,T1,KT,Blue,Jarvan IV,4,8,2,True,Win
2883342,2,T1,KT,T1,KT,Blue,Pantheon,5,10,2,True,Win
2883342,2,T1,KT,KT,T1,Red,Bard,1,2,1,False,Loss
2883342,2,T1,KT,KT,T1,Red,Jayce,2,4,1,False,Loss
2883342,2,T1,KT,KT,T1,Red,Ambessa,3,6,1,False,Loss
2883342,2,T1,KT,KT,T1,Red,Poppy,4,7,2,False,Loss
2883342,2,T1,KT,KT,T1,Red,Xin Zhao,5,9,2,False,Loss
2883343,1,DRX,NS,DRX,NS,Blue,Rumble,1,2,1,True,Win
2883343,1,DRX,NS,DRX,NS,Blue,Orianna,2,4,1,True,Win
2883343,1,DRX,NS,DRX,NS,Blue,Pantheon,3,6,1,True,Win
2883343,1,DRX,NS,DRX,NS,Blue,Nautilus,4,7,2,True,Win
2883343,1,DRX,NS,DRX,NS,Blue,Poppy,5,9,2,True,Win
2883343,1,DRX,NS,NS,DRX,Red,Malphite,1,1,1,False,Loss
2883343,1,DRX,NS,NS,DRX,Red,Azir,2,3,1,False,Loss
2883343,1,DRX,NS,NS,DRX,Red,Corki,3,5,1,False,Loss
2883343,1,DRX,NS,NS,DRX,Red,Rakan,4,8,2,False,Loss
2883343,1,DRX,NS,NS,DRX,Red,Sion,5,10,2,False,Loss
2883343,2,DRX,NS,DRX,NS,Blue,Rumble,1,2,1,False,Loss
2883343,2,DRX,NS,DRX,NS,Blue,Orianna,2,4,1,False,Loss
2883343,2,DRX,NS,DRX,NS,Blue,Ambessa,3,6,1,False,Loss
2883343,2,DRX,NS,DRX,NS,Blue,Ezreal,4,7,2,False,Loss
2883343,2,DRX,NS,DRX,NS,Blue,Lucian,5,9,2,False,Loss
2883343,2,DRX,NS,NS,DRX,Red,Malphite,1,1,1,True,Win
2883343,2,DRX,NS,NS,DRX,Red,Azir,2,3,1,True,Win
2883343,2,DRX,NS,NS,DRX,Red,Varus,3,5,1,True,Win
2883343,2,DRX,NS,NS,DRX,Red,Ahri,4,8,2,True,Win
2883343,2,DRX,NS,NS,DRX,Red,Bard,5,10,2,True,Win
2883343,3,NS,DRX,NS,DRX,Blue,Rumble,1,2,1,False,Loss
2883343,3,NS,DRX,NS,DRX,Blue,Malphite,2,4,1,False,Loss
2883343,3,NS,DRX,NS,DRX,Blue,Nocturne,3,6,1,False,Loss
2883343,3,NS,DRX,NS,DRX,Blue,Lucian,4,7,2,False,Loss
2883343,3,NS,DRX,NS,DRX,Blue,Karma,5,9,2,False,Loss
2883343,3,NS,DRX,DRX,NS,Red,Sylas,1,1,1,True,Win
2883343,3,NS,DRX,DRX,NS,Red,Varus,2,3,1,True,Win
2883343,3,NS,DRX,DRX,NS,Red,Ambessa,3,5,1,True,Win
2883343,3,NS,DRX,DRX,NS,Red,Leona,4,8,2,True,Win
2883343,3,NS,DRX,DRX,NS,Red,Nautilus,5,10,2,True,Win
2883344,1,DNS,HLE,DNS,HLE,Blue,Jayce,1,2,1,False,Loss
2883344,1,DNS,HLE,DNS,HLE,Blue,Ambessa,2,4,1,False,Loss
2883344,1,DNS,HLE,DNS,HLE,Blue,Rumble,3,6,1,False,Loss
2883344,1,DNS,HLE,DNS,HLE,Blue,Poppy,4,7,2,False,Loss
2883344,1,DNS,HLE,DNS,HLE,Blue,Gnar,5,9,2,False,Loss
2883344,1,DNS,HLE,HLE,DNS,Red,Malphite,1,1,1,True,Win
2883344,1,DNS,HLE,HLE,DNS,Red,Akali,2,3,1,True,Win
2883344,1,DNS,HLE,HLE,DNS,Red,Nocturne,3,5,1,True,Win
2883344,1,DNS,HLE,HLE,DNS,Red,Bard,4,8,2,True,Win
2883344,1,DNS,HLE,HLE,DNS,Red,Gwen,5,10,2,True,Win
2883344,2,DNS,HLE,DNS,HLE,Blue,Jayce,1,2,1,True,Win
2883344,2,DNS,HLE,DNS,HLE,Blue,Ambessa,2,4,1,True,Win
2883344,2,DNS,HLE,DNS,HLE,Blue,Rumble,3,6,1,True,Win
2883344,2,DNS,HLE,DNS,HLE,Blue,Nautilus,4,7,2,True,Win
2883344,2,DNS,HLE,DNS,HLE,Blue,Gnar,5,9,2,True,Win
2883344,2,DNS,HLE,HLE,DNS,Red,Malphite,1,1,1,False,Loss
2883344,2,DNS,HLE,HLE,DNS,Red,Renekton,2,3,1,False,Loss
2883344,2,DNS,HLE,HLE,DNS,Red,Pantheon,3,5,1,False,Loss
2883344,2,DNS,HLE,HLE,DNS,Red,Yunara,4,8,2,False,Loss
2883344,2,DNS,HLE,HLE,DNS,Red,Jax,5,10,2,False,Loss
2883344,3,DNS,HLE,DNS,HLE,Blue,Jayce,1,2,1,False,Loss
2883344,3,DNS,HLE,DNS,HLE,Blue,Ambessa,2,4,1,False,Loss
2883344,3,DNS,HLE,DNS,HLE,Blue,Rumble,3,6,1,False,Loss
2883344,3,DNS,HLE,DNS,HLE,Blue,Gnar,4,7,2,False,Loss
2883344,3,DNS,HLE,DNS,HLE,Blue,Qiyana,5,9,2,False,Loss
2883344,3,DNS,HLE,HLE,DNS,Red,Malphite,1,1,1,True,Win
2883344,3,DNS,HLE,HLE,DNS,Red,Yunara,2,3,1,True,Win
2883344,3,DNS,HLE,HLE,DNS,Red,Pantheon,3,5,1,True,Win
2883344,3,DNS,HLE,HLE,DNS,Red,Lee Sin,4,8,2,True,Win
2883344,3,DNS,HLE,HLE,DNS,Red,Nocturne,5,10,2,True,Win
2883345,1,DK,GEN,DK,GEN,Blue,Malphite,1,1,1,False,Loss
2883345,1,DK,GEN,DK,GEN,Blue,Azir,2,3,1,False,Loss
2883345,1,DK,GEN,DK,GEN,Blue,Yunara,3,5,1,False,Loss
2883345,1,DK,GEN,DK,GEN,Blue,Renekton,4,8,2,False,Loss
2883345,1,DK,GEN,DK,GEN,Blue,Poppy,5,10,2,False,Loss
2883345,1,DK,GEN,GEN,DK,Red,Jayce,1,2,1,True,Win
2883345,1,DK,GEN,GEN,DK,Red,Rumble,2,4,1,True,Win
2883345,1,DK,GEN,GEN,DK,Red,Orianna,3,6,1,True,Win
2883345,1,DK,GEN,GEN,DK,Red,Nautilus,4,7,2,True,Win
2883345,1,DK,GEN,GEN,DK,Red,Neeko,5,9,2,True,Win
2883345,2,GEN,DK,GEN,DK,Blue,Neeko,1,1,1,True,Win
2883345,2,GEN,DK,GEN,DK,Blue,Malphite,2,3,1,True,Win
2883345,2,GEN,DK,GEN,DK,Blue,Orianna,3,5,1,True,Win
2883345,2,GEN,DK,GEN,DK,Blue,K'Sante,4,8,2,True,Win
2883345,2,GEN,DK,GEN,DK,Blue,Ornn,5,10,2,True,Win
2883345,2,GEN,DK,DK,GEN,Red,Azir,1,2,1,False,Loss
2883345,2,GEN,DK,DK,GEN,Red,Jayce,2,4,1,False,Loss
2883345,2,GEN,DK,DK,GEN,Red,Aurora,3,6,1,False,Loss
2883345,2,GEN,DK,DK,GEN,Red,Nautilus,4,7,2,False,Loss
2883345,2,GEN,DK,DK,GEN,Red,Blitzcrank,5,9,2,False,Loss
2883346,1,BFX,T1,BFX,T1,Blue,Azir,1,2,1,False,Loss
2883346,1,BFX,T1,BFX,T1,Blue,Orianna,2,4,1,False,Loss
2883346,1,BFX,T1,BFX,T1,Blue,Bard,3,6,1,False,Loss
2883346,1,BFX,T1,BFX,T1,Blue,Alistar,4,7,2,False,Loss
2883346,1,BFX,T1,BFX,T1,Blue,Karma,5,9,2,False,Loss
2883346,1,BFX,T1,T1,BFX,Red,Malphite,1,1,1,True,Win
2883346,1,BFX,T1,T1,BFX,Red,Yunara,2,3,1,True,Win
2883346,1,BFX,T1,T1,BFX,Red,Akali,3,5,1,True,Win
2883346,1,BFX,T1,T1,BFX,Red,Ambessa,4,8,2,True,Win
2883346,1,BFX,T1,T1,BFX,Red,Pantheon,5,10,2,True,Win
2883346,2,T1,BFX,T1,BFX,Blue,Malphite,1,1,1,False,Loss
2883346,2,T1,BFX,T1,BFX,Blue,Yunara,2,3,1,False,Loss
2883346,2,T1,BFX,T1,BFX,Blue,Pantheon,3,5,1,False,Loss
2883346,2,T1,BFX,T1,BFX,Blue,Akali,4,8,2,False,Loss
2883346,2,T1,BFX,T1,BFX,Blue,Rek'Sai,5,10,2,False,Loss
2883346,2,T1,BFX,BFX,T1,Red,Azir,1,2,1,True,Win
2883346,2,T1,BFX,BFX,T1,Red,Orianna,2,4,1,True,Win
2883346,2,T1,BFX,BFX,T1,Red,Ambessa,3,6,1,True,Win
2883346,2,T1,BFX,BFX,T1,Red,Gwen,4,7,2,True,Win
2883346,2,T1,BFX,BFX,T1,Red,Gnar,5,9,2,True,Win
2883346,3,BFX,T1,BFX,T1,Blue,Azir,1,2,1,False,Loss
2883346,3,BFX,T1,BFX,T1,Blue,Orianna,2,4,1,False,Loss
2883346,3,BFX,T1,BFX,T1,Blue,Yunara,3,6,1,False,Loss
2883346,3,BFX,T1,BFX,T1,Blue,Sivir,4,7,2,False,Loss
2883346,3,BFX,T1,BFX,T1,Blue,Sylas,5,9,2,False,Loss
2883346,3,BFX,T1,T1,BFX,Red,Malphite,1,1,1,True,Win
2883346,3,BFX,T1,T1,BFX,Red,Ambessa,2,3,1,True,Win
2883346,3,BFX,T1,T1,BFX,Red,Nautilus,3,5,1,True,Win
2883346,3,BFX,T1,T1,BFX,Red,Leona,4,8,2,True,Win
2883346,3,BFX,T1,T1,BFX,Red,Akali,5,10,2,True,Win
2883354,1,BRO,DRX,BRO,DRX,Blue,Jayce,1,2,1,False,Loss
2883354,1,BRO,DRX,BRO,DRX,Blue,Varus,2,4,1,False,Loss
2883354,1,BRO,DRX,BRO,DRX,Blue,Vi,3,6,1,False,Loss
2883354,1,BRO,DRX,BRO,DRX,Blue,Bard,4,7,2,False,Loss
2883354,1,BRO,DRX,BRO,DRX,Blue,Lulu,5,9,2,False,Loss
2883354,1,BRO,DRX,DRX,BRO,Red,Malphite,1,1,1,True,Win
2883354,1,BRO,DRX,DRX,BRO,Red,Jarvan IV,2,3,1,True,Win
2883354,1,BRO,DRX,DRX,BRO,Red,Azir,3,5,1,True,Win
2883354,1,BRO,DRX,DRX,BRO,Red,Neeko,4,8,2,True,Win
2883354,1,BRO,DRX,DRX,BRO,Red,Akali,5,10,2,True,Win
2883354,2,DRX,BRO,DRX,BRO,Blue,Malphite,1,1,1,False,Loss
2883354,2,DRX,BRO,DRX,BRO,Blue,Kennen,2,3,1,False,Loss
2883354,2,DRX,BRO,DRX,BRO,Blue,Gnar,3,5,1,False,Loss
2883354,2,DRX,BRO,DRX,BRO,Blue,Neeko,4,8,2,False,Loss
2883354,2,DRX,BRO,DRX,BRO,Blue,Poppy,5,10,2,False,Loss
2883354,2,DRX,BRO,BRO,DRX,Red,Jayce,1,2,1,True,Win
2883354,2,DRX,BRO,BRO,DRX,Red,Varus,2,4,1,True,Win
2883354,2,DRX,BRO,BRO,DRX,Red,Renekton,3,6,1,True,Win
2883354,2,DRX,BRO,BRO,DRX,Red,Bard,4,7,2,True,Win
2883354,2,DRX,BRO,BRO,DRX,Red,Sivir,5,9,2,True,Win
2883354,3,BRO,DRX,BRO,DRX,Blue,Jayce,1,2,1,False,Loss
2883354,3,BRO,DRX,BRO,DRX,Blue,Varus,2,4,1,False,Loss
2883354,3,BRO,DRX,BRO,DRX,Blue,Renekton,3,6,1,False,Loss
2883354,3,BRO,DRX,BRO,DRX,Blue,Nocturne,4,7,2,False,Loss
2883354,3,BRO,DRX,BRO,DRX,Blue,Nami,5,9,2,False,Loss
2883354,3,BRO,DRX,DRX,BRO,Red,Malphite,1,1,1,True,Win
2883354,3,BRO,DRX,DRX,BRO,Red,Kennen,2,3,1,True,Win
2883354,3,BRO,DRX,DRX,BRO,Red,Gnar,3,5,1,True,Win
2883354,3,BRO,DRX,DRX,BRO,Red,Yorick,4,8,2,True,Win
2883354,3,BRO,DRX,DRX,BRO,Red,Rek'Sai,5,10,2,True,Win
2883355,1,DNS,KT,DNS,KT,Blue,Jayce,1,2,1,True,Win
2883355,1,DNS,KT,DNS,KT,Blue,Rumble,2,4,1,True,Win
2883355,1,DNS,KT,DNS,KT,Blue,Varus,3,6,1,True,Win
2883355,1,DNS,KT,DNS,KT,Blue,Poppy,4,7,2,True,Win
2883355,1,DNS,KT,DNS,KT,Blue,Lulu,5,9,2,True,Win
2883355,1,DNS,KT,KT,DNS,Red,Malphite,1,1,1,False,Loss
2883355,1,DNS,KT,KT,DNS,Red,Pantheon,2,3,1,False,Loss
2883355,1,DNS,KT,KT,DNS,Red,Orianna,3,5,1,False,Loss
2883355,1,DNS,KT,KT,DNS,Red,Kennen,4,8,2,False,Loss
2883355,1,DNS,KT,KT,DNS,Red,Kai'Sa,5,10,2,False,Loss
2883355,2,DNS,KT,DNS,KT,Blue,Rumble,1,2,1,True,Win
2883355,2,DNS,KT,DNS,KT,Blue,Varus,2,4,1,True,Win
2883355,2,DNS,KT,DNS,KT,Blue,Cassiopeia,3,6,1,True,Win
2883355,2,DNS,KT,DNS,KT,Blue,Braum,4,7,2,True,Win
2883355,2,DNS,KT,DNS,KT,Blue,Nautilus,5,9,2,True,Win
2883355,2,DNS,KT,KT,DNS,Red,Malphite,1,1,1,False,Loss
2883355,2,DNS,KT,KT,DNS,Red,Orianna,2,3,1,False,Loss
2883355,2,DNS,KT,KT,DNS,Red,Aphelios,3,5,1,False,Loss
2883355,2,DNS,KT,KT,DNS,Red,Zaahen,4,8,2,False,Loss
2883355,2,DNS,KT,KT,DNS,Red,Lulu,5,10,2,False,Loss
2883356,1,DK,DRX,DK,DRX,Blue,Jayce,1,2,1,True,Win
2883356,1,DK,DRX,DK,DRX,Blue,Varus,2,4,1,True,Win
2883356,1,DK,DRX,DK,DRX,Blue,Orianna,3,6,1,True,Win
2883356,1,DK,DRX,DK,DRX,Blue,Nautilus,4,7,2,True,Win
2883356,1,DK,DRX,DK,DRX,Blue,Nami,5,9,2,True,Win
2883356,1,DK,DRX,DRX,DK,Red,Ambessa,1,1,1,False,Loss
2883356,1,DK,DRX,DRX,DK,Red,Ryze,2,3,1,False,Loss
2883356,1,DK,DRX,DRX,DK,Red,Azir,3,5,1,False,Loss
2883356,1,DK,DRX,DRX,DK,Red,K'Sante,4,8,2,False,Loss
2883356,1,DK,DRX,DRX,DK,Red,Gwen,5,10,2,False,Loss
2883356,2,DK,DRX,DK,DRX,Blue,Orianna,1,2,1,True,Win
2883356,2,DK,DRX,DK,DRX,Blue,Jayce,2,4,1,True,Win
2883356,2,DK,DRX,DK,DRX,Blue,Varus,3,6,1,True,Win
2883356,2,DK,DRX,DK,DRX,Blue,Ziggs,4,7,2,True,Win
2883356,2,DK,DRX,DK,DRX,Blue,Sivir,5,9,2,True,Win
2883356,2,DK,DRX,DRX,DK,Red,Azir,1,1,1,False,Loss
2883356,2,DK,DRX,DRX,DK,Red,Vi,2,3,1,False,Loss
2883356,2,DK,DRX,DRX,DK,Red,Ryze,3,5,1,False,Loss
2883356,2,DK,DRX,DRX,DK,Red,Gwen,4,8,2,False,Loss
2883356,2,DK,DRX,DRX,DK,Red,Renekton,5,10,2,False,Loss
2883357,1,DNS,NS,DNS,NS,Blue,Rumble,1,2,1,False,Loss
2883357,1,DNS,NS,DNS,NS,Blue,Varus,2,4,1,False,Loss
2883357,1,DNS,NS,DNS,NS,Blue,Orianna,3,6,1,False,Loss
2883357,1,DNS,NS,DNS,NS,Blue,Bard,4,7,2,False,Loss
2883357,1,DNS,NS,DNS,NS,Blue,Neeko,5,9,2,False,Loss
2883357,1,DNS,NS,NS,DNS,Red,Malphite,1,1,1,True,Win
2883357,1,DNS,NS,NS,DNS,Red,Vi,2,3,1,True,Win
2883357,1,DNS,NS,NS,DNS,Red,Azir,3,5,1,True,Win
2883357,1,DNS,NS,NS,DNS,Red,Nami,4,8,2,True,Win
2883357,1,DNS,NS,NS,DNS,Red,Renekton,5,10,2,True,Win
2883357,2,NS,DNS,NS,DNS,Blue,Varus,1,2,1,False,Loss
2883357,2,NS,DNS,NS,DNS,Blue,Neeko,2,4,1,False,Loss
2883357,2,NS,DNS,NS,DNS,Blue,Orianna,3,6,1,False,Loss
2883357,2,NS,DNS,NS,DNS,Blue,Poppy,4,7,2,False,Loss
2883357,2,NS,DNS,NS,DNS,Blue,Bard,5,9,2,False,Loss
2883357,2,NS,DNS,DNS,NS,Red,Pantheon,1,1,1,True,Win
2883357,2,NS,DNS,DNS,NS,Red,Nocturne,2,3,1,True,Win
2883357,2,NS,DNS,DNS,NS,Red,Azir,3,5,1,True,Win
2883357,2,NS,DNS,DNS,NS,Red,Renata Glasc,4,8,2,True,Win
2883357,2,NS,DNS,DNS,NS,Red,Lulu,5,10,2,True,Win
2883357,3,DNS,NS,DNS,NS,Blue,Varus,1,2,1,True,Win
2883357,3,DNS,NS,DNS,NS,Blue,Pantheon,2,4,1,True,Win
2883357,3,DNS,NS,DNS,NS,Blue,Poppy,3,6,1,True,Win
2883357,3,DNS,NS,DNS,NS,Blue,Sivir,4,7,2,True,Win
2883357,3,DNS,NS,DNS,NS,Blue,Kalista,5,9,2,True,Win
2883357,3,DNS,NS,NS,DNS,Red,Malphite,1,1,1,False,Loss
2883357,3,DNS,NS,NS,DNS,Red,Neeko,2,3,1,False,Loss
2883357,3,DNS,NS,NS,DNS,Red,Nocturne,3,5,1,False,Loss
2883357,3,DNS,NS,NS,DNS,Red,Karma,4,8,2,False,Loss
2883357,3,DNS,NS,NS,DNS,Red,Braum,5,10,2,False,Loss
2883358,1,NS,DRX,NS,DRX,Blue,Varus,1,2,1,False,Loss
2883358,1,NS,DRX,NS,DRX,Blue,Bard,2,4,1,False,Loss
2883358,1,NS,DRX,NS,DRX,Blue,Xin Zhao,3,6,1,False,Loss
2883358,1,NS,DRX,NS,DRX,Blue,Renekton,4,7,2,False,Loss
2883358,1,NS,DRX,NS,DRX,Blue,Dr. Mundo,5,9,2,False,Loss
2883358,1,NS,DRX,DRX,NS,Red,Neeko,1,1,1,True,Win
2883358,1,NS,DRX,DRX,NS,Red,Jarvan IV,2,3,1,True,Win
2883358,1,NS,DRX,DRX,NS,Red,Rumble,3,5,1,True,Win
2883358,1,NS,DRX,DRX,NS,Red,Leona,4,8,2,True,Win
2883358,1,NS,DRX,DRX,NS,Red,Alistar,5,10,2,True,Win
2883358,2,DRX,NS,DRX,NS,Blue,Varus,1,2,1,True,Win
2883358,2,DRX,NS,DRX,NS,Blue,Rumble,2,4,1,True,Win
2883358,2,DRX,NS,DRX,NS,Blue,Neeko,3,6,1,True,Win
2883358,2,DRX,NS,DRX,NS,Blue,Kai'Sa,4,7,2,True,Win
2883358,2,DRX,NS,DRX,NS,Blue,Kalista,5,9,2,True,Win
2883358,2,DRX,NS,NS,DRX,Red,Bard,1,1,1,False,Loss
2883358,2,DRX,NS,NS,DRX,Red,Xin Zhao,2,3,1,False,Loss
2883358,2,DRX,NS,NS,DRX,Red,Ryze,3,5,1,False,Loss
2883358,2,DRX,NS,NS,DRX,Red,Nami,4,8,2,False,Loss
2883358,2,DRX,NS,NS,DRX,Red,Ahri,5,10,2,False,Loss
2883358,3,DRX,NS,DRX,NS,Blue,Ryze,1,2,1,True,Win
2883358,3,DRX,NS,DRX,NS,Blue,Rumble,2,4,1,True,Win
2883358,3,DRX,NS,DRX,NS,Blue,Jayce,3,6,1,True,Win
2883358,3,DRX,NS,DRX,NS,Blue,Rell,4,7,2,True,Win
2883358,3,DRX,NS,DRX,NS,Blue,Rakan,5,9,2,True,Win
2883358,3,DRX,NS,NS,DRX,Red,Bard,1,1,1,False,Loss
2883358,3,DRX,NS,NS,DRX,Red,Nocturne,2,3,1,False,Loss
2883358,3,DRX,NS,NS,DRX,Red,Neeko,3,5,1,False,Loss
2883358,3,DRX,NS,NS,DRX,Red,Lulu,4,8,2,False,Loss
2883358,3,DRX,NS,NS,DRX,Red,Kennen,5,10,2,False,Loss
2883359,1,DNS,BFX,DNS,BFX,Blue,Rumble,1,2,1,True,Win
2883359,1,DNS,BFX,DNS,BFX,Blue,Varus,2,4,1,True,Win
2883359,1,DNS,BFX,DNS,BFX,Blue,Pantheon,3,6,1,True,Win
2883359,1,DNS,BFX,DNS,BFX,Blue,Corki,4,7,2,True,Win
2883359,1,DNS,BFX,DNS,BFX,Blue,Renekton,5,9,2,True,Win
2883359,1,DNS,BFX,BFX,DNS,Red,Neeko,1,1,1,False,Loss
2883359,1,DNS,BFX,BFX,DNS,Red,K'Sante,2,3,1,False,Loss
2883359,1,DNS,BFX,BFX,DNS,Red,Gwen,3,5,1,False,Loss
2883359,1,DNS,BFX,BFX,DNS,Red,Lulu,4,8,2,False,Loss
2883359,1,DNS,BFX,BFX,DNS,Red,Nautilus,5,10,2,False,Loss
2883359,2,DNS,BFX,DNS,BFX,Blue,Rumble,1,2,1,False,Loss
2883359,2,DNS,BFX,DNS,BFX,Blue,Varus,2,4,1,False,Loss
2883359,2,DNS,BFX,DNS,BFX,Blue,Pantheon,3,6,1,False,Loss
2883359,2,DNS,BFX,DNS,BFX,Blue,Lucian,4,7,2,False,Loss
2883359,2,DNS,BFX,DNS,BFX,Blue,Lulu,5,9,2,False,Loss
2883359,2,DNS,BFX,BFX,DNS,Red,Neeko,1,1,1,True,Win
2883359,2,DNS,BFX,BFX,DNS,Red,K'Sante,2,3,1,True,Win
2883359,2,DNS,BFX,BFX,DNS,Red,Vi,3,5,1,True,Win
2883359,2,DNS,BFX,BFX,DNS,Red,Nami,4,8,2,True,Win
2883359,2,DNS,BFX,BFX,DNS,Red,Gwen,5,10,2,True,Win
2883359,3,BFX,DNS,BFX,DNS,Blue,Rumble,1,2,1,True,Win
2883359,3,BFX,DNS,BFX,DNS,Blue,Varus,2,4,1,True,Win
2883359,3,BFX,DNS,BFX,DNS,Blue,Ziggs,3,6,1,True,Win
2883359,3,BFX,DNS,BFX,DNS,Blue,Nautilus,4,7,2,True,Win
2883359,3,BFX,DNS,BFX,DNS,Blue,Ashe,5,9,2,True,Win
2883359,3,BFX,DNS,DNS,BFX,Red,Lucian,1,1,1,False,Loss
2883359,3,BFX,DNS,DNS,BFX,Red,Kennen,2,3,1,False,Loss
2883359,3,BFX,DNS,DNS,BFX,Red,Neeko,3,5,1,False,Loss
2883359,3,BFX,DNS,DNS,BFX,Red,Renata Glasc,4,8,2,False,Loss
2883359,3,BFX,DNS,DNS,BFX,Red,Lulu,5,10,2,False,Loss
2883359,4,BFX,DNS,BFX,DNS,Blue,Rumble,1,2,1,False,Loss
2883359,4,BFX,DNS,BFX,DNS,Blue,Varus,2,4,1,False,Loss
2883359,4,BFX,DNS,BFX,DNS,Blue,Yone,3,6,1,False,Loss
2883359,4,BFX,DNS,BFX,DNS,Blue,Trundle,4,7,2,False,Loss
2883359,4,BFX,DNS,BFX,DNS,Blue,Jax,5,9,2,False,Loss
2883359,4,BFX,DNS,DNS,BFX,Red,Lucian,1,1,1,True,Win
2883359,4,BFX,DNS,DNS,BFX,Red,Kennen,2,3,1,True,Win
2883359,4,BFX,DNS,DNS,BFX,Red,Jayce,3,5,1,True,Win
2883359,4,BFX,DNS,DNS,BFX,Red,Galio,4,8,2,True,Win
2883359,4,BFX,DNS,DNS,BFX,Red,Twisted Fate,5,10,2,True,Win
2883359,5,DNS,BFX,DNS,BFX,Blue,Lucian,1,2,1,False,Loss
2883359,5,DNS,BFX,DNS,BFX,Blue,Varus,2,4,1,False,Loss
2883359,5,DNS,BFX,DNS,BFX,Blue,Rumble,3,6,1,False,Loss
2883359,5,DNS,BFX,DNS,BFX,Blue,Naafiri,4,7,2,False,Loss
2883359,5,DNS,BFX,DNS,BFX,Blue,Malphite,5,9,2,False,Loss
2883359,5,DNS,BFX,BFX,DNS,Red,Ziggs,1,1,1,True,Win
2883359,5,DNS,BFX,BFX,DNS,Red,Yone,2,3,1,True,Win
2883359,5,DNS,BFX,BFX,DNS,Red,Aatrox,3,5,1,True,Win
2883359,5,DNS,BFX,BFX,DNS,Red,Trundle,4,8,2,True,Win
2883359,5,DNS,BFX,BFX,DNS,Red,Jayce,5,10,2,True,Win
2883360,1,DK,DRX,DK,DRX,Blue,Varus,1,2,1,False,Loss
2883360,1,DK,DRX,DK,DRX,Blue,Nocturne,2,4,1,False,Loss
2883360,1,DK,DRX,DK,DRX,Blue,Yunara,3,6,1,False,Loss
2883360,1,DK,DRX,DK,DRX,Blue,Renekton,4,7,2,False,Loss
2883360,1,DK,DRX,DK,DRX,Blue,Gwen,5,9,2,False,Loss
2883360,1,DK,DRX,DRX,DK,Red,Jarvan IV,1,1,1,True,Win
2883360,1,DK,DRX,DRX,DK,Red,Pantheon,2,3,1,True,Win
2883360,1,DK,DRX,DRX,DK,Red,Rumble,3,5,1,True,Win
2883360,1,DK,DRX,DRX,DK,Red,Ezreal,4,8,2,True,Win
2883360,1,DK,DRX,DRX,DK,Red,Sivir,5,10,2,True,Win
2883360,2,DK,DRX,DK,DRX,Blue,Varus,1,2,1,True,Win
2883360,2,DK,DRX,DK,DRX,Blue,Vi,2,4,1,True,Win
2883360,2,DK,DRX,DK,DRX,Blue,Ryze,3,6,1,True,Win
2883360,2,DK,DRX,DK,DRX,Blue,Nocturne,4,7,2,True,Win
2883360,2,DK,DRX,DK,DRX,Blue,Jax,5,9,2,True,Win
2883360,2,DK,DRX,DRX,DK,Red,Rumble,1,1,1,False,Loss
2883360,2,DK,DRX,DRX,DK,Red,Jarvan IV,2,3,1,False,Loss
2883360,2,DK,DRX,DRX,DK,Red,Pantheon,3,5,1,False,Loss
2883360,2,DK,DRX,DRX,DK,Red,Ahri,4,8,2,False,Loss
2883360,2,DK,DRX,DRX,DK,Red,Gwen,5,10,2,False,Loss
2883360,3,DK,DRX,DK,DRX,Blue,Neeko,1,2,1,False,Loss
2883360,3,DK,DRX,DK,DRX,Blue,Pantheon,2,4,1,False,Loss
2883360,3,DK,DRX,DK,DRX,Blue,Vi,3,6,1,False,Loss
2883360,3,DK,DRX,DK,DRX,Blue,Rakan,4,7,2,False,Loss
2883360,3,DK,DRX,DK,DRX,Blue,Lee Sin,5,9,2,False,Loss
2883360,3,DK,DRX,DRX,DK,Red,Rumble,1,1,1,True,Win
2883360,3,DK,DRX,DRX,DK,Red,Gwen,2,3,1,True,Win
2883360,3,DK,DRX,DRX,DK,Red,Jarvan IV,3,5,1,True,Win
2883360,3,DK,DRX,DRX,DK,Red,Cassiopeia,4,8,2,True,Win
2883360,3,DK,DRX,DRX,DK,Red,Anivia,5,10,2,True,Win
2883360,4,DK,DRX,DK,DRX,Blue,Malphite,1,1,1,True,Win
2883360,4,DK,DRX,DK,DRX,Blue,Neeko,2,3,1,True,Win
2883360,4,DK,DRX,DK,DRX,Blue,Pantheon,3,5,1,True,Win
2883360,4,DK,DRX,DK,DRX,Blue,Kai'Sa,4,8,2,True,Win
2883360,4,DK,DRX,DK,DRX,Blue,Xayah,5,10,2,True,Win
2883360,4,DK,DRX,DRX,DK,Red,Rumble,1,2,1,False,Loss
2883360,4,DK,DRX,DRX,DK,Red,Gwen,2,4,1,False,Loss
2883360,4,DK,DRX,DRX,DK,Red,Ahri,3,6,1,False,Loss
2883360,4,DK,DRX,DRX,DK,Red,Lucian,4,7,2,False,Loss
2883360,4,DK,DRX,DRX,DK,Red,Lulu,5,9,2,False,Loss
2883360,5,DK,DRX,DK,DRX,Blue,Pantheon,1,2,1,True,Win
2883360,5,DK,DRX,DK,DRX,Blue,Neeko,2,4,1,True,Win
2883360,5,DK,DRX,DK,DRX,Blue,Yone,3,6,1,True,Win
2883360,5,DK,DRX,DK,DRX,Blue,Syndra,4,7,2,True,Win
2883360,5,DK,DRX,DK,DRX,Blue,Wukong,5,9,2,True,Win
2883360,5,DK,DRX,DRX,DK,Red,Jarvan IV,1,1,1,False,Loss
2883360,5,DK,DRX,DRX,DK,Red,Ahri,2,3,1,False,Loss
2883360,5,DK,DRX,DRX,DK,Red,Akali,3,5,1,False,Loss
2883360,5,DK,DRX,DRX,DK,Red,Lucian,4,8,2,False,Loss
2883360,5,DK,DRX,DRX,DK,Red,Ezreal,5,10,2,False,Loss
2883361,1,BFX,T1,BFX,T1,Blue,Bard,1,2,1,True,Win
2883361,1,BFX,T1,BFX,T1,Blue,Ambessa,2,4,1,True,Win
2883361,1,BFX,T1,BFX,T1,Blue,Vi,3,6,1,True,Win
2883361,1,BFX,T1,BFX,T1,Blue,Corki,4,7,2,True,Win
2883361,1,BFX,T1,BFX,T1,Blue,Miss Fortune,5,9,2,True,Win
2883361,1,BFX,T1,T1,BFX,Red,Yunara,1,1,1,False,Loss
2883361,1,BFX,T1,T1,BFX,Red,Nocturne,2,3,1,False,Loss
2883361,1,BFX,T1,T1,BFX,Red,Varus,3,5,1,False,Loss
2883361,1,BFX,T1,T1,BFX,Red,Lucian,4,8,2,False,Loss
2883361,1,BFX,T1,T1,BFX,Red,Neeko,5,10,2,False,Loss
2883361,2,BFX,T1,BFX,T1,Blue,Bard,1,2,1,False,Loss
2883361,2,BFX,T1,BFX,T1,Blue,Vi,2,4,1,False,Loss
2883361,2,BFX,T1,BFX,T1,Blue,Ryze,3,6,1,False,Loss
2883361,2,BFX,T1,BFX,T1,Blue,Gnar,4,7,2,False,Loss
2883361,2,BFX,T1,BFX,T1,Blue,Lee Sin,5,9,2,False,Loss
2883361,2,BFX,T1,T1,BFX,Red,Wukong,1,1,1,True,Win
2883361,2,BFX,T1,T1,BFX,Red,Nocturne,2,3,1,True,Win
2883361,2,BFX,T1,T1,BFX,Red,Neeko,3,5,1,True,Win
2883361,2,BFX,T1,T1,BFX,Red,Lucian,4,8,2,True,Win
2883361,2,BFX,T1,T1,BFX,Red,Yunara,5,10,2,True,Win
2883361,3,T1,BFX,T1,BFX,Blue,Lucian,1,2,1,False,Loss
2883361,3,T1,BFX,T1,BFX,Blue,Yunara,2,4,1,False,Loss
2883361,3,T1,BFX,T1,BFX,Blue,Vi,3,6,1,False,Loss
2883361,3,T1,BFX,T1,BFX,Blue,Lee Sin,4,7,2,False,Loss
2883361,3,T1,BFX,T1,BFX,Blue,Aurora,5,9,2,False,Loss
2883361,3,T1,BFX,BFX,T1,Red,Bard,1,1,1,True,Win
2883361,3,T1,BFX,BFX,T1,Red,Neeko,2,3,1,True,Win
2883361,3,T1,BFX,BFX,T1,Red,Nocturne,3,5,1,True,Win
2883361,3,T1,BFX,BFX,T1,Red,Nautilus,4,8,2,True,Win
2883361,3,T1,BFX,BFX,T1,Red,Karma,5,10,2,True,Win
2883361,4,BFX,T1,BFX,T1,Blue,Bard,1,1,1,True,Win
2883361,4,BFX,T1,BFX,T1,Blue,Nocturne,2,3,1,True,Win
2883361,4,BFX,T1,BFX,T1,Blue,Karma,3,5,1,True,Win
2883361,4,BFX,T1,BFX,T1,Blue,Lee Sin,4,8,2,True,Win
2883361,4,BFX,T1,BFX,T1,Blue,Taliyah,5,10,2,True,Win
2883361,4,BFX,T1,T1,BFX,Red,Nami,1,2,1,False,Loss
2883361,4,BFX,T1,T1,BFX,Red,Vi,2,4,1,False,Loss
2883361,4,BFX,T1,T1,BFX,Red,Neeko,3,6,1,False,Loss
2883361,4,BFX,T1,T1,BFX,Red,Dr. Mundo,4,7,2,False,Loss
2883361,4,BFX,T1,T1,BFX,Red,Jayce,5,9,2,False,Loss
2883362,1,DK,GEN,DK,GEN,Blue,Varus,1,2,1,False,Loss
2883362,1,DK,GEN,DK,GEN,Blue,Yone,2,4,1,False,Loss
2883362,1,DK,GEN,DK,GEN,Blue,Orianna,3,6,1,False,Loss
2883362,1,DK,GEN,DK,GEN,Blue,Sivir,4,7,2,False,Loss
2883362,1,DK,GEN,DK,GEN,Blue,Nautilus,5,9,2,False,Loss
2883362,1,DK,GEN,GEN,DK,Red,Neeko,1,1,1,True,Win
2883362,1,DK,GEN,GEN,DK,Red,Pantheon,2,3,1,True,Win
2883362,1,DK,GEN,GEN,DK,Red,Yunara,3,5,1,True,Win
2883362,1,DK,GEN,GEN,DK,Red,Bard,4,8,2,True,Win
2883362,1,DK,GEN,GEN,DK,Red,Karma,5,10,2,True,Win
2883362,2,DK,GEN,DK,GEN,Blue,Aurora,1,1,1,True,Win
2883362,2,DK,GEN,DK,GEN,Blue,Varus,2,3,1,True,Win
2883362,2,DK,GEN,DK,GEN,Blue,Anivia,3,5,1,True,Win
2883362,2,DK,GEN,DK,GEN,Blue,Jax,4,8,2,True,Win
2883362,2,DK,GEN,DK,GEN,Blue,Nautilus,5,10,2,True,Win
2883362,2,DK,GEN,GEN,DK,Red,Ambessa,1,2,1,False,Loss
2883362,2,DK,GEN,GEN,DK,Red,Orianna,2,4,1,False,Loss
2883362,2,DK,GEN,GEN,DK,Red,Ryze,3,6,1,False,Loss
2883362,2,DK,GEN,GEN,DK,Red,LeBlanc,4,7,2,False,Loss
2883362,2,DK,GEN,GEN,DK,Red,Twisted Fate,5,9,2,False,Loss
2883362,3,DK,GEN,DK,GEN,Blue,Varus,1,2,1,False,Loss
2883362,3,DK,GEN,DK,GEN,Blue,Orianna,2,4,1,False,Loss
2883362,3,DK,GEN,DK,GEN,Blue,Aurora,3,6,1,False,Loss
2883362,3,DK,GEN,DK,GEN,Blue,Nautilus,4,7,2,False,Loss
2883362,3,DK,GEN,DK,GEN,Blue,Blitzcrank,5,9,2,False,Loss
2883362,3,DK,GEN,GEN,DK,Red,Neeko,1,1,1,True,Win
2883362,3,DK,GEN,GEN,DK,Red,Ambessa,2,3,1,True,Win
2883362,3,DK,GEN,GEN,DK,Red,Anivia,3,5,1,True,Win
2883362,3,DK,GEN,GEN,DK,Red,Gnar,4,8,2,True,Win
2883362,3,DK,GEN,GEN,DK,Red,Viktor,5,10,2,True,Win
2883362,4,GEN,DK,GEN,DK,Blue,Neeko,1,1,1,True,Win
2883362,4,GEN,DK,GEN,DK,Blue,LeBlanc,2,3,1,True,Win
2883362,4,GEN,DK,GEN,DK,Blue,Ambessa,3,5,1,True,Win
2883362,4,GEN,DK,GEN,DK,Blue,Lee Sin,4,8,2,True,Win
2883362,4,GEN,DK,GEN,DK,Blue,Zoe,5,10,2,True,Win
2883362,4,GEN,DK,DK,GEN,Red,Varus,1,2,1,False,Loss
2883362,4,GEN,DK,DK,GEN,Red,Orianna,2,4,1,False,Loss
2883362,4,GEN,DK,DK,GEN,Red,Gnar,3,6,1,False,Loss
2883362,4,GEN,DK,DK,GEN,Red,Nautilus,4,7,2,False,Loss
2883362,4,GEN,DK,DK,GEN,Red,Sivir,5,9,2,False,Loss
2883363,1,DRX,DNS,DRX,DNS,Blue,Varus,1,2,1,False,Loss
2883363,1,DRX,DNS,DRX,DNS,Blue,Neeko,2,4,1,False,Loss
2883363,1,DRX,DNS,DRX,DNS,Blue,Corki,3,6,1,False,Loss
2883363,1,DRX,DNS,DRX,DNS,Blue,Kai'Sa,4,7,2,False,Loss
2883363,1,DRX,DNS,DRX,DNS,Blue,Sivir,5,9,2,False,Loss
2883363,1,DRX,DNS,DNS,DRX,Red,Bard,1,1,1,True,Win
2883363,1,DRX,DNS,DNS,DRX,Red,Yunara,2,3,1,True,Win
2883363,1,DRX,DNS,DNS,DRX,Red,Nocturne,3,5,1,True,Win
2883363,1,DRX,DNS,DNS,DRX,Red,Lucian,4,8,2,True,Win
2883363,1,DRX,DNS,DNS,DRX,Red,Poppy,5,10,2,True,Win
2883363,2,DNS,DRX,DNS,DRX,Blue,Bard,1,2,1,True,Win
2883363,2,DNS,DRX,DNS,DRX,Blue,Yunara,2,4,1,True,Win
2883363,2,DNS,DRX,DNS,DRX,Blue,Ryze,3,6,1,True,Win
2883363,2,DNS,DRX,DNS,DRX,Blue,Poppy,4,7,2,True,Win
2883363,2,DNS,DRX,DNS,DRX,Blue,Karma,5,9,2,True,Win
2883363,2,DNS,DRX,DRX,DNS,Red,Vi,1,1,1,False,Loss
2883363,2,DNS,DRX,DRX,DNS,Red,Gwen,2,3,1,False,Loss
2883363,2,DNS,DRX,DRX,DNS,Red,Nocturne,3,5,1,False,Loss
2883363,2,DNS,DRX,DRX,DNS,Red,Neeko,4,8,2,False,Loss
2883363,2,DNS,DRX,DRX,DNS,Red,K'Sante,5,10,2,False,Loss
2883363,3,DNS,DRX,DNS,DRX,Blue,Bard,1,1,1,False,Loss
2883363,3,DNS,DRX,DNS,DRX,Blue,Yunara,2,3,1,False,Loss
2883363,3,DNS,DRX,DNS,DRX,Blue,Cassiopeia,3,5,1,False,Loss
2883363,3,DNS,DRX,DNS,DRX,Blue,Lucian,4,8,2,False,Loss
2883363,3,DNS,DRX,DNS,DRX,Blue,Corki,5,10,2,False,Loss
2883363,3,DNS,DRX,DRX,DNS,Red,Gwen,1,2,1,True,Win
2883363,3,DNS,DRX,DRX,DNS,Red,Nocturne,2,4,1,True,Win
2883363,3,DNS,DRX,DRX,DNS,Red,Lee Sin,3,6,1,True,Win
2883363,3,DNS,DRX,DRX,DNS,Red,Kalista,4,7,2,True,Win
2883363,3,DNS,DRX,DRX,DNS,Red,Karma,5,9,2,True,Win
2883363,4,DRX,DNS,DRX,DNS,Blue,Lee Sin,1,1,1,False,Loss
2883363,4,DRX,DNS,DRX,DNS,Blue,Nocturne,2,3,1,False,Loss
2883363,4,DRX,DNS,DRX,DNS,Blue,K'Sante,3,5,1,False,Loss
2883363,4,DRX,DNS,DRX,DNS,Blue,Yone,4,8,2,False,Loss
2883363,4,DRX,DNS,DRX,DNS,Blue,Zoe,5,10,2,False,Loss
2883363,4,DRX,DNS,DNS,DRX,Red,Bard,1,2,1,True,Win
2883363,4,DRX,DNS,DNS,DRX,Red,Nami,2,4,1,True,Win
2883363,4,DRX,DNS,DNS,DRX,Red,Gwen,3,6,1,True,Win
2883363,4,DRX,DNS,DNS,DRX,Red,Poppy,4,7,2,True,Win
2883363,4,DRX,DNS,DNS,DRX,Red,Braum,5,9,2,True,Win
2883364,1,DNS,DK,DNS,DK,Blue,Rumble,1,2,1,False,Loss
2883364,1,DNS,DK,DNS,DK,Blue,Varus,2,4,1,False,Loss
2883364,1,DNS,DK,DNS,DK,Blue,Orianna,3,6,1,False,Loss
2883364,1,DNS,DK,DNS,DK,Blue,Karma,4,7,2,False,Loss
2883364,1,DNS,DK,DNS,DK,Blue,Alistar,5,9,2,False,Loss
2883364,1,DNS,DK,DK,DNS,Red,Neeko,1,1,1,True,Win
2883364,1,DNS,DK,DK,DNS,Red,Yunara,2,3,1,True,Win
2883364,1,DNS,DK,DK,DNS,Red,Pantheon,3,5,1,True,Win
2883364,1,DNS,DK,DK,DNS,Red,Renekton,4,8,2,True,Win
2883364,1,DNS,DK,DK,DNS,Red,Nami,5,10,2,True,Win
2883364,2,DK,DNS,DK,DNS,Blue,Orianna,1,2,1,True,Win
2883364,2,DK,DNS,DK,DNS,Blue,Pantheon,2,4,1,True,Win
2883364,2,DK,DNS,DK,DNS,Blue,Varus,3,6,1,True,Win
2883364,2,DK,DNS,DK,DNS,Blue,Jhin,4,7,2,True,Win
2883364,2,DK,DNS,DK,DNS,Blue,Ashe,5,9,2,True,Win
2883364,2,DK,DNS,DNS,DK,Red,Cassiopeia,1,1,1,False,Loss
2883364,2,DK,DNS,DNS,DK,Red,Gnar,2,3,1,False,Loss
2883364,2,DK,DNS,DNS,DK,Red,Yunara,3,5,1,False,Loss
2883364,2,DK,DNS,DNS,DK,Red,Lucian,4,8,2,False,Loss
2883364,2,DK,DNS,DNS,DK,Red,Poppy,5,10,2,False,Loss
2883364,3,DK,DNS,DK,DNS,Blue,Neeko,1,1,1,False,Loss
2883364,3,DK,DNS,DK,DNS,Blue,Yorick,2,3,1,False,Loss
2883364,3,DK,DNS,DK,DNS,Blue,Ahri,3,5,1,False,Loss
2883364,3,DK,DNS,DK,DNS,Blue,Akali,4,8,2,False,Loss
2883364,3,DK,DNS,DK,DNS,Blue,Viktor,5,10,2,False,Loss
2883364,3,DK,DNS,DNS,DK,Red,Orianna,1,2,1,True,Win
2883364,3,DK,DNS,DNS,DK,Red,Kennen,2,4,1,True,Win
2883364,3,DK,DNS,DNS,DK,Red,Pantheon,3,6,1,True,Win
2883364,3,DK,DNS,DNS,DK,Red,Sivir,4,7,2,True,Win
2883364,3,DK,DNS,DNS,DK,Red,Gnar,5,9,2,True,Win
2883364,4,DNS,DK,DNS,DK,Blue,Orianna,1,2,1,False,Loss
2883364,4,DNS,DK,DNS,DK,Blue,Lucian,2,4,1,False,Loss
2883364,4,DNS,DK,DNS,DK,Blue,Pantheon,3,6,1,False,Loss
2883364,4,DNS,DK,DNS,DK,Blue,Yorick,4,7,2,False,Loss
2883364,4,DNS,DK,DNS,DK,Blue,Jayce,5,9,2,False,Loss
2883364,4,DNS,DK,DK,DNS,Red,Nocturne,1,1,1,True,Win
2883364,4,DNS,DK,DK,DNS,Red,Dr. Mundo,2,3,1,True,Win
2883364,4,DNS,DK,DK,DNS,Red,Sylas,3,5,1,True,Win
2883364,4,DNS,DK,DK,DNS,Red,Akali,4,8,2,True,Win
2883364,4,DNS,DK,DK,DNS,Red,Yasuo,5,10,2,True,Win
2883365,1,GEN,BFX,GEN,BFX,Blue,Neeko,1,1,1,True,Win
2883365,1,GEN,BFX,GEN,BFX,Blue,Yunara,2,3,1,True,Win
2883365,1,GEN,BFX,GEN,BFX,Blue,Orianna,3,5,1,True,Win
2883365,1,GEN,BFX,GEN,BFX,Blue,Ezreal,4,8,2,True,Win
2883365,1,GEN,BFX,GEN,BFX,Blue,Sivir,5,10,2,True,Win
2883365,1,GEN,BFX,BFX,GEN,Red,Rumble,1,2,1,False,Loss
2883365,1,GEN,BFX,BFX,GEN,Red,Bard,2,4,1,False,Loss
2883365,1,GEN,BFX,BFX,GEN,Red,Gwen,3,6,1,False,Loss
2883365,1,GEN,BFX,BFX,GEN,Red,Renekton,4,7,2,False,Loss
2883365,1,GEN,BFX,BFX,GEN,Red,Nautilus,5,9,2,False,Loss
2883365,2,GEN,BFX,GEN,BFX,Blue,Neeko,1,1,1,True,Win
2883365,2,GEN,BFX,GEN,BFX,Blue,Yunara,2,3,1,True,Win
2883365,2,GEN,BFX,GEN,BFX,Blue,Ryze,3,5,1,True,Win
2883365,2,GEN,BFX,GEN,BFX,Blue,Mel,4,8,2,True,Win
2883365,2,GEN,BFX,GEN,BFX,Blue,Twisted Fate,5,10,2,True,Win
2883365,2,GEN,BFX,BFX,GEN,Red,Rumble,1,2,1,False,Loss
2883365,2,GEN,BFX,BFX,GEN,Red,Gwen,2,4,1,False,Loss
2883365,2,GEN,BFX,BFX,GEN,Red,Orianna,3,6,1,False,Loss
2883365,2,GEN,BFX,BFX,GEN,Red,Dr. Mundo,4,7,2,False,Loss
2883365,2,GEN,BFX,BFX,GEN,Red,Jarvan IV,5,9,2,False,Loss
2883365,3,GEN,BFX,GEN,BFX,Blue,Rumble,1,2,1,False,Loss
2883365,3,GEN,BFX,GEN,BFX,Blue,Orianna,2,4,1,False,Loss
2883365,3,GEN,BFX,GEN,BFX,Blue,Ryze,3,6,1,False,Loss
2883365,3,GEN,BFX,GEN,BFX,Blue,Kha'Zix,4,7,2,False,Loss
2883365,3,GEN,BFX,GEN,BFX,Blue,Lee Sin,5,9,2,False,Loss
2883365,3,GEN,BFX,BFX,GEN,Red,Nocturne,1,1,1,True,Win
2883365,3,GEN,BFX,BFX,GEN,Red,Jarvan IV,2,3,1,True,Win
2883365,3,GEN,BFX,BFX,GEN,Red,Anivia,3,5,1,True,Win
2883365,3,GEN,BFX,BFX,GEN,Red,Jax,4,8,2,True,Win
2883365,3,GEN,BFX,BFX,GEN,Red,Jayce,5,10,2,True,Win
2883365,4,GEN,BFX,GEN,BFX,Blue,Renata Glasc,1,1,1,True,Win
2883365,4,GEN,BFX,GEN,BFX,Blue,Neeko,2,3,1,True,Win
2883365,4,GEN,BFX,GEN,BFX,Blue,Orianna,3,5,1,True,Win
2883365,4,GEN,BFX,GEN,BFX,Blue,Akali,4,8,2,True,Win
2883365,4,GEN,BFX,GEN,BFX,Blue,Galio,5,10,2,True,Win
2883365,4,GEN,BFX,BFX,GEN,Red,Rumble,1,2,1,False,Loss
2883365,4,GEN,BFX,BFX,GEN,Red,Corki,2,4,1,False,Loss
2883365,4,GEN,BFX,BFX,GEN,Red,Ryze,3,6,1,False,Loss
2883365,4,GEN,BFX,BFX,GEN,Red,Leona,4,7,2,False,Loss
2883365,4,GEN,BFX,BFX,GEN,Red,Blitzcrank,5,9,2,False,Loss
2883366,1,DK,T1,DK,T1,Blue,Bard,1,2,1,False,Loss
2883366,1,DK,T1,DK,T1,Blue,Nocturne,2,4,1,False,Loss
2883366,1,DK,T1,DK,T1,Blue,Varus,3,6,1,False,Loss
2883366,1,DK,T1,DK,T1,Blue,Jhin,4,7,2,False,Loss
2883366,1,DK,T1,DK,T1,Blue,Nami,5,9,2,False,Loss
2883366,1,DK,T1,T1,DK,Red,Vi,1,1,1,True,Win
2883366,1,DK,T1,T1,DK,Red,Ambessa,2,3,1,True,Win
2883366,1,DK,T1,T1,DK,Red,Pantheon,3,5,1,True,Win
2883366,1,DK,T1,T1,DK,Red,Lulu,4,8,2,True,Win
2883366,1,DK,T1,T1,DK,Red,Karma,5,10,2,True,Win
2883366,2,DK,T1,DK,T1,Blue,Bard,1,2,1,False,Loss
2883366,2,DK,T1,DK,T1,Blue,Nocturne,2,4,1,False,Loss
2883366,2,DK,T1,DK,T1,Blue,Anivia,3,6,1,False,Loss
2883366,2,DK,T1,DK,T1,Blue,Nautilus,4,7,2,False,Loss
2883366,2,DK,T1,DK,T1,Blue,Kalista,5,9,2,False,Loss
2883366,2,DK,T1,T1,DK,Red,Vi,1,1,1,True,Win
2883366,2,DK,T1,T1,DK,Red,Ambessa,2,3,1,True,Win
2883366,2,DK,T1,T1,DK,Red,Varus,3,5,1,True,Win
2883366,2,DK,T1,T1,DK,Red,Lulu,4,8,2,True,Win
2883366,2,DK,T1,T1,DK,Red,Leona,5,10,2,True,Win
2883366,3,T1,DK,T1,DK,Blue,Varus,1,2,1,False,Loss
2883366,3,T1,DK,T1,DK,Blue,Vi,2,4,1,False,Loss
2883366,3,T1,DK,T1,DK,Blue,Dr. Mundo,3,6,1,False,Loss
2883366,3,T1,DK,T1,DK,Blue,Aurora,4,7,2,False,Loss
2883366,3,T1,DK,T1,DK,Blue,Gnar,5,9,2,False,Loss
2883366,3,T1,DK,DK,T1,Red,Bard,1,1,1,True,Win
2883366,3,T1,DK,DK,T1,Red,Nocturne,2,3,1,True,Win
2883366,3,T1,DK,DK,T1,Red,Nautilus,3,5,1,True,Win
2883366,3,T1,DK,DK,T1,Red,Wukong,4,8,2,True,Win
2883366,3,T1,DK,DK,T1,Red,Sejuani,5,10,2,True,Win
2883366,4,DK,T1,DK,T1,Blue,Bard,1,2,1,True,Win
2883366,4,DK,T1,DK,T1,Blue,Nocturne,2,4,1,True,Win
2883366,4,DK,T1,DK,T1,Blue,Aurora,3,6,1,True,Win
2883366,4,DK,T1,DK,T1,Blue,Kennen,4,7,2,True,Win
2883366,4,DK,T1,DK,T1,Blue,Renata Glasc,5,9,2,True,Win
2883366,4,DK,T1,T1,DK,Red,Vi,1,1,1,False,Loss
2883366,4,DK,T1,T1,DK,Red,Ziggs,2,3,1,False,Loss
2883366,4,DK,T1,T1,DK,Red,Zoe,3,5,1,False,Loss
2883366,4,DK,T1,T1,DK,Red,Neeko,4,8,2,False,Loss
2883366,4,DK,T1,T1,DK,Red,Poppy,5,10,2,False,Loss
2883366,5,DK,T1,DK,T1,Blue,Bard,1,2,1,True,Win
2883366,5,DK,T1,DK,T1,Blue,Nocturne,2,4,1,True,Win
2883366,5,DK,T1,DK,T1,Blue,Aurora,3,6,1,True,Win
2883366,5,DK,T1,DK,T1,Blue,Viktor,4,7,2,True,Win
2883366,5,DK,T1,DK,T1,Blue,Trundle,5,9,2,True,Win
2883366,5,DK,T1,T1,DK,Red,Zoe,1,1,1,False,Loss
2883366,5,DK,T1,T1,DK,Red,Vi,2,3,1,False,Loss
2883366,5,DK,T1,T1,DK,Red,Yorick,3,5,1,False,Loss
2883366,5,DK,T1,T1,DK,Red,Yone,4,8,2,False,Loss
2883366,5,DK,T1,T1,DK,Red,Akali,5,10,2,False,Loss
2883367,1,DK,BFX,DK,BFX,Blue,Renekton,1,1,1,False,Loss
2883367,1,DK,BFX,DK,BFX,Blue,Pantheon,2,3,1,False,Loss
2883367,1,DK,BFX,DK,BFX,Blue,Vi,3,5,1,False,Loss
2883367,1,DK,BFX,DK,BFX,Blue,Nautilus,4,8,2,False,Loss
2883367,1,DK,BFX,DK,BFX,Blue,Rek'Sai,5,10,2,False,Loss
2883367,1,DK,BFX,BFX,DK,Red,Rumble,1,2,1,True,Win
2883367,1,DK,BFX,BFX,DK,Red,Orianna,2,4,1,True,Win
2883367,1,DK,BFX,BFX,DK,Red,Ambessa,3,6,1,True,Win
2883367,1,DK,BFX,BFX,DK,Red,Leona,4,7,2,True,Win
2883367,1,DK,BFX,BFX,DK,Red,Gwen,5,9,2,True,Win
2883367,2,BFX,DK,BFX,DK,Blue,Ambessa,1,1,1,True,Win
2883367,2,BFX,DK,BFX,DK,Blue,Poppy,2,3,1,True,Win
2883367,2,BFX,DK,BFX,DK,Blue,Vi,3,5,1,True,Win
2883367,2,BFX,DK,BFX,DK,Blue,Cassiopeia,4,8,2,True,Win
2883367,2,BFX,DK,BFX,DK,Blue,Olaf,5,10,2,True,Win
2883367,2,BFX,DK,DK,BFX,Red,Orianna,1,2,1,False,Loss
2883367,2,BFX,DK,DK,BFX,Red,Pantheon,2,4,1,False,Loss
2883367,2,BFX,DK,DK,BFX,Red,Rumble,3,6,1,False,Loss
2883367,2,BFX,DK,DK,BFX,Red,Dr. Mundo,4,7,2,False,Loss
2883367,2,BFX,DK,DK,BFX,Red,Lee Sin,5,9,2,False,Loss
2883367,3,BFX,DK,BFX,DK,Blue,Orianna,1,2,1,True,Win
2883367,3,BFX,DK,BFX,DK,Blue,Vi,2,4,1,True,Win
2883367,3,BFX,DK,BFX,DK,Blue,Ambessa,3,6,1,True,Win
2883367,3,BFX,DK,BFX,DK,Blue,Gwen,4,7,2,True,Win
2883367,3,BFX,DK,BFX,DK,Blue,Akali,5,9,2,True,Win
2883367,3,BFX,DK,DK,BFX,Red,Twisted Fate,1,1,1,False,Loss
2883367,3,BFX,DK,DK,BFX,Red,Rumble,2,3,1,False,Loss
2883367,3,BFX,DK,DK,BFX,Red,Lucian,3,5,1,False,Loss
2883367,3,BFX,DK,DK,BFX,Red,Ahri,4,8,2,False,Loss
2883367,3,BFX,DK,DK,BFX,Red,Kennen,5,10,2,False,Loss
2883368,1,GEN,BFX,GEN,BFX,Blue,Yunara,1,1,1,True,Win
2883368,1,GEN,BFX,GEN,BFX,Blue,Neeko,2,3,1,True,Win
2883368,1,GEN,BFX,GEN,BFX,Blue,Azir,3,5,1,True,Win
2883368,1,GEN,BFX,GEN,BFX,Blue,Karma,4,8,2,True,Win
2883368,1,GEN,BFX,GEN,BFX,Blue,Nautilus,5,10,2,True,Win
2883368,1,GEN,BFX,BFX,GEN,Red,Rumble,1,2,1,False,Loss
2883368,1,GEN,BFX,BFX,GEN,Red,Vi,2,4,1,False,Loss
2883368,1,GEN,BFX,BFX,GEN,Red,Orianna,3,6,1,False,Loss
2883368,1,GEN,BFX,BFX,GEN,Red,Ezreal,4,7,2,False,Loss
2883368,1,GEN,BFX,BFX,GEN,Red,Jhin,5,9,2,False,Loss
2883368,2,GEN,BFX,GEN,BFX,Blue,Rumble,1,2,1,True,Win
2883368,2,GEN,BFX,GEN,BFX,Blue,Karma,2,4,1,True,Win
2883368,2,GEN,BFX,GEN,BFX,Blue,Yunara,3,6,1,True,Win
2883368,2,GEN,BFX,GEN,BFX,Blue,Neeko,4,7,2,True,Win
2883368,2,GEN,BFX,GEN,BFX,Blue,Zeri,5,9,2,True,Win
2883368,2,GEN,BFX,BFX,GEN,Red,Aurora,1,1,1,False,Loss
2883368,2,GEN,BFX,BFX,GEN,Red,Vi,2,3,1,False,Loss
2883368,2,GEN,BFX,BFX,GEN,Red,Nautilus,3,5,1,False,Loss
2883368,2,GEN,BFX,BFX,GEN,Red,Xin Zhao,4,8,2,False,Loss
2883368,2,GEN,BFX,BFX,GEN,Red,Wukong,5,10,2,False,Loss
2883368,3,GEN,BFX,GEN,BFX,Blue,Rumble,1,2,1,True,Win
2883368,3,GEN,BFX,GEN,BFX,Blue,Lulu,2,4,1,True,Win
2883368,3,GEN,BFX,GEN,BFX,Blue,Karma,3,6,1,True,Win
2883368,3,GEN,BFX,GEN,BFX,Blue,Xin Zhao,4,7,2,True,Win
2883368,3,GEN,BFX,GEN,BFX,Blue,K'Sante,5,9,2,True,Win
2883368,3,GEN,BFX,BFX,GEN,Red,Aurora,1,1,1,False,Loss
2883368,3,GEN,BFX,BFX,GEN,Red,Vi,2,3,1,False,Loss
2883368,3,GEN,BFX,BFX,GEN,Red,Yone,3,5,1,False,Loss
2883368,3,GEN,BFX,BFX,GEN,Red,Rek'Sai,4,8,2,False,Loss
2883368,3,GEN,BFX,BFX,GEN,Red,Ahri,5,10,2,False,Loss
2883959,1,DRAG,3BL,DRAG,3BL,Blue,Hecarim,1,1,1,True,Win
2883959,1,DRAG,3BL,DRAG,3BL,Blue,Sion,2,3,1,True,Win
2883959,1,DRAG,3BL,DRAG,3BL,Blue,Caitlyn,3,5,1,True,Win
2883959,1,DRAG,3BL,DRAG,3BL,Blue,Neeko,4,8,2,True,Win
2883959,1,DRAG,3BL,DRAG,3BL,Blue,Rakan,5,10,2,True,Win
2883959,1,DRAG,3BL,3BL,DRAG,Red,Aphelios,1,2,1,False,Loss
2883959,1,DRAG,3BL,3BL,DRAG,Red,Ambessa,2,4,1,False,Loss
2883959,1,DRAG,3BL,3BL,DRAG,Red,Lee Sin,3,6,1,False,Loss
2883959,1,DRAG,3BL,3BL,DRAG,Red,Poppy,4,7,2,False,Loss
2883959,1,DRAG,3BL,3BL,DRAG,Red,Nautilus,5,9,2,False,Loss
2883959,2,DRAG,3BL,DRAG,3BL,Blue,Hecarim,1,1,1,True,Win
2883959,2,DRAG,3BL,DRAG,3BL,Blue,Sion,2,3,1,True,Win
2883959,2,DRAG,3BL,DRAG,3BL,Blue,Caitlyn,3,5,1,True,Win
2883959,2,DRAG,3BL,DRAG,3BL,Blue,Renekton,4,8,2,True,Win
2883959,2,DRAG,3BL,DRAG,3BL,Blue,K'Sante,5,10,2,True,Win
2883959,2,DRAG,3BL,3BL,DRAG,Red,Aphelios,1,2,1,False,Loss
2883959,2,DRAG,3BL,3BL,DRAG,Red,Lee Sin,2,4,1,False,Loss
2883959,2,DRAG,3BL,3BL,DRAG,Red,Braum,3,6,1,False,Loss
2883959,2,DRAG,3BL,3BL,DRAG,Red,Jayce,4,7,2,False,Loss
2883959,2,DRAG,3BL,3BL,DRAG,Red,Viktor,5,9,2,False,Loss
2883970,1,3BL,BAM,3BL,BAM,Blue,Jayce,1,1,1,True,Win
2883970,1,3BL,BAM,3BL,BAM,Blue,Neeko,2,3,1,True,Win
2883970,1,3BL,BAM,3BL,BAM,Blue,Sylas,3,5,1,True,Win
2883970,1,3BL,BAM,3BL,BAM,Blue,Viktor,4,8,2,True,Win
2883970,1,3BL,BAM,3BL,BAM,Blue,Syndra,5,10,2,True,Win
2883970,1,3BL,BAM,BAM,3BL,Red,Hecarim,1,2,1,False,Loss
2883970,1,3BL,BAM,BAM,3BL,Red,Jarvan IV,2,4,1,False,Loss
2883970,1,3BL,BAM,BAM,3BL,Red,Malphite,3,6,1,False,Loss
2883970,1,3BL,BAM,BAM,3BL,Red,Zoe,4,7,2,False,Loss
2883970,1,3BL,BAM,BAM,3BL,Red,Sion,5,9,2,False,Loss
2883970,2,3BL,BAM,3BL,BAM,Blue,Jayce,1,1,1,False,Loss
2883970,2,3BL,BAM,3BL,BAM,Blue,Neeko,2,3,1,False,Loss
2883970,2,3BL,BAM,3BL,BAM,Blue,Sylas,3,5,1,False,Loss
2883970,2,3BL,BAM,3BL,BAM,Blue,Rengar,4,8,2,False,Loss
2883970,2,3BL,BAM,3BL,BAM,Blue,Nami,5,10,2,False,Loss
2883970,2,3BL,BAM,BAM,3BL,Red,Sion,1,2,1,True,Win
2883970,2,3BL,BAM,BAM,3BL,Red,Jarvan IV,2,4,1,True,Win
2883970,2,3BL,BAM,BAM,3BL,Red,Malphite,3,6,1,True,Win
2883970,2,3BL,BAM,BAM,3BL,Red,Alistar,4,7,2,True,Win
2883970,2,3BL,BAM,BAM,3BL,Red,Leona,5,9,2,True,Win
2883970,3,BAM,3BL,BAM,3BL,Blue,Hecarim,1,1,1,False,Loss
2883970,3,BAM,3BL,BAM,3BL,Blue,Jarvan IV,2,3,1,False,Loss
2883970,3,BAM,3BL,BAM,3BL,Blue,Malphite,3,5,1,False,Loss
2883970,3,BAM,3BL,BAM,3BL,Blue,Hwei,4,8,2,False,Loss
2883970,3,BAM,3BL,BAM,3BL,Blue,LeBlanc,5,10,2,False,Loss
2883970,3,BAM,3BL,3BL,BAM,Red,Neeko,1,2,1,True,Win
2883970,3,BAM,3BL,3BL,BAM,Red,Jayce,2,4,1,True,Win
2883970,3,BAM,3BL,3BL,BAM,Red,Rengar,3,6,1,True,Win
2883970,3,BAM,3BL,3BL,BAM,Red,Viktor,4,7,2,True,Win
2883970,3,BAM,3BL,3BL,BAM,Red,Xayah,5,9,2,True,Win
2883978,1,NG,3BL,NG,3BL,Blue,Sion,1,1,1,False,Loss
2883978,1,NG,3BL,NG,3BL,Blue,Hecarim,2,3,1,False,Loss
2883978,1,NG,3BL,NG,3BL,Blue,Sylas,3,5,1,False,Loss
2883978,1,NG,3BL,NG,3BL,Blue,Renekton,4,8,2,False,Loss
2883978,1,NG,3BL,NG,3BL,Blue,K'Sante,5,10,2,False,Loss
2883978,1,NG,3BL,3BL,NG,Red,Rumble,1,2,1,True,Win
2883978,1,NG,3BL,3BL,NG,Red,Ryze,2,4,1,True,Win
2883978,1,NG,3BL,3BL,NG,Red,Malphite,3,6,1,True,Win
2883978,1,NG,3BL,3BL,NG,Red,Rell,4,7,2,True,Win
2883978,1,NG,3BL,3BL,NG,Red,Aphelios,5,9,2,True,Win
2883978,2,3BL,NG,3BL,NG,Blue,Ryze,1,1,1,False,Loss
2883978,2,3BL,NG,3BL,NG,Blue,Sylas,2,3,1,False,Loss
2883978,2,3BL,NG,3BL,NG,Blue,Rell,3,5,1,False,Loss
2883978,2,3BL,NG,3BL,NG,Blue,Gnar,4,8,2,False,Loss
2883978,2,3BL,NG,3BL,NG,Blue,Jax,5,10,2,False,Loss
2883978,2,3BL,NG,NG,3BL,Red,Sion,1,2,1,True,Win
2883978,2,3BL,NG,NG,3BL,Red,Hecarim,2,4,1,True,Win
2883978,2,3BL,NG,NG,3BL,Red,Malphite,3,6,1,True,Win
2883978,2,3BL,NG,NG,3BL,Red,Alistar,4,7,2,True,Win
2883978,2,3BL,NG,NG,3BL,Red,Braum,5,9,2,True,Win
2883978,3,NG,3BL,NG,3BL,Blue,Sion,1,1,1,True,Win
2883978,3,NG,3BL,NG,3BL,Blue,Hecarim,2,3,1,True,Win
2883978,3,NG,3BL,NG,3BL,Blue,Sylas,3,5,1,True,Win
2883978,3,NG,3BL,NG,3BL,Blue,Tristana,4,8,2,True,Win
2883978,3,NG,3BL,NG,3BL,Blue,Aphelios,5,10,2,True,Win
2883978,3,NG,3BL,3BL,NG,Red,Ryze,1,2,1,False,Loss
2883978,3,NG,3BL,3BL,NG,Red,Viktor,2,4,1,False,Loss
2883978,3,NG,3BL,3BL,NG,Red,Malphite,3,6,1,False,Loss
2883978,3,NG,3BL,3BL,NG,Red,Aurora,4,7,2,False,Loss
2883978,3,NG,3BL,3BL,NG,Red,LeBlanc,5,9,2,False,Loss
2883984,1,ANB,3BL,ANB,3BL,Blue,Hecarim,1,1,1,False,Loss
2883984,1,ANB,3BL,ANB,3BL,Blue,Akali,2,3,1,False,Loss
2883984,1,ANB,3BL,ANB,3BL,Blue,Mel,3,5,1,False,Loss
2883984,1,ANB,3BL,ANB,3BL,Blue,K'Sante,4,8,2,False,Loss
2883984,1,ANB,3BL,ANB,3BL,Blue,Sion,5,10,2,False,Loss
2883984,1,ANB,3BL,3BL,ANB,Red,Neeko,1,2,1,True,Win
2883984,1,ANB,3BL,3BL,ANB,Red,Ambessa,2,4,1,True,Win
2883984,1,ANB,3BL,3BL,ANB,Red,Ahri,3,6,1,True,Win
2883984,1,ANB,3BL,3BL,ANB,Red,Caitlyn,4,7,2,True,Win
2883984,1,ANB,3BL,3BL,ANB,Red,Corki,5,9,2,True,Win
2883984,2,3BL,ANB,3BL,ANB,Blue,Neeko,1,1,1,False,Loss
2883984,2,3BL,ANB,3BL,ANB,Blue,Jayce,2,3,1,False,Loss
2883984,2,3BL,ANB,3BL,ANB,Blue,Naafiri,3,5,1,False,Loss
2883984,2,3BL,ANB,3BL,ANB,Blue,Alistar,4,8,2,False,Loss
2883984,2,3BL,ANB,3BL,ANB,Blue,Poppy,5,10,2,False,Loss
2883984,2,3BL,ANB,ANB,3BL,Red,Hecarim,1,2,1,True,Win
2883984,2,3BL,ANB,ANB,3BL,Red,Mel,2,4,1,True,Win
2883984,2,3BL,ANB,ANB,3BL,Red,Ambessa,3,6,1,True,Win
2883984,2,3BL,ANB,ANB,3BL,Red,Trundle,4,7,2,True,Win
2883984,2,3BL,ANB,ANB,3BL,Red,Xin Zhao,5,9,2,True,Win
2883984,3,3BL,ANB,3BL,ANB,Blue,Neeko,1,1,1,True,Win
2883984,3,3BL,ANB,3BL,ANB,Blue,Jayce,2,3,1,True,Win
2883984,3,3BL,ANB,3BL,ANB,Blue,Naafiri,3,5,1,True,Win
2883984,3,3BL,ANB,3BL,ANB,Blue,Alistar,4,8,2,True,Win
2883984,3,3BL,ANB,3BL,ANB,Blue,Corki,5,10,2,True,Win
2883984,3,3BL,ANB,ANB,3BL,Red,Hecarim,1,2,1,False,Loss
2883984,3,3BL,ANB,ANB,3BL,Red,Mel,2,4,1,False,Loss
2883984,3,3BL,ANB,ANB,3BL,Red,Ambessa,3,6,1,False,Loss
2883984,3,3BL,ANB,ANB,3BL,Red,Ezreal,4,7,2,False,Loss
2883984,3,3BL,ANB,ANB,3BL,Red,Caitlyn,5,9,2,False,Loss
2883995,1,FNE,3BL,FNE,3BL,Blue,Hecarim,1,1,1,False,Loss
2883995,1,FNE,3BL,FNE,3BL,Blue,Orianna,2,3,1,False,Loss
2883995,1,FNE,3BL,FNE,3BL,Blue,Malphite,3,5,1,False,Loss
2883995,1,FNE,3BL,FNE,3BL,Blue,Xin Zhao,4,8,2,False,Loss
2883995,1,FNE,3BL,FNE,3BL,Blue,Wukong,5,10,2,False,Loss
2883995,1,FNE,3BL,3BL,FNE,Red,Neeko,1,2,1,True,Win
2883995,1,FNE,3BL,3BL,FNE,Red,Azir,2,4,1,True,Win
2883995,1,FNE,3BL,3BL,FNE,Red,Ambessa,3,6,1,True,Win
2883995,1,FNE,3BL,3BL,FNE,Red,Trundle,4,7,2,True,Win
2883995,1,FNE,3BL,3BL,FNE,Red,Naafiri,5,9,2,True,Win
2883995,2,3BL,FNE,3BL,FNE,Blue,Neeko,1,1,1,False,Loss
2883995,2,3BL,FNE,3BL,FNE,Blue,Azir,2,3,1,False,Loss
2883995,2,3BL,FNE,3BL,FNE,Blue,Ambessa,3,5,1,False,Loss
2883995,2,3BL,FNE,3BL,FNE,Blue,Galio,4,8,2,False,Loss
2883995,2,3BL,FNE,3BL,FNE,Blue,Syndra,5,10,2,False,Loss
2883995,2,3BL,FNE,FNE,3BL,Red,Hecarim,1,2,1,True,Win
2883995,2,3BL,FNE,FNE,3BL,Red,Malphite,2,4,1,True,Win
2883995,2,3BL,FNE,FNE,3BL,Red,Orianna,3,6,1,True,Win
2883995,2,3BL,FNE,FNE,3BL,Red,Alistar,4,7,2,True,Win
2883995,2,3BL,FNE,FNE,3BL,Red,LeBlanc,5,9,2,True,Win
2883995,3,FNE,3BL,FNE,3BL,Blue,Hecarim,1,1,1,True,Win
2883995,3,FNE,3BL,FNE,3BL,Blue,Malphite,2,3,1,True,Win
2883995,3,FNE,3BL,FNE,3BL,Blue,LeBlanc,3,5,1,True,Win
2883995,3,FNE,3BL,FNE,3BL,Blue,Leona,5,10,2,True,Win
2883995,3,FNE,3BL,3BL,FNE,Red,Azir,1,2,1,False,Loss
2883995,3,FNE,3BL,3BL,FNE,Red,Neeko,2,4,1,False,Loss
2883995,3,FNE,3BL,3BL,FNE,Red,Orianna,3,6,1,False,Loss
2883995,3,FNE,3BL,3BL,FNE,Red,Alistar,4,7,2,False,Loss
2883995,3,FNE,3BL,3BL,FNE,Red,Rakan,5,9,2,False,Loss
2883999,1,1M,3BL,1M,3BL,Blue,Akali,1,1,1,True,Win
2883999,1,1M,3BL,1M,3BL,Blue,Ambessa,2,3,1,True,Win
2883999,1,1M,3BL,1M,3BL,Blue,Malphite,3,5,1,True,Win
2883999,1,1M,3BL,1M,3BL,Blue,Kai'Sa,4,8,2,True,Win
2883999,1,1M,3BL,1M,3BL,Blue,Yunara,5,10,2,True,Win
2883999,1,1M,3BL,3BL,1M,Red,Jayce,1,2,1,False,Loss
2883999,1,1M,3BL,3BL,1M,Red,Rumble,2,4,1,False,Loss
2883999,1,1M,3BL,3BL,1M,Red,Orianna,3,6,1,False,Loss
2883999,1,1M,3BL,3BL,1M,Red,Corki,4,7,2,False,Loss
2883999,1,1M,3BL,3BL,1M,Red,Varus,5,9,2,False,Loss
2883999,2,3BL,1M,3BL,1M,Blue,Jayce,1,1,1,True,Win
2883999,2,3BL,1M,3BL,1M,Blue,Azir,2,3,1,True,Win
2883999,2,3BL,1M,3BL,1M,Blue,Sylas,3,5,1,True,Win
2883999,2,3BL,1M,3BL,1M,Blue,Naafiri,4,8,2,True,Win
2883999,2,3BL,1M,3BL,1M,Blue,Vi,5,10,2,True,Win
2883999,2,3BL,1M,1M,3BL,Red,Akali,1,2,1,False,Loss
2883999,2,3BL,1M,1M,3BL,Red,Xin Zhao,2,4,1,False,Loss
2883999,2,3BL,1M,1M,3BL,Red,Malphite,3,6,1,False,Loss
2883999,2,3BL,1M,1M,3BL,Red,Sejuani,4,7,2,False,Loss
2883999,2,3BL,1M,1M,3BL,Red,Bard,5,9,2,False,Loss
2883999,3,1M,3BL,1M,3BL,Blue,Akali,1,1,1,False,Loss
2883999,3,1M,3BL,1M,3BL,Blue,Xin Zhao,2,3,1,False,Loss
2883999,3,1M,3BL,1M,3BL,Blue,LeBlanc,3,5,1,False,Loss
2883999,3,1M,3BL,1M,3BL,Blue,Xayah,4,8,2,False,Loss
2883999,3,1M,3BL,1M,3BL,Blue,Ornn,5,10,2,False,Loss
2883999,3,1M,3BL,3BL,1M,Red,Jayce,1,2,1,True,Win
2883999,3,1M,3BL,3BL,1M,Red,Azir,2,4,1,True,Win
2883999,3,1M,3BL,3BL,1M,Red,Malphite,3,6,1,True,Win
2883999,3,1M,3BL,3BL,1M,Red,Varus,4,7,2,True,Win
2883999,3,1M,3BL,3BL,1M,Red,Corki,5,9,2,True,Win
2884012,1,3BL,GNG,3BL,GNG,Blue,Aatrox,1,1,1,False,Loss
2884012,1,3BL,GNG,3BL,GNG,Blue,Jayce,2,3,1,False,Loss
2884012,1,3BL,GNG,3BL,GNG,Blue,Wukong,3,5,1,False,Loss
2884012,1,3BL,GNG,3BL,GNG,Blue,Poppy,4,8,2,False,Loss
2884012,1,3BL,GNG,3BL,GNG,Blue,Alistar,5,10,2,False,Loss
2884012,1,3BL,GNG,GNG,3BL,Red,Udyr,1,2,1,True,Win
2884012,1,3BL,GNG,GNG,3BL,Red,Hecarim,2,4,1,True,Win
2884012,1,3BL,GNG,GNG,3BL,Red,Zoe,3,6,1,True,Win
2884012,1,3BL,GNG,GNG,3BL,Red,Sion,4,7,2,True,Win
2884012,1,3BL,GNG,GNG,3BL,Red,K'Sante,5,9,2,True,Win
2884012,2,GNG,3BL,GNG,3BL,Blue,Zoe,1,1,1,False,Loss
2884012,2,GNG,3BL,GNG,3BL,Blue,Udyr,2,3,1,False,Loss
2884012,2,GNG,3BL,GNG,3BL,Blue,Hecarim,3,5,1,False,Loss
2884012,2,GNG,3BL,GNG,3BL,Blue,Renekton,4,8,2,False,Loss
2884012,2,GNG,3BL,GNG,3BL,Blue,Leona,5,10,2,False,Loss
2884012,2,GNG,3BL,3BL,GNG,Red,Jayce,1,2,1,True,Win
2884012,2,GNG,3BL,3BL,GNG,Red,Aatrox,2,4,1,True,Win
2884012,2,GNG,3BL,3BL,GNG,Red,Wukong,3,6,1,True,Win
2884012,2,GNG,3BL,3BL,GNG,Red,Poppy,4,7,2,True,Win
2884012,2,GNG,3BL,3BL,GNG,Red,Braum,5,9,2,True,Win
2884012,3,3BL,GNG,3BL,GNG,Blue,Aatrox,1,1,1,True,Win
2884012,3,3BL,GNG,3BL,GNG,Blue,Jayce,2,3,1,True,Win
2884012,3,3BL,GNG,3BL,GNG,Blue,Gwen,3,5,1,True,Win
2884012,3,3BL,GNG,3BL,GNG,Blue,Poppy,4,8,2,True,Win
2884012,3,3BL,GNG,3BL,GNG,Blue,Alistar,5,10,2,True,Win
2884012,3,3BL,GNG,GNG,3BL,Red,Zoe,1,2,1,False,Loss
2884012,3,3BL,GNG,GNG,3BL,Red,Udyr,2,4,1,False,Loss
2884012,3,3BL,GNG,GNG,3BL,Red,Hecarim,3,6,1,False,Loss
2884012,3,3BL,GNG,GNG,3BL,Red,Braum,4,7,2,False,Loss
2884012,3,3BL,GNG,GNG,3BL,Red,K'Sante,5,9,2,False,Loss
2884018,1,FNE,3BL,FNE,3BL,Blue,Hecarim,1,1,1,True,Win
2884018,1,FNE,3BL,FNE,3BL,Blue,Orianna,2,3,1,True,Win
2884018,1,FNE,3BL,FNE,3BL,Blue,Varus,3,5,1,True,Win
2884018,1,FNE,3BL,FNE,3BL,Blue,Zoe,4,8,2,True,Win
2884018,1,FNE,3BL,FNE,3BL,Blue,Akali,5,10,2,True,Win
2884018,1,FNE,3BL,3BL,FNE,Red,Neeko,1,2,1,False,Loss
2884018,1,FNE,3BL,3BL,FNE,Red,Naafiri,2,4,1,False,Loss
2884018,1,FNE,3BL,3BL,FNE,Red,Aatrox,3,6,1,False,Loss
2884018,1,FNE,3BL,3BL,FNE,Red,Pyke,4,7,2,False,Loss
2884018,1,FNE,3BL,3BL,FNE,Red,Nautilus,5,9,2,False,Loss
2884018,2,3BL,FNE,3BL,FNE,Blue,Neeko,1,1,1,False,Loss
2884018,2,3BL,FNE,3BL,FNE,Blue,Naafiri,2,3,1,False,Loss
2884018,2,3BL,FNE,3BL,FNE,Blue,Aatrox,3,5,1,False,Loss
2884018,2,3BL,FNE,3BL,FNE,Blue,Braum,4,8,2,False,Loss
2884018,2,3BL,FNE,3BL,FNE,Blue,Draven,5,10,2,False,Loss
2884018,2,3BL,FNE,FNE,3BL,Red,Hecarim,1,2,1,True,Win
2884018,2,3BL,FNE,FNE,3BL,Red,Orianna,2,4,1,True,Win
2884018,2,3BL,FNE,FNE,3BL,Red,Varus,3,6,1,True,Win
2884018,2,3BL,FNE,FNE,3BL,Red,Sivir,4,7,2,True,Win
2884018,2,3BL,FNE,FNE,3BL,Red,Corki,5,9,2,True,Win
2884022,1,3BL,DRAG,3BL,DRAG,Blue,Pantheon,1,1,1,False,Loss
2884022,1,3BL,DRAG,3BL,DRAG,Blue,Azir,2,3,1,False,Loss
2884022,1,3BL,DRAG,3BL,DRAG,Blue,Jarvan IV,3,5,1,False,Loss
2884022,1,3BL,DRAG,3BL,DRAG,Blue,Ahri,4,8,2,False,Loss
2884022,1,3BL,DRAG,3BL,DRAG,Blue,Taliyah,5,10,2,False,Loss
2884022,1,3BL,DRAG,DRAG,3BL,Red,Hecarim,1,2,1,True,Win
2884022,1,3BL,DRAG,DRAG,3BL,Red,Orianna,2,4,1,True,Win
2884022,1,3BL,DRAG,DRAG,3BL,Red,Varus,3,6,1,True,Win
2884022,1,3BL,DRAG,DRAG,3BL,Red,Lulu,4,7,2,True,Win
2884022,1,3BL,DRAG,DRAG,3BL,Red,Nautilus,5,9,2,True,Win
2884022,2,DRAG,3BL,DRAG,3BL,Blue,Hecarim,1,1,1,True,Win
2884022,2,DRAG,3BL,DRAG,3BL,Blue,Akali,2,3,1,True,Win
2884022,2,DRAG,3BL,DRAG,3BL,Blue,Corki,3,5,1,True,Win
2884022,2,DRAG,3BL,DRAG,3BL,Blue,Sion,4,8,2,True,Win
2884022,2,DRAG,3BL,DRAG,3BL,Blue,Poppy,5,10,2,True,Win
2884022,2,DRAG,3BL,3BL,DRAG,Red,Azir,1,2,1,False,Loss
2884022,2,DRAG,3BL,3BL,DRAG,Red,Orianna,2,4,1,False,Loss
2884022,2,DRAG,3BL,3BL,DRAG,Red,Varus,3,6,1,False,Loss
2884022,2,DRAG,3BL,3BL,DRAG,Red,Alistar,4,7,2,False,Loss
2884022,2,DRAG,3BL,3BL,DRAG,Red,Nautilus,5,9,2,False,Loss
2884028,1,ANB,3BL,ANB,3BL,Blue,Zoe,1,1,1,True,Win
2884028,1,ANB,3BL,ANB,3BL,Blue,Orianna,2,3,1,True,Win
2884028,1,ANB,3BL,ANB,3BL,Blue,LeBlanc,3,5,1,True,Win
2884028,1,ANB,3BL,ANB,3BL,Blue,Ahri,4,8,2,True,Win
2884028,1,ANB,3BL,ANB,3BL,Blue,Karma,5,10,2,True,Win
2884028,1,ANB,3BL,3BL,ANB,Red,Galio,1,2,1,False,Loss
2884028,1,ANB,3BL,3BL,ANB,Red,Naafiri,2,4,1,False,Loss
2884028,1,ANB,3BL,3BL,ANB,Red,Ambessa,3,6,1,False,Loss
2884028,1,ANB,3BL,3BL,ANB,Red,Aphelios,4,7,2,False,Loss
2884028,1,ANB,3BL,3BL,ANB,Red,Neeko,5,9,2,False,Loss
2884028,2,ANB,3BL,ANB,3BL,Blue,Zoe,1,1,1,True,Win
2884028,2,ANB,3BL,ANB,3BL,Blue,Orianna,2,3,1,True,Win
2884028,2,ANB,3BL,ANB,3BL,Blue,LeBlanc,3,5,1,True,Win
2884028,2,ANB,3BL,ANB,3BL,Blue,Alistar,4,8,2,True,Win
2884028,2,ANB,3BL,ANB,3BL,Blue,Lulu,5,10,2,True,Win
2884028,2,ANB,3BL,3BL,ANB,Red,Naafiri,1,2,1,False,Loss
2884028,2,ANB,3BL,3BL,ANB,Red,Ambessa,2,4,1,False,Loss
2884028,2,ANB,3BL,3BL,ANB,Red,Galio,3,6,1,False,Loss
2884028,2,ANB,3BL,3BL,ANB,Red,Neeko,4,7,2,False,Loss
2884028,2,ANB,3BL,3BL,ANB,Red,Kai'Sa,5,9,2,False,Loss
2884033,1,3BL,DRAG,3BL,DRAG,Blue,Rumble,1,1,1,True,Win
2884033,1,3BL,DRAG,3BL,DRAG,Blue,Neeko,2,3,1,True,Win
2884033,1,3BL,DRAG,3BL,DRAG,Blue,Pantheon,3,5,1,True,Win
2884033,1,3BL,DRAG,3BL,DRAG,Blue,Galio,4,8,2,True,Win
2884033,1,3BL,DRAG,3BL,DRAG,Blue,Taliyah,5,10,2,True,Win
2884033,1,3BL,DRAG,DRAG,3BL,Red,Varus,1,2,1,False,Loss
2884033,1,3BL,DRAG,DRAG,3BL,Red,Orianna,2,4,1,False,Loss
2884033,1,3BL,DRAG,DRAG,3BL,Red,Ambessa,3,6,1,False,Loss
2884033,1,3BL,DRAG,DRAG,3BL,Red,Zoe,4,7,2,False,Loss
2884033,1,3BL,DRAG,DRAG,3BL,Red,Ahri,5,9,2,False,Loss
2884033,2,3BL,DRAG,3BL,DRAG,Blue,Rumble,1,1,1,True,Win
2884033,2,3BL,DRAG,3BL,DRAG,Blue,Neeko,2,3,1,True,Win
2884033,2,3BL,DRAG,3BL,DRAG,Blue,Pantheon,3,5,1,True,Win
2884033,2,3BL,DRAG,3BL,DRAG,Blue,Alistar,4,8,2,True,Win
2884033,2,3BL,DRAG,3BL,DRAG,Blue,Jax,5,10,2,True,Win
2884033,2,3BL,DRAG,DRAG,3BL,Red,Orianna,1,2,1,False,Loss
2884033,2,3BL,DRAG,DRAG,3BL,Red,Ambessa,2,4,1,False,Loss
2884033,2,3BL,DRAG,DRAG,3BL,Red,Varus,3,6,1,False,Loss
2884033,2,3BL,DRAG,DRAG,3BL,Red,Nautilus,4,7,2,False,Loss
2884033,2,3BL,DRAG,DRAG,3BL,Red,Karma,5,9,2,False,Loss
2884034,1,ANB,3BL,ANB,3BL,Blue,Zoe,1,1,1,False,Loss
2884034,1,ANB,3BL,ANB,3BL,Blue,Orianna,2,3,1,False,Loss
2884034,1,ANB,3BL,ANB,3BL,Blue,LeBlanc,3,5,1,False,Loss
2884034,1,ANB,3BL,ANB,3BL,Blue,Yunara,4,8,2,False,Loss
2884034,1,ANB,3BL,ANB,3BL,Blue,Ezreal,5,10,2,False,Loss
2884034,1,ANB,3BL,3BL,ANB,Red,Rumble,1,2,1,True,Win
2884034,1,ANB,3BL,3BL,ANB,Red,Varus,2,4,1,True,Win
2884034,1,ANB,3BL,3BL,ANB,Red,Ambessa,3,6,1,True,Win
2884034,1,ANB,3BL,3BL,ANB,Red,Caitlyn,4,7,2,True,Win
2884034,1,ANB,3BL,3BL,ANB,Red,Aphelios,5,9,2,True,Win
2884034,2,ANB,3BL,ANB,3BL,Blue,Zoe,1,1,1,False,Loss
2884034,2,ANB,3BL,ANB,3BL,Blue,Orianna,2,3,1,False,Loss
2884034,2,ANB,3BL,ANB,3BL,Blue,Ahri,3,5,1,False,Loss
2884034,2,ANB,3BL,ANB,3BL,Blue,Lulu,4,8,2,False,Loss
2884034,2,ANB,3BL,ANB,3BL,Blue,Braum,5,10,2,False,Loss
2884034,2,ANB,3BL,3BL,ANB,Red,Rumble,1,2,1,True,Win
2884034,2,ANB,3BL,3BL,ANB,Red,Varus,2,4,1,True,Win
2884034,2,ANB,3BL,3BL,ANB,Red,Galio,3,6,1,True,Win
2884034,2,ANB,3BL,3BL,ANB,Red,Neeko,4,7,2,True,Win
2884034,2,ANB,3BL,3BL,ANB,Red,Naafiri,5,9,2,True,Win
2884040,1,3BL,BAM,3BL,BAM,Blue,Jayce,1,1,1,False,Loss
2884040,1,3BL,BAM,3BL,BAM,Blue,Neeko,2,3,1,False,Loss
2884040,1,3BL,BAM,3BL,BAM,Blue,Rumble,3,5,1,False,Loss
2884040,1,3BL,BAM,3BL,BAM,Blue,Rengar,4,8,2,False,Loss
2884040,1,3BL,BAM,3BL,BAM,Blue,Xin Zhao,5,10,2,False,Loss
2884040,1,3BL,BAM,BAM,3BL,Red,Zoe,1,2,1,True,Win
2884040,1,3BL,BAM,BAM,3BL,Red,Orianna,2,4,1,True,Win
2884040,1,3BL,BAM,BAM,3BL,Red,Ambessa,3,6,1,True,Win
2884040,1,3BL,BAM,BAM,3BL,Red,Alistar,4,7,2,True,Win
2884040,1,3BL,BAM,BAM,3BL,Red,Braum,5,9,2,True,Win
2884040,2,BAM,3BL,BAM,3BL,Blue,Zoe,1,1,1,True,Win
2884040,2,BAM,3BL,BAM,3BL,Blue,Akali,2,3,1,True,Win
2884040,2,BAM,3BL,BAM,3BL,Blue,LeBlanc,3,5,1,True,Win
2884040,2,BAM,3BL,BAM,3BL,Blue,Vi,4,8,2,True,Win
2884040,2,BAM,3BL,BAM,3BL,Blue,Ornn,5,10,2,True,Win
2884040,2,BAM,3BL,3BL,BAM,Red,Jayce,1,2,1,False,Loss
2884040,2,BAM,3BL,3BL,BAM,Red,Rumble,2,4,1,False,Loss
2884040,2,BAM,3BL,3BL,BAM,Red,Galio,3,6,1,False,Loss
2884040,2,BAM,3BL,3BL,BAM,Red,Rengar,4,7,2,False,Loss
2884040,2,BAM,3BL,3BL,BAM,Red,Nocturne,5,9,2,False,Loss
2884040,3,BAM,3BL,BAM,3BL,Blue,Zoe,1,1,1,True,Win
2884040,3,BAM,3BL,BAM,3BL,Blue,Akali,2,3,1,True,Win
2884040,3,BAM,3BL,BAM,3BL,Blue,LeBlanc,3,5,1,True,Win
2884040,3,BAM,3BL,BAM,3BL,Blue,Aurora,4,8,2,True,Win
2884040,3,BAM,3BL,BAM,3BL,Blue,Mel,5,10,2,True,Win
2884040,3,BAM,3BL,3BL,BAM,Red,Jayce,1,2,1,False,Loss
2884040,3,BAM,3BL,3BL,BAM,Red,Rumble,2,4,1,False,Loss
2884040,3,BAM,3BL,3BL,BAM,Red,Xayah,3,6,1,False,Loss
2884040,3,BAM,3BL,3BL,BAM,Red,Sylas,4,7,2,False,Loss
2884040,3,BAM,3BL,3BL,BAM,Red,Braum,5,9,2,False,Loss
2884854,1,DRX,BRO,DRX,BRO,Blue,Rumble,1,2,1,True,Win
2884854,1,DRX,BRO,DRX,BRO,Blue,Jayce,2,4,1,True,Win
2884854,1,DRX,BRO,DRX,BRO,Blue,Orianna,3,6,1,True,Win
2884854,1,DRX,BRO,DRX,BRO,Blue,Varus,4,7,2,True,Win
2884854,1,DRX,BRO,DRX,BRO,Blue,Corki,5,9,2,True,Win
2884854,1,DRX,BRO,BRO,DRX,Red,Malphite,1,1,1,False,Loss
2884854,1,DRX,BRO,BRO,DRX,Red,Vi,2,3,1,False,Loss
2884854,1,DRX,BRO,BRO,DRX,Red,Azir,3,5,1,False,Loss
2884854,1,DRX,BRO,BRO,DRX,Red,Lulu,4,8,2,False,Loss
2884854,1,DRX,BRO,BRO,DRX,Red,Neeko,5,10,2,False,Loss
2884854,2,DRX,BRO,DRX,BRO,Blue,Malphite,1,1,1,False,Loss
2884854,2,DRX,BRO,DRX,BRO,Blue,Varus,2,3,1,False,Loss
2884854,2,DRX,BRO,DRX,BRO,Blue,Corki,3,5,1,False,Loss
2884854,2,DRX,BRO,DRX,BRO,Blue,Aphelios,4,8,2,False,Loss
2884854,2,DRX,BRO,DRX,BRO,Blue,Elise,5,10,2,False,Loss
2884854,2,DRX,BRO,BRO,DRX,Red,Jayce,1,2,1,True,Win
2884854,2,DRX,BRO,BRO,DRX,Red,Rumble,2,4,1,True,Win
2884854,2,DRX,BRO,BRO,DRX,Red,Nocturne,3,6,1,True,Win
2884854,2,DRX,BRO,BRO,DRX,Red,Aurora,4,7,2,True,Win
2884854,2,DRX,BRO,BRO,DRX,Red,Kennen,5,9,2,True,Win
2884854,3,BRO,DRX,BRO,DRX,Blue,Malphite,1,1,1,True,Win
2884854,3,BRO,DRX,BRO,DRX,Blue,Akali,2,3,1,True,Win
2884854,3,BRO,DRX,BRO,DRX,Blue,Corki,3,5,1,True,Win
2884854,3,BRO,DRX,BRO,DRX,Blue,Ziggs,4,8,2,True,Win
2884854,3,BRO,DRX,BRO,DRX,Blue,Lucian,5,10,2,True,Win
2884854,3,BRO,DRX,DRX,BRO,Red,Jayce,1,2,1,False,Loss
2884854,3,BRO,DRX,DRX,BRO,Red,Varus,2,4,1,False,Loss
2884854,3,BRO,DRX,DRX,BRO,Red,Rumble,3,6,1,False,Loss
2884854,3,BRO,DRX,DRX,BRO,Red,Kennen,4,7,2,False,Loss
2884854,3,BRO,DRX,DRX,BRO,Red,Jax,5,9,2,False,Loss
2884854,4,BRO,DRX,BRO,DRX,Blue,Rumble,1,2,1,False,Loss
2884854,4,BRO,DRX,BRO,DRX,Blue,Corki,2,4,1,False,Loss
2884854,4,BRO,DRX,BRO,DRX,Blue,Jayce,3,6,1,False,Loss
2884854,4,BRO,DRX,BRO,DRX,Blue,Galio,4,7,2,False,Loss
2884854,4,BRO,DRX,BRO,DRX,Blue,Twisted Fate,5,9,2,False,Loss
2884854,4,BRO,DRX,DRX,BRO,Red,Poppy,1,1,1,True,Win
2884854,4,BRO,DRX,DRX,BRO,Red,Varus,2,3,1,True,Win
2884854,4,BRO,DRX,DRX,BRO,Red,Zoe,3,5,1,True,Win
2884854,4,BRO,DRX,DRX,BRO,Red,Lucian,4,8,2,True,Win
2884854,4,BRO,DRX,DRX,BRO,Red,Lulu,5,10,2,True,Win
2884854,5,DRX,BRO,DRX,BRO,Blue,Rumble,1,2,1,True,Win
2884854,5,DRX,BRO,DRX,BRO,Blue,Jayce,2,4,1,True,Win
2884854,5,DRX,BRO,DRX,BRO,Blue,Varus,3,6,1,True,Win
2884854,5,DRX,BRO,DRX,BRO,Blue,Miss Fortune,4,7,2,True,Win
2884854,5,DRX,BRO,DRX,BRO,Blue,Caitlyn,5,9,2,True,Win
2884854,5,DRX,BRO,BRO,DRX,Red,Lucian,1,1,1,False,Loss
2884854,5,DRX,BRO,BRO,DRX,Red,LeBlanc,2,3,1,False,Loss
2884854,5,DRX,BRO,BRO,DRX,Red,Corki,3,5,1,False,Loss
2884854,5,DRX,BRO,BRO,DRX,Red,Kennen,4,8,2,False,Loss
2884854,5,DRX,BRO,BRO,DRX,Red,Lee Sin,5,10,2,False,Loss
2884855,1,BFX,DNS,BFX,DNS,Blue,Neeko,1,1,1,True,Win
2884855,1,BFX,DNS,BFX,DNS,Blue,Varus,2,3,1,True,Win
2884855,1,BFX,DNS,BFX,DNS,Blue,K'Sante,3,5,1,True,Win
2884855,1,BFX,DNS,BFX,DNS,Blue,Gnar,4,8,2,True,Win
2884855,1,BFX,DNS,BFX,DNS,Blue,Nautilus,5,10,2,True,Win
2884855,1,BFX,DNS,DNS,BFX,Red,Rumble,1,2,1,False,Loss
2884855,1,BFX,DNS,DNS,BFX,Red,Jayce,2,4,1,False,Loss
2884855,1,BFX,DNS,DNS,BFX,Red,Pantheon,3,6,1,False,Loss
2884855,1,BFX,DNS,DNS,BFX,Red,Bard,4,7,2,False,Loss
2884855,1,BFX,DNS,DNS,BFX,Red,Ezreal,5,9,2,False,Loss
2884855,2,BFX,DNS,BFX,DNS,Blue,Rumble,1,2,1,True,Win
2884855,2,BFX,DNS,BFX,DNS,Blue,Jayce,2,4,1,True,Win
2884855,2,BFX,DNS,BFX,DNS,Blue,K'Sante,3,6,1,True,Win
2884855,2,BFX,DNS,BFX,DNS,Blue,Nautilus,4,7,2,True,Win
2884855,2,BFX,DNS,BFX,DNS,Blue,Alistar,5,9,2,True,Win
2884855,2,BFX,DNS,DNS,BFX,Red,Neeko,1,1,1,False,Loss
2884855,2,BFX,DNS,DNS,BFX,Red,Pantheon,2,3,1,False,Loss
2884855,2,BFX,DNS,DNS,BFX,Red,Varus,3,5,1,False,Loss
2884855,2,BFX,DNS,DNS,BFX,Red,Ezreal,4,8,2,False,Loss
2884855,2,BFX,DNS,DNS,BFX,Red,Gwen,5,10,2,False,Loss
2884855,3,BFX,DNS,BFX,DNS,Blue,Rumble,1,2,1,False,Loss
2884855,3,BFX,DNS,BFX,DNS,Blue,Jayce,2,4,1,False,Loss
2884855,3,BFX,DNS,BFX,DNS,Blue,Varus,3,6,1,False,Loss
2884855,3,BFX,DNS,BFX,DNS,Blue,Sylas,4,7,2,False,Loss
2884855,3,BFX,DNS,BFX,DNS,Blue,Zoe,5,9,2,False,Loss
2884855,3,BFX,DNS,DNS,BFX,Red,Pantheon,1,1,1,True,Win
2884855,3,BFX,DNS,DNS,BFX,Red,Nocturne,2,3,1,True,Win
2884855,3,BFX,DNS,DNS,BFX,Red,Karma,3,5,1,True,Win
2884855,3,BFX,DNS,DNS,BFX,Red,Alistar,4,8,2,True,Win
2884855,3,BFX,DNS,DNS,BFX,Red,Leona,5,10,2,True,Win
2884855,4,DNS,BFX,DNS,BFX,Blue,Rumble,1,2,1,False,Loss
2884855,4,DNS,BFX,DNS,BFX,Blue,Varus,2,4,1,False,Loss
2884855,4,DNS,BFX,DNS,BFX,Blue,Akali,3,6,1,False,Loss
2884855,4,DNS,BFX,DNS,BFX,Blue,LeBlanc,4,7,2,False,Loss
2884855,4,DNS,BFX,DNS,BFX,Blue,Gwen,5,9,2,False,Loss
2884855,4,DNS,BFX,BFX,DNS,Red,Nocturne,1,1,1,True,Win
2884855,4,DNS,BFX,BFX,DNS,Red,Sylas,2,3,1,True,Win
2884855,4,DNS,BFX,BFX,DNS,Red,Malphite,3,5,1,True,Win
2884855,4,DNS,BFX,BFX,DNS,Red,Alistar,4,8,2,True,Win
2884855,4,DNS,BFX,BFX,DNS,Red,Zaahen,5,10,2,True,Win
2884858,1,KT,NS,KT,NS,Blue,Rumble,1,2,1,False,Loss
2884858,1,KT,NS,KT,NS,Blue,Orianna,2,4,1,False,Loss
2884858,1,KT,NS,KT,NS,Blue,Jayce,3,6,1,False,Loss
2884858,1,KT,NS,KT,NS,Blue,Renekton,4,7,2,False,Loss
2884858,1,KT,NS,KT,NS,Blue,Gwen,5,9,2,False,Loss
2884858,1,KT,NS,NS,KT,Red,Malphite,1,1,1,True,Win
2884858,1,KT,NS,NS,KT,Red,Azir,2,3,1,True,Win
2884858,1,KT,NS,NS,KT,Red,Varus,3,5,1,True,Win
2884858,1,KT,NS,NS,KT,Red,Aphelios,4,8,2,True,Win
2884858,1,KT,NS,NS,KT,Red,Braum,5,10,2,True,Win
2884858,2,NS,KT,NS,KT,Blue,Jayce,1,2,1,True,Win
2884858,2,NS,KT,NS,KT,Blue,Rumble,2,4,1,True,Win
2884858,2,NS,KT,NS,KT,Blue,Varus,3,6,1,True,Win
2884858,2,NS,KT,NS,KT,Blue,Braum,4,7,2,True,Win
2884858,2,NS,KT,NS,KT,Blue,Ziggs,5,9,2,True,Win
2884858,2,NS,KT,KT,NS,Red,Malphite,1,1,1,False,Loss
2884858,2,NS,KT,KT,NS,Red,Nocturne,2,3,1,False,Loss
2884858,2,NS,KT,KT,NS,Red,Jarvan IV,3,5,1,False,Loss
2884858,2,NS,KT,KT,NS,Red,Aphelios,4,8,2,False,Loss
2884858,2,NS,KT,KT,NS,Red,Rakan,5,10,2,False,Loss
2884858,3,NS,KT,NS,KT,Blue,Aurora,1,1,1,False,Loss
2884858,3,NS,KT,NS,KT,Blue,Jarvan IV,2,3,1,False,Loss
2884858,3,NS,KT,NS,KT,Blue,Sylas,3,5,1,False,Loss
2884858,3,NS,KT,NS,KT,Blue,Zoe,4,8,2,False,Loss
2884858,3,NS,KT,NS,KT,Blue,Jax,5,10,2,False,Loss
2884858,3,NS,KT,KT,NS,Red,Rumble,1,2,1,True,Win
2884858,3,NS,KT,KT,NS,Red,Jayce,2,4,1,True,Win
2884858,3,NS,KT,KT,NS,Red,Varus,3,6,1,True,Win
2884858,3,NS,KT,KT,NS,Red,Akali,4,7,2,True,Win
2884858,3,NS,KT,KT,NS,Red,Kennen,5,9,2,True,Win
2884858,4,KT,NS,KT,NS,Blue,Rumble,1,2,1,True,Win
2884858,4,KT,NS,KT,NS,Blue,Jayce,2,4,1,True,Win
2884858,4,KT,NS,KT,NS,Blue,Varus,3,6,1,True,Win
2884858,4,KT,NS,KT,NS,Blue,Bard,4,7,2,True,Win
2884858,4,KT,NS,KT,NS,Blue,Elise,5,9,2,True,Win
2884858,4,KT,NS,NS,KT,Red,Nocturne,1,1,1,False,Loss
2884858,4,KT,NS,NS,KT,Red,Aurora,2,3,1,False,Loss
2884858,4,KT,NS,NS,KT,Red,Leona,3,5,1,False,Loss
2884858,4,KT,NS,NS,KT,Red,Trundle,4,8,2,False,Loss
2884858,4,KT,NS,NS,KT,Red,Gwen,5,10,2,False,Loss
2884858,5,KT,NS,KT,NS,Blue,Rumble,1,2,1,False,Loss
2884858,5,KT,NS,KT,NS,Blue,Jayce,2,4,1,False,Loss
2884858,5,KT,NS,KT,NS,Blue,Varus,3,6,1,False,Loss
2884858,5,KT,NS,KT,NS,Blue,Leona,4,7,2,False,Loss
2884858,5,KT,NS,KT,NS,Blue,Rell,5,9,2,False,Loss
2884858,5,KT,NS,NS,KT,Red,Alistar,1,1,1,True,Win
2884858,5,KT,NS,NS,KT,Red,Gwen,2,3,1,True,Win
2884858,5,KT,NS,NS,KT,Red,Zoe,3,5,1,True,Win
2884858,5,KT,NS,NS,KT,Red,Xayah,4,8,2,True,Win
2884858,5,KT,NS,NS,KT,Red,Zeri,5,10,2,True,Win
2884859,3,DK,T1,DK,T1,Blue,Jayce,1,1,1,False,Loss
2884859,3,DK,T1,DK,T1,Blue,Bard,2,3,1,False,Loss
2884859,3,DK,T1,DK,T1,Blue,Nocturne,3,5,1,False,Loss
2884859,3,DK,T1,DK,T1,Blue,Sivir,4,8,2,False,Loss
2884859,3,DK,T1,DK,T1,Blue,Kai'Sa,5,10,2,False,Loss
2884859,3,DK,T1,T1,DK,Red,Malphite,1,2,1,True,Win
2884859,3,DK,T1,T1,DK,Red,Varus,2,4,1,True,Win
2884859,3,DK,T1,T1,DK,Red,Vi,3,6,1,True,Win
2884859,3,DK,T1,T1,DK,Red,Yunara,4,7,2,True,Win
2884859,3,DK,T1,T1,DK,Red,Nami,5,9,2,True,Win
2884859,4,T1,DK,T1,DK,Blue,Malphite,1,1,1,True,Win
2884859,4,T1,DK,T1,DK,Blue,Varus,2,3,1,True,Win
2884859,4,T1,DK,T1,DK,Blue,Gwen,3,5,1,True,Win
2884859,4,T1,DK,T1,DK,Blue,Rek'Sai,4,8,2,True,Win
2884859,4,T1,DK,T1,DK,Blue,Nami,5,10,2,True,Win
2884859,4,T1,DK,DK,T1,Red,Jayce,1,2,1,False,Loss
2884859,4,T1,DK,DK,T1,Red,Bard,2,4,1,False,Loss
2884859,4,T1,DK,DK,T1,Red,Aphelios,3,6,1,False,Loss
2884859,4,T1,DK,DK,T1,Red,Yunara,4,7,2,False,Loss
2884859,4,T1,DK,DK,T1,Red,Ashe,5,9,2,False,Loss
2884859,5,T1,DK,T1,DK,Blue,Malphite,1,1,1,True,Win
2884859,5,T1,DK,T1,DK,Blue,K'Sante,2,3,1,True,Win
2884859,5,T1,DK,T1,DK,Blue,Lulu,3,5,1,True,Win
2884859,5,T1,DK,T1,DK,Blue,Twisted Fate,4,8,2,True,Win
2884859,5,T1,DK,T1,DK,Blue,Gwen,5,10,2,True,Win
2884859,5,T1,DK,DK,T1,Red,Jayce,1,2,1,False,Loss
2884859,5,T1,DK,DK,T1,Red,Bard,2,4,1,False,Loss
2884859,5,T1,DK,DK,T1,Red,Aurora,3,6,1,False,Loss
2884859,5,T1,DK,DK,T1,Red,Blitzcrank,4,7,2,False,Loss
2884859,5,T1,DK,DK,T1,Red,Ashe,5,9,2,False,Loss
2884861,1,GEN,HLE,GEN,HLE,Blue,Jayce,1,2,1,True,Win
2884861,1,GEN,HLE,GEN,HLE,Blue,Varus,2,4,1,True,Win
2884861,1,GEN,HLE,GEN,HLE,Blue,Rumble,3,6,1,True,Win
2884861,1,GEN,HLE,GEN,HLE,Blue,Nami,4,7,2,True,Win
2884861,1,GEN,HLE,GEN,HLE,Blue,Bard,5,9,2,True,Win
2884861,1,GEN,HLE,HLE,GEN,Red,Ambessa,1,1,1,False,Loss
2884861,1,GEN,HLE,HLE,GEN,Red,Orianna,2,3,1,False,Loss
2884861,1,GEN,HLE,HLE,GEN,Red,Malphite,3,5,1,False,Loss
2884861,1,GEN,HLE,HLE,GEN,Red,Taliyah,4,8,2,False,Loss
2884861,1,GEN,HLE,HLE,GEN,Red,Akali,5,10,2,False,Loss
2884861,2,GEN,HLE,GEN,HLE,Blue,Rumble,1,2,1,True,Win
2884861,2,GEN,HLE,GEN,HLE,Blue,Varus,2,4,1,True,Win
2884861,2,GEN,HLE,GEN,HLE,Blue,Jayce,3,6,1,True,Win
2884861,2,GEN,HLE,GEN,HLE,Blue,Sivir,4,7,2,True,Win
2884861,2,GEN,HLE,GEN,HLE,Blue,Kalista,5,9,2,True,Win
2884861,2,GEN,HLE,HLE,GEN,Red,Ambessa,1,1,1,False,Loss
2884861,2,GEN,HLE,HLE,GEN,Red,Sion,2,3,1,False,Loss
2884861,2,GEN,HLE,HLE,GEN,Red,Ryze,3,5,1,False,Loss
2884861,2,GEN,HLE,HLE,GEN,Red,Ezreal,4,8,2,False,Loss
2884861,2,GEN,HLE,HLE,GEN,Red,Lucian,5,10,2,False,Loss
2884861,3,GEN,HLE,GEN,HLE,Blue,Malphite,1,1,1,True,Win
2884861,3,GEN,HLE,GEN,HLE,Blue,Ambessa,2,3,1,True,Win
2884861,3,GEN,HLE,GEN,HLE,Blue,Poppy,3,5,1,True,Win
2884861,3,GEN,HLE,GEN,HLE,Blue,Ashe,4,8,2,True,Win
2884861,3,GEN,HLE,GEN,HLE,Blue,Kalista,5,10,2,True,Win
2884861,3,GEN,HLE,HLE,GEN,Red,Varus,1,2,1,False,Loss
2884861,3,GEN,HLE,HLE,GEN,Red,Jayce,2,4,1,False,Loss
2884861,3,GEN,HLE,HLE,GEN,Red,Wukong,3,6,1,False,Loss
2884861,3,GEN,HLE,HLE,GEN,Red,Ezreal,4,7,2,False,Loss
2884861,3,GEN,HLE,HLE,GEN,Red,Lulu,5,9,2,False,Loss
2885344,1,FLY,C9,FLY,C9,Blue,Ziggs,1,2,1,False,Loss
2885344,1,FLY,C9,FLY,C9,Blue,Rumble,2,4,1,False,Loss
2885344,1,FLY,C9,FLY,C9,Blue,Azir,3,6,1,False,Loss
2885344,1,FLY,C9,FLY,C9,Blue,Nami,4,7,2,False,Loss
2885344,1,FLY,C9,FLY,C9,Blue,Bard,5,9,2,False,Loss
2885344,1,FLY,C9,C9,FLY,Red,Ambessa,1,1,1,True,Win
2885344,1,FLY,C9,C9,FLY,Red,Varus,2,3,1,True,Win
2885344,1,FLY,C9,C9,FLY,Red,Orianna,3,5,1,True,Win
2885344,1,FLY,C9,C9,FLY,Red,Aurora,4,8,2,True,Win
2885344,1,FLY,C9,C9,FLY,Red,Braum,5,10,2,True,Win
2885344,2,C9,FLY,C9,FLY,Blue,Ambessa,1,2,1,False,Loss
2885344,2,C9,FLY,C9,FLY,Blue,Varus,2,4,1,False,Loss
2885344,2,C9,FLY,C9,FLY,Blue,Dr. Mundo,3,6,1,False,Loss
2885344,2,C9,FLY,C9,FLY,Blue,Nocturne,4,7,2,False,Loss
2885344,2,C9,FLY,C9,FLY,Blue,Gwen,5,9,2,False,Loss
2885344,2,C9,FLY,FLY,C9,Red,Ziggs,1,1,1,True,Win
2885344,2,C9,FLY,FLY,C9,Red,Bard,2,3,1,True,Win
2885344,2,C9,FLY,FLY,C9,Red,Rumble,3,5,1,True,Win
2885344,2,C9,FLY,FLY,C9,Red,Pantheon,4,8,2,True,Win
2885344,2,C9,FLY,FLY,C9,Red,Jarvan IV,5,10,2,True,Win
2885344,3,C9,FLY,C9,FLY,Blue,Cassiopeia,1,1,1,True,Win
2885344,3,C9,FLY,C9,FLY,Blue,Bard,2,3,1,True,Win
2885344,3,C9,FLY,C9,FLY,Blue,Ambessa,3,5,1,True,Win
2885344,3,C9,FLY,C9,FLY,Blue,Dr. Mundo,4,8,2,True,Win
2885344,3,C9,FLY,C9,FLY,Blue,Syndra,5,10,2,True,Win
2885344,3,C9,FLY,FLY,C9,Red,Ziggs,1,2,1,False,Loss
2885344,3,C9,FLY,FLY,C9,Red,Jarvan IV,2,4,1,False,Loss
2885344,3,C9,FLY,FLY,C9,Red,Pantheon,3,6,1,False,Loss
2885344,3,C9,FLY,FLY,C9,Red,Galio,4,7,2,False,Loss
2885344,3,C9,FLY,FLY,C9,Red,Xin Zhao,5,9,2,False,Loss
2885349,1,C9,FLY,C9,FLY,Blue,Varus,1,1,1,True,Win
2885349,1,C9,FLY,C9,FLY,Blue,Orianna,2,3,1,True,Win
2885349,1,C9,FLY,C9,FLY,Blue,Karma,3,5,1,True,Win
2885349,1,C9,FLY,C9,FLY,Blue,Nami,4,8,2,True,Win
2885349,1,C9,FLY,C9,FLY,Blue,Lulu,5,10,2,True,Win
2885349,1,C9,FLY,FLY,C9,Red,Ziggs,1,2,1,False,Loss
2885349,1,C9,FLY,FLY,C9,Red,Azir,2,4,1,False,Loss
2885349,1,C9,FLY,FLY,C9,Red,Taliyah,3,6,1,False,Loss
2885349,1,C9,FLY,FLY,C9,Red,Cassiopeia,4,7,2,False,Loss
2885349,1,C9,FLY,FLY,C9,Red,Bard,5,9,2,False,Loss
2885349,2,C9,FLY,C9,FLY,Blue,Varus,1,2,1,True,Win
2885349,2,C9,FLY,C9,FLY,Blue,Orianna,2,4,1,True,Win
2885349,2,C9,FLY,C9,FLY,Blue,Karma,3,6,1,True,Win
2885349,2,C9,FLY,C9,FLY,Blue,Senna,4,7,2,True,Win
2885349,2,C9,FLY,C9,FLY,Blue,Ezreal,5,9,2,True,Win
2885349,2,C9,FLY,FLY,C9,Red,Ziggs,1,1,1,False,Loss
2885349,2,C9,FLY,FLY,C9,Red,Pantheon,2,3,1,False,Loss
2885349,2,C9,FLY,FLY,C9,Red,Nautilus,3,5,1,False,Loss
2885349,2,C9,FLY,FLY,C9,Red,Bard,4,8,2,False,Loss
2885349,2,C9,FLY,FLY,C9,Red,Rakan,5,10,2,False,Loss
2885349,3,C9,FLY,C9,FLY,Blue,Karma,1,1,1,True,Win
2885349,3,C9,FLY,C9,FLY,Blue,Cassiopeia,2,3,1,True,Win
2885349,3,C9,FLY,C9,FLY,Blue,Senna,3,5,1,True,Win
2885349,3,C9,FLY,C9,FLY,Blue,Nautilus,4,8,2,True,Win
2885349,3,C9,FLY,C9,FLY,Blue,Rakan,5,10,2,True,Win
2885349,3,C9,FLY,FLY,C9,Red,Ziggs,1,2,1,False,Loss
2885349,3,C9,FLY,FLY,C9,Red,Varus,2,4,1,False,Loss
2885349,3,C9,FLY,FLY,C9,Red,Pantheon,3,6,1,False,Loss
2885349,3,C9,FLY,FLY,C9,Red,Yorick,4,7,2,False,Loss
2885349,3,C9,FLY,FLY,C9,Red,Ezreal,5,9,2,False,Loss
2885351,1,SEN,C9,SEN,C9,Blue,Ziggs,1,2,1,False,Loss
2885351,1,SEN,C9,SEN,C9,Blue,Aurora,2,4,1,False,Loss
2885351,1,SEN,C9,SEN,C9,Blue,Neeko,3,6,1,False,Loss
2885351,1,SEN,C9,SEN,C9,Blue,Nautilus,4,7,2,False,Loss
2885351,1,SEN,C9,SEN,C9,Blue,Alistar,5,9,2,False,Loss
2885351,1,SEN,C9,C9,SEN,Red,Orianna,1,1,1,True,Win
2885351,1,SEN,C9,C9,SEN,Red,Varus,2,3,1,True,Win
2885351,1,SEN,C9,C9,SEN,Red,Rumble,3,5,1,True,Win
2885351,1,SEN,C9,C9,SEN,Red,Nami,4,8,2,True,Win
2885351,1,SEN,C9,C9,SEN,Red,Karma,5,10,2,True,Win
2885351,2,C9,SEN,C9,SEN,Blue,Orianna,1,2,1,True,Win
2885351,2,C9,SEN,C9,SEN,Blue,Azir,2,4,1,True,Win
2885351,2,C9,SEN,C9,SEN,Blue,Neeko,3,6,1,True,Win
2885351,2,C9,SEN,C9,SEN,Blue,Yone,4,7,2,True,Win
2885351,2,C9,SEN,C9,SEN,Blue,Poppy,5,9,2,True,Win
2885351,2,C9,SEN,SEN,C9,Red,Ziggs,1,1,1,False,Loss
2885351,2,C9,SEN,SEN,C9,Red,Aurora,2,3,1,False,Loss
2885351,2,C9,SEN,SEN,C9,Red,Nocturne,3,5,1,False,Loss
2885351,2,C9,SEN,SEN,C9,Red,Galio,4,8,2,False,Loss
2885351,2,C9,SEN,SEN,C9,Red,Annie,5,10,2,False,Loss
2885351,3,C9,SEN,C9,SEN,Blue,Akali,1,1,1,True,Win
2885351,3,C9,SEN,C9,SEN,Blue,Yone,2,3,1,True,Win
2885351,3,C9,SEN,C9,SEN,Blue,Orianna,3,5,1,True,Win
2885351,3,C9,SEN,C9,SEN,Blue,Galio,4,8,2,True,Win
2885351,3,C9,SEN,C9,SEN,Blue,Gwen,5,10,2,True,Win
2885351,3,C9,SEN,SEN,C9,Red,Nocturne,1,2,1,False,Loss
2885351,3,C9,SEN,SEN,C9,Red,Neeko,2,4,1,False,Loss
2885351,3,C9,SEN,SEN,C9,Red,Azir,3,6,1,False,Loss
2885351,3,C9,SEN,SEN,C9,Red,Xin Zhao,4,7,2,False,Loss
2885351,3,C9,SEN,SEN,C9,Red,Malphite,5,9,2,False,Loss
2887886,1,SLY,YUA,SLY,YUA,Blue,Malphite,1,1,1,True,Win
2887886,1,SLY,YUA,SLY,YUA,Blue,Aurora,2,3,1,True,Win
2887886,1,SLY,YUA,SLY,YUA,Blue,Poppy,3,5,1,True,Win
2887886,1,SLY,YUA,SLY,YUA,Blue,Caitlyn,4,8,2,True,Win
2887886,1,SLY,YUA,SLY,YUA,Blue,Zaahen,5,10,2,True,Win
2887886,1,SLY,YUA,YUA,SLY,Red,Rumble,1,2,1,False,Loss
2887886,1,SLY,YUA,YUA,SLY,Red,Orianna,2,4,1,False,Loss
2887886,1,SLY,YUA,YUA,SLY,Red,Jayce,3,6,1,False,Loss
2887886,1,SLY,YUA,YUA,SLY,Red,Renekton,4,7,2,False,Loss
2887886,1,SLY,YUA,YUA,SLY,Red,Wukong,5,9,2,False,Loss
2887887,1,FFL,ELS,FFL,ELS,Blue,Malphite,1,1,1,True,Win
2887887,1,FFL,ELS,FFL,ELS,Blue,Ambessa,2,3,1,True,Win
2887887,1,FFL,ELS,FFL,ELS,Blue,Zoe,3,5,1,True,Win
2887887,1,FFL,ELS,FFL,ELS,Blue,Jax,4,8,2,True,Win
2887887,1,FFL,ELS,FFL,ELS,Blue,Neeko,5,10,2,True,Win
2887887,1,FFL,ELS,ELS,FFL,Red,Jayce,1,2,1,False,Loss
2887887,1,FFL,ELS,ELS,FFL,Red,Dr. Mundo,2,4,1,False,Loss
2887887,1,FFL,ELS,ELS,FFL,Red,Rengar,3,6,1,False,Loss
2887887,1,FFL,ELS,ELS,FFL,Red,Karma,4,7,2,False,Loss
2887887,1,FFL,ELS,ELS,FFL,Red,Rumble,5,9,2,False,Loss
2892447,1,SLY,VITB,SLY,VITB,Blue,Malphite,1,1,1,True,Win
2892447,1,SLY,VITB,SLY,VITB,Blue,Fiora,2,3,1,True,Win
2892447,1,SLY,VITB,SLY,VITB,Blue,Ambessa,3,5,1,True,Win
2892447,1,SLY,VITB,SLY,VITB,Blue,Bard,4,8,2,True,Win
2892447,1,SLY,VITB,SLY,VITB,Blue,Braum,5,10,2,True,Win
2892447,1,SLY,VITB,VITB,SLY,Red,Aphelios,1,2,1,False,Loss
2892447,1,SLY,VITB,VITB,SLY,Red,Varus,2,4,1,False,Loss
2892447,1,SLY,VITB,VITB,SLY,Red,Jayce,3,6,1,False,Loss
2892447,1,SLY,VITB,VITB,SLY,Red,Vi,4,7,2,False,Loss
2892447,1,SLY,VITB,VITB,SLY,Red,Wukong,5,9,2,False,Loss
2892449,1,FK,ZYB,FK,ZYB,Blue,Caitlyn,1,1,1,True,Win
2892449,1,FK,ZYB,FK,ZYB,Blue,Kai'Sa,2,3,1,True,Win
2892449,1,FK,ZYB,FK,ZYB,Blue,Jayce,3,5,1,True,Win
2892449,1,FK,ZYB,FK,ZYB,Blue,Neeko,4,8,2,True,Win
2892449,1,FK,ZYB,FK,ZYB,Blue,Nautilus,5,10,2,True,Win
2892449,1,FK,ZYB,ZYB,FK,Red,Rengar,1,2,1,False,Loss
2892449,1,FK,ZYB,ZYB,FK,Red,Yunara,2,4,1,False,Loss
2892449,1,FK,ZYB,ZYB,FK,Red,Ryze,3,6,1,False,Loss
2892449,1,FK,ZYB,ZYB,FK,Red,Draven,4,7,2,False,Loss
2892449,1,FK,ZYB,ZYB,FK,Red,Alistar,5,9,2,False,Loss
2897347,1,SLY,SC,SLY,SC,Blue,Malphite,1,1,1,False,Loss
2897347,1,SLY,SC,SLY,SC,Blue,Jarvan IV,2,3,1,False,Loss
2897347,1,SLY,SC,SLY,SC,Blue,Yunara,3,5,1,False,Loss
2897347,1,SLY,SC,SLY,SC,Blue,Jhin,4,8,2,False,Loss
2897347,1,SLY,SC,SLY,SC,Blue,Sivir,5,10,2,False,Loss
2897347,1,SLY,SC,SC,SLY,Red,Azir,1,2,1,True,Win
2897347,1,SLY,SC,SC,SLY,Red,Jayce,2,4,1,True,Win
2897347,1,SLY,SC,SC,SLY,Red,Orianna,3,6,1,True,Win
2897347,1,SLY,SC,SC,SLY,Red,Renekton,4,7,2,True,Win
2897347,1,SLY,SC,SC,SLY,Red,Alistar,5,9,2,True,Win
2897348,1,FK,LIL,FK,LIL,Blue,Zoe,1,1,1,False,Loss
2897348,1,FK,LIL,FK,LIL,Blue,Yunara,2,3,1,False,Loss
2897348,1,FK,LIL,FK,LIL,Blue,Jarvan IV,3,5,1,False,Loss
2897348,1,FK,LIL,FK,LIL,Blue,Ezreal,4,8,2,False,Loss
2897348,1,FK,LIL,FK,LIL,Blue,Jinx,5,10,2,False,Loss
2897348,1,FK,LIL,LIL,FK,Red,Dr. Mundo,1,2,1,True,Win
2897348,1,FK,LIL,LIL,FK,Red,Varus,2,4,1,True,Win
2897348,1,FK,LIL,LIL,FK,Red,Ryze,3,6,1,True,Win
2897348,1,FK,LIL,LIL,FK,Red,Azir,4,7,2,True,Win
2897348,1,FK,LIL,LIL,FK,Red,Galio,5,9,2,True,Win
2897352,1,TLNP,FK,TLNP,FK,Blue,Jarvan IV,1,1,1,False,Loss
2897352,1,TLNP,FK,TLNP,FK,Blue,Azir,2,3,1,False,Loss
2897352,1,TLNP,FK,TLNP,FK,Blue,Varus,3,5,1,False,Loss
2897352,1,TLNP,FK,TLNP,FK,Blue,Vi,4,8,2,False,Loss
2897352,1,TLNP,FK,TLNP,FK,Blue,Xin Zhao,5,10,2,False,Loss
2897352,1,TLNP,FK,FK,TLNP,Red,Caitlyn,1,2,1,True,Win
2897352,1,TLNP,FK,FK,TLNP,Red,Jayce,2,4,1,True,Win
2897352,1,TLNP,FK,FK,TLNP,Red,Qiyana,3,6,1,True,Win
2897352,1,TLNP,FK,FK,TLNP,Red,Draven,4,7,2,True,Win
2897352,1,TLNP,FK,FK,TLNP,Red,Corki,5,9,2,True,Win
2897353,1,SLY,VITB,SLY,VITB,Blue,Malphite,1,1,1,True,Win
2897353,1,SLY,VITB,SLY,VITB,Blue,Fiora,2,3,1,True,Win
2897353,1,SLY,VITB,SLY,VITB,Blue,Ambessa,3,5,1,True,Win
2897353,1,SLY,VITB,SLY,VITB,Blue,Gwen,4,8,2,True,Win
2897353,1,SLY,VITB,SLY,VITB,Blue,Zaahen,5,10,2,True,Win
2897353,1,SLY,VITB,VITB,SLY,Red,Varus,1,2,1,False,Loss
2897353,1,SLY,VITB,VITB,SLY,Red,Yunara,2,4,1,False,Loss
2897353,1,SLY,VITB,VITB,SLY,Red,Rumble,3,6,1,False,Loss
2897353,1,SLY,VITB,VITB,SLY,Red,Alistar,4,7,2,False,Loss
2897353,1,SLY,VITB,VITB,SLY,Red,Sivir,5,9,2,False,Loss
2897356,1,SLY,BKR,SLY,BKR,Blue,Ambessa,1,1,1,True,Win
2897356,1,SLY,BKR,SLY,BKR,Blue,Orianna,2,3,1,True,Win
2897356,1,SLY,BKR,SLY,BKR,Blue,Yunara,3,5,1,True,Win
2897356,1,SLY,BKR,SLY,BKR,Blue,Rumble,4,8,2,True,Win
2897356,1,SLY,BKR,SLY,BKR,Blue,Aurora,5,10,2,True,Win
2897356,1,SLY,BKR,BKR,SLY,Red,Sion,1,2,1,False,Loss
2897356,1,SLY,BKR,BKR,SLY,Red,Neeko,2,4,1,False,Loss
2897356,1,SLY,BKR,BKR,SLY,Red,Malphite,3,6,1,False,Loss
2897356,1,SLY,BKR,BKR,SLY,Red,K'Sante,4,7,2,False,Loss
2897356,1,SLY,BKR,BKR,SLY,Red,Ornn,5,9,2,False,Loss
2897359,1,SC,FK,SC,FK,Blue,Dr. Mundo,1,1,1,True,Win
2897359,1,SC,FK,SC,FK,Blue,Azir,2,3,1,True,Win
2897359,1,SC,FK,SC,FK,Blue,Orianna,3,5,1,True,Win
2897359,1,SC,FK,SC,FK,Blue,Bard,4,8,2,True,Win
2897359,1,SC,FK,SC,FK,Blue,Sion,5,10,2,True,Win
2897359,1,SC,FK,FK,SC,Red,Jayce,1,2,1,False,Loss
2897359,1,SC,FK,FK,SC,Red,Varus,2,4,1,False,Loss
2897359,1,SC,FK,FK,SC,Red,Ambessa,3,6,1,False,Loss
2897359,1,SC,FK,FK,SC,Red,Zaahen,4,7,2,False,Loss
2897359,1,SC,FK,FK,SC,Red,Alistar,5,9,2,False,Loss
2900587,1,SLY,GL,SLY,GL,Blue,Ambessa,1,1,1,True,Win
2900587,1,SLY,GL,SLY,GL,Blue,Yunara,2,3,1,True,Win
2900587,1,SLY,GL,SLY,GL,Blue,Orianna,3,5,1,True,Win
2900587,1,SLY,GL,SLY,GL,Blue,Corki,4,8,2,True,Win
2900587,1,SLY,GL,SLY,GL,Blue,Rell,5,10,2,True,Win
2900587,1,SLY,GL,GL,SLY,Red,Jayce,1,2,1,False,Loss
2900587,1,SLY,GL,GL,SLY,Red,Varus,2,4,1,False,Loss
2900587,1,SLY,GL,GL,SLY,Red,Poppy,3,6,1,False,Loss
2900587,1,SLY,GL,GL,SLY,Red,Alistar,4,7,2,False,Loss
2900587,1,SLY,GL,GL,SLY,Red,Caitlyn,5,9,2,False,Loss
2900588,1,FK,ZYB,FK,ZYB,Blue,Caitlyn,1,1,1,True,Win
2900588,1,FK,ZYB,FK,ZYB,Blue,Kai'Sa,2,3,1,True,Win
2900588,1,FK,ZYB,FK,ZYB,Blue,Tristana,3,5,1,True,Win
2900588,1,FK,ZYB,FK,ZYB,Blue,Pantheon,4,8,2,True,Win
2900588,1,FK,ZYB,FK,ZYB,Blue,Gnar,5,10,2,True,Win
2900588,1,FK,ZYB,ZYB,FK,Red,Ryze,1,2,1,False,Loss
2900588,1,FK,ZYB,ZYB,FK,Red,Yunara,2,4,1,False,Loss
2900588,1,FK,ZYB,ZYB,FK,Red,Dr. Mundo,3,6,1,False,Loss
2900588,1,FK,ZYB,ZYB,FK,Red,Vi,4,7,2,False,Loss
2900588,1,FK,ZYB,ZYB,FK,Red,Jarvan IV,5,9,2,False,Loss
2900591,1,SLY,TLNP,SLY,TLNP,Blue,Caitlyn,1,1,1,True,Win
2900591,1,SLY,TLNP,SLY,TLNP,Blue,Ambessa,2,3,1,True,Win
2900591,1,SLY,TLNP,SLY,TLNP,Blue,Alistar,3,5,1,True,Win
2900591,1,SLY,TLNP,SLY,TLNP,Blue,Vi,4,8,2,True,Win
2900591,1,SLY,TLNP,SLY,TLNP,Blue,Pantheon,5,10,2,True,Win
2900591,1,SLY,TLNP,TLNP,SLY,Red,Azir,1,2,1,False,Loss
2900591,1,SLY,TLNP,TLNP,SLY,Red,Orianna,2,4,1,False,Loss
2900591,1,SLY,TLNP,TLNP,SLY,Red,Jayce,3,6,1,False,Loss
2900591,1,SLY,TLNP,TLNP,SLY,Red,Xin Zhao,4,7,2,False,Loss
2900591,1,SLY,TLNP,TLNP,SLY,Red,Dr. Mundo,5,9,2,False,Loss
2900594,1,FK,VITB,FK,VITB,Blue,Orianna,1,1,1,True,Win
2900594,1,FK,VITB,FK,VITB,Blue,Rumble,2,3,1,True,Win
2900594,1,FK,VITB,FK,VITB,Blue,Fiora,3,5,1,True,Win
2900594,1,FK,VITB,FK,VITB,Blue,Yunara,4,8,2,True,Win
2900594,1,FK,VITB,FK,VITB,Blue,Corki,5,10,2,True,Win
2900594,1,FK,VITB,VITB,FK,Red,Dr. Mundo,1,2,1,False,Loss
2900594,1,FK,VITB,VITB,FK,Red,Azir,2,4,1,False,Loss
2900594,1,FK,VITB,VITB,FK,Red,Varus,3,6,1,False,Loss
2900594,1,FK,VITB,VITB,FK,Red,Bard,4,7,2,False,Loss
2900594,1,FK,VITB,VITB,FK,Red,Neeko,5,9,2,False,Loss
2900596,1,SLY,ZYB,SLY,ZYB,Blue,Ambessa,1,1,1,True,Win
2900596,1,SLY,ZYB,SLY,ZYB,Blue,Caitlyn,2,3,1,True,Win
2900596,1,SLY,ZYB,SLY,ZYB,Blue,Ryze,3,5,1,True,Win
2900596,1,SLY,ZYB,SLY,ZYB,Blue,Riven,4,8,2,True,Win
2900596,1,SLY,ZYB,SLY,ZYB,Blue,Akali,5,10,2,True,Win
2900596,1,SLY,ZYB,ZYB,SLY,Red,Yunara,1,2,1,False,Loss
2900596,1,SLY,ZYB,ZYB,SLY,Red,Orianna,2,4,1,False,Loss
2900596,1,SLY,ZYB,ZYB,SLY,Red,Azir,3,6,1,False,Loss
2900596,1,SLY,ZYB,ZYB,SLY,Red,Nautilus,4,7,2,False,Loss
2900596,1,SLY,ZYB,ZYB,SLY,Red,Pyke,5,9,2,False,Loss
2900597,1,FK,JL,FK,JL,Blue,Pantheon,1,1,1,False,Loss
2900597,1,FK,JL,FK,JL,Blue,Orianna,2,3,1,False,Loss
2900597,1,FK,JL,FK,JL,Blue,Rumble,3,5,1,False,Loss
2900597,1,FK,JL,FK,JL,Blue,Jarvan IV,4,8,2,False,Loss
2900597,1,FK,JL,FK,JL,Blue,Jax,5,10,2,False,Loss
2900597,1,FK,JL,JL,FK,Red,Dr. Mundo,1,2,1,True,Win
2900597,1,FK,JL,JL,FK,Red,Ryze,2,4,1,True,Win
2900597,1,FK,JL,JL,FK,Red,Azir,3,6,1,True,Win
2900597,1,FK,JL,JL,FK,Red,Nautilus,4,7,2,True,Win
2900597,1,FK,JL,JL,FK,Red,Alistar,5,9,2,True,Win
2900603,1,JL,SLY,JL,SLY,Blue,Sion,1,1,1,False,Loss
2900603,1,JL,SLY,JL,SLY,Blue,Azir,2,3,1,False,Loss
2900603,1,JL,SLY,JL,SLY,Blue,Xin Zhao,3,5,1,False,Loss
2900603,1,JL,SLY,JL,SLY,Blue,Dr. Mundo,4,8,2,False,Loss
2900603,1,JL,SLY,JL,SLY,Blue,Nautilus,5,10,2,False,Loss
2900603,1,JL,SLY,SLY,JL,Red,Caitlyn,1,2,1,True,Win
2900603,1,JL,SLY,SLY,JL,Red,Yunara,2,4,1,True,Win
2900603,1,JL,SLY,SLY,JL,Red,Orianna,3,6,1,True,Win
2900603,1,JL,SLY,SLY,JL,Red,Jhin,4,7,2,True,Win
2900603,1,JL,SLY,SLY,JL,Red,Ezreal,5,9,2,True,Win
2900604,1,FK,BKR,FK,BKR,Blue,Ambessa,1,1,1,True,Win
2900604,1,FK,BKR,FK,BKR,Blue,Yunara,2,3,1,True,Win
2900604,1,FK,BKR,FK,BKR,Blue,Jarvan IV,3,5,1,True,Win
2900604,1,FK,BKR,FK,BKR,Blue,K'Sante,4,8,2,True,Win
2900604,1,FK,BKR,FK,BKR,Blue,Nautilus,5,10,2,True,Win
2900604,1,FK,BKR,BKR,FK,Red,Ryze,1,2,1,False,Loss
2900604,1,FK,BKR,BKR,FK,Red,Azir,2,4,1,False,Loss
2900604,1,FK,BKR,BKR,FK,Red,Dr. Mundo,3,6,1,False,Loss
2900604,1,FK,BKR,BKR,FK,Red,Malphite,4,7,2,False,Loss
2900604,1,FK,BKR,BKR,FK,Red,Nocturne,5,9,2,False,Loss
2901028,1,TH,G2,TH,G2,Blue,Azir,1,1,1,False,Loss
2901028,1,TH,G2,TH,G2,Blue,Pantheon,2,3,1,False,Loss
2901028,1,TH,G2,TH,G2,Blue,Neeko,3,5,1,False,Loss
2901028,1,TH,G2,TH,G2,Blue,Kennen,4,8,2,False,Loss
2901028,1,TH,G2,TH,G2,Blue,Ezreal,5,10,2,False,Loss
2901028,1,TH,G2,G2,TH,Red,Varus,1,2,1,True,Win
2901028,1,TH,G2,G2,TH,Red,Rumble,2,4,1,True,Win
2901028,1,TH,G2,G2,TH,Red,Orianna,3,6,1,True,Win
2901028,1,TH,G2,G2,TH,Red,Thresh,4,7,2,True,Win
2901028,1,TH,G2,G2,TH,Red,Nautilus,5,9,2,True,Win
2901028,2,G2,TH,G2,TH,Blue,Rumble,1,1,1,True,Win
2901028,2,G2,TH,G2,TH,Blue,Yunara,2,3,1,True,Win
2901028,2,G2,TH,G2,TH,Blue,Ambessa,3,5,1,True,Win
2901028,2,G2,TH,G2,TH,Blue,Jhin,4,8,2,True,Win
2901028,2,G2,TH,G2,TH,Blue,Corki,5,10,2,True,Win
2901028,2,G2,TH,TH,G2,Red,Xin Zhao,1,2,1,False,Loss
2901028,2,G2,TH,TH,G2,Red,Varus,2,4,1,False,Loss
2901028,2,G2,TH,TH,G2,Red,Poppy,3,6,1,False,Loss
2901028,2,G2,TH,TH,G2,Red,Nocturne,4,7,2,False,Loss
2901028,2,G2,TH,TH,G2,Red,Jarvan IV,5,9,2,False,Loss
2901029,1,KC,GX,KC,GX,Blue,Vi,1,1,1,True,Win
2901029,1,KC,GX,KC,GX,Blue,Yone,2,3,1,True,Win
2901029,1,KC,GX,KC,GX,Blue,Jhin,3,5,1,True,Win
2901029,1,KC,GX,KC,GX,Blue,K'Sante,4,8,2,True,Win
2901029,1,KC,GX,KC,GX,Blue,Sion,5,10,2,True,Win
2901029,1,KC,GX,GX,KC,Red,Ambessa,1,2,1,False,Loss
2901029,1,KC,GX,GX,KC,Red,Azir,2,4,1,False,Loss
2901029,1,KC,GX,GX,KC,Red,Yunara,3,6,1,False,Loss
2901029,1,KC,GX,GX,KC,Red,Karma,4,7,2,False,Loss
2901029,1,KC,GX,GX,KC,Red,Nautilus,5,9,2,False,Loss
2901029,2,GX,KC,GX,KC,Blue,Ambessa,1,1,1,False,Loss
2901029,2,GX,KC,GX,KC,Blue,Nautilus,2,3,1,False,Loss
2901029,2,GX,KC,GX,KC,Blue,Taliyah,3,5,1,False,Loss
2901029,2,GX,KC,GX,KC,Blue,Alistar,4,8,2,False,Loss
2901029,2,GX,KC,GX,KC,Blue,Gnar,5,10,2,False,Loss
2901029,2,GX,KC,KC,GX,Red,Sion,1,2,1,True,Win
2901029,2,GX,KC,KC,GX,Red,Neeko,2,4,1,True,Win
2901029,2,GX,KC,KC,GX,Red,Caitlyn,3,6,1,True,Win
2901029,2,GX,KC,KC,GX,Red,Dr. Mundo,4,7,2,True,Win
2901029,2,GX,KC,KC,GX,Red,Pantheon,5,9,2,True,Win
2901030,1,G2,KC,G2,KC,Blue,Varus,1,2,1,True,Win
2901030,1,G2,KC,G2,KC,Blue,Rumble,2,4,1,True,Win
2901030,1,G2,KC,G2,KC,Blue,Yunara,3,6,1,True,Win
2901030,1,G2,KC,G2,KC,Blue,Xin Zhao,4,7,2,True,Win
2901030,1,G2,KC,G2,KC,Blue,Jarvan IV,5,9,2,True,Win
2901030,1,G2,KC,KC,G2,Red,Orianna,1,1,1,False,Loss
2901030,1,G2,KC,KC,G2,Red,Caitlyn,2,3,1,False,Loss
2901030,1,G2,KC,KC,G2,Red,K'Sante,3,5,1,False,Loss
2901030,1,G2,KC,KC,G2,Red,Nautilus,4,8,2,False,Loss
2901030,1,G2,KC,KC,G2,Red,Alistar,5,10,2,False,Loss
2901030,2,G2,KC,G2,KC,Blue,Varus,1,2,1,False,Loss
2901030,2,G2,KC,G2,KC,Blue,Yunara,2,4,1,False,Loss
2901030,2,G2,KC,G2,KC,Blue,Orianna,3,6,1,False,Loss
2901030,2,G2,KC,G2,KC,Blue,Alistar,4,7,2,False,Loss
2901030,2,G2,KC,G2,KC,Blue,Rell,5,9,2,False,Loss
2901030,2,G2,KC,KC,G2,Red,Caitlyn,1,1,1,False,Loss
2901030,2,G2,KC,KC,G2,Red,Poppy,2,3,1,False,Loss
2901030,2,G2,KC,KC,G2,Red,Renekton,3,5,1,False,Loss
2901030,2,G2,KC,KC,G2,Red,Rakan,4,8,2,False,Loss
2901030,2,G2,KC,KC,G2,Red,Nautilus,5,10,2,False,Loss
2901030,3,G2,KC,G2,KC,Blue,Varus,1,2,1,True,Win
2901030,3,G2,KC,G2,KC,Blue,Yunara,2,4,1,True,Win
2901030,3,G2,KC,G2,KC,Blue,Orianna,3,6,1,True,Win
2901030,3,G2,KC,G2,KC,Blue,Alistar,4,7,2,True,Win
2901030,3,G2,KC,G2,KC,Blue,Rell,5,9,2,True,Win
2901030,3,G2,KC,KC,G2,Red,Caitlyn,1,1,1,False,Loss
2901030,3,G2,KC,KC,G2,Red,Poppy,2,3,1,False,Loss
2901030,3,G2,KC,KC,G2,Red,Renekton,3,5,1,False,Loss
2901030,3,G2,KC,KC,G2,Red,Rakan,4,8,2,False,Loss
2901030,3,G2,KC,KC,G2,Red,Nautilus,5,10,2,False,Loss
2901031,1,MKOI,NAVI,MKOI,NAVI,Blue,Yunara,1,1,1,True,Win
2901031,1,MKOI,NAVI,MKOI,NAVI,Blue,Orianna,2,3,1,True,Win
2901031,1,MKOI,NAVI,MKOI,NAVI,Blue,Ambessa,3,5,1,True,Win
2901031,1,MKOI,NAVI,MKOI,NAVI,Blue,Pantheon,4,8,2,True,Win
2901031,1,MKOI,NAVI,MKOI,NAVI,Blue,Dr. Mundo,5,10,2,True,Win
2901031,1,MKOI,NAVI,NAVI,MKOI,Red,Vi,1,2,1,False,Loss
2901031,1,MKOI,NAVI,NAVI,MKOI,Red,Varus,2,4,1,False,Loss
2901031,1,MKOI,NAVI,NAVI,MKOI,Red,Jarvan IV,3,6,1,False,Loss
2901031,1,MKOI,NAVI,NAVI,MKOI,Red,Karma,4,7,2,False,Loss
2901031,1,MKOI,NAVI,NAVI,MKOI,Red,K'Sante,5,9,2,False,Loss
2901031,2,MKOI,NAVI,MKOI,NAVI,Blue,Yunara,1,1,1,True,Win
2901031,2,MKOI,NAVI,MKOI,NAVI,Blue,Ambessa,2,3,1,True,Win
2901031,2,MKOI,NAVI,MKOI,NAVI,Blue,Orianna,3,5,1,True,Win
2901031,2,MKOI,NAVI,MKOI,NAVI,Blue,Caitlyn,4,8,2,True,Win
2901031,2,MKOI,NAVI,MKOI,NAVI,Blue,Jhin,5,10,2,True,Win
2901031,2,MKOI,NAVI,NAVI,MKOI,Red,Vi,1,2,1,False,Loss
2901031,2,MKOI,NAVI,NAVI,MKOI,Red,Varus,2,4,1,False,Loss
2901031,2,MKOI,NAVI,NAVI,MKOI,Red,Jarvan IV,3,6,1,False,Loss
2901031,2,MKOI,NAVI,NAVI,MKOI,Red,Cassiopeia,4,7,2,False,Loss
2901031,2,MKOI,NAVI,NAVI,MKOI,Red,Taliyah,5,9,2,False,Loss
2901032,1,GX,TH,GX,TH,Blue,Dr. Mundo,1,1,1,True,Win
2901032,1,GX,TH,GX,TH,Blue,Ambessa,2,3,1,True,Win
2901032,1,GX,TH,GX,TH,Blue,Yunara,3,5,1,True,Win
2901032,1,GX,TH,GX,TH,Blue,Nautilus,4,8,2,True,Win
2901032,1,GX,TH,GX,TH,Blue,Jarvan IV,5,10,2,True,Win
2901032,1,GX,TH,TH,GX,Red,Orianna,1,2,1,False,Loss
2901032,1,GX,TH,TH,GX,Red,Xin Zhao,2,4,1,False,Loss
2901032,1,GX,TH,TH,GX,Red,Pantheon,3,6,1,False,Loss
2901032,1,GX,TH,TH,GX,Red,Alistar,4,7,2,False,Loss
2901032,1,GX,TH,TH,GX,Red,Neeko,5,9,2,False,Loss
2901032,2,GX,TH,GX,TH,Blue,Dr. Mundo,1,1,1,False,Loss
2901032,2,GX,TH,GX,TH,Blue,Ambessa,2,3,1,False,Loss
2901032,2,GX,TH,GX,TH,Blue,Yunara,3,5,1,False,Loss
2901032,2,GX,TH,GX,TH,Blue,Nautilus,4,8,2,False,Loss
2901032,2,GX,TH,GX,TH,Blue,Aphelios,5,10,2,False,Loss
2901032,2,GX,TH,TH,GX,Red,Orianna,1,2,1,True,Win
2901032,2,GX,TH,TH,GX,Red,Caitlyn,2,4,1,True,Win
2901032,2,GX,TH,TH,GX,Red,Jarvan IV,3,6,1,True,Win
2901032,2,GX,TH,TH,GX,Red,Neeko,4,7,2,True,Win
2901032,2,GX,TH,TH,GX,Red,Ashe,5,9,2,True,Win
2901032,3,GX,TH,GX,TH,Blue,Dr. Mundo,1,2,1,False,Loss
2901032,3,GX,TH,GX,TH,Blue,Orianna,2,4,1,False,Loss
2901032,3,GX,TH,GX,TH,Blue,Yunara,3,6,1,False,Loss
2901032,3,GX,TH,GX,TH,Blue,Akali,4,7,2,False,Loss
2901032,3,GX,TH,GX,TH,Blue,Aurelion Sol,5,9,2,False,Loss
2901032,3,GX,TH,TH,GX,Red,Caitlyn,1,1,1,False,Loss
2901032,3,GX,TH,TH,GX,Red,Neeko,2,3,1,False,Loss
2901032,3,GX,TH,TH,GX,Red,Ashe,3,5,1,False,Loss
2901032,3,GX,TH,TH,GX,Red,Renekton,4,8,2,False,Loss
2901032,3,GX,TH,TH,GX,Red,Blitzcrank,5,10,2,False,Loss
2901034,1,VIT,FNC,VIT,FNC,Blue,Vi,1,2,1,True,Win
2901034,1,VIT,FNC,VIT,FNC,Blue,Rumble,2,4,1,True,Win
2901034,1,VIT,FNC,VIT,FNC,Blue,Pantheon,3,6,1,True,Win
2901034,1,VIT,FNC,VIT,FNC,Blue,Nautilus,4,7,2,True,Win
2901034,1,VIT,FNC,VIT,FNC,Blue,Neeko,5,9,2,True,Win
2901034,1,VIT,FNC,FNC,VIT,Red,Dr. Mundo,1,1,1,False,Loss
2901034,1,VIT,FNC,FNC,VIT,Red,Varus,2,3,1,False,Loss
2901034,1,VIT,FNC,FNC,VIT,Red,Zaahen,3,5,1,False,Loss
2901034,1,VIT,FNC,FNC,VIT,Red,Jarvan IV,4,8,2,False,Loss
2901034,1,VIT,FNC,FNC,VIT,Red,Gwen,5,10,2,False,Loss
2901034,2,VIT,FNC,VIT,FNC,Blue,Vi,1,1,1,True,Win
2901034,2,VIT,FNC,VIT,FNC,Blue,Rumble,2,3,1,True,Win
2901034,2,VIT,FNC,VIT,FNC,Blue,Nautilus,3,5,1,True,Win
2901034,2,VIT,FNC,VIT,FNC,Blue,Ambessa,4,8,2,True,Win
2901034,2,VIT,FNC,VIT,FNC,Blue,Neeko,5,10,2,True,Win
2901034,2,VIT,FNC,FNC,VIT,Red,Varus,1,2,1,False,Loss
2901034,2,VIT,FNC,FNC,VIT,Red,Pantheon,2,4,1,False,Loss
2901034,2,VIT,FNC,FNC,VIT,Red,Zoe,3,6,1,False,Loss
2901034,2,VIT,FNC,FNC,VIT,Red,Jayce,4,7,2,False,Loss
2901034,2,VIT,FNC,FNC,VIT,Red,Dr. Mundo,5,9,2,False,Loss
2901035,1,VIT,KC,VIT,KC,Blue,Varus,1,2,1,True,Win
2901035,1,VIT,KC,VIT,KC,Blue,Azir,2,4,1,True,Win
2901035,1,VIT,KC,VIT,KC,Blue,Orianna,3,6,1,True,Win
2901035,1,VIT,KC,VIT,KC,Blue,Rumble,4,7,2,True,Win
2901035,1,VIT,KC,VIT,KC,Blue,Nautilus,5,9,2,True,Win
2901035,1,VIT,KC,KC,VIT,Red,Pantheon,1,1,1,False,Loss
2901035,1,VIT,KC,KC,VIT,Red,Gwen,2,3,1,False,Loss
2901035,1,VIT,KC,KC,VIT,Red,Nami,3,5,1,False,Loss
2901035,1,VIT,KC,KC,VIT,Red,Bard,4,8,2,False,Loss
2901035,1,VIT,KC,KC,VIT,Red,Renekton,5,10,2,False,Loss
2901035,2,VIT,KC,VIT,KC,Blue,Varus,1,2,1,False,Loss
2901035,2,VIT,KC,VIT,KC,Blue,Rumble,2,4,1,False,Loss
2901035,2,VIT,KC,VIT,KC,Blue,Sion,3,6,1,False,Loss
2901035,2,VIT,KC,VIT,KC,Blue,Ashe,4,7,2,False,Loss
2901035,2,VIT,KC,VIT,KC,Blue,Braum,5,9,2,False,Loss
2901035,2,VIT,KC,KC,VIT,Red,Pantheon,1,1,1,True,Win
2901035,2,VIT,KC,KC,VIT,Red,K'Sante,2,3,1,True,Win
2901035,2,VIT,KC,KC,VIT,Red,Gwen,3,5,1,True,Win
2901035,2,VIT,KC,KC,VIT,Red,Nami,4,8,2,True,Win
2901035,2,VIT,KC,KC,VIT,Red,Nautilus,5,10,2,True,Win
2901035,3,VIT,KC,VIT,KC,Blue,Varus,1,2,1,False,Loss
2901035,3,VIT,KC,VIT,KC,Blue,Aphelios,2,4,1,False,Loss
2901035,3,VIT,KC,VIT,KC,Blue,Bard,3,6,1,False,Loss
2901035,3,VIT,KC,VIT,KC,Blue,Sivir,4,7,2,False,Loss
2901035,3,VIT,KC,VIT,KC,Blue,Lucian,5,9,2,False,Loss
2901035,3,VIT,KC,KC,VIT,Red,Kai'Sa,1,1,1,True,Win
2901035,3,VIT,KC,KC,VIT,Red,Pantheon,2,3,1,True,Win
2901035,3,VIT,KC,KC,VIT,Red,Jayce,3,5,1,True,Win
2901035,3,VIT,KC,KC,VIT,Red,Ashe,4,8,2,True,Win
2901035,3,VIT,KC,KC,VIT,Red,Nautilus,5,10,2,True,Win
2901036,1,NAVI,GX,NAVI,GX,Blue,Vi,1,1,1,True,Win
2901036,1,NAVI,GX,NAVI,GX,Blue,Jarvan IV,2,3,1,True,Win
2901036,1,NAVI,GX,NAVI,GX,Blue,Rumble,3,5,1,True,Win
2901036,1,NAVI,GX,NAVI,GX,Blue,Taliyah,4,8,2,True,Win
2901036,1,NAVI,GX,NAVI,GX,Blue,Yone,5,10,2,True,Win
2901036,1,NAVI,GX,GX,NAVI,Red,Ambessa,1,2,1,False,Loss
2901036,1,NAVI,GX,GX,NAVI,Red,Zaahen,2,4,1,False,Loss
2901036,1,NAVI,GX,GX,NAVI,Red,Orianna,3,6,1,False,Loss
2901036,1,NAVI,GX,GX,NAVI,Red,Nautilus,4,7,2,False,Loss
2901036,1,NAVI,GX,GX,NAVI,Red,Xin Zhao,5,9,2,False,Loss
2901036,2,NAVI,GX,NAVI,GX,Blue,Orianna,1,2,1,False,Loss
2901036,2,NAVI,GX,NAVI,GX,Blue,Rumble,2,4,1,False,Loss
2901036,2,NAVI,GX,NAVI,GX,Blue,Vi,3,6,1,False,Loss
2901036,2,NAVI,GX,NAVI,GX,Blue,Caitlyn,4,7,2,False,Loss
2901036,2,NAVI,GX,NAVI,GX,Blue,Lucian,5,9,2,False,Loss
2901036,2,NAVI,GX,GX,NAVI,Red,Ambessa,1,1,1,True,Win
2901036,2,NAVI,GX,GX,NAVI,Red,Zaahen,2,3,1,True,Win
2901036,2,NAVI,GX,GX,NAVI,Red,Taliyah,3,5,1,True,Win
2901036,2,NAVI,GX,GX,NAVI,Red,Yunara,4,8,2,True,Win
2901036,2,NAVI,GX,GX,NAVI,Red,Nautilus,5,10,2,True,Win
2901036,3,GX,NAVI,GX,NAVI,Blue,Orianna,1,2,1,True,Win
2901036,3,GX,NAVI,GX,NAVI,Blue,Zaahen,2,4,1,True,Win
2901036,3,GX,NAVI,GX,NAVI,Blue,Ambessa,3,6,1,True,Win
2901036,3,GX,NAVI,GX,NAVI,Blue,Trundle,4,7,2,True,Win
2901036,3,GX,NAVI,GX,NAVI,Blue,Naafiri,5,9,2,True,Win
2901036,3,GX,NAVI,NAVI,GX,Red,Caitlyn,1,1,1,False,Loss
2901036,3,GX,NAVI,NAVI,GX,Red,Poppy,2,3,1,False,Loss
2901036,3,GX,NAVI,NAVI,GX,Red,Vi,3,5,1,False,Loss
2901036,3,GX,NAVI,NAVI,GX,Red,Nocturne,4,8,2,False,Loss
2901036,3,GX,NAVI,NAVI,GX,Red,Akali,5,10,2,False,Loss
2901037,1,G2,MKOI,G2,MKOI,Blue,Yunara,1,1,1,True,Win
2901037,1,G2,MKOI,G2,MKOI,Blue,Rumble,2,3,1,True,Win
2901037,1,G2,MKOI,G2,MKOI,Blue,Azir,3,5,1,True,Win
2901037,1,G2,MKOI,G2,MKOI,Blue,Kai'Sa,4,8,2,True,Win
2901037,1,G2,MKOI,G2,MKOI,Blue,Gwen,5,10,2,True,Win
2901037,1,G2,MKOI,MKOI,G2,Red,Varus,1,2,1,False,Loss
2901037,1,G2,MKOI,MKOI,G2,Red,Dr. Mundo,2,4,1,False,Loss
2901037,1,G2,MKOI,MKOI,G2,Red,Poppy,3,6,1,False,Loss
2901037,1,G2,MKOI,MKOI,G2,Red,K'Sante,4,7,2,False,Loss
2901037,1,G2,MKOI,MKOI,G2,Red,Renekton,5,9,2,False,Loss
2901037,2,G2,MKOI,G2,MKOI,Blue,Varus,1,2,1,True,Win
2901037,2,G2,MKOI,G2,MKOI,Blue,Azir,2,4,1,True,Win
2901037,2,G2,MKOI,G2,MKOI,Blue,Pantheon,3,6,1,True,Win
2901037,2,G2,MKOI,G2,MKOI,Blue,Elise,4,7,2,True,Win
2901037,2,G2,MKOI,G2,MKOI,Blue,Karma,5,9,2,True,Win
2901037,2,G2,MKOI,MKOI,G2,Red,Dr. Mundo,1,1,1,False,Loss
2901037,2,G2,MKOI,MKOI,G2,Red,Yunara,2,3,1,False,Loss
2901037,2,G2,MKOI,MKOI,G2,Red,Anivia,3,5,1,False,Loss
2901037,2,G2,MKOI,MKOI,G2,Red,Jhin,4,8,2,False,Loss
2901037,2,G2,MKOI,MKOI,G2,Red,Nami,5,10,2,False,Loss
2901037,3,G2,MKOI,G2,MKOI,Blue,Aphelios,1,1,1,True,Win
2901037,3,G2,MKOI,G2,MKOI,Blue,Gwen,2,3,1,True,Win
2901037,3,G2,MKOI,G2,MKOI,Blue,Nami,3,5,1,True,Win
2901037,3,G2,MKOI,G2,MKOI,Blue,Nocturne,4,8,2,True,Win
2901037,3,G2,MKOI,G2,MKOI,Blue,Pantheon,5,10,2,True,Win
2901037,3,G2,MKOI,MKOI,G2,Red,Varus,1,2,1,False,Loss
2901037,3,G2,MKOI,MKOI,G2,Red,Azir,2,4,1,False,Loss
2901037,3,G2,MKOI,MKOI,G2,Red,Dr. Mundo,3,6,1,False,Loss
2901037,3,G2,MKOI,MKOI,G2,Red,Aatrox,4,7,2,False,Loss
2901037,3,G2,MKOI,MKOI,G2,Red,Poppy,5,9,2,False,Loss
2901038,1,GX,KC,GX,KC,Blue,Yunara,1,2,1,False,Loss
2901038,1,GX,KC,GX,KC,Blue,Varus,2,4,1,False,Loss
2901038,1,GX,KC,GX,KC,Blue,Galio,3,6,1,False,Loss
2901038,1,GX,KC,GX,KC,Blue,Kai'Sa,4,7,2,False,Loss
2901038,1,GX,KC,GX,KC,Blue,Ezreal,5,9,2,False,Loss
2901038,1,GX,KC,KC,GX,Red,Vi,1,1,1,True,Win
2901038,1,GX,KC,KC,GX,Red,Gwen,2,3,1,True,Win
2901038,1,GX,KC,KC,GX,Red,Renekton,3,5,1,True,Win
2901038,1,GX,KC,KC,GX,Red,Nami,4,8,2,True,Win
2901038,1,GX,KC,KC,GX,Red,Nautilus,5,10,2,True,Win
2901038,2,GX,KC,GX,KC,Blue,Yunara,1,1,1,False,Loss
2901038,2,GX,KC,GX,KC,Blue,Ambessa,2,3,1,False,Loss
2901038,2,GX,KC,GX,KC,Blue,Zaahen,3,5,1,False,Loss
2901038,2,GX,KC,GX,KC,Blue,Gwen,4,8,2,False,Loss
2901038,2,GX,KC,GX,KC,Blue,Gnar,5,10,2,False,Loss
2901038,2,GX,KC,KC,GX,Red,Varus,1,2,1,True,Win
2901038,2,GX,KC,KC,GX,Red,Ryze,2,4,1,True,Win
2901038,2,GX,KC,KC,GX,Red,Vi,3,6,1,True,Win
2901038,2,GX,KC,KC,GX,Red,Nidalee,4,7,2,True,Win
2901038,2,GX,KC,KC,GX,Red,Pantheon,5,9,2,True,Win
2901038,3,GX,KC,GX,KC,Blue,Yunara,1,1,1,False,Loss
2901038,3,GX,KC,GX,KC,Blue,Ambessa,2,3,1,False,Loss
2901038,3,GX,KC,GX,KC,Blue,Jayce,3,5,1,False,Loss
2901038,3,GX,KC,GX,KC,Blue,Gwen,4,8,2,False,Loss
2901038,3,GX,KC,GX,KC,Blue,Wukong,5,10,2,False,Loss
2901038,3,GX,KC,KC,GX,Red,Varus,1,2,1,True,Win
2901038,3,GX,KC,KC,GX,Red,Ryze,2,4,1,True,Win
2901038,3,GX,KC,KC,GX,Red,Caitlyn,3,6,1,True,Win
2901038,3,GX,KC,KC,GX,Red,Akali,4,7,2,True,Win
2901038,3,GX,KC,KC,GX,Red,Cassiopeia,5,9,2,True,Win
2901039,1,MKOI,KC,MKOI,KC,Blue,Yunara,1,1,1,True,Win
2901039,1,MKOI,KC,MKOI,KC,Blue,Bard,2,3,1,True,Win
2901039,1,MKOI,KC,MKOI,KC,Blue,Renekton,3,5,1,True,Win
2901039,1,MKOI,KC,MKOI,KC,Blue,Karma,4,8,2,True,Win
2901039,1,MKOI,KC,MKOI,KC,Blue,Poppy,5,10,2,True,Win
2901039,1,MKOI,KC,KC,MKOI,Red,Rumble,1,2,1,False,Loss
2901039,1,MKOI,KC,KC,MKOI,Red,Neeko,2,4,1,False,Loss
2901039,1,MKOI,KC,KC,MKOI,Red,Taliyah,3,6,1,False,Loss
2901039,1,MKOI,KC,KC,MKOI,Red,Nami,4,7,2,False,Loss
2901039,1,MKOI,KC,KC,MKOI,Red,Kai'Sa,5,9,2,False,Loss
2901039,2,MKOI,KC,MKOI,KC,Blue,Rumble,1,2,1,False,Loss
2901039,2,MKOI,KC,MKOI,KC,Blue,Dr. Mundo,2,4,1,False,Loss
2901039,2,MKOI,KC,MKOI,KC,Blue,Bard,3,6,1,False,Loss
2901039,2,MKOI,KC,MKOI,KC,Blue,Nocturne,4,7,2,False,Loss
2901039,2,MKOI,KC,MKOI,KC,Blue,Malphite,5,9,2,False,Loss
2901039,2,MKOI,KC,KC,MKOI,Red,Vi,1,1,1,True,Win
2901039,2,MKOI,KC,KC,MKOI,Red,Gwen,2,3,1,True,Win
2901039,2,MKOI,KC,KC,MKOI,Red,Nautilus,3,5,1,True,Win
2901039,2,MKOI,KC,KC,MKOI,Red,Anivia,4,8,2,True,Win
2901039,2,MKOI,KC,KC,MKOI,Red,Taliyah,5,10,2,True,Win
2901039,3,MKOI,KC,MKOI,KC,Blue,Dr. Mundo,1,1,1,True,Win
2901039,3,MKOI,KC,MKOI,KC,Blue,Nami,2,3,1,True,Win
2901039,3,MKOI,KC,MKOI,KC,Blue,Mel,3,5,1,True,Win
2901039,3,MKOI,KC,MKOI,KC,Blue,Trundle,4,8,2,True,Win
2901039,3,MKOI,KC,MKOI,KC,Blue,Aatrox,5,10,2,True,Win
2901039,3,MKOI,KC,KC,MKOI,Red,Vi,1,2,1,False,Loss
2901039,3,MKOI,KC,KC,MKOI,Red,Rumble,2,4,1,False,Loss
2901039,3,MKOI,KC,KC,MKOI,Red,Ahri,3,6,1,False,Loss
2901039,3,MKOI,KC,KC,MKOI,Red,Nocturne,4,7,2,False,Loss
2901039,3,MKOI,KC,KC,MKOI,Red,Poppy,5,9,2,False,Loss
2901039,4,MKOI,KC,MKOI,KC,Blue,Rumble,1,2,1,False,Loss
2901039,4,MKOI,KC,MKOI,KC,Blue,Bard,2,4,1,False,Loss
2901039,4,MKOI,KC,MKOI,KC,Blue,Renata Glasc,3,6,1,False,Loss
2901039,4,MKOI,KC,MKOI,KC,Blue,Sylas,4,7,2,False,Loss
2901039,4,MKOI,KC,MKOI,KC,Blue,Mel,5,9,2,False,Loss
2901039,4,MKOI,KC,KC,MKOI,Red,Caitlyn,1,1,1,True,Win
2901039,4,MKOI,KC,KC,MKOI,Red,Nami,2,3,1,True,Win
2901039,4,MKOI,KC,KC,MKOI,Red,Galio,3,5,1,True,Win
2901039,4,MKOI,KC,KC,MKOI,Red,Naafiri,4,8,2,True,Win
2901039,4,MKOI,KC,KC,MKOI,Red,Nocturne,5,10,2,True,Win
2901039,5,MKOI,KC,MKOI,KC,Blue,Zeri,1,1,1,False,Loss
2901039,5,MKOI,KC,MKOI,KC,Blue,Mel,2,3,1,False,Loss
2901039,5,MKOI,KC,MKOI,KC,Blue,Dr. Mundo,3,5,1,False,Loss
2901039,5,MKOI,KC,MKOI,KC,Blue,Nocturne,4,8,2,False,Loss
2901039,5,MKOI,KC,MKOI,KC,Blue,Naafiri,5,10,2,False,Loss
2901039,5,MKOI,KC,KC,MKOI,Red,Caitlyn,1,2,1,True,Win
2901039,5,MKOI,KC,KC,MKOI,Red,Rumble,2,4,1,True,Win
2901039,5,MKOI,KC,KC,MKOI,Red,Nami,3,6,1,True,Win
2901039,5,MKOI,KC,KC,MKOI,Red,Twisted Fate,4,7,2,True,Win
2901039,5,MKOI,KC,KC,MKOI,Red,Smolder,5,9,2,True,Win
2901114,1,BCE,BOOM,BCE,BOOM,Blue,Akali,1,1,1,False,Loss
2901114,1,BCE,BOOM,BCE,BOOM,Blue,Neeko,2,3,1,False,Loss
2901114,1,BCE,BOOM,BCE,BOOM,Blue,Yasuo,3,5,1,False,Loss
2901114,1,BCE,BOOM,BCE,BOOM,Blue,Vi,4,8,2,False,Loss
2901114,1,BCE,BOOM,BCE,BOOM,Blue,Nautilus,5,10,2,False,Loss
2901114,1,BCE,BOOM,BOOM,BCE,Red,Varus,1,2,1,True,Win
2901114,1,BCE,BOOM,BOOM,BCE,Red,Orianna,2,4,1,True,Win
2901114,1,BCE,BOOM,BOOM,BCE,Red,Jarvan IV,3,6,1,True,Win
2901114,1,BCE,BOOM,BOOM,BCE,Red,Caitlyn,4,7,2,True,Win
2901114,1,BCE,BOOM,BOOM,BCE,Red,Yunara,5,9,2,True,Win
2901120,1,LDS,BCE,LDS,BCE,Blue,Jarvan IV,1,1,1,False,Loss
2901120,1,LDS,BCE,LDS,BCE,Blue,Jayce,2,3,1,False,Loss
2901120,1,LDS,BCE,LDS,BCE,Blue,Rumble,3,5,1,False,Loss
2901120,1,LDS,BCE,LDS,BCE,Blue,Caitlyn,4,8,2,False,Loss
2901120,1,LDS,BCE,LDS,BCE,Blue,Ezreal,5,10,2,False,Loss
2901120,1,LDS,BCE,BCE,LDS,Red,Orianna,1,2,1,True,Win
2901120,1,LDS,BCE,BCE,LDS,Red,Varus,2,4,1,True,Win
2901120,1,LDS,BCE,BCE,LDS,Red,Lulu,3,6,1,True,Win
2901120,1,LDS,BCE,BCE,LDS,Red,Yunara,4,7,2,True,Win
2901120,1,LDS,BCE,BCE,LDS,Red,Jhin,5,9,2,True,Win
2901124,1,BCE,DOC,BCE,DOC,Blue,Neeko,1,1,1,True,Win
2901124,1,BCE,DOC,BCE,DOC,Blue,Corki,2,3,1,True,Win
2901124,1,BCE,DOC,BCE,DOC,Blue,Karma,3,5,1,True,Win
2901124,1,BCE,DOC,BCE,DOC,Blue,Ezreal,4,8,2,True,Win
2901124,1,BCE,DOC,BCE,DOC,Blue,Lucian,5,10,2,True,Win
2901124,1,BCE,DOC,DOC,BCE,Red,Varus,1,2,1,False,Loss
2901124,1,BCE,DOC,DOC,BCE,Red,Xin Zhao,2,4,1,False,Loss
2901124,1,BCE,DOC,DOC,BCE,Red,Yunara,3,6,1,False,Loss
2901124,1,BCE,DOC,DOC,BCE,Red,Xayah,4,7,2,False,Loss
2901124,1,BCE,DOC,DOC,BCE,Red,Sivir,5,9,2,False,Loss
2901124,2,DOC,BCE,DOC,BCE,Blue,Pantheon,1,1,1,False,Loss
2901124,2,DOC,BCE,DOC,BCE,Blue,Yunara,2,3,1,False,Loss
2901124,2,DOC,BCE,DOC,BCE,Blue,Karma,3,5,1,False,Loss
2901124,2,DOC,BCE,DOC,BCE,Blue,K'Sante,4,8,2,False,Loss
2901124,2,DOC,BCE,DOC,BCE,Blue,Lulu,5,10,2,False,Loss
2901124,2,DOC,BCE,BCE,DOC,Red,Neeko,1,2,1,True,Win
2901124,2,DOC,BCE,BCE,DOC,Red,Varus,2,4,1,True,Win
2901124,2,DOC,BCE,BCE,DOC,Red,Corki,3,6,1,True,Win
2901124,2,DOC,BCE,BCE,DOC,Red,Kled,4,7,2,True,Win
2901124,2,DOC,BCE,BCE,DOC,Red,Gnar,5,9,2,True,Win
2901124,3,DOC,BCE,DOC,BCE,Blue,Karma,1,1,1,False,Loss
2901124,3,DOC,BCE,DOC,BCE,Blue,Yunara,2,3,1,False,Loss
2901124,3,DOC,BCE,DOC,BCE,Blue,Nocturne,3,5,1,False,Loss
2901124,3,DOC,BCE,DOC,BCE,Blue,Azir,4,8,2,False,Loss
2901124,3,DOC,BCE,DOC,BCE,Blue,Syndra,5,10,2,False,Loss
2901124,3,DOC,BCE,BCE,DOC,Red,Neeko,1,2,1,True,Win
2901124,3,DOC,BCE,BCE,DOC,Red,Varus,2,4,1,True,Win
2901124,3,DOC,BCE,BCE,DOC,Red,Nami,3,6,1,True,Win
2901124,3,DOC,BCE,BCE,DOC,Red,Akali,4,7,2,True,Win
2901124,3,DOC,BCE,BCE,DOC,Red,Sylas,5,9,2,True,Win
2901126,1,BCE,OAE,BCE,OAE,Blue,Neeko,1,1,1,False,Loss
2901126,1,BCE,OAE,BCE,OAE,Blue,Akali,2,3,1,False,Loss
2901126,1,BCE,OAE,BCE,OAE,Blue,Sejuani,3,5,1,False,Loss
2901126,1,BCE,OAE,BCE,OAE,Blue,Rumble,4,8,2,False,Loss
2901126,1,BCE,OAE,BCE,OAE,Blue,Renekton,5,10,2,False,Loss
2901126,1,BCE,OAE,OAE,BCE,Red,Xin Zhao,1,2,1,True,Win
2901126,1,BCE,OAE,OAE,BCE,Red,Orianna,2,4,1,True,Win
2901126,1,BCE,OAE,OAE,BCE,Red,Vi,3,6,1,True,Win
2901126,1,BCE,OAE,OAE,BCE,Red,K'Sante,4,7,2,True,Win
2901126,1,BCE,OAE,OAE,BCE,Red,Sion,5,9,2,True,Win
2901126,2,OAE,BCE,OAE,BCE,Blue,Xin Zhao,1,1,1,True,Win
2901126,2,OAE,BCE,OAE,BCE,Blue,Ambessa,2,3,1,True,Win
2901126,2,OAE,BCE,OAE,BCE,Blue,K'Sante,3,5,1,True,Win
2901126,2,OAE,BCE,OAE,BCE,Blue,Nami,4,8,2,True,Win
2901126,2,OAE,BCE,OAE,BCE,Blue,Anivia,5,10,2,True,Win
2901126,2,OAE,BCE,BCE,OAE,Red,Neeko,1,2,1,False,Loss
2901126,2,OAE,BCE,BCE,OAE,Red,Orianna,2,4,1,False,Loss
2901126,2,OAE,BCE,BCE,OAE,Red,Rumble,3,6,1,False,Loss
2901126,2,OAE,BCE,BCE,OAE,Red,Alistar,4,7,2,False,Loss
2901126,2,OAE,BCE,BCE,OAE,Red,Leona,5,9,2,False,Loss
2901126,3,BCE,OAE,BCE,OAE,Blue,K'Sante,1,1,1,True,Win
2901126,3,BCE,OAE,BCE,OAE,Blue,Akali,2,3,1,True,Win
2901126,3,BCE,OAE,BCE,OAE,Blue,Neeko,3,5,1,True,Win
2901126,3,BCE,OAE,BCE,OAE,Blue,Sejuani,4,8,2,True,Win
2901126,3,BCE,OAE,BCE,OAE,Blue,Kennen,5,10,2,True,Win
2901126,3,BCE,OAE,OAE,BCE,Red,Xin Zhao,1,2,1,False,Loss
2901126,3,BCE,OAE,OAE,BCE,Red,Rumble,2,4,1,False,Loss
2901126,3,BCE,OAE,OAE,BCE,Red,Orianna,3,6,1,False,Loss
2901126,3,BCE,OAE,OAE,BCE,Red,Taliyah,4,7,2,False,Loss
2901126,3,BCE,OAE,OAE,BCE,Red,Azir,5,9,2,False,Loss
2901126,4,OAE,BCE,OAE,BCE,Blue,Ambessa,1,1,1,False,Loss
2901126,4,OAE,BCE,OAE,BCE,Blue,Anivia,2,3,1,False,Loss
2901126,4,OAE,BCE,OAE,BCE,Blue,Taliyah,3,5,1,False,Loss
2901126,4,OAE,BCE,OAE,BCE,Blue,Nocturne,4,8,2,False,Loss
2901126,4,OAE,BCE,OAE,BCE,Blue,Jayce,5,10,2,False,Loss
2901126,4,OAE,BCE,BCE,OAE,Red,Neeko,1,2,1,True,Win
2901126,4,OAE,BCE,BCE,OAE,Red,Orianna,2,4,1,True,Win
2901126,4,OAE,BCE,BCE,OAE,Red,Akali,3,6,1,True,Win
2901126,4,OAE,BCE,BCE,OAE,Red,Malphite,4,7,2,True,Win
2901126,4,OAE,BCE,BCE,OAE,Red,Alistar,5,9,2,True,Win
2901126,5,BCE,OAE,BCE,OAE,Blue,Akali,1,1,1,True,Win
2901126,5,BCE,OAE,BCE,OAE,Blue,Sejuani,2,3,1,True,Win
2901126,5,BCE,OAE,BCE,OAE,Blue,Alistar,3,5,1,True,Win
2901126,5,BCE,OAE,BCE,OAE,Blue,Jinx,4,8,2,True,Win
2901126,5,BCE,OAE,BCE,OAE,Blue,Varus,5,10,2,True,Win
2901126,5,BCE,OAE,OAE,BCE,Red,Orianna,1,2,1,False,Loss
2901126,5,BCE,OAE,OAE,BCE,Red,Rumble,2,4,1,False,Loss
2901126,5,BCE,OAE,OAE,BCE,Red,Neeko,3,6,1,False,Loss
2901126,5,BCE,OAE,OAE,BCE,Red,Kennen,4,7,2,False,Loss
2901126,5,BCE,OAE,OAE,BCE,Red,Anivia,5,9,2,False,Loss
2901127,1,FSK,BCE,FSK,BCE,Blue,Xin Zhao,1,1,1,False,Loss
2901127,1,FSK,BCE,FSK,BCE,Blue,Karma,2,3,1,False,Loss
2901127,1,FSK,BCE,FSK,BCE,Blue,Neeko,3,5,1,False,Loss
2901127,1,FSK,BCE,FSK,BCE,Blue,Dr. Mundo,4,8,2,False,Loss
2901127,1,FSK,BCE,FSK,BCE,Blue,Lulu,5,10,2,False,Loss
2901127,1,FSK,BCE,BCE,FSK,Red,Orianna,1,2,1,True,Win
2901127,1,FSK,BCE,BCE,FSK,Red,Jarvan IV,2,4,1,True,Win
2901127,1,FSK,BCE,BCE,FSK,Red,Vi,3,6,1,True,Win
2901127,1,FSK,BCE,BCE,FSK,Red,Nami,4,7,2,True,Win
2901127,1,FSK,BCE,BCE,FSK,Red,Bard,5,9,2,True,Win
2901127,2,FSK,BCE,FSK,BCE,Blue,Neeko,1,1,1,False,Loss
2901127,2,FSK,BCE,FSK,BCE,Blue,Xin Zhao,2,3,1,False,Loss
2901127,2,FSK,BCE,FSK,BCE,Blue,Ambessa,3,5,1,False,Loss
2901127,2,FSK,BCE,FSK,BCE,Blue,Kai'Sa,4,8,2,False,Loss
2901127,2,FSK,BCE,FSK,BCE,Blue,Nocturne,5,10,2,False,Loss
2901127,2,FSK,BCE,BCE,FSK,Red,Orianna,1,2,1,True,Win
2901127,2,FSK,BCE,BCE,FSK,Red,Jarvan IV,2,4,1,True,Win
2901127,2,FSK,BCE,BCE,FSK,Red,Vi,3,6,1,True,Win
2901127,2,FSK,BCE,BCE,FSK,Red,Mel,4,7,2,True,Win
2901127,2,FSK,BCE,BCE,FSK,Red,Viktor,5,9,2,True,Win
2901127,3,BCE,FSK,BCE,FSK,Blue,Lulu,1,1,1,True,Win
2901127,3,BCE,FSK,BCE,FSK,Blue,Nami,2,3,1,True,Win
2901127,3,BCE,FSK,BCE,FSK,Blue,Jarvan IV,3,5,1,True,Win
2901127,3,BCE,FSK,BCE,FSK,Blue,Akali,4,8,2,True,Win
2901127,3,BCE,FSK,BCE,FSK,Blue,LeBlanc,5,10,2,True,Win
2901127,3,BCE,FSK,FSK,BCE,Red,Neeko,1,2,1,False,Loss
2901127,3,BCE,FSK,FSK,BCE,Red,Aurora,2,4,1,False,Loss
2901127,3,BCE,FSK,FSK,BCE,Red,Orianna,3,6,1,False,Loss
2901127,3,BCE,FSK,FSK,BCE,Red,Taliyah,4,7,2,False,Loss
2901127,3,BCE,FSK,FSK,BCE,Red,Syndra,5,9,2,False,Loss
2901128,1,BCE,BOOM,BCE,BOOM,Blue,Nunu & Willump,1,1,1,False,Loss
2901128,1,BCE,BOOM,BCE,BOOM,Blue,Nautilus,2,3,1,False,Loss
2901128,1,BCE,BOOM,BCE,BOOM,Blue,Neeko,3,5,1,False,Loss
2901128,1,BCE,BOOM,BCE,BOOM,Blue,Gwen,4,8,2,False,Loss
2901128,1,BCE,BOOM,BCE,BOOM,Blue,Ryze,5,10,2,False,Loss
2901128,1,BCE,BOOM,BOOM,BCE,Red,Xin Zhao,1,2,1,True,Win
2901128,1,BCE,BOOM,BOOM,BCE,Red,Rumble,2,4,1,True,Win
2901128,1,BCE,BOOM,BOOM,BCE,Red,Orianna,3,6,1,True,Win
2901128,1,BCE,BOOM,BOOM,BCE,Red,Anivia,4,7,2,True,Win
2901128,1,BCE,BOOM,BOOM,BCE,Red,Ahri,5,9,2,True,Win
2901128,2,BOOM,BCE,BOOM,BCE,Blue,Xin Zhao,1,1,1,True,Win
2901128,2,BOOM,BCE,BOOM,BCE,Blue,Anivia,2,3,1,True,Win
2901128,2,BOOM,BCE,BOOM,BCE,Blue,Ezreal,3,5,1,True,Win
2901128,2,BOOM,BCE,BOOM,BCE,Blue,Nocturne,4,8,2,True,Win
2901128,2,BOOM,BCE,BOOM,BCE,Blue,Kindred,5,10,2,True,Win
2901128,2,BOOM,BCE,BCE,BOOM,Red,Nunu & Willump,1,2,1,False,Loss
2901128,2,BOOM,BCE,BCE,BOOM,Red,Orianna,2,4,1,False,Loss
2901128,2,BOOM,BCE,BCE,BOOM,Red,Ryze,3,6,1,False,Loss
2901128,2,BOOM,BCE,BCE,BOOM,Red,Vi,4,7,2,False,Loss
2901128,2,BOOM,BCE,BCE,BOOM,Red,Malphite,5,9,2,False,Loss
2901128,3,BCE,BOOM,BCE,BOOM,Blue,Nunu & Willump,1,1,1,True,Win
2901128,3,BCE,BOOM,BCE,BOOM,Blue,Akali,2,3,1,True,Win
2901128,3,BCE,BOOM,BCE,BOOM,Blue,Nami,3,5,1,True,Win
2901128,3,BCE,BOOM,BCE,BOOM,Blue,Varus,4,8,2,True,Win
2901128,3,BCE,BOOM,BCE,BOOM,Blue,Kennen,5,10,2,True,Win
2901128,3,BCE,BOOM,BOOM,BCE,Red,Xin Zhao,1,2,1,False,Loss
2901128,3,BCE,BOOM,BOOM,BCE,Red,Ryze,2,4,1,False,Loss
2901128,3,BCE,BOOM,BOOM,BCE,Red,Orianna,3,6,1,False,Loss
2901128,3,BCE,BOOM,BOOM,BCE,Red,Nocturne,4,7,2,False,Loss
2901128,3,BCE,BOOM,BOOM,BCE,Red,Vi,5,9,2,False,Loss
2901128,4,BCE,BOOM,BCE,BOOM,Blue,Nunu & Willump,1,1,1,False,Loss
2901128,4,BCE,BOOM,BCE,BOOM,Blue,Akali,2,3,1,False,Loss
2901128,4,BCE,BOOM,BCE,BOOM,Blue,Tristana,3,5,1,False,Loss
2901128,4,BCE,BOOM,BCE,BOOM,Blue,Varus,4,8,2,False,Loss
2901128,4,BCE,BOOM,BCE,BOOM,Blue,Gwen,5,10,2,False,Loss
2901128,4,BCE,BOOM,BOOM,BCE,Red,Xin Zhao,1,2,1,True,Win
2901128,4,BCE,BOOM,BOOM,BCE,Red,Kindred,2,4,1,True,Win
2901128,4,BCE,BOOM,BOOM,BCE,Red,Nocturne,3,6,1,True,Win
2901128,4,BCE,BOOM,BOOM,BCE,Red,Sivir,4,7,2,True,Win
2901128,4,BCE,BOOM,BOOM,BCE,Red,Kai'Sa,5,9,2,True,Win
2903592,1,SLY,FK,SLY,FK,Blue,Dr. Mundo,1,1,1,False,Loss
2903592,1,SLY,FK,SLY,FK,Blue,Yunara,2,3,1,False,Loss
2903592,1,SLY,FK,SLY,FK,Blue,Jarvan IV,3,5,1,False,Loss
2903592,1,SLY,FK,SLY,FK,Blue,Braum,4,8,2,False,Loss
2903592,1,SLY,FK,SLY,FK,Blue,Bard,5,10,2,False,Loss
2903592,1,SLY,FK,FK,SLY,Red,Rumble,1,2,1,True,Win
2903592,1,SLY,FK,FK,SLY,Red,Azir,2,4,1,True,Win
2903592,1,SLY,FK,FK,SLY,Red,Varus,3,6,1,True,Win
2903592,1,SLY,FK,FK,SLY,Red,Nocturne,4,7,2,True,Win
2903592,1,SLY,FK,FK,SLY,Red,Vi,5,9,2,True,Win
2903596,1,LIL,SLY,LIL,SLY,Blue,Dr. Mundo,1,1,1,False,Loss
2903596,1,LIL,SLY,LIL,SLY,Blue,Ambessa,2,3,1,False,Loss
2903596,1,LIL,SLY,LIL,SLY,Blue,Varus,3,5,1,False,Loss
2903596,1,LIL,SLY,LIL,SLY,Blue,Braum,4,8,2,False,Loss
2903596,1,LIL,SLY,LIL,SLY,Blue,Neeko,5,10,2,False,Loss
2903596,1,LIL,SLY,SLY,LIL,Red,Cassiopeia,1,2,1,True,Win
2903596,1,LIL,SLY,SLY,LIL,Red,Yunara,2,4,1,True,Win
2903596,1,LIL,SLY,SLY,LIL,Red,Ahri,3,6,1,True,Win
2903596,1,LIL,SLY,SLY,LIL,Red,Caitlyn,4,7,2,True,Win
2903596,1,LIL,SLY,SLY,LIL,Red,Kai'Sa,5,9,2,True,Win
2903597,1,FK,GL,FK,GL,Blue,Jarvan IV,1,1,1,True,Win
2903597,1,FK,GL,FK,GL,Blue,Ambessa,2,3,1,True,Win
2903597,1,FK,GL,FK,GL,Blue,Yunara,3,5,1,True,Win
2903597,1,FK,GL,FK,GL,Blue,Ezreal,4,8,2,True,Win
2903597,1,FK,GL,FK,GL,Blue,Sivir,5,10,2,True,Win
2903597,1,FK,GL,GL,FK,Red,Dr. Mundo,1,2,1,False,Loss
2903597,1,FK,GL,GL,FK,Red,Azir,2,4,1,False,Loss
2903597,1,FK,GL,GL,FK,Red,Ryze,3,6,1,False,Loss
2903597,1,FK,GL,GL,FK,Red,Bard,4,7,2,False,Loss
2903597,1,FK,GL,GL,FK,Red,Alistar,5,9,2,False,Loss
2903662,1,BCE,DOC,BCE,DOC,Blue,Neeko,1,1,1,True,Win
2903662,1,BCE,DOC,BCE,DOC,Blue,Corki,2,3,1,True,Win
2903662,1,BCE,DOC,BCE,DOC,Blue,Malphite,3,5,1,True,Win
2903662,1,BCE,DOC,BCE,DOC,Blue,Vi,4,8,2,True,Win
2903662,1,BCE,DOC,BCE,DOC,Blue,Naafiri,5,10,2,True,Win
2903662,1,BCE,DOC,DOC,BCE,Red,Rumble,1,2,1,False,Loss
2903662,1,BCE,DOC,DOC,BCE,Red,Orianna,2,4,1,False,Loss
2903662,1,BCE,DOC,DOC,BCE,Red,Varus,3,6,1,False,Loss
2903662,1,BCE,DOC,DOC,BCE,Red,Sion,4,7,2,False,Loss
2903662,1,BCE,DOC,DOC,BCE,Red,Sivir,5,9,2,False,Loss
2904053,1,NAVI,FNC,NAVI,FNC,Blue,Jarvan IV,1,2,1,True,Win
2904053,1,NAVI,FNC,NAVI,FNC,Blue,Rumble,2,4,1,True,Win
2904053,1,NAVI,FNC,NAVI,FNC,Blue,Vi,3,6,1,True,Win
2904053,1,NAVI,FNC,NAVI,FNC,Blue,Nocturne,4,7,2,True,Win
2904053,1,NAVI,FNC,NAVI,FNC,Blue,Jax,5,9,2,True,Win
2904053,1,NAVI,FNC,FNC,NAVI,Red,Varus,1,1,1,False,Loss
2904053,1,NAVI,FNC,FNC,NAVI,Red,Ambessa,2,3,1,False,Loss
2904053,1,NAVI,FNC,FNC,NAVI,Red,Yunara,3,5,1,False,Loss
2904053,1,NAVI,FNC,FNC,NAVI,Red,Aatrox,4,8,2,False,Loss
2904053,1,NAVI,FNC,FNC,NAVI,Red,Gnar,5,10,2,False,Loss
2904053,2,FNC,NAVI,FNC,NAVI,Blue,Varus,1,2,1,False,Loss
2904053,2,FNC,NAVI,FNC,NAVI,Blue,Ambessa,2,4,1,False,Loss
2904053,2,FNC,NAVI,FNC,NAVI,Blue,Rumble,3,6,1,False,Loss
2904053,2,FNC,NAVI,FNC,NAVI,Blue,Neeko,4,7,2,False,Loss
2904053,2,FNC,NAVI,FNC,NAVI,Blue,Karma,5,9,2,False,Loss
2904053,2,FNC,NAVI,NAVI,FNC,Red,Jarvan IV,1,1,1,True,Win
2904053,2,FNC,NAVI,NAVI,FNC,Red,Poppy,2,3,1,True,Win
2904053,2,FNC,NAVI,NAVI,FNC,Red,Vi,3,5,1,True,Win
2904053,2,FNC,NAVI,NAVI,FNC,Red,Gnar,4,8,2,True,Win
2904053,2,FNC,NAVI,NAVI,FNC,Red,Gwen,5,10,2,True,Win
2904099,1,MKOI,VIT,MKOI,VIT,Blue,Pantheon,1,2,1,True,Win
2904099,1,MKOI,VIT,MKOI,VIT,Blue,Varus,2,4,1,True,Win
2904099,1,MKOI,VIT,MKOI,VIT,Blue,Ezreal,3,6,1,True,Win
2904099,1,MKOI,VIT,MKOI,VIT,Blue,Neeko,4,7,2,True,Win
2904099,1,MKOI,VIT,MKOI,VIT,Blue,Nami,5,9,2,True,Win
2904099,1,MKOI,VIT,VIT,MKOI,Red,Vi,1,1,1,False,Loss
2904099,1,MKOI,VIT,VIT,MKOI,Red,Rumble,2,3,1,False,Loss
2904099,1,MKOI,VIT,VIT,MKOI,Red,K'Sante,3,5,1,False,Loss
2904099,1,MKOI,VIT,VIT,MKOI,Red,Nautilus,4,8,2,False,Loss
2904099,1,MKOI,VIT,VIT,MKOI,Red,Sion,5,10,2,False,Loss
2904260,1,BCE,ONT,BCE,ONT,Blue,Lulu,1,1,1,True,Win
2904260,1,BCE,ONT,BCE,ONT,Blue,Jarvan IV,2,3,1,True,Win
2904260,1,BCE,ONT,BCE,ONT,Blue,Jayce,3,5,1,True,Win
2904260,1,BCE,ONT,BCE,ONT,Blue,Nasus,4,8,2,True,Win
2904260,1,BCE,ONT,BCE,ONT,Blue,Kayle,5,10,2,True,Win
2904260,1,BCE,ONT,ONT,BCE,Red,Rumble,1,2,1,False,Loss
2904260,1,BCE,ONT,ONT,BCE,Red,Karma,2,4,1,False,Loss
2904260,1,BCE,ONT,ONT,BCE,Red,Qiyana,3,6,1,False,Loss
2904260,1,BCE,ONT,ONT,BCE,Red,Alistar,4,7,2,False,Loss
2904260,1,BCE,ONT,ONT,BCE,Red,Braum,5,9,2,False,Loss
2904260,2,BCE,ONT,BCE,ONT,Blue,Lulu,1,1,1,True,Win
2904260,2,BCE,ONT,BCE,ONT,Blue,Jarvan IV,2,3,1,True,Win
2904260,2,BCE,ONT,BCE,ONT,Blue,Jayce,3,5,1,True,Win
2904260,2,BCE,ONT,BCE,ONT,Blue,Kayle,4,8,2,True,Win
2904260,2,BCE,ONT,BCE,ONT,Blue,Nasus,5,10,2,True,Win
2904260,2,BCE,ONT,ONT,BCE,Red,Rumble,1,2,1,False,Loss
2904260,2,BCE,ONT,ONT,BCE,Red,Karma,2,4,1,False,Loss
2904260,2,BCE,ONT,ONT,BCE,Red,Qiyana,3,6,1,False,Loss
2904260,2,BCE,ONT,ONT,BCE,Red,Nautilus,4,7,2,False,Loss
2904260,2,BCE,ONT,ONT,BCE,Red,Braum,5,9,2,False,Loss
2904261,1,BCE,FSK,BCE,FSK,Blue,Jarvan IV,1,1,1,False,Loss
2904261,1,BCE,FSK,BCE,FSK,Blue,Syndra,2,3,1,False,Loss
2904261,1,BCE,FSK,BCE,FSK,Blue,Karma,3,5,1,False,Loss
2904261,1,BCE,FSK,BCE,FSK,Blue,Xin Zhao,4,8,2,False,Loss
2904261,1,BCE,FSK,BCE,FSK,Blue,Kled,5,10,2,False,Loss
2904261,1,BCE,FSK,FSK,BCE,Red,Neeko,1,2,1,False,Loss
2904261,1,BCE,FSK,FSK,BCE,Red,Rumble,2,4,1,False,Loss
2904261,1,BCE,FSK,FSK,BCE,Red,Varus,3,6,1,False,Loss
2904261,1,BCE,FSK,FSK,BCE,Red,Corki,4,7,2,False,Loss
2904261,1,BCE,FSK,FSK,BCE,Red,Yunara,5,9,2,False,Loss
2904261,2,BCE,FSK,BCE,FSK,Blue,Jarvan IV,1,1,1,False,Loss
2904261,2,BCE,FSK,BCE,FSK,Blue,Syndra,2,3,1,False,Loss
2904261,2,BCE,FSK,BCE,FSK,Blue,Karma,3,5,1,False,Loss
2904261,2,BCE,FSK,BCE,FSK,Blue,Xin Zhao,4,8,2,False,Loss
2904261,2,BCE,FSK,BCE,FSK,Blue,Kled,5,10,2,False,Loss
2904261,2,BCE,FSK,FSK,BCE,Red,Neeko,1,2,1,True,Win
2904261,2,BCE,FSK,FSK,BCE,Red,Rumble,2,4,1,True,Win
2904261,2,BCE,FSK,FSK,BCE,Red,Varus,3,6,1,True,Win
2904261,2,BCE,FSK,FSK,BCE,Red,Corki,4,7,2,True,Win
2904261,2,BCE,FSK,FSK,BCE,Red,Yunara,5,9,2,True,Win
2905334,1,FK,JL,FK,JL,Blue,Ambessa,1,1,1,True,Win
2905334,1,FK,JL,FK,JL,Blue,Pantheon,2,3,1,True,Win
2905334,1,FK,JL,FK,JL,Blue,Yunara,3,5,1,True,Win
2905334,1,FK,JL,FK,JL,Blue,Rumble,4,8,2,True,Win
2905334,1,FK,JL,FK,JL,Blue,Gwen,5,10,2,True,Win
2905334,1,FK,JL,JL,FK,Red,Ryze,1,2,1,False,Loss
2905334,1,FK,JL,JL,FK,Red,Azir,2,4,1,False,Loss
2905334,1,FK,JL,JL,FK,Red,Jarvan IV,3,6,1,False,Loss
2905334,1,FK,JL,JL,FK,Red,Renekton,4,7,2,False,Loss
2905334,1,FK,JL,JL,FK,Red,Bard,5,9,2,False,Loss
2905335,1,FK,GL,FK,GL,Blue,Jarvan IV,1,1,1,False,Loss
2905335,1,FK,GL,FK,GL,Blue,Yunara,2,3,1,False,Loss
2905335,1,FK,GL,FK,GL,Blue,Ambessa,3,5,1,False,Loss
2905335,1,FK,GL,FK,GL,Blue,Nami,4,8,2,False,Loss
2905335,1,FK,GL,FK,GL,Blue,Xin Zhao,5,10,2,False,Loss
2905335,1,FK,GL,GL,FK,Red,Azir,1,2,1,True,Win
2905335,1,FK,GL,GL,FK,Red,Dr. Mundo,2,4,1,True,Win
2905335,1,FK,GL,GL,FK,Red,Varus,3,6,1,True,Win
2905335,1,FK,GL,GL,FK,Red,Bard,4,7,2,True,Win
2905335,1,FK,GL,GL,FK,Red,Zaahen,5,9,2,True,Win
2906183,1,FK,SC,FK,SC,Blue,Jarvan IV,1,1,1,True,Win
2906183,1,FK,SC,FK,SC,Blue,Ambessa,2,3,1,True,Win
2906183,1,FK,SC,FK,SC,Blue,Yunara,3,5,1,True,Win
2906183,1,FK,SC,FK,SC,Blue,Pantheon,4,8,2,True,Win
2906183,1,FK,SC,FK,SC,Blue,Jayce,5,10,2,True,Win
2906183,1,FK,SC,SC,FK,Red,Dr. Mundo,1,2,1,False,Loss
2906183,1,FK,SC,SC,FK,Red,Caitlyn,2,4,1,False,Loss
2906183,1,FK,SC,SC,FK,Red,Sion,3,6,1,False,Loss
2906183,1,FK,SC,SC,FK,Red,Gwen,4,7,2,False,Loss
2906183,1,FK,SC,SC,FK,Red,Darius,5,9,2,False,Loss
2906183,2,FK,SC,FK,SC,Blue,Jarvan IV,1,1,1,True,Win
2906183,2,FK,SC,FK,SC,Blue,Ambessa,2,3,1,True,Win
2906183,2,FK,SC,FK,SC,Blue,Vi,3,5,1,True,Win
2906183,2,FK,SC,FK,SC,Blue,Lulu,4,8,2,True,Win
2906183,2,FK,SC,FK,SC,Blue,Rumble,5,10,2,True,Win
2906183,2,FK,SC,SC,FK,Red,Dr. Mundo,1,2,1,False,Loss
2906183,2,FK,SC,SC,FK,Red,Orianna,2,4,1,False,Loss
2906183,2,FK,SC,SC,FK,Red,Sion,3,6,1,False,Loss
2906183,2,FK,SC,SC,FK,Red,Pantheon,4,7,2,False,Loss
2906183,2,FK,SC,SC,FK,Red,K'Sante,5,9,2,False,Loss
2906183,3,SC,FK,SC,FK,Blue,Dr. Mundo,1,1,1,False,Loss
2906183,3,SC,FK,SC,FK,Blue,Darius,2,3,1,False,Loss
2906183,3,SC,FK,SC,FK,Blue,Gwen,3,5,1,False,Loss
2906183,3,SC,FK,SC,FK,Blue,Pantheon,4,8,2,False,Loss
2906183,3,SC,FK,SC,FK,Blue,Wukong,5,10,2,False,Loss
2906183,3,SC,FK,FK,SC,Red,Jarvan IV,1,2,1,True,Win
2906183,3,SC,FK,FK,SC,Red,Ambessa,2,4,1,True,Win
2906183,3,SC,FK,FK,SC,Red,Vi,3,6,1,True,Win
2906183,3,SC,FK,FK,SC,Red,Syndra,4,7,2,True,Win
2906183,3,SC,FK,FK,SC,Red,Akali,5,9,2,True,Win
2906187,1,GL,SLY,GL,SLY,Blue,Varus,1,1,1,False,Loss
2906187,1,GL,SLY,GL,SLY,Blue,Ambessa,2,3,1,False,Loss
2906187,1,GL,SLY,GL,SLY,Blue,Xin Zhao,3,5,1,False,Loss
2906187,1,GL,SLY,GL,SLY,Blue,Rumble,4,8,2,False,Loss
2906187,1,GL,SLY,GL,SLY,Blue,Nautilus,5,10,2,False,Loss
2906187,1,GL,SLY,SLY,GL,Red,Yunara,1,2,1,True,Win
2906187,1,GL,SLY,SLY,GL,Red,Orianna,2,4,1,True,Win
2906187,1,GL,SLY,SLY,GL,Red,Sion,3,6,1,True,Win
2906187,1,GL,SLY,SLY,GL,Red,Bard,4,7,2,True,Win
2906187,1,GL,SLY,SLY,GL,Red,Gnar,5,9,2,True,Win
2906187,2,SLY,GL,SLY,GL,Blue,Ambessa,1,1,1,False,Loss
2906187,2,SLY,GL,SLY,GL,Blue,Nautilus,2,3,1,False,Loss
2906187,2,SLY,GL,SLY,GL,Blue,Sion,3,5,1,False,Loss
2906187,2,SLY,GL,SLY,GL,Blue,Neeko,4,8,2,False,Loss
2906187,2,SLY,GL,SLY,GL,Blue,Rell,5,10,2,False,Loss
2906187,2,SLY,GL,GL,SLY,Red,Orianna,1,2,1,True,Win
2906187,2,SLY,GL,GL,SLY,Red,Yunara,2,4,1,True,Win
2906187,2,SLY,GL,GL,SLY,Red,Ryze,3,6,1,True,Win
2906187,2,SLY,GL,GL,SLY,Red,Pantheon,4,7,2,True,Win
2906187,2,SLY,GL,GL,SLY,Red,Zaahen,5,9,2,True,Win
2906187,3,GL,SLY,GL,SLY,Blue,Ambessa,1,1,1,False,Loss
2906187,3,GL,SLY,GL,SLY,Blue,Nautilus,2,3,1,False,Loss
2906187,3,GL,SLY,GL,SLY,Blue,Xin Zhao,3,5,1,False,Loss
2906187,3,GL,SLY,GL,SLY,Blue,Braum,4,8,2,False,Loss
2906187,3,GL,SLY,GL,SLY,Blue,Lulu,5,10,2,False,Loss
2906187,3,GL,SLY,SLY,GL,Red,Yunara,1,2,1,True,Win
2906187,3,GL,SLY,SLY,GL,Red,Neeko,2,4,1,True,Win
2906187,3,GL,SLY,SLY,GL,Red,Orianna,3,6,1,True,Win
2906187,3,GL,SLY,SLY,GL,Red,Lucian,4,7,2,True,Win
2906187,3,GL,SLY,SLY,GL,Red,Kai'Sa,5,9,2,True,Win
2906187,4,SLY,GL,SLY,GL,Blue,Neeko,1,1,1,True,Win
2906187,4,SLY,GL,SLY,GL,Blue,Braum,2,3,1,True,Win
2906187,4,SLY,GL,SLY,GL,Blue,Ambessa,3,5,1,True,Win
2906187,4,SLY,GL,SLY,GL,Blue,Lucian,4,8,2,True,Win
2906187,4,SLY,GL,SLY,GL,Blue,Ashe,5,10,2,True,Win
2906187,4,SLY,GL,GL,SLY,Red,Yunara,1,2,1,False,Loss
2906187,4,SLY,GL,GL,SLY,Red,Orianna,2,4,1,False,Loss
2906187,4,SLY,GL,GL,SLY,Red,Nautilus,3,6,1,False,Loss
2906187,4,SLY,GL,GL,SLY,Red,Caitlyn,4,7,2,False,Loss
2906187,4,SLY,GL,GL,SLY,Red,Kai'Sa,5,9,2,False,Loss
2906946,1,SLY,HMB,SLY,HMB,Blue,Yunara,1,2,1,True,Win
2906946,1,SLY,HMB,SLY,HMB,Blue,Ambessa,2,4,1,True,Win
2906946,1,SLY,HMB,SLY,HMB,Blue,Jarvan IV,3,6,1,True,Win
2906946,1,SLY,HMB,SLY,HMB,Blue,Jhin,4,7,2,True,Win
2906946,1,SLY,HMB,SLY,HMB,Blue,Kai'Sa,5,9,2,True,Win
2906946,1,SLY,HMB,HMB,SLY,Red,Xin Zhao,1,1,1,False,Loss
2906946,1,SLY,HMB,HMB,SLY,Red,Sion,2,3,1,False,Loss
2906946,1,SLY,HMB,HMB,SLY,Red,Sylas,3,5,1,False,Loss
2906946,1,SLY,HMB,HMB,SLY,Red,Bard,4,8,2,False,Loss
2906946,1,SLY,HMB,HMB,SLY,Red,Nautilus,5,10,2,False,Loss
2906946,2,SLY,HMB,SLY,HMB,Blue,Ambessa,1,1,1,True,Win
2906946,2,SLY,HMB,SLY,HMB,Blue,Yasuo,2,3,1,True,Win
2906946,2,SLY,HMB,SLY,HMB,Blue,Nocturne,3,5,1,True,Win
2906946,2,SLY,HMB,SLY,HMB,Blue,Gwen,4,8,2,True,Win
2906946,2,SLY,HMB,SLY,HMB,Blue,Gnar,5,10,2,True,Win
2906946,2,SLY,HMB,HMB,SLY,Red,Jarvan IV,1,2,1,False,Loss
2906946,2,SLY,HMB,HMB,SLY,Red,Taliyah,2,4,1,False,Loss
2906946,2,SLY,HMB,HMB,SLY,Red,Ryze,3,6,1,False,Loss
2906946,2,SLY,HMB,HMB,SLY,Red,Bard,4,7,2,False,Loss
2906946,2,SLY,HMB,HMB,SLY,Red,Pyke,5,9,2,False,Loss
2906958,1,BCE,HMB,BCE,HMB,Blue,Yasuo,1,1,1,True,Win
2906958,1,BCE,HMB,BCE,HMB,Blue,Ambessa,2,3,1,True,Win
2906958,1,BCE,HMB,BCE,HMB,Blue,Vi,3,5,1,True,Win
2906958,1,BCE,HMB,BCE,HMB,Blue,Pantheon,4,8,2,True,Win
2906958,1,BCE,HMB,BCE,HMB,Blue,Zaahen,5,10,2,True,Win
2906958,1,BCE,HMB,HMB,BCE,Red,Orianna,1,2,1,False,Loss
2906958,1,BCE,HMB,HMB,BCE,Red,Xin Zhao,2,4,1,False,Loss
2906958,1,BCE,HMB,HMB,BCE,Red,Yunara,3,6,1,False,Loss
2906958,1,BCE,HMB,HMB,BCE,Red,Ezreal,4,7,2,False,Loss
2906958,1,BCE,HMB,HMB,BCE,Red,Varus,5,9,2,False,Loss
2906958,2,BCE,HMB,BCE,HMB,Blue,Yasuo,1,1,1,True,Win
2906958,2,BCE,HMB,BCE,HMB,Blue,Vi,2,3,1,True,Win
2906958,2,BCE,HMB,BCE,HMB,Blue,Ambessa,3,5,1,True,Win
2906958,2,BCE,HMB,BCE,HMB,Blue,Gnar,4,8,2,True,Win
2906958,2,BCE,HMB,BCE,HMB,Blue,K'Sante,5,10,2,True,Win
2906958,2,BCE,HMB,HMB,BCE,Red,Orianna,1,2,1,False,Loss
2906958,2,BCE,HMB,HMB,BCE,Red,Yunara,2,4,1,False,Loss
2906958,2,BCE,HMB,HMB,BCE,Red,Xin Zhao,3,6,1,False,Loss
2906958,2,BCE,HMB,HMB,BCE,Red,Ornn,4,7,2,False,Loss
2906958,2,BCE,HMB,HMB,BCE,Red,Dr. Mundo,5,9,2,False,Loss
2906959,1,3BL,FK,3BL,FK,Blue,Dr. Mundo,1,2,1,False,Loss
2906959,1,3BL,FK,3BL,FK,Blue,Orianna,2,4,1,False,Loss
2906959,1,3BL,FK,3BL,FK,Blue,Ryze,3,6,1,False,Loss
2906959,1,3BL,FK,3BL,FK,Blue,Wukong,4,7,2,False,Loss
2906959,1,3BL,FK,3BL,FK,Blue,Rengar,5,9,2,False,Loss
2906959,1,3BL,FK,FK,3BL,Red,Zoe,1,1,1,True,Win
2906959,1,3BL,FK,FK,3BL,Red,Jarvan IV,2,3,1,True,Win
2906959,1,3BL,FK,FK,3BL,Red,Yunara,3,5,1,True,Win
2906959,1,3BL,FK,FK,3BL,Red,Vi,4,8,2,True,Win
2906959,1,3BL,FK,FK,3BL,Red,Leona,5,10,2,True,Win
2906959,2,3BL,FK,3BL,FK,Blue,Dr. Mundo,1,1,1,False,Loss
2906959,2,3BL,FK,3BL,FK,Blue,Aatrox,2,3,1,False,Loss
2906959,2,3BL,FK,3BL,FK,Blue,Rengar,3,5,1,False,Loss
2906959,2,3BL,FK,3BL,FK,Blue,Bard,4,8,2,False,Loss
2906959,2,3BL,FK,3BL,FK,Blue,Jhin,5,10,2,False,Loss
2906959,2,3BL,FK,FK,3BL,Red,Zoe,1,2,1,True,Win
2906959,2,3BL,FK,FK,3BL,Red,Yunara,2,4,1,True,Win
2906959,2,3BL,FK,FK,3BL,Red,Caitlyn,3,6,1,True,Win
2906959,2,3BL,FK,FK,3BL,Red,Nocturne,4,7,2,True,Win
2906959,2,3BL,FK,FK,3BL,Red,Pantheon,5,9,2,True,Win
2906975,1,BCE,FK,BCE,FK,Blue,Dr. Mundo,1,2,1,False,Loss
2906975,1,BCE,FK,BCE,FK,Blue,Azir,2,4,1,False,Loss
2906975,1,BCE,FK,BCE,FK,Blue,Orianna,3,6,1,False,Loss
2906975,1,BCE,FK,BCE,FK,Blue,Nautilus,4,7,2,False,Loss
2906975,1,BCE,FK,BCE,FK,Blue,Bard,5,9,2,False,Loss
2906975,1,BCE,FK,FK,BCE,Red,Jarvan IV,1,1,1,True,Win
2906975,1,BCE,FK,FK,BCE,Red,Caitlyn,2,3,1,True,Win
2906975,1,BCE,FK,FK,BCE,Red,Sion,3,5,1,True,Win
2906975,1,BCE,FK,FK,BCE,Red,Lulu,4,8,2,True,Win
2906975,1,BCE,FK,FK,BCE,Red,Karma,5,10,2,True,Win
2906975,2,BCE,FK,BCE,FK,Blue,Dr. Mundo,1,1,1,False,Loss
2906975,2,BCE,FK,BCE,FK,Blue,Azir,2,3,1,False,Loss
2906975,2,BCE,FK,BCE,FK,Blue,Orianna,3,5,1,False,Loss
2906975,2,BCE,FK,BCE,FK,Blue,Ahri,4,8,2,False,Loss
2906975,2,BCE,FK,BCE,FK,Blue,LeBlanc,5,10,2,False,Loss
2906975,2,BCE,FK,FK,BCE,Red,Caitlyn,1,2,1,True,Win
2906975,2,BCE,FK,FK,BCE,Red,Sion,2,4,1,True,Win
2906975,2,BCE,FK,FK,BCE,Red,Zaahen,3,6,1,True,Win
2906975,2,BCE,FK,FK,BCE,Red,Viktor,4,7,2,True,Win
2906975,2,BCE,FK,FK,BCE,Red,Vex,5,9,2,True,Win
2906979,1,HMB,3BL,HMB,3BL,Blue,Zoe,1,1,1,True,Win
2906979,1,HMB,3BL,HMB,3BL,Blue,Caitlyn,2,3,1,True,Win
2906979,1,HMB,3BL,HMB,3BL,Blue,Yunara,3,5,1,True,Win
2906979,1,HMB,3BL,HMB,3BL,Blue,Leona,4,8,2,True,Win
2906979,1,HMB,3BL,HMB,3BL,Blue,Sion,5,10,2,True,Win
2906979,1,HMB,3BL,3BL,HMB,Red,Yasuo,1,2,1,False,Loss
2906979,1,HMB,3BL,3BL,HMB,Red,Ambessa,2,4,1,False,Loss
2906979,1,HMB,3BL,3BL,HMB,Red,Jarvan IV,3,6,1,False,Loss
2906979,1,HMB,3BL,3BL,HMB,Red,Neeko,4,7,2,False,Loss
2906979,1,HMB,3BL,3BL,HMB,Red,Rakan,5,9,2,False,Loss
2906979,2,HMB,3BL,HMB,3BL,Blue,Zoe,1,1,1,True,Win
2906979,2,HMB,3BL,HMB,3BL,Blue,Caitlyn,2,3,1,True,Win
2906979,2,HMB,3BL,HMB,3BL,Blue,Corki,3,5,1,True,Win
2906979,2,HMB,3BL,HMB,3BL,Blue,LeBlanc,4,8,2,True,Win
2906979,2,HMB,3BL,HMB,3BL,Blue,Akali,5,10,2,True,Win
2906979,2,HMB,3BL,3BL,HMB,Red,Yasuo,1,2,1,False,Loss
2906979,2,HMB,3BL,3BL,HMB,Red,Ambessa,2,4,1,False,Loss
2906979,2,HMB,3BL,3BL,HMB,Red,Jarvan IV,3,6,1,False,Loss
2906979,2,HMB,3BL,3BL,HMB,Red,Taliyah,4,7,2,False,Loss
2906979,2,HMB,3BL,3BL,HMB,Red,Galio,5,9,2,False,Loss
2908840,1,G2,KC,G2,KC,Blue,Yunara,1,1,1,True,Win
2908840,1,G2,KC,G2,KC,Blue,Rumble,2,3,1,True,Win
2908840,1,G2,KC,G2,KC,Blue,Azir,3,5,1,True,Win
2908840,1,G2,KC,G2,KC,Blue,Nautilus,4,8,2,True,Win
2908840,1,G2,KC,G2,KC,Blue,Kai'Sa,5,10,2,True,Win
2908840,1,G2,KC,KC,G2,Red,Varus,1,2,1,False,Loss
2908840,1,G2,KC,KC,G2,Red,Zaahen,2,4,1,False,Loss
2908840,1,G2,KC,KC,G2,Red,Poppy,3,6,1,False,Loss
2908840,1,G2,KC,KC,G2,Red,Renekton,4,7,2,False,Loss
2908840,1,G2,KC,KC,G2,Red,Sion,5,9,2,False,Loss
2908840,2,G2,KC,G2,KC,Blue,Varus,1,2,1,True,Win
2908840,2,G2,KC,G2,KC,Blue,Azir,2,4,1,True,Win
2908840,2,G2,KC,G2,KC,Blue,Rumble,3,6,1,True,Win
2908840,2,G2,KC,G2,KC,Blue,Nautilus,4,7,2,True,Win
2908840,2,G2,KC,G2,KC,Blue,Neeko,5,9,2,True,Win
2908840,2,G2,KC,KC,G2,Red,Vi,1,1,1,False,Loss
2908840,2,G2,KC,KC,G2,Red,Yunara,2,3,1,False,Loss
2908840,2,G2,KC,KC,G2,Red,Jax,3,5,1,False,Loss
2908840,2,G2,KC,KC,G2,Red,Gnar,4,8,2,False,Loss
2908840,2,G2,KC,KC,G2,Red,Renekton,5,10,2,False,Loss
2908840,3,G2,KC,G2,KC,Blue,Varus,1,2,1,False,Loss
2908840,3,G2,KC,G2,KC,Blue,Azir,2,4,1,False,Loss
2908840,3,G2,KC,G2,KC,Blue,Yunara,3,6,1,False,Loss
2908840,3,G2,KC,G2,KC,Blue,Xayah,4,7,2,False,Loss
2908840,3,G2,KC,G2,KC,Blue,Lulu,5,9,2,False,Loss
2908840,3,G2,KC,KC,G2,Red,Aphelios,1,1,1,True,Win
2908840,3,G2,KC,KC,G2,Red,Neeko,2,3,1,True,Win
2908840,3,G2,KC,KC,G2,Red,Vi,3,5,1,True,Win
2908840,3,G2,KC,KC,G2,Red,Kai'Sa,4,8,2,True,Win
2908840,3,G2,KC,KC,G2,Red,Alistar,5,10,2,True,Win
2908840,4,G2,KC,G2,KC,Blue,Aurora,1,1,1,False,Loss
2908840,4,G2,KC,G2,KC,Blue,Aphelios,2,3,1,False,Loss
2908840,4,G2,KC,G2,KC,Blue,Lulu,3,5,1,False,Loss
2908840,4,G2,KC,G2,KC,Blue,Kennen,4,8,2,False,Loss
2908840,4,G2,KC,G2,KC,Blue,LeBlanc,5,10,2,False,Loss
2908840,4,G2,KC,KC,G2,Red,Azir,1,2,1,True,Win
2908840,4,G2,KC,KC,G2,Red,Varus,2,4,1,True,Win
2908840,4,G2,KC,KC,G2,Red,Neeko,3,6,1,True,Win
2908840,4,G2,KC,KC,G2,Red,K'Sante,4,7,2,True,Win
2908840,4,G2,KC,KC,G2,Red,Sion,5,9,2,True,Win
2908840,5,G2,KC,G2,KC,Blue,Aphelios,1,1,1,True,Win
2908840,5,G2,KC,G2,KC,Blue,Rek'Sai,2,3,1,True,Win
2908840,5,G2,KC,G2,KC,Blue,Lulu,3,5,1,True,Win
2908840,5,G2,KC,G2,KC,Blue,Miss Fortune,4,8,2,True,Win
2908840,5,G2,KC,G2,KC,Blue,Zeri,5,10,2,True,Win
2908840,5,G2,KC,KC,G2,Red,Azir,1,2,1,False,Loss
2908840,5,G2,KC,KC,G2,Red,Varus,2,4,1,False,Loss
2908840,5,G2,KC,KC,G2,Red,Zaahen,3,6,1,False,Loss
2908840,5,G2,KC,KC,G2,Red,Trundle,4,7,2,False,Loss
2908840,5,G2,KC,KC,G2,Red,Nocturne,5,9,2,False,Loss
2908919,1,FK,TLNP,FK,TLNP,Blue,Caitlyn,1,1,1,True,Win
2908919,1,FK,TLNP,FK,TLNP,Blue,Vi,2,3,1,True,Win
2908919,1,FK,TLNP,FK,TLNP,Blue,Jarvan IV,3,5,1,True,Win
2908919,1,FK,TLNP,FK,TLNP,Blue,Ezreal,4,8,2,True,Win
2908919,1,FK,TLNP,FK,TLNP,Blue,Nautilus,5,10,2,True,Win
2908919,1,FK,TLNP,TLNP,FK,Red,Dr. Mundo,1,2,1,False,Loss
2908919,1,FK,TLNP,TLNP,FK,Red,Yunara,2,4,1,False,Loss
2908919,1,FK,TLNP,TLNP,FK,Red,Orianna,3,6,1,False,Loss
2908919,1,FK,TLNP,TLNP,FK,Red,Darius,4,7,2,False,Loss
2908919,1,FK,TLNP,TLNP,FK,Red,Ambessa,5,9,2,False,Loss
2908919,2,FK,TLNP,FK,TLNP,Blue,Caitlyn,1,1,1,True,Win
2908919,2,FK,TLNP,FK,TLNP,Blue,Jarvan IV,2,3,1,True,Win
2908919,2,FK,TLNP,FK,TLNP,Blue,Vi,3,5,1,True,Win
2908919,2,FK,TLNP,FK,TLNP,Blue,Rumble,4,8,2,True,Win
2908919,2,FK,TLNP,FK,TLNP,Blue,Jhin,5,10,2,True,Win
2908919,2,FK,TLNP,TLNP,FK,Red,Dr. Mundo,1,2,1,False,Loss
2908919,2,FK,TLNP,TLNP,FK,Red,Orianna,2,4,1,False,Loss
2908919,2,FK,TLNP,TLNP,FK,Red,Yunara,3,6,1,False,Loss
2908919,2,FK,TLNP,TLNP,FK,Red,Nautilus,4,7,2,False,Loss
2908919,2,FK,TLNP,TLNP,FK,Red,Leona,5,9,2,False,Loss
2908919,3,TLNP,FK,TLNP,FK,Blue,Dr. Mundo,1,1,1,True,Win
2908919,3,TLNP,FK,TLNP,FK,Blue,Nami,2,3,1,True,Win
2908919,3,TLNP,FK,TLNP,FK,Blue,Ambessa,3,5,1,True,Win
2908919,3,TLNP,FK,TLNP,FK,Blue,Neeko,4,8,2,True,Win
2908919,3,TLNP,FK,TLNP,FK,Blue,Nautilus,5,10,2,True,Win
2908919,3,TLNP,FK,FK,TLNP,Red,Orianna,1,2,1,False,Loss
2908919,3,TLNP,FK,FK,TLNP,Red,Caitlyn,2,4,1,False,Loss
2908919,3,TLNP,FK,FK,TLNP,Red,Rumble,3,6,1,False,Loss
2908919,3,TLNP,FK,FK,TLNP,Red,Mel,4,7,2,False,Loss
2908919,3,TLNP,FK,FK,TLNP,Red,Yorick,5,9,2,False,Loss
2908919,4,FK,TLNP,FK,TLNP,Blue,Caitlyn,1,1,1,True,Win
2908919,4,FK,TLNP,FK,TLNP,Blue,Nautilus,2,3,1,True,Win
2908919,4,FK,TLNP,FK,TLNP,Blue,Rumble,3,5,1,True,Win
2908919,4,FK,TLNP,FK,TLNP,Blue,Wukong,4,8,2,True,Win
2908919,4,FK,TLNP,FK,TLNP,Blue,Qiyana,5,10,2,True,Win
2908919,4,FK,TLNP,TLNP,FK,Red,Dr. Mundo,1,2,1,False,Loss
2908919,4,FK,TLNP,TLNP,FK,Red,Orianna,2,4,1,False,Loss
2908919,4,FK,TLNP,TLNP,FK,Red,Darius,3,6,1,False,Loss
2908919,4,FK,TLNP,TLNP,FK,Red,Cassiopeia,4,7,2,False,Loss
2908919,4,FK,TLNP,TLNP,FK,Red,Olaf,5,9,2,False,Loss
2908920,1,GL,FK,GL,FK,Blue,Dr. Mundo,1,1,1,False,Loss
2908920,1,GL,FK,GL,FK,Blue,Azir,2,3,1,False,Loss
2908920,1,GL,FK,GL,FK,Blue,Jarvan IV,3,5,1,False,Loss
2908920,1,GL,FK,GL,FK,Blue,Bard,4,8,2,False,Loss
2908920,1,GL,FK,GL,FK,Blue,Braum,5,10,2,False,Loss
2908920,1,GL,FK,FK,GL,Red,Orianna,1,2,1,True,Win
2908920,1,GL,FK,FK,GL,Red,Varus,2,4,1,True,Win
2908920,1,GL,FK,FK,GL,Red,Ryze,3,6,1,True,Win
2908920,1,GL,FK,FK,GL,Red,Ambessa,4,7,2,True,Win
2908920,1,GL,FK,FK,GL,Red,Lulu,5,9,2,True,Win
2908920,2,GL,FK,GL,FK,Blue,Dr. Mundo,1,1,1,True,Win
2908920,2,GL,FK,GL,FK,Blue,Azir,2,3,1,True,Win
2908920,2,GL,FK,GL,FK,Blue,Corki,3,5,1,True,Win
2908920,2,GL,FK,GL,FK,Blue,Bard,4,8,2,True,Win
2908920,2,GL,FK,GL,FK,Blue,Alistar,5,10,2,True,Win
2908920,2,GL,FK,FK,GL,Red,Orianna,1,2,1,False,Loss
2908920,2,GL,FK,FK,GL,Red,Varus,2,4,1,False,Loss
2908920,2,GL,FK,FK,GL,Red,Ryze,3,6,1,False,Loss
2908920,2,GL,FK,FK,GL,Red,Renekton,4,7,2,False,Loss
2908920,2,GL,FK,FK,GL,Red,Rumble,5,9,2,False,Loss
2908920,3,FK,GL,FK,GL,Blue,Neeko,1,1,1,False,Loss
2908920,3,FK,GL,FK,GL,Blue,Nami,2,3,1,False,Loss
2908920,3,FK,GL,FK,GL,Blue,Orianna,3,5,1,False,Loss
2908920,3,FK,GL,FK,GL,Blue,Gnar,4,8,2,False,Loss
2908920,3,FK,GL,FK,GL,Blue,Rumble,5,10,2,False,Loss
2908920,3,FK,GL,GL,FK,Red,Azir,1,2,1,True,Win
2908920,3,FK,GL,GL,FK,Red,Dr. Mundo,2,4,1,True,Win
2908920,3,FK,GL,GL,FK,Red,Ryze,3,6,1,True,Win
2908920,3,FK,GL,GL,FK,Red,Karma,4,7,2,True,Win
2908920,3,FK,GL,GL,FK,Red,Alistar,5,9,2,True,Win
2908920,4,FK,GL,FK,GL,Blue,Caitlyn,1,1,1,True,Win
2908920,4,FK,GL,FK,GL,Blue,Nami,2,3,1,True,Win
2908920,4,FK,GL,FK,GL,Blue,Rumble,3,5,1,True,Win
2908920,4,FK,GL,FK,GL,Blue,Ornn,4,8,2,True,Win
2908920,4,FK,GL,FK,GL,Blue,Nocturne,5,10,2,True,Win
2908920,4,FK,GL,GL,FK,Red,Dr. Mundo,1,2,1,False,Loss
2908920,4,FK,GL,GL,FK,Red,Azir,2,4,1,False,Loss
2908920,4,FK,GL,GL,FK,Red,Rengar,3,6,1,False,Loss
2908920,4,FK,GL,GL,FK,Red,Renekton,4,7,2,False,Loss
2908920,4,FK,GL,GL,FK,Red,Naafiri,5,9,2,False,Loss
2908920,5,GL,FK,GL,FK,Blue,Sylas,1,1,1,True,Win
2908920,5,GL,FK,GL,FK,Blue,Azir,2,3,1,True,Win
2908920,5,GL,FK,GL,FK,Blue,Dr. Mundo,3,5,1,True,Win
2908920,5,GL,FK,GL,FK,Blue,Alistar,4,8,2,True,Win
2908920,5,GL,FK,GL,FK,Blue,Leona,5,10,2,True,Win
2908920,5,GL,FK,FK,GL,Red,Caitlyn,1,2,1,False,Loss
2908920,5,GL,FK,FK,GL,Red,Yone,2,4,1,False,Loss
2908920,5,GL,FK,FK,GL,Red,Ryze,3,6,1,False,Loss
2908920,5,GL,FK,FK,GL,Red,Rumble,4,7,2,False,Loss
2908920,5,GL,FK,FK,GL,Red,Tristana,5,9,2,False,Loss
2908921,1,GL,SLY,GL,SLY,Blue,Azir,1,1,1,False,Loss
2908921,1,GL,SLY,GL,SLY,Blue,Nautilus,2,3,1,False,Loss
2908921,1,GL,SLY,GL,SLY,Blue,Renekton,3,5,1,False,Loss
2908921,1,GL,SLY,GL,SLY,Blue,Ryze,4,8,2,False,Loss
2908921,1,GL,SLY,GL,SLY,Blue,Taliyah,5,10,2,False,Loss
2908921,1,GL,SLY,SLY,GL,Red,Yunara,1,2,1,True,Win
2908921,1,GL,SLY,SLY,GL,Red,Orianna,2,4,1,True,Win
2908921,1,GL,SLY,SLY,GL,Red,Ambessa,3,6,1,True,Win
2908921,1,GL,SLY,SLY,GL,Red,Anivia,4,7,2,True,Win
2908921,1,GL,SLY,SLY,GL,Red,Sion,5,9,2,True,Win
2908921,2,SLY,GL,SLY,GL,Blue,Ambessa,1,1,1,True,Win
2908921,2,SLY,GL,SLY,GL,Blue,Neeko,2,3,1,True,Win
2908921,2,SLY,GL,SLY,GL,Blue,Varus,3,5,1,True,Win
2908921,2,SLY,GL,SLY,GL,Blue,Nautilus,4,8,2,True,Win
2908921,2,SLY,GL,SLY,GL,Blue,Rell,5,10,2,True,Win
2908921,2,SLY,GL,GL,SLY,Red,Azir,1,2,1,False,Loss
2908921,2,SLY,GL,GL,SLY,Red,Orianna,2,4,1,False,Loss
2908921,2,SLY,GL,GL,SLY,Red,Yunara,3,6,1,False,Loss
2908921,2,SLY,GL,GL,SLY,Red,Bard,4,7,2,False,Loss
2908921,2,SLY,GL,GL,SLY,Red,Kai'Sa,5,9,2,False,Loss
2908921,3,GL,SLY,GL,SLY,Blue,Azir,1,1,1,False,Loss
2908921,3,GL,SLY,GL,SLY,Blue,Jhin,2,3,1,False,Loss
2908921,3,GL,SLY,GL,SLY,Blue,Sion,3,5,1,False,Loss
2908921,3,GL,SLY,GL,SLY,Blue,Xayah,4,8,2,False,Loss
2908921,3,GL,SLY,GL,SLY,Blue,Nautilus,5,10,2,False,Loss
2908921,3,GL,SLY,SLY,GL,Red,Orianna,1,2,1,True,Win
2908921,3,GL,SLY,SLY,GL,Red,Yunara,2,4,1,True,Win
2908921,3,GL,SLY,SLY,GL,Red,Varus,3,6,1,True,Win
2908921,3,GL,SLY,SLY,GL,Red,Lucian,4,7,2,True,Win
2908921,3,GL,SLY,SLY,GL,Red,Kai'Sa,5,9,2,True,Win
2914448,1,GX,FNC,GX,FNC,Blue,Orianna,1,2,1,True,Win
2914448,1,GX,FNC,GX,FNC,Blue,Ryze,2,4,1,True,Win
2914448,1,GX,FNC,GX,FNC,Blue,Vi,3,6,1,True,Win
2914448,1,GX,FNC,GX,FNC,Blue,Azir,4,7,2,True,Win
2914448,1,GX,FNC,GX,FNC,Blue,Mel,5,9,2,True,Win
2914448,1,GX,FNC,FNC,GX,Red,Varus,1,1,1,False,Loss
2914448,1,GX,FNC,FNC,GX,Red,Jarvan IV,2,3,1,False,Loss
2914448,1,GX,FNC,FNC,GX,Red,Nautilus,3,5,1,False,Loss
2914448,1,GX,FNC,FNC,GX,Red,Gnar,4,8,2,False,Loss
2914448,1,GX,FNC,FNC,GX,Red,Gwen,5,10,2,False,Loss
2914448,2,GX,FNC,GX,FNC,Blue,Orianna,1,2,1,False,Loss
2914448,2,GX,FNC,GX,FNC,Blue,Ryze,2,4,1,False,Loss
2914448,2,GX,FNC,GX,FNC,Blue,Vi,3,6,1,False,Loss
2914448,2,GX,FNC,GX,FNC,Blue,Skarner,4,7,2,False,Loss
2914448,2,GX,FNC,GX,FNC,Blue,Azir,5,9,2,False,Loss
2914448,2,GX,FNC,FNC,GX,Red,Varus,1,1,1,True,Win
2914448,2,GX,FNC,FNC,GX,Red,Jarvan IV,2,3,1,True,Win
2914448,2,GX,FNC,FNC,GX,Red,Nautilus,3,5,1,True,Win
2914448,2,GX,FNC,FNC,GX,Red,Akali,4,8,2,True,Win
2914448,2,GX,FNC,FNC,GX,Red,Mel,5,10,2,True,Win
2914448,3,GX,FNC,GX,FNC,Blue,Azir,1,1,1,True,Win
2914448,3,GX,FNC,GX,FNC,Blue,Poppy,2,3,1,True,Win
2914448,3,GX,FNC,GX,FNC,Blue,Alistar,3,5,1,True,Win
2914448,3,GX,FNC,GX,FNC,Blue,Jax,4,8,2,True,Win
2914448,3,GX,FNC,GX,FNC,Blue,Bard,5,10,2,True,Win
2914448,3,GX,FNC,FNC,GX,Red,Ryze,1,2,1,False,Loss
2914448,3,GX,FNC,FNC,GX,Red,Orianna,2,4,1,False,Loss
2914448,3,GX,FNC,FNC,GX,Red,Jarvan IV,3,6,1,False,Loss
2914448,3,GX,FNC,FNC,GX,Red,Anivia,4,7,2,False,Loss
2914448,3,GX,FNC,FNC,GX,Red,Nautilus,5,9,2,False,Loss
2914449,1,VIT,KC,VIT,KC,Blue,Nautilus,1,1,1,True,Win
2914449,1,VIT,KC,VIT,KC,Blue,Jarvan IV,2,3,1,True,Win
2914449,1,VIT,KC,VIT,KC,Blue,Azir,3,5,1,True,Win
2914449,1,VIT,KC,VIT,KC,Blue,Gnar,4,8,2,True,Win
2914449,1,VIT,KC,VIT,KC,Blue,Vi,5,10,2,True,Win
2914449,1,VIT,KC,KC,VIT,Red,Rumble,1,2,1,False,Loss
2914449,1,VIT,KC,KC,VIT,Red,Pantheon,2,4,1,False,Loss
2914449,1,VIT,KC,KC,VIT,Red,Karma,3,6,1,False,Loss
2914449,1,VIT,KC,KC,VIT,Red,Nocturne,4,7,2,False,Loss
2914449,1,VIT,KC,KC,VIT,Red,Dr. Mundo,5,9,2,False,Loss
2914449,2,VIT,KC,VIT,KC,Blue,Yunara,1,2,1,False,Loss
2914449,2,VIT,KC,VIT,KC,Blue,Rumble,2,4,1,False,Loss
2914449,2,VIT,KC,VIT,KC,Blue,Pantheon,3,6,1,False,Loss
2914449,2,VIT,KC,VIT,KC,Blue,Nautilus,4,7,2,False,Loss
2914449,2,VIT,KC,VIT,KC,Blue,Poppy,5,9,2,False,Loss
2914449,2,VIT,KC,KC,VIT,Red,Ryze,1,1,1,True,Win
2914449,2,VIT,KC,KC,VIT,Red,Karma,2,3,1,True,Win
2914449,2,VIT,KC,KC,VIT,Red,Vi,3,5,1,True,Win
2914449,2,VIT,KC,KC,VIT,Red,Akali,4,8,2,True,Win
2914449,2,VIT,KC,KC,VIT,Red,Mel,5,10,2,True,Win
2914449,3,VIT,KC,VIT,KC,Blue,Yunara,1,1,1,False,Loss
2914449,3,VIT,KC,VIT,KC,Blue,Vi,2,3,1,False,Loss
2914449,3,VIT,KC,VIT,KC,Blue,Sion,3,5,1,False,Loss
2914449,3,VIT,KC,VIT,KC,Blue,Akali,4,8,2,False,Loss
2914449,3,VIT,KC,VIT,KC,Blue,Skarner,5,10,2,False,Loss
2914449,3,VIT,KC,KC,VIT,Red,Ryze,1,2,1,True,Win
2914449,3,VIT,KC,KC,VIT,Red,Pantheon,2,4,1,True,Win
2914449,3,VIT,KC,KC,VIT,Red,Nautilus,3,6,1,True,Win
2914449,3,VIT,KC,KC,VIT,Red,Dr. Mundo,4,7,2,True,Win
2914449,3,VIT,KC,KC,VIT,Red,Viktor,5,9,2,True,Win
2914450,1,MKOI,NAVI,MKOI,NAVI,Blue,Orianna,1,2,1,False,Loss
2914450,1,MKOI,NAVI,MKOI,NAVI,Blue,Pantheon,2,4,1,False,Loss
2914450,1,MKOI,NAVI,MKOI,NAVI,Blue,Azir,3,6,1,False,Loss
2914450,1,MKOI,NAVI,MKOI,NAVI,Blue,Sion,4,7,2,False,Loss
2914450,1,MKOI,NAVI,MKOI,NAVI,Blue,K'Sante,5,9,2,False,Loss
2914450,1,MKOI,NAVI,NAVI,MKOI,Red,Jarvan IV,1,1,1,True,Win
2914450,1,MKOI,NAVI,NAVI,MKOI,Red,Nautilus,2,3,1,True,Win
2914450,1,MKOI,NAVI,NAVI,MKOI,Red,Ryze,3,5,1,True,Win
2914450,1,MKOI,NAVI,NAVI,MKOI,Red,Renekton,4,8,2,True,Win
2914450,1,MKOI,NAVI,NAVI,MKOI,Red,Gnar,5,10,2,True,Win
2914450,2,MKOI,NAVI,MKOI,NAVI,Blue,Seraphine,1,1,1,True,Win
2914450,2,MKOI,NAVI,MKOI,NAVI,Blue,Pantheon,2,3,1,True,Win
2914450,2,MKOI,NAVI,MKOI,NAVI,Blue,Varus,3,5,1,True,Win
2914450,2,MKOI,NAVI,MKOI,NAVI,Blue,Caitlyn,4,8,2,True,Win
2914450,2,MKOI,NAVI,MKOI,NAVI,Blue,Corki,5,10,2,True,Win
2914450,2,MKOI,NAVI,NAVI,MKOI,Red,Vi,1,2,1,False,Loss
2914450,2,MKOI,NAVI,NAVI,MKOI,Red,Ryze,2,4,1,False,Loss
2914450,2,MKOI,NAVI,NAVI,MKOI,Red,Jarvan IV,3,6,1,False,Loss
2914450,2,MKOI,NAVI,NAVI,MKOI,Red,Nautilus,4,7,2,False,Loss
2914450,2,MKOI,NAVI,NAVI,MKOI,Red,Renekton,5,9,2,False,Loss
2914450,3,MKOI,NAVI,MKOI,NAVI,Blue,Ryze,1,2,1,False,Loss
2914450,3,MKOI,NAVI,MKOI,NAVI,Blue,Varus,2,4,1,False,Loss
2914450,3,MKOI,NAVI,MKOI,NAVI,Blue,Wukong,3,6,1,False,Loss
2914450,3,MKOI,NAVI,MKOI,NAVI,Blue,Braum,4,7,2,False,Loss
2914450,3,MKOI,NAVI,MKOI,NAVI,Blue,Alistar,5,9,2,False,Loss
2914450,3,MKOI,NAVI,NAVI,MKOI,Red,Pantheon,1,1,1,True,Win
2914450,3,MKOI,NAVI,NAVI,MKOI,Red,Jarvan IV,2,3,1,True,Win
2914450,3,MKOI,NAVI,NAVI,MKOI,Red,Taliyah,3,5,1,True,Win
2914450,3,MKOI,NAVI,NAVI,MKOI,Red,Mel,4,8,2,True,Win
2914450,3,MKOI,NAVI,NAVI,MKOI,Red,Poppy,5,10,2,True,Win
2914451,1,TH,SK,TH,SK,Blue,Jarvan IV,1,1,1,False,Loss
2914451,1,TH,SK,TH,SK,Blue,Pantheon,2,3,1,False,Loss
2914451,1,TH,SK,TH,SK,Blue,Varus,3,5,1,False,Loss
2914451,1,TH,SK,TH,SK,Blue,Gnar,4,8,2,False,Loss
2914451,1,TH,SK,TH,SK,Blue,Galio,5,10,2,False,Loss
2914451,1,TH,SK,SK,TH,Red,Dr. Mundo,1,2,1,True,Win
2914451,1,TH,SK,SK,TH,Red,Orianna,2,4,1,True,Win
2914451,1,TH,SK,SK,TH,Red,Ryze,3,6,1,True,Win
2914451,1,TH,SK,SK,TH,Red,Renekton,4,7,2,True,Win
2914451,1,TH,SK,SK,TH,Red,Gwen,5,9,2,True,Win
2914451,2,SK,TH,SK,TH,Blue,Jarvan IV,1,1,1,False,Loss
2914451,2,SK,TH,SK,TH,Blue,Ashe,2,3,1,False,Loss
2914451,2,SK,TH,SK,TH,Blue,Azir,3,5,1,False,Loss
2914451,2,SK,TH,SK,TH,Blue,Wukong,4,8,2,False,Loss
2914451,2,SK,TH,SK,TH,Blue,Aatrox,5,10,2,False,Loss
2914451,2,SK,TH,TH,SK,Red,Ryze,1,2,1,True,Win
2914451,2,SK,TH,TH,SK,Red,Pantheon,2,4,1,True,Win
2914451,2,SK,TH,TH,SK,Red,Yunara,3,6,1,True,Win
2914451,2,SK,TH,TH,SK,Red,Jhin,4,7,2,True,Win
2914451,2,SK,TH,TH,SK,Red,Rakan,5,9,2,True,Win
2914451,3,SK,TH,SK,TH,Blue,Dr. Mundo,1,2,1,False,Loss
2914451,3,SK,TH,SK,TH,Blue,Azir,2,4,1,False,Loss
2914451,3,SK,TH,SK,TH,Blue,Ryze,3,6,1,False,Loss
2914451,3,SK,TH,SK,TH,Blue,Olaf,4,7,2,False,Loss
2914451,3,SK,TH,SK,TH,Blue,Aatrox,5,9,2,False,Loss
2914451,3,SK,TH,TH,SK,Red,Jarvan IV,1,1,1,True,Win
2914451,3,SK,TH,TH,SK,Red,Pantheon,2,3,1,True,Win
2914451,3,SK,TH,TH,SK,Red,Bard,3,5,1,True,Win
2914451,3,SK,TH,TH,SK,Red,Anivia,4,8,2,True,Win
2914451,3,SK,TH,TH,SK,Red,Sylas,5,10,2,True,Win
2914453,1,MKOI,FNC,MKOI,FNC,Blue,Rumble,1,1,1,True,Win
2914453,1,MKOI,FNC,MKOI,FNC,Blue,Karma,2,3,1,True,Win
2914453,1,MKOI,FNC,MKOI,FNC,Blue,Vi,3,5,1,True,Win
2914453,1,MKOI,FNC,MKOI,FNC,Blue,Gnar,4,8,2,True,Win
2914453,1,MKOI,FNC,MKOI,FNC,Blue,Taliyah,5,10,2,True,Win
2914453,1,MKOI,FNC,FNC,MKOI,Red,Orianna,1,2,1,False,Loss
2914453,1,MKOI,FNC,FNC,MKOI,Red,Ryze,2,4,1,False,Loss
2914453,1,MKOI,FNC,FNC,MKOI,Red,Varus,3,6,1,False,Loss
2914453,1,MKOI,FNC,FNC,MKOI,Red,Nautilus,4,7,2,False,Loss
2914453,1,MKOI,FNC,FNC,MKOI,Red,Seraphine,5,9,2,False,Loss
2914453,2,MKOI,FNC,MKOI,FNC,Blue,Orianna,1,2,1,True,Win
2914453,2,MKOI,FNC,MKOI,FNC,Blue,Ryze,2,4,1,True,Win
2914453,2,MKOI,FNC,MKOI,FNC,Blue,Karma,3,6,1,True,Win
2914453,2,MKOI,FNC,MKOI,FNC,Blue,Kai'Sa,4,7,2,True,Win
2914453,2,MKOI,FNC,MKOI,FNC,Blue,Sivir,5,9,2,True,Win
2914453,2,MKOI,FNC,FNC,MKOI,Red,Varus,1,1,1,False,Loss
2914453,2,MKOI,FNC,FNC,MKOI,Red,Jarvan IV,2,3,1,False,Loss
2914453,2,MKOI,FNC,FNC,MKOI,Red,Seraphine,3,5,1,False,Loss
2914453,2,MKOI,FNC,FNC,MKOI,Red,Xayah,4,8,2,False,Loss
2914453,2,MKOI,FNC,FNC,MKOI,Red,Ezreal,5,10,2,False,Loss
2914454,1,SK,NAVI,SK,NAVI,Blue,Orianna,1,2,1,True,Win
2914454,1,SK,NAVI,SK,NAVI,Blue,Karma,2,4,1,True,Win
2914454,1,SK,NAVI,SK,NAVI,Blue,Nautilus,3,6,1,True,Win
2914454,1,SK,NAVI,SK,NAVI,Blue,Ambessa,4,7,2,True,Win
2914454,1,SK,NAVI,SK,NAVI,Blue,Sion,5,9,2,True,Win
2914454,1,SK,NAVI,NAVI,SK,Red,Jarvan IV,1,1,1,False,Loss
2914454,1,SK,NAVI,NAVI,SK,Red,Pantheon,2,3,1,False,Loss
2914454,1,SK,NAVI,NAVI,SK,Red,Varus,3,5,1,False,Loss
2914454,1,SK,NAVI,NAVI,SK,Red,Wukong,4,8,2,False,Loss
2914454,1,SK,NAVI,NAVI,SK,Red,Kennen,5,10,2,False,Loss
2914454,2,SK,NAVI,SK,NAVI,Blue,Jarvan IV,1,1,1,False,Loss
2914454,2,SK,NAVI,SK,NAVI,Blue,Nautilus,2,3,1,False,Loss
2914454,2,SK,NAVI,SK,NAVI,Blue,Azir,3,5,1,False,Loss
2914454,2,SK,NAVI,SK,NAVI,Blue,Renekton,4,8,2,False,Loss
2914454,2,SK,NAVI,SK,NAVI,Blue,Sion,5,10,2,False,Loss
2914454,2,SK,NAVI,NAVI,SK,Red,Karma,1,2,1,True,Win
2914454,2,SK,NAVI,NAVI,SK,Red,Pantheon,2,4,1,True,Win
2914454,2,SK,NAVI,NAVI,SK,Red,Orianna,3,6,1,True,Win
2914454,2,SK,NAVI,NAVI,SK,Red,Akali,4,7,2,True,Win
2914454,2,SK,NAVI,NAVI,SK,Red,Gnar,5,9,2,True,Win
2914454,3,SK,NAVI,SK,NAVI,Blue,Orianna,1,2,1,False,Loss
2914454,3,SK,NAVI,SK,NAVI,Blue,Karma,2,4,1,False,Loss
2914454,3,SK,NAVI,SK,NAVI,Blue,Sion,3,6,1,False,Loss
2914454,3,SK,NAVI,SK,NAVI,Blue,Azir,4,7,2,False,Loss
2914454,3,SK,NAVI,SK,NAVI,Blue,Yorick,5,9,2,False,Loss
2914454,3,SK,NAVI,NAVI,SK,Red,Jarvan IV,1,1,1,True,Win
2914454,3,SK,NAVI,NAVI,SK,Red,Nautilus,2,3,1,True,Win
2914454,3,SK,NAVI,NAVI,SK,Red,Pantheon,3,5,1,True,Win
2914454,3,SK,NAVI,NAVI,SK,Red,Akali,4,8,2,True,Win
2914454,3,SK,NAVI,NAVI,SK,Red,Gnar,5,10,2,True,Win
2914455,1,VIT,TH,VIT,TH,Blue,Akali,1,1,1,True,Win
2914455,1,VIT,TH,VIT,TH,Blue,Varus,2,3,1,True,Win
2914455,1,VIT,TH,VIT,TH,Blue,Nautilus,3,5,1,True,Win
2914455,1,VIT,TH,VIT,TH,Blue,Aurora,4,8,2,True,Win
2914455,1,VIT,TH,VIT,TH,Blue,Gnar,5,10,2,True,Win
2914455,1,VIT,TH,TH,VIT,Red,Orianna,1,2,1,False,Loss
2914455,1,VIT,TH,TH,VIT,Red,Ryze,2,4,1,False,Loss
2914455,1,VIT,TH,TH,VIT,Red,Karma,3,6,1,False,Loss
2914455,1,VIT,TH,TH,VIT,Red,Dr. Mundo,4,7,2,False,Loss
2914455,1,VIT,TH,TH,VIT,Red,Xin Zhao,5,9,2,False,Loss
2914455,2,VIT,TH,VIT,TH,Blue,Akali,1,1,1,True,Win
2914455,2,VIT,TH,VIT,TH,Blue,Nautilus,2,3,1,True,Win
2914455,2,VIT,TH,VIT,TH,Blue,Varus,3,5,1,True,Win
2914455,2,VIT,TH,VIT,TH,Blue,Yunara,4,8,2,True,Win
2914455,2,VIT,TH,VIT,TH,Blue,Aurora,5,10,2,True,Win
2914455,2,VIT,TH,TH,VIT,Red,Orianna,1,2,1,False,Loss
2914455,2,VIT,TH,TH,VIT,Red,Ryze,2,4,1,False,Loss
2914455,2,VIT,TH,TH,VIT,Red,Karma,3,6,1,False,Loss
2914455,2,VIT,TH,TH,VIT,Red,Vi,4,7,2,False,Loss
2914455,2,VIT,TH,TH,VIT,Red,Trundle,5,9,2,False,Loss
2914456,1,SK,SHFT,SK,SHFT,Blue,Varus,1,1,1,True,Win
2914456,1,SK,SHFT,SK,SHFT,Blue,Azir,2,3,1,True,Win
2914456,1,SK,SHFT,SK,SHFT,Blue,Jarvan IV,3,5,1,True,Win
2914456,1,SK,SHFT,SK,SHFT,Blue,Gwen,4,8,2,True,Win
2914456,1,SK,SHFT,SK,SHFT,Blue,Ambessa,5,10,2,True,Win
2914456,1,SK,SHFT,SHFT,SK,Red,Rumble,1,2,1,False,Loss
2914456,1,SK,SHFT,SHFT,SK,Red,Ashe,2,4,1,False,Loss
2914456,1,SK,SHFT,SHFT,SK,Red,Karma,3,6,1,False,Loss
2914456,1,SK,SHFT,SHFT,SK,Red,Nautilus,4,7,2,False,Loss
2914456,1,SK,SHFT,SHFT,SK,Red,Bard,5,9,2,False,Loss
2914456,2,SK,SHFT,SK,SHFT,Blue,Jarvan IV,1,1,1,True,Win
2914456,2,SK,SHFT,SK,SHFT,Blue,Azir,2,3,1,True,Win
2914456,2,SK,SHFT,SK,SHFT,Blue,Vi,3,5,1,True,Win
2914456,2,SK,SHFT,SK,SHFT,Blue,Aurora,4,8,2,True,Win
2914456,2,SK,SHFT,SK,SHFT,Blue,Renekton,5,10,2,True,Win
2914456,2,SK,SHFT,SHFT,SK,Red,Rumble,1,2,1,False,Loss
2914456,2,SK,SHFT,SHFT,SK,Red,Ashe,2,4,1,False,Loss
2914456,2,SK,SHFT,SHFT,SK,Red,Varus,3,6,1,False,Loss
2914456,2,SK,SHFT,SHFT,SK,Red,Anivia,4,7,2,False,Loss
2914456,2,SK,SHFT,SHFT,SK,Red,Kennen,5,9,2,False,Loss
2914457,1,G2,TH,G2,TH,Blue,Akali,1,1,1,True,Win
2914457,1,G2,TH,G2,TH,Blue,Nautilus,2,3,1,True,Win
2914457,1,G2,TH,G2,TH,Blue,Rumble,3,5,1,True,Win
2914457,1,G2,TH,G2,TH,Blue,Jarvan IV,4,8,2,True,Win
2914457,1,G2,TH,G2,TH,Blue,Renekton,5,10,2,True,Win
2914457,1,G2,TH,TH,G2,Red,Orianna,1,2,1,False,Loss
2914457,1,G2,TH,TH,G2,Red,Ryze,2,4,1,False,Loss
2914457,1,G2,TH,TH,G2,Red,Varus,3,6,1,False,Loss
2914457,1,G2,TH,TH,G2,Red,Pantheon,4,7,2,False,Loss
2914457,1,G2,TH,TH,G2,Red,Dr. Mundo,5,9,2,False,Loss
2914457,2,G2,TH,G2,TH,Blue,Orianna,1,2,1,True,Win
2914457,2,G2,TH,G2,TH,Blue,Ryze,2,4,1,True,Win
2914457,2,G2,TH,G2,TH,Blue,Rumble,3,6,1,True,Win
2914457,2,G2,TH,G2,TH,Blue,Gnar,4,7,2,True,Win
2914457,2,G2,TH,G2,TH,Blue,Trundle,5,9,2,True,Win
2914457,2,G2,TH,TH,G2,Red,Jarvan IV,1,1,1,False,Loss
2914457,2,G2,TH,TH,G2,Red,Pantheon,2,3,1,False,Loss
2914457,2,G2,TH,TH,G2,Red,Nautilus,3,5,1,False,Loss
2914457,2,G2,TH,TH,G2,Red,Dr. Mundo,4,8,2,False,Loss
2914457,2,G2,TH,TH,G2,Red,Vi,5,10,2,False,Loss
2914458,1,VIT,NAVI,VIT,NAVI,Blue,Orianna,1,2,1,True,Win
2914458,1,VIT,NAVI,VIT,NAVI,Blue,Sion,2,4,1,True,Win
2914458,1,VIT,NAVI,VIT,NAVI,Blue,Karma,3,6,1,True,Win
2914458,1,VIT,NAVI,VIT,NAVI,Blue,Wukong,4,7,2,True,Win
2914458,1,VIT,NAVI,VIT,NAVI,Blue,Dr. Mundo,5,9,2,True,Win
2914458,1,VIT,NAVI,NAVI,VIT,Red,Nautilus,1,1,1,False,Loss
2914458,1,VIT,NAVI,NAVI,VIT,Red,Ezreal,2,3,1,False,Loss
2914458,1,VIT,NAVI,NAVI,VIT,Red,Varus,3,5,1,False,Loss
2914458,1,VIT,NAVI,NAVI,VIT,Red,Vi,4,8,2,False,Loss
2914458,1,VIT,NAVI,NAVI,VIT,Red,Pantheon,5,10,2,False,Loss
2914458,2,VIT,NAVI,VIT,NAVI,Blue,Orianna,1,2,1,True,Win
2914458,2,VIT,NAVI,VIT,NAVI,Blue,Ryze,2,4,1,True,Win
2914458,2,VIT,NAVI,VIT,NAVI,Blue,Karma,3,6,1,True,Win
2914458,2,VIT,NAVI,VIT,NAVI,Blue,Aatrox,4,7,2,True,Win
2914458,2,VIT,NAVI,VIT,NAVI,Blue,Syndra,5,9,2,True,Win
2914458,2,VIT,NAVI,NAVI,VIT,Red,Nautilus,1,1,1,False,Loss
2914458,2,VIT,NAVI,NAVI,VIT,Red,Bard,2,3,1,False,Loss
2914458,2,VIT,NAVI,NAVI,VIT,Red,Pantheon,3,5,1,False,Loss
2914458,2,VIT,NAVI,NAVI,VIT,Red,Akali,4,8,2,False,Loss
2914458,2,VIT,NAVI,NAVI,VIT,Red,Ambessa,5,10,2,False,Loss
2914459,1,GX,SK,GX,SK,Blue,Pantheon,1,1,1,True,Win
2914459,1,GX,SK,GX,SK,Blue,Yasuo,2,3,1,True,Win
2914459,1,GX,SK,GX,SK,Blue,Varus,3,5,1,True,Win
2914459,1,GX,SK,GX,SK,Blue,Azir,4,8,2,True,Win
2914459,1,GX,SK,GX,SK,Blue,Gnar,5,10,2,True,Win
2914459,1,GX,SK,SK,GX,Red,Orianna,1,2,1,False,Loss
2914459,1,GX,SK,SK,GX,Red,Nocturne,2,4,1,False,Loss
2914459,1,GX,SK,SK,GX,Red,Jarvan IV,3,6,1,False,Loss
2914459,1,GX,SK,SK,GX,Red,Nautilus,4,7,2,False,Loss
2914459,1,GX,SK,SK,GX,Red,Rakan,5,9,2,False,Loss
2914459,2,GX,SK,GX,SK,Blue,Pantheon,1,1,1,True,Win
2914459,2,GX,SK,GX,SK,Blue,Akali,2,3,1,True,Win
2914459,2,GX,SK,GX,SK,Blue,Nautilus,3,5,1,True,Win
2914459,2,GX,SK,GX,SK,Blue,Rumble,4,8,2,True,Win
2914459,2,GX,SK,GX,SK,Blue,Mel,5,10,2,True,Win
2914459,2,GX,SK,SK,GX,Red,Orianna,1,2,1,False,Loss
2914459,2,GX,SK,SK,GX,Red,Azir,2,4,1,False,Loss
2914459,2,GX,SK,SK,GX,Red,Jarvan IV,3,6,1,False,Loss
2914459,2,GX,SK,SK,GX,Red,Ambessa,4,7,2,False,Loss
2914459,2,GX,SK,SK,GX,Red,Aurora,5,9,2,False,Loss
2914460,1,G2,FNC,G2,FNC,Blue,Ryze,1,2,1,True,Win
2914460,1,G2,FNC,G2,FNC,Blue,Rumble,2,4,1,True,Win
2914460,1,G2,FNC,G2,FNC,Blue,Karma,3,6,1,True,Win
2914460,1,G2,FNC,G2,FNC,Blue,Pantheon,4,7,2,True,Win
2914460,1,G2,FNC,G2,FNC,Blue,Nocturne,5,9,2,True,Win
2914460,1,G2,FNC,FNC,G2,Red,Varus,1,1,1,False,Loss
2914460,1,G2,FNC,FNC,G2,Red,Jarvan IV,2,3,1,False,Loss
2914460,1,G2,FNC,FNC,G2,Red,Nautilus,3,5,1,False,Loss
2914460,1,G2,FNC,FNC,G2,Red,Dr. Mundo,4,8,2,False,Loss
2914460,1,G2,FNC,FNC,G2,Red,Shen,5,10,2,False,Loss
2914460,2,G2,FNC,G2,FNC,Blue,Ryze,1,2,1,False,Loss
2914460,2,G2,FNC,G2,FNC,Blue,Rumble,2,4,1,False,Loss
2914460,2,G2,FNC,G2,FNC,Blue,Karma,3,6,1,False,Loss
2914460,2,G2,FNC,G2,FNC,Blue,Mel,4,7,2,False,Loss
2914460,2,G2,FNC,G2,FNC,Blue,Akali,5,9,2,False,Loss
2914460,2,G2,FNC,FNC,G2,Red,Varus,1,1,1,True,Win
2914460,2,G2,FNC,FNC,G2,Red,Jarvan IV,2,3,1,True,Win
2914460,2,G2,FNC,FNC,G2,Red,Nautilus,3,5,1,True,Win
2914460,2,G2,FNC,FNC,G2,Red,Vi,4,8,2,True,Win
2914460,2,G2,FNC,FNC,G2,Red,Gwen,5,10,2,True,Win
2914460,3,G2,FNC,G2,FNC,Blue,Karma,1,1,1,False,Loss
2914460,3,G2,FNC,G2,FNC,Blue,Jarvan IV,2,3,1,False,Loss
2914460,3,G2,FNC,G2,FNC,Blue,Rumble,3,5,1,False,Loss
2914460,3,G2,FNC,G2,FNC,Blue,Nautilus,4,8,2,False,Loss
2914460,3,G2,FNC,G2,FNC,Blue,Gnar,5,10,2,False,Loss
2914460,3,G2,FNC,FNC,G2,Red,Ryze,1,2,1,True,Win
2914460,3,G2,FNC,FNC,G2,Red,Neeko,2,4,1,True,Win
2914460,3,G2,FNC,FNC,G2,Red,Varus,3,6,1,True,Win
2914460,3,G2,FNC,FNC,G2,Red,Zoe,4,7,2,True,Win
2914460,3,G2,FNC,FNC,G2,Red,LeBlanc,5,9,2,True,Win
2914461,1,GX,TH,GX,TH,Blue,Orianna,1,2,1,True,Win
2914461,1,GX,TH,GX,TH,Blue,Ryze,2,4,1,True,Win
2914461,1,GX,TH,GX,TH,Blue,Dr. Mundo,3,6,1,True,Win
2914461,1,GX,TH,GX,TH,Blue,Sejuani,4,7,2,True,Win
2914461,1,GX,TH,GX,TH,Blue,Poppy,5,9,2,True,Win
2914461,1,GX,TH,TH,GX,Red,Jarvan IV,1,1,1,False,Loss
2914461,1,GX,TH,TH,GX,Red,Nautilus,2,3,1,False,Loss
2914461,1,GX,TH,TH,GX,Red,Xin Zhao,3,5,1,False,Loss
2914461,1,GX,TH,TH,GX,Red,Bard,4,8,2,False,Loss
2914461,1,GX,TH,TH,GX,Red,Gnar,5,10,2,False,Loss
2914461,2,GX,TH,GX,TH,Blue,Dr. Mundo,1,1,1,False,Loss
2914461,2,GX,TH,GX,TH,Blue,Rumble,2,3,1,False,Loss
2914461,2,GX,TH,GX,TH,Blue,Nautilus,3,5,1,False,Loss
2914461,2,GX,TH,GX,TH,Blue,Mel,4,8,2,False,Loss
2914461,2,GX,TH,GX,TH,Blue,Azir,5,10,2,False,Loss
2914461,2,GX,TH,TH,GX,Red,Orianna,1,2,1,True,Win
2914461,2,GX,TH,TH,GX,Red,Ryze,2,4,1,True,Win
2914461,2,GX,TH,TH,GX,Red,Caitlyn,3,6,1,True,Win
2914461,2,GX,TH,TH,GX,Red,Yone,4,7,2,True,Win
2914461,2,GX,TH,TH,GX,Red,Akali,5,9,2,True,Win
2914461,3,GX,TH,GX,TH,Blue,Dr. Mundo,1,1,1,True,Win
2914461,3,GX,TH,GX,TH,Blue,Rumble,2,3,1,True,Win
2914461,3,GX,TH,GX,TH,Blue,Nautilus,3,5,1,True,Win
2914461,3,GX,TH,GX,TH,Blue,Skarner,4,8,2,True,Win
2914461,3,GX,TH,GX,TH,Blue,Jayce,5,10,2,True,Win
2914461,3,GX,TH,TH,GX,Red,Orianna,1,2,1,False,Loss
2914461,3,GX,TH,TH,GX,Red,Ryze,2,4,1,False,Loss
2914461,3,GX,TH,TH,GX,Red,Caitlyn,3,6,1,False,Loss
2914461,3,GX,TH,TH,GX,Red,Akali,4,7,2,False,Loss
2914461,3,GX,TH,TH,GX,Red,Yone,5,9,2,False,Loss
2914462,1,MKOI,VIT,MKOI,VIT,Blue,Karma,1,2,1,False,Loss
2914462,1,MKOI,VIT,MKOI,VIT,Blue,Bard,2,4,1,False,Loss
2914462,1,MKOI,VIT,MKOI,VIT,Blue,Nautilus,3,6,1,False,Loss
2914462,1,MKOI,VIT,MKOI,VIT,Blue,Nocturne,4,7,2,False,Loss
2914462,1,MKOI,VIT,MKOI,VIT,Blue,Jayce,5,9,2,False,Loss
2914462,1,MKOI,VIT,VIT,MKOI,Red,Rumble,1,1,1,True,Win
2914462,1,MKOI,VIT,VIT,MKOI,Red,Seraphine,2,3,1,True,Win
2914462,1,MKOI,VIT,VIT,MKOI,Red,Jarvan IV,3,5,1,True,Win
2914462,1,MKOI,VIT,VIT,MKOI,Red,Sion,4,8,2,True,Win
2914462,1,MKOI,VIT,VIT,MKOI,Red,Gnar,5,10,2,True,Win
2914462,2,VIT,MKOI,VIT,MKOI,Blue,Ryze,1,2,1,False,Loss
2914462,2,VIT,MKOI,VIT,MKOI,Blue,Nocturne,2,4,1,False,Loss
2914462,2,VIT,MKOI,VIT,MKOI,Blue,Sion,3,6,1,False,Loss
2914462,2,VIT,MKOI,VIT,MKOI,Blue,Rumble,4,7,2,False,Loss
2914462,2,VIT,MKOI,VIT,MKOI,Blue,Aurora,5,9,2,False,Loss
2914462,2,VIT,MKOI,MKOI,VIT,Red,Jarvan IV,1,1,1,True,Win
2914462,2,VIT,MKOI,MKOI,VIT,Red,Nautilus,2,3,1,True,Win
2914462,2,VIT,MKOI,MKOI,VIT,Red,Bard,3,5,1,True,Win
2914462,2,VIT,MKOI,MKOI,VIT,Red,Jayce,4,8,2,True,Win
2914462,2,VIT,MKOI,MKOI,VIT,Red,Mel,5,10,2,True,Win
2914462,3,MKOI,VIT,MKOI,VIT,Blue,Bard,1,1,1,False,Loss
2914462,3,MKOI,VIT,MKOI,VIT,Blue,Aurora,2,3,1,False,Loss
2914462,3,MKOI,VIT,MKOI,VIT,Blue,Zoe,3,5,1,False,Loss
2914462,3,MKOI,VIT,MKOI,VIT,Blue,Rakan,4,8,2,False,Loss
2914462,3,MKOI,VIT,MKOI,VIT,Blue,Aurelion Sol,5,10,2,False,Loss
2914462,3,MKOI,VIT,VIT,MKOI,Red,Ryze,1,2,1,True,Win
2914462,3,MKOI,VIT,VIT,MKOI,Red,Nocturne,2,4,1,True,Win
2914462,3,MKOI,VIT,VIT,MKOI,Red,Neeko,3,6,1,True,Win
2914462,3,MKOI,VIT,VIT,MKOI,Red,Nautilus,4,7,2,True,Win
2914462,3,MKOI,VIT,VIT,MKOI,Red,Syndra,5,9,2,True,Win
2914463,1,NAVI,TH,NAVI,TH,Blue,Nautilus,1,1,1,True,Win
2914463,1,NAVI,TH,NAVI,TH,Blue,Varus,2,3,1,True,Win
2914463,1,NAVI,TH,NAVI,TH,Blue,Dr. Mundo,3,5,1,True,Win
2914463,1,NAVI,TH,NAVI,TH,Blue,Akali,4,8,2,True,Win
2914463,1,NAVI,TH,NAVI,TH,Blue,Lux,5,10,2,True,Win
2914463,1,NAVI,TH,TH,NAVI,Red,Orianna,1,2,1,False,Loss
2914463,1,NAVI,TH,TH,NAVI,Red,Ryze,2,4,1,False,Loss
2914463,1,NAVI,TH,TH,NAVI,Red,Azir,3,6,1,False,Loss
2914463,1,NAVI,TH,TH,NAVI,Red,Sion,4,7,2,False,Loss
2914463,1,NAVI,TH,TH,NAVI,Red,Gnar,5,9,2,False,Loss
2914463,2,NAVI,TH,NAVI,TH,Blue,Orianna,1,2,1,True,Win
2914463,2,NAVI,TH,NAVI,TH,Blue,Ryze,2,4,1,True,Win
2914463,2,NAVI,TH,NAVI,TH,Blue,Varus,3,6,1,True,Win
2914463,2,NAVI,TH,NAVI,TH,Blue,Vi,4,7,2,True,Win
2914463,2,NAVI,TH,NAVI,TH,Blue,Gnar,5,9,2,True,Win
2914463,2,NAVI,TH,TH,NAVI,Red,Nautilus,1,1,1,False,Loss
2914463,2,NAVI,TH,TH,NAVI,Red,Azir,2,3,1,False,Loss
2914463,2,NAVI,TH,TH,NAVI,Red,Karma,3,5,1,False,Loss
2914463,2,NAVI,TH,TH,NAVI,Red,Mel,4,8,2,False,Loss
2914463,2,NAVI,TH,TH,NAVI,Red,Viktor,5,10,2,False,Loss
2914464,1,VIT,G2,VIT,G2,Blue,Orianna,1,2,1,True,Win
2914464,1,VIT,G2,VIT,G2,Blue,Azir,2,4,1,True,Win
2914464,1,VIT,G2,VIT,G2,Blue,Ryze,3,6,1,True,Win
2914464,1,VIT,G2,VIT,G2,Blue,Pantheon,4,7,2,True,Win
2914464,1,VIT,G2,VIT,G2,Blue,Xin Zhao,5,9,2,True,Win
2914464,1,VIT,G2,G2,VIT,Red,Nautilus,1,1,1,False,Loss
2914464,1,VIT,G2,G2,VIT,Red,Varus,2,3,1,False,Loss
2914464,1,VIT,G2,G2,VIT,Red,Karma,3,5,1,False,Loss
2914464,1,VIT,G2,G2,VIT,Red,Ornn,4,8,2,False,Loss
2914464,1,VIT,G2,G2,VIT,Red,LeBlanc,5,10,2,False,Loss
2914464,2,VIT,G2,VIT,G2,Blue,Nautilus,1,1,1,False,Loss
2914464,2,VIT,G2,VIT,G2,Blue,Akali,2,3,1,False,Loss
2914464,2,VIT,G2,VIT,G2,Blue,Anivia,3,5,1,False,Loss
2914464,2,VIT,G2,VIT,G2,Blue,Ryze,4,8,2,False,Loss
2914464,2,VIT,G2,VIT,G2,Blue,Taliyah,5,10,2,False,Loss
2914464,2,VIT,G2,G2,VIT,Red,Orianna,1,2,1,True,Win
2914464,2,VIT,G2,G2,VIT,Red,Varus,2,4,1,True,Win
2914464,2,VIT,G2,G2,VIT,Red,Karma,3,6,1,True,Win
2914464,2,VIT,G2,G2,VIT,Red,Ezreal,4,7,2,True,Win
2914464,2,VIT,G2,G2,VIT,Red,Nami,5,9,2,True,Win
2914464,3,G2,VIT,G2,VIT,Blue,Karma,1,2,1,False,Loss
2914464,3,G2,VIT,G2,VIT,Blue,Orianna,2,4,1,False,Loss
2914464,3,G2,VIT,G2,VIT,Blue,Varus,3,6,1,False,Loss
2914464,3,G2,VIT,G2,VIT,Blue,Ambessa,4,7,2,False,Loss
2914464,3,G2,VIT,G2,VIT,Blue,Gwen,5,9,2,False,Loss
2914464,3,G2,VIT,VIT,G2,Red,Nautilus,1,1,1,True,Win
2914464,3,G2,VIT,VIT,G2,Red,Akali,2,3,1,True,Win
2914464,3,G2,VIT,VIT,G2,Red,Ryze,3,5,1,True,Win
2914464,3,G2,VIT,VIT,G2,Red,Viktor,4,8,2,True,Win
2914464,3,G2,VIT,VIT,G2,Red,Annie,5,10,2,True,Win
2914465,1,SK,MKOI,SK,MKOI,Blue,Orianna,1,2,1,False,Loss
2914465,1,SK,MKOI,SK,MKOI,Blue,Azir,2,4,1,False,Loss
2914465,1,SK,MKOI,SK,MKOI,Blue,Jarvan IV,3,6,1,False,Loss
2914465,1,SK,MKOI,SK,MKOI,Blue,Poppy,4,7,2,False,Loss
2914465,1,SK,MKOI,SK,MKOI,Blue,Zaahen,5,9,2,False,Loss
2914465,1,SK,MKOI,MKOI,SK,Red,Akali,1,1,1,True,Win
2914465,1,SK,MKOI,MKOI,SK,Red,Xin Zhao,2,3,1,True,Win
2914465,1,SK,MKOI,MKOI,SK,Red,Yasuo,3,5,1,True,Win
2914465,1,SK,MKOI,MKOI,SK,Red,Ashe,4,8,2,True,Win
2914465,1,SK,MKOI,MKOI,SK,Red,Sivir,5,10,2,True,Win
2914465,2,MKOI,SK,MKOI,SK,Blue,Bard,1,1,1,True,Win
2914465,2,MKOI,SK,MKOI,SK,Blue,Yunara,2,3,1,True,Win
2914465,2,MKOI,SK,MKOI,SK,Blue,Dr. Mundo,3,5,1,True,Win
2914465,2,MKOI,SK,MKOI,SK,Blue,Akali,4,8,2,True,Win
2914465,2,MKOI,SK,MKOI,SK,Blue,Jayce,5,10,2,True,Win
2914465,2,MKOI,SK,SK,MKOI,Red,Orianna,1,2,1,False,Loss
2914465,2,MKOI,SK,SK,MKOI,Red,Azir,2,4,1,False,Loss
2914465,2,MKOI,SK,SK,MKOI,Red,Vi,3,6,1,False,Loss
2914465,2,MKOI,SK,SK,MKOI,Red,Yorick,4,7,2,False,Loss
2914465,2,MKOI,SK,SK,MKOI,Red,Sion,5,9,2,False,Loss
2914466,1,VIT,SHFT,VIT,SHFT,Blue,Vi,1,1,1,False,Loss
2914466,1,VIT,SHFT,VIT,SHFT,Blue,Cassiopeia,2,3,1,False,Loss
2914466,1,VIT,SHFT,VIT,SHFT,Blue,LeBlanc,3,5,1,False,Loss
2914466,1,VIT,SHFT,VIT,SHFT,Blue,Ryze,4,8,2,False,Loss
2914466,1,VIT,SHFT,VIT,SHFT,Blue,Aurora,5,10,2,False,Loss
2914466,1,VIT,SHFT,SHFT,VIT,Red,Orianna,1,2,1,True,Win
2914466,1,VIT,SHFT,SHFT,VIT,Red,Pantheon,2,4,1,True,Win
2914466,1,VIT,SHFT,SHFT,VIT,Red,Caitlyn,3,6,1,True,Win
2914466,1,VIT,SHFT,SHFT,VIT,Red,Renekton,4,7,2,True,Win
2914466,1,VIT,SHFT,SHFT,VIT,Red,Dr. Mundo,5,9,2,True,Win
2914466,2,VIT,SHFT,VIT,SHFT,Blue,Orianna,1,2,1,True,Win
2914466,2,VIT,SHFT,VIT,SHFT,Blue,Ryze,2,4,1,True,Win
2914466,2,VIT,SHFT,VIT,SHFT,Blue,Mel,3,6,1,True,Win
2914466,2,VIT,SHFT,VIT,SHFT,Blue,Varus,4,7,2,True,Win
2914466,2,VIT,SHFT,VIT,SHFT,Blue,Galio,5,9,2,True,Win
2914466,2,VIT,SHFT,SHFT,VIT,Red,Caitlyn,1,1,1,False,Loss
2914466,2,VIT,SHFT,SHFT,VIT,Red,Pantheon,2,3,1,False,Loss
2914466,2,VIT,SHFT,SHFT,VIT,Red,Nautilus,3,5,1,False,Loss
2914466,2,VIT,SHFT,SHFT,VIT,Red,Syndra,4,8,2,False,Loss
2914466,3,VIT,SHFT,VIT,SHFT,Blue,Seraphine,1,1,1,True,Win
2914466,3,VIT,SHFT,VIT,SHFT,Blue,Ryze,2,3,1,True,Win
2914466,3,VIT,SHFT,VIT,SHFT,Blue,Sivir,3,5,1,True,Win
2914466,3,VIT,SHFT,VIT,SHFT,Blue,Nocturne,4,8,2,True,Win
2914466,3,VIT,SHFT,VIT,SHFT,Blue,Jhin,5,10,2,True,Win
2914466,3,VIT,SHFT,SHFT,VIT,Red,Orianna,1,2,1,False,Loss
2914466,3,VIT,SHFT,SHFT,VIT,Red,Pantheon,2,4,1,False,Loss
2914466,3,VIT,SHFT,SHFT,VIT,Red,Caitlyn,3,6,1,False,Loss
2914466,3,VIT,SHFT,SHFT,VIT,Red,Syndra,4,7,2,False,Loss
2914466,3,VIT,SHFT,SHFT,VIT,Red,Aurelion Sol,5,9,2,False,Loss
2914467,1,TH,KC,TH,KC,Blue,Orianna,1,2,1,False,Loss
2914467,1,TH,KC,TH,KC,Blue,Ryze,2,4,1,False,Loss
2914467,1,TH,KC,TH,KC,Blue,Azir,3,6,1,False,Loss
2914467,1,TH,KC,TH,KC,Blue,Renekton,4,7,2,False,Loss
2914467,1,TH,KC,TH,KC,Blue,Jayce,5,9,2,False,Loss
2914467,1,TH,KC,KC,TH,Red,Nautilus,1,1,1,True,Win
2914467,1,TH,KC,KC,TH,Red,Varus,2,3,1,True,Win
2914467,1,TH,KC,KC,TH,Red,Rumble,3,5,1,True,Win
2914467,1,TH,KC,KC,TH,Red,Caitlyn,4,8,2,True,Win
2914467,1,TH,KC,KC,TH,Red,Ezreal,5,10,2,True,Win
2914467,2,TH,KC,TH,KC,Blue,Nautilus,1,1,1,False,Loss
2914467,2,TH,KC,TH,KC,Blue,Caitlyn,2,3,1,False,Loss
2914467,2,TH,KC,TH,KC,Blue,Karma,3,5,1,False,Loss
2914467,2,TH,KC,TH,KC,Blue,Azir,4,8,2,False,Loss
2914467,2,TH,KC,TH,KC,Blue,Gwen,5,10,2,False,Loss
2914467,2,TH,KC,KC,TH,Red,Rumble,1,2,1,True,Win
2914467,2,TH,KC,KC,TH,Red,Orianna,2,4,1,True,Win
2914467,2,TH,KC,KC,TH,Red,Varus,3,6,1,True,Win
2914467,2,TH,KC,KC,TH,Red,Nocturne,4,7,2,True,Win
2914467,2,TH,KC,KC,TH,Red,Jarvan IV,5,9,2,True,Win
2914468,1,SK,FNC,SK,FNC,Blue,Orianna,1,2,1,True,Win
2914468,1,SK,FNC,SK,FNC,Blue,Azir,2,4,1,True,Win
2914468,1,SK,FNC,SK,FNC,Blue,Ryze,3,6,1,True,Win
2914468,1,SK,FNC,SK,FNC,Blue,Rumble,4,7,2,True,Win
2914468,1,SK,FNC,SK,FNC,Blue,Aurora,5,9,2,True,Win
2914468,1,SK,FNC,FNC,SK,Red,Akali,1,1,1,False,Loss
2914468,1,SK,FNC,FNC,SK,Red,Seraphine,2,3,1,False,Loss
2914468,1,SK,FNC,FNC,SK,Red,Nautilus,3,5,1,False,Loss
2914468,1,SK,FNC,FNC,SK,Red,Bard,4,8,2,False,Loss
2914468,1,SK,FNC,FNC,SK,Red,Gnar,5,10,2,False,Loss
2914468,2,SK,FNC,SK,FNC,Blue,Orianna,1,2,1,True,Win
2914468,2,SK,FNC,SK,FNC,Blue,Azir,2,4,1,True,Win
2914468,2,SK,FNC,SK,FNC,Blue,Ryze,3,6,1,True,Win
2914468,2,SK,FNC,SK,FNC,Blue,Wukong,4,7,2,True,Win
2914468,2,SK,FNC,SK,FNC,Blue,Zaahen,5,9,2,True,Win
2914468,2,SK,FNC,FNC,SK,Red,Nautilus,1,1,1,False,Loss
2914468,2,SK,FNC,FNC,SK,Red,Jarvan IV,2,3,1,False,Loss
2914468,2,SK,FNC,FNC,SK,Red,Seraphine,3,5,1,False,Loss
2914468,2,SK,FNC,FNC,SK,Red,Varus,4,8,2,False,Loss
2914468,2,SK,FNC,FNC,SK,Red,Kai'Sa,5,10,2,False,Loss
2914469,1,GX,SHFT,GX,SHFT,Blue,Orianna,1,2,1,True,Win
2914469,1,GX,SHFT,GX,SHFT,Blue,Ryze,2,4,1,True,Win
2914469,1,GX,SHFT,GX,SHFT,Blue,Karma,3,6,1,True,Win
2914469,1,GX,SHFT,GX,SHFT,Blue,Annie,4,7,2,True,Win
2914469,1,GX,SHFT,GX,SHFT,Blue,Rumble,5,9,2,True,Win
2914469,1,GX,SHFT,SHFT,GX,Red,Nautilus,1,1,1,False,Loss
2914469,1,GX,SHFT,SHFT,GX,Red,Xin Zhao,2,3,1,False,Loss
2914469,1,GX,SHFT,SHFT,GX,Red,Vi,3,5,1,False,Loss
2914469,1,GX,SHFT,SHFT,GX,Red,LeBlanc,4,8,2,False,Loss
2914469,1,GX,SHFT,SHFT,GX,Red,Sion,5,10,2,False,Loss
2914469,2,SHFT,GX,SHFT,GX,Blue,Orianna,1,2,1,False,Loss
2914469,2,SHFT,GX,SHFT,GX,Blue,Xin Zhao,2,4,1,False,Loss
2914469,2,SHFT,GX,SHFT,GX,Blue,Vi,3,6,1,False,Loss
2914469,2,SHFT,GX,SHFT,GX,Blue,Neeko,4,7,2,False,Loss
2914469,2,SHFT,GX,SHFT,GX,Blue,Rumble,5,9,2,False,Loss
2914469,2,SHFT,GX,GX,SHFT,Red,Anivia,1,1,1,True,Win
2914469,2,SHFT,GX,GX,SHFT,Red,Nautilus,2,3,1,True,Win
2914469,2,SHFT,GX,GX,SHFT,Red,Cassiopeia,3,5,1,True,Win
2914469,2,SHFT,GX,GX,SHFT,Red,Skarner,4,8,2,True,Win
2914469,2,SHFT,GX,GX,SHFT,Red,Gnar,5,10,2,True,Win
2914470,1,NAVI,GX,NAVI,GX,Blue,Nautilus,1,1,1,False,Loss
2914470,1,NAVI,GX,NAVI,GX,Blue,Jarvan IV,2,3,1,False,Loss
2914470,1,NAVI,GX,NAVI,GX,Blue,Ashe,3,5,1,False,Loss
2914470,1,NAVI,GX,NAVI,GX,Blue,Rumble,4,8,2,False,Loss
2914470,1,NAVI,GX,NAVI,GX,Blue,Renekton,5,10,2,False,Loss
2914470,1,NAVI,GX,GX,NAVI,Red,Orianna,1,2,1,True,Win
2914470,1,NAVI,GX,GX,NAVI,Red,Ryze,2,4,1,True,Win
2914470,1,NAVI,GX,GX,NAVI,Red,Aatrox,3,6,1,True,Win
2914470,1,NAVI,GX,GX,NAVI,Red,Viktor,4,7,2,True,Win
2914470,1,NAVI,GX,GX,NAVI,Red,Lissandra,5,9,2,True,Win
2914470,2,NAVI,GX,NAVI,GX,Blue,Nautilus,1,1,1,True,Win
2914470,2,NAVI,GX,NAVI,GX,Blue,Jarvan IV,2,3,1,True,Win
2914470,2,NAVI,GX,NAVI,GX,Blue,Bard,3,5,1,True,Win
2914470,2,NAVI,GX,NAVI,GX,Blue,Rumble,4,8,2,True,Win
2914470,2,NAVI,GX,NAVI,GX,Blue,Gnar,5,10,2,True,Win
2914470,2,NAVI,GX,GX,NAVI,Red,Orianna,1,2,1,False,Loss
2914470,2,NAVI,GX,GX,NAVI,Red,Ryze,2,4,1,False,Loss
2914470,2,NAVI,GX,GX,NAVI,Red,Aatrox,3,6,1,False,Loss
2914470,2,NAVI,GX,GX,NAVI,Red,Xin Zhao,4,7,2,False,Loss
2914470,2,NAVI,GX,GX,NAVI,Red,Graves,5,9,2,False,Loss
2914470,3,NAVI,GX,NAVI,GX,Blue,Orianna,1,2,1,True,Win
2914470,3,NAVI,GX,NAVI,GX,Blue,Ryze,2,4,1,True,Win
2914470,3,NAVI,GX,NAVI,GX,Blue,Caitlyn,3,6,1,True,Win
2914470,3,NAVI,GX,NAVI,GX,Blue,Rumble,4,7,2,True,Win
2914470,3,NAVI,GX,NAVI,GX,Blue,Akali,5,9,2,True,Win
2914470,3,NAVI,GX,GX,NAVI,Red,Anivia,1,1,1,False,Loss
2914470,3,NAVI,GX,GX,NAVI,Red,Nautilus,2,3,1,False,Loss
2914470,3,NAVI,GX,GX,NAVI,Red,Aatrox,3,5,1,False,Loss
2914470,3,NAVI,GX,GX,NAVI,Red,Wukong,4,8,2,False,Loss
2914470,3,NAVI,GX,GX,NAVI,Red,Jarvan IV,5,10,2,False,Loss
2914471,1,SK,G2,SK,G2,Blue,Jarvan IV,1,1,1,False,Loss
2914471,1,SK,G2,SK,G2,Blue,Azir,2,3,1,False,Loss
2914471,1,SK,G2,SK,G2,Blue,Seraphine,3,5,1,False,Loss
2914471,1,SK,G2,SK,G2,Blue,LeBlanc,4,8,2,False,Loss
2914471,1,SK,G2,SK,G2,Blue,Akali,5,10,2,False,Loss
2914471,1,SK,G2,G2,SK,Red,Rumble,1,2,1,True,Win
2914471,1,SK,G2,G2,SK,Red,Ryze,2,4,1,True,Win
2914471,1,SK,G2,G2,SK,Red,Orianna,3,6,1,True,Win
2914471,1,SK,G2,G2,SK,Red,Karma,4,7,2,True,Win
2914471,1,SK,G2,G2,SK,Red,Poppy,5,9,2,True,Win
2914471,2,G2,SK,G2,SK,Blue,Nautilus,1,1,1,True,Win
2914471,2,G2,SK,G2,SK,Blue,Seraphine,2,3,1,True,Win
2914471,2,G2,SK,G2,SK,Blue,Rumble,3,5,1,True,Win
2914471,2,G2,SK,G2,SK,Blue,Viktor,4,8,2,True,Win
2914471,2,G2,SK,G2,SK,Blue,Sion,5,10,2,True,Win
2914471,2,G2,SK,SK,G2,Red,Orianna,1,2,1,False,Loss
2914471,2,G2,SK,SK,G2,Red,Ryze,2,4,1,False,Loss
2914471,2,G2,SK,SK,G2,Red,Azir,3,6,1,False,Loss
2914471,2,G2,SK,SK,G2,Red,Yorick,4,7,2,False,Loss
2914471,2,G2,SK,SK,G2,Red,Gwen,5,9,2,False,Loss
2914472,1,VIT,GX,VIT,GX,Blue,Orianna,1,2,1,True,Win
2914472,1,VIT,GX,VIT,GX,Blue,Kai'Sa,2,4,1,True,Win
2914472,1,VIT,GX,VIT,GX,Blue,Rumble,3,6,1,True,Win
2914472,1,VIT,GX,VIT,GX,Blue,Nocturne,4,7,2,True,Win
2914472,1,VIT,GX,VIT,GX,Blue,Xin Zhao,5,9,2,True,Win
2914472,1,VIT,GX,GX,VIT,Red,Nautilus,1,1,1,False,Loss
2914472,1,VIT,GX,GX,VIT,Red,Pantheon,2,3,1,False,Loss
2914472,1,VIT,GX,GX,VIT,Red,Ezreal,3,5,1,False,Loss
2914472,1,VIT,GX,GX,VIT,Red,Azir,4,8,2,False,Loss
2914472,1,VIT,GX,GX,VIT,Red,Gnar,5,10,2,False,Loss
2914472,2,VIT,GX,VIT,GX,Blue,Vi,1,1,1,True,Win
2914472,2,VIT,GX,VIT,GX,Blue,Nautilus,2,3,1,True,Win
2914472,2,VIT,GX,VIT,GX,Blue,Nocturne,3,5,1,True,Win
2914472,2,VIT,GX,VIT,GX,Blue,LeBlanc,4,8,2,True,Win
2914472,2,VIT,GX,VIT,GX,Blue,Sion,5,10,2,True,Win
2914472,2,VIT,GX,GX,VIT,Red,Orianna,1,2,1,False,Loss
2914472,2,VIT,GX,GX,VIT,Red,Pantheon,2,4,1,False,Loss
2914472,2,VIT,GX,GX,VIT,Red,Ezreal,3,6,1,False,Loss
2914472,2,VIT,GX,GX,VIT,Red,Gnar,4,7,2,False,Loss
2914472,2,VIT,GX,GX,VIT,Red,Annie,5,9,2,False,Loss
2914473,1,MKOI,TH,MKOI,TH,Blue,Varus,1,1,1,True,Win
2914473,1,MKOI,TH,MKOI,TH,Blue,Nautilus,2,3,1,True,Win
2914473,1,MKOI,TH,MKOI,TH,Blue,Nocturne,3,5,1,True,Win
2914473,1,MKOI,TH,MKOI,TH,Blue,Xin Zhao,4,8,2,True,Win
2914473,1,MKOI,TH,MKOI,TH,Blue,Skarner,5,10,2,True,Win
2914473,1,MKOI,TH,TH,MKOI,Red,Orianna,1,2,1,False,Loss
2914473,1,MKOI,TH,TH,MKOI,Red,Ryze,2,4,1,False,Loss
2914473,1,MKOI,TH,TH,MKOI,Red,Ezreal,3,6,1,False,Loss
2914473,1,MKOI,TH,TH,MKOI,Red,Akali,4,7,2,False,Loss
2914473,1,MKOI,TH,TH,MKOI,Red,Taliyah,5,9,2,False,Loss
2914473,2,MKOI,TH,MKOI,TH,Blue,Varus,1,1,1,True,Win
2914473,2,MKOI,TH,MKOI,TH,Blue,Nocturne,2,3,1,True,Win
2914473,2,MKOI,TH,MKOI,TH,Blue,Nautilus,3,5,1,True,Win
2914473,2,MKOI,TH,MKOI,TH,Blue,Aurora,4,8,2,True,Win
2914473,2,MKOI,TH,MKOI,TH,Blue,Gnar,5,10,2,True,Win
2914473,2,MKOI,TH,TH,MKOI,Red,Orianna,1,2,1,False,Loss
2914473,2,MKOI,TH,TH,MKOI,Red,Ryze,2,4,1,False,Loss
2914473,2,MKOI,TH,TH,MKOI,Red,Ashe,3,6,1,False,Loss
2914473,2,MKOI,TH,TH,MKOI,Red,LeBlanc,4,7,2,False,Loss
2914473,2,MKOI,TH,TH,MKOI,Red,Galio,5,9,2,False,Loss
2914474,1,G2,SHFT,G2,SHFT,Blue,Nautilus,1,1,1,True,Win
2914474,1,G2,SHFT,G2,SHFT,Blue,Varus,2,3,1,True,Win
2914474,1,G2,SHFT,G2,SHFT,Blue,Jarvan IV,3,5,1,True,Win
2914474,1,G2,SHFT,G2,SHFT,Blue,Jayce,4,8,2,True,Win
2914474,1,G2,SHFT,G2,SHFT,Blue,Vayne,5,10,2,True,Win
2914474,1,G2,SHFT,SHFT,G2,Red,Orianna,1,2,1,False,Loss
2914474,1,G2,SHFT,SHFT,G2,Red,Ashe,2,4,1,False,Loss
2914474,1,G2,SHFT,SHFT,G2,Red,Rumble,3,6,1,False,Loss
2914474,1,G2,SHFT,SHFT,G2,Red,Sion,4,7,2,False,Loss
2914474,1,G2,SHFT,SHFT,G2,Red,Pantheon,5,9,2,False,Loss
2914474,2,G2,SHFT,G2,SHFT,Blue,Nautilus,1,1,1,True,Win
2914474,2,G2,SHFT,G2,SHFT,Blue,Varus,2,3,1,True,Win
2914474,2,G2,SHFT,G2,SHFT,Blue,Jarvan IV,3,5,1,True,Win
2914474,2,G2,SHFT,G2,SHFT,Blue,Caitlyn,4,8,2,True,Win
2914474,2,G2,SHFT,G2,SHFT,Blue,Annie,5,10,2,True,Win
2914474,2,G2,SHFT,SHFT,G2,Red,Orianna,1,2,1,False,Loss
2914474,2,G2,SHFT,SHFT,G2,Red,Ashe,2,4,1,False,Loss
2914474,2,G2,SHFT,SHFT,G2,Red,Xin Zhao,3,6,1,False,Loss
2914474,2,G2,SHFT,SHFT,G2,Red,Sion,4,7,2,False,Loss
2914474,2,G2,SHFT,SHFT,G2,Red,LeBlanc,5,9,2,False,Loss
2914475,1,SK,KC,SK,KC,Blue,Orianna,1,2,1,False,Loss
2914475,1,SK,KC,SK,KC,Blue,Ryze,2,4,1,False,Loss
2914475,1,SK,KC,SK,KC,Blue,Pantheon,3,6,1,False,Loss
2914475,1,SK,KC,SK,KC,Blue,Jarvan IV,4,7,2,False,Loss
2914475,1,SK,KC,SK,KC,Blue,Vi,5,9,2,False,Loss
2914475,1,SK,KC,KC,SK,Red,Nautilus,1,1,1,True,Win
2914475,1,SK,KC,KC,SK,Red,Varus,2,3,1,True,Win
2914475,1,SK,KC,KC,SK,Red,Ezreal,3,5,1,True,Win
2914475,1,SK,KC,KC,SK,Red,Akali,4,8,2,True,Win
2914475,1,SK,KC,KC,SK,Red,Yone,5,10,2,True,Win
2914475,2,SK,KC,SK,KC,Blue,Orianna,1,2,1,False,Loss
2914475,2,SK,KC,SK,KC,Blue,Ryze,2,4,1,False,Loss
2914475,2,SK,KC,SK,KC,Blue,Pantheon,3,6,1,False,Loss
2914475,2,SK,KC,SK,KC,Blue,Jayce,4,7,2,False,Loss
2914475,2,SK,KC,SK,KC,Blue,Sylas,5,9,2,False,Loss
2914475,2,SK,KC,KC,SK,Red,Nautilus,1,1,1,True,Win
2914475,2,SK,KC,KC,SK,Red,Varus,2,3,1,True,Win
2914475,2,SK,KC,KC,SK,Red,Ezreal,3,5,1,True,Win
2914475,2,SK,KC,KC,SK,Red,Irelia,4,8,2,True,Win
2914475,2,SK,KC,KC,SK,Red,Akali,5,10,2,True,Win
2919501,1,BRO,HLE,BRO,HLE,Blue,Azir,1,2,1,False,Loss
2919501,1,BRO,HLE,BRO,HLE,Blue,Karma,2,4,1,False,Loss
2919501,1,BRO,HLE,BRO,HLE,Blue,Varus,3,6,1,False,Loss
2919501,1,BRO,HLE,BRO,HLE,Blue,Ambessa,4,7,2,False,Loss
2919501,1,BRO,HLE,BRO,HLE,Blue,Xin Zhao,5,9,2,False,Loss
2919501,1,BRO,HLE,HLE,BRO,Red,Orianna,1,1,1,True,Win
2919501,1,BRO,HLE,HLE,BRO,Red,Rumble,2,3,1,True,Win
2919501,1,BRO,HLE,HLE,BRO,Red,Sion,3,5,1,True,Win
2919501,1,BRO,HLE,HLE,BRO,Red,Caitlyn,4,8,2,True,Win
2919501,1,BRO,HLE,HLE,BRO,Red,K'Sante,5,10,2,True,Win
2919501,2,HLE,BRO,HLE,BRO,Blue,Orianna,1,2,1,True,Win
2919501,2,HLE,BRO,HLE,BRO,Blue,Caitlyn,2,4,1,True,Win
2919501,2,HLE,BRO,HLE,BRO,Blue,Poppy,3,6,1,True,Win
2919501,2,HLE,BRO,HLE,BRO,Blue,Nautilus,4,7,2,True,Win
2919501,2,HLE,BRO,HLE,BRO,Blue,Yunara,5,9,2,True,Win
2919501,2,HLE,BRO,BRO,HLE,Red,Varus,1,1,1,False,Loss
2919501,2,HLE,BRO,BRO,HLE,Red,Rumble,2,3,1,False,Loss
2919501,2,HLE,BRO,BRO,HLE,Red,Karma,3,5,1,False,Loss
2919501,2,HLE,BRO,BRO,HLE,Red,Akali,4,8,2,False,Loss
2919501,2,HLE,BRO,BRO,HLE,Red,Kennen,5,10,2,False,Loss
2919502,1,KT,T1,KT,T1,Blue,Bard,1,2,1,True,Win
2919502,1,KT,T1,KT,T1,Blue,Rumble,2,4,1,True,Win
2919502,1,KT,T1,KT,T1,Blue,Karma,3,6,1,True,Win
2919502,1,KT,T1,KT,T1,Blue,Yorick,4,7,2,True,Win
2919502,1,KT,T1,KT,T1,Blue,Nautilus,5,9,2,True,Win
2919502,1,KT,T1,T1,KT,Red,Varus,1,1,1,False,Loss
2919502,1,KT,T1,T1,KT,Red,Vi,2,3,1,False,Loss
2919502,1,KT,T1,T1,KT,Red,Azir,3,5,1,False,Loss
2919502,1,KT,T1,T1,KT,Red,Lulu,4,8,2,False,Loss
2919502,1,KT,T1,T1,KT,Red,Nami,5,10,2,False,Loss
2919502,2,KT,T1,KT,T1,Blue,Bard,1,2,1,True,Win
2919502,2,KT,T1,KT,T1,Blue,Rumble,2,4,1,True,Win
2919502,2,KT,T1,KT,T1,Blue,Azir,3,6,1,True,Win
2919502,2,KT,T1,KT,T1,Blue,Ahri,4,7,2,True,Win
2919502,2,KT,T1,KT,T1,Blue,Galio,5,9,2,True,Win
2919502,2,KT,T1,T1,KT,Red,Aurora,1,1,1,False,Loss
2919502,2,KT,T1,T1,KT,Red,Karma,2,3,1,False,Loss
2919502,2,KT,T1,T1,KT,Red,Yone,3,5,1,False,Loss
2919502,2,KT,T1,T1,KT,Red,Gnar,4,8,2,False,Loss
2919502,2,KT,T1,T1,KT,Red,Renekton,5,10,2,False,Loss
2919503,1,NS,DK,NS,DK,Blue,Rumble,1,2,1,True,Win
2919503,1,NS,DK,NS,DK,Blue,Ashe,2,4,1,True,Win
2919503,1,NS,DK,NS,DK,Blue,Poppy,3,6,1,True,Win
2919503,1,NS,DK,NS,DK,Blue,Bard,4,7,2,True,Win
2919503,1,NS,DK,NS,DK,Blue,Yunara,5,9,2,True,Win
2919503,1,NS,DK,DK,NS,Red,Pantheon,1,1,1,False,Loss
2919503,1,NS,DK,DK,NS,Red,Karma,2,3,1,False,Loss
2919503,1,NS,DK,DK,NS,Red,Orianna,3,5,1,False,Loss
2919503,1,NS,DK,DK,NS,Red,Ziggs,4,8,2,False,Loss
2919503,1,NS,DK,DK,NS,Red,Taliyah,5,10,2,False,Loss
2919503,2,NS,DK,NS,DK,Blue,Rumble,1,2,1,True,Win
2919503,2,NS,DK,NS,DK,Blue,Ashe,2,4,1,True,Win
2919503,2,NS,DK,NS,DK,Blue,Karma,3,6,1,True,Win
2919503,2,NS,DK,NS,DK,Blue,Ezreal,4,7,2,True,Win
2919503,2,NS,DK,NS,DK,Blue,Nami,5,9,2,True,Win
2919503,2,NS,DK,DK,NS,Red,Pantheon,1,1,1,False,Loss
2919503,2,NS,DK,DK,NS,Red,Nocturne,2,3,1,False,Loss
2919503,2,NS,DK,DK,NS,Red,Bard,3,5,1,False,Loss
2919503,2,NS,DK,DK,NS,Red,Lulu,4,8,2,False,Loss
2919503,2,NS,DK,DK,NS,Red,Neeko,5,10,2,False,Loss
2919504,1,KRX,DNS,KRX,DNS,Blue,Pantheon,1,1,1,False,Loss
2919504,1,KRX,DNS,KRX,DNS,Blue,Vi,2,3,1,False,Loss
2919504,1,KRX,DNS,KRX,DNS,Blue,Karma,3,5,1,False,Loss
2919504,1,KRX,DNS,KRX,DNS,Blue,Sion,4,8,2,False,Loss
2919504,1,KRX,DNS,KRX,DNS,Blue,K'Sante,5,10,2,False,Loss
2919504,1,KRX,DNS,DNS,KRX,Red,Orianna,1,2,1,True,Win
2919504,1,KRX,DNS,DNS,KRX,Red,Rumble,2,4,1,True,Win
2919504,1,KRX,DNS,DNS,KRX,Red,Bard,3,6,1,True,Win
2919504,1,KRX,DNS,DNS,KRX,Red,Poppy,4,7,2,True,Win
2919504,1,KRX,DNS,DNS,KRX,Red,Corki,5,9,2,True,Win
2919504,2,KRX,DNS,KRX,DNS,Blue,Vi,1,1,1,False,Loss
2919504,2,KRX,DNS,KRX,DNS,Blue,Karma,2,3,1,False,Loss
2919504,2,KRX,DNS,KRX,DNS,Blue,Nocturne,3,5,1,False,Loss
2919504,2,KRX,DNS,KRX,DNS,Blue,Wukong,4,8,2,False,Loss
2919504,2,KRX,DNS,KRX,DNS,Blue,Lee Sin,5,10,2,False,Loss
2919504,2,KRX,DNS,DNS,KRX,Red,Orianna,1,2,1,True,Win
2919504,2,KRX,DNS,DNS,KRX,Red,Rumble,2,4,1,True,Win
2919504,2,KRX,DNS,DNS,KRX,Red,Pantheon,3,6,1,True,Win
2919504,2,KRX,DNS,DNS,KRX,Red,Alistar,4,7,2,True,Win
2919504,2,KRX,DNS,DNS,KRX,Red,Neeko,5,9,2,True,Win
2919505,1,KT,GEN,KT,GEN,Blue,Rumble,1,2,1,True,Win
2919505,1,KT,GEN,KT,GEN,Blue,Ryze,2,4,1,True,Win
2919505,1,KT,GEN,KT,GEN,Blue,Orianna,3,6,1,True,Win
2919505,1,KT,GEN,KT,GEN,Blue,Yorick,4,7,2,True,Win
2919505,1,KT,GEN,KT,GEN,Blue,Vi,5,9,2,True,Win
2919505,1,KT,GEN,GEN,KT,Red,Nautilus,1,1,1,False,Loss
2919505,1,KT,GEN,GEN,KT,Red,Pantheon,2,3,1,False,Loss
2919505,1,KT,GEN,GEN,KT,Red,Azir,3,5,1,False,Loss
2919505,1,KT,GEN,GEN,KT,Red,Annie,4,8,2,False,Loss
2919505,1,KT,GEN,GEN,KT,Red,Mel,5,10,2,False,Loss
2919505,2,GEN,KT,GEN,KT,Blue,Rumble,1,2,1,True,Win
2919505,2,GEN,KT,GEN,KT,Blue,Yunara,2,4,1,True,Win
2919505,2,GEN,KT,GEN,KT,Blue,Jarvan IV,3,6,1,True,Win
2919505,2,GEN,KT,GEN,KT,Blue,Vi,4,7,2,True,Win
2919505,2,GEN,KT,GEN,KT,Blue,Ambessa,5,9,2,True,Win
2919505,2,GEN,KT,KT,GEN,Red,Nautilus,1,1,1,False,Loss
2919505,2,GEN,KT,KT,GEN,Red,Anivia,2,3,1,False,Loss
2919505,2,GEN,KT,KT,GEN,Red,Orianna,3,5,1,False,Loss
2919505,2,GEN,KT,KT,GEN,Red,Alistar,4,8,2,False,Loss
2919505,2,GEN,KT,KT,GEN,Red,Rakan,5,10,2,False,Loss
2919505,3,GEN,KT,GEN,KT,Blue,Lulu,1,1,1,False,Loss
2919505,3,GEN,KT,GEN,KT,Blue,Nami,2,3,1,False,Loss
2919505,3,GEN,KT,GEN,KT,Blue,Poppy,3,5,1,False,Loss
2919505,3,GEN,KT,GEN,KT,Blue,Syndra,4,8,2,False,Loss
2919505,3,GEN,KT,GEN,KT,Blue,Cassiopeia,5,10,2,False,Loss
2919505,3,GEN,KT,KT,GEN,Red,Rumble,1,2,1,True,Win
2919505,3,GEN,KT,KT,GEN,Red,Vi,2,4,1,True,Win
2919505,3,GEN,KT,KT,GEN,Red,Orianna,3,6,1,True,Win
2919505,3,GEN,KT,KT,GEN,Red,Rakan,4,7,2,True,Win
2919505,3,GEN,KT,KT,GEN,Red,Nautilus,5,9,2,True,Win
2919506,1,BRO,BFX,BRO,BFX,Blue,Azir,1,2,1,True,Win
2919506,1,BRO,BFX,BRO,BFX,Blue,Rumble,2,4,1,True,Win
2919506,1,BRO,BFX,BRO,BFX,Blue,Karma,3,6,1,True,Win
2919506,1,BRO,BFX,BRO,BFX,Blue,K'Sante,4,7,2,True,Win
2919506,1,BRO,BFX,BRO,BFX,Blue,Sivir,5,9,2,True,Win
2919506,1,BRO,BFX,BFX,BRO,Red,Orianna,1,1,1,False,Loss
2919506,1,BRO,BFX,BFX,BRO,Red,Varus,2,3,1,False,Loss
2919506,1,BRO,BFX,BFX,BRO,Red,Cassiopeia,3,5,1,False,Loss
2919506,1,BRO,BFX,BFX,BRO,Red,Corki,4,8,2,False,Loss
2919506,1,BRO,BFX,BFX,BRO,Red,Nautilus,5,10,2,False,Loss
2919506,2,BFX,BRO,BFX,BRO,Blue,Varus,1,1,1,False,Loss
2919506,2,BFX,BRO,BFX,BRO,Blue,Pyke,2,3,1,False,Loss
2919506,2,BFX,BRO,BFX,BRO,Blue,Azir,3,5,1,False,Loss
2919506,2,BFX,BRO,BFX,BRO,Blue,Mel,4,8,2,False,Loss
2919506,2,BFX,BRO,BFX,BRO,Blue,Ambessa,5,10,2,False,Loss
2919506,2,BFX,BRO,BRO,BFX,Red,Rumble,1,2,1,True,Win
2919506,2,BFX,BRO,BRO,BFX,Red,Nocturne,2,4,1,True,Win
2919506,2,BFX,BRO,BRO,BFX,Red,Orianna,3,6,1,True,Win
2919506,2,BFX,BRO,BRO,BFX,Red,Akali,4,7,2,True,Win
2919506,2,BFX,BRO,BRO,BFX,Red,Syndra,5,9,2,True,Win
2919507,1,HLE,T1,HLE,T1,Blue,Orianna,1,2,1,False,Loss
2919507,1,HLE,T1,HLE,T1,Blue,Bard,2,4,1,False,Loss
2919507,1,HLE,T1,HLE,T1,Blue,Ryze,3,6,1,False,Loss
2919507,1,HLE,T1,HLE,T1,Blue,Yunara,4,7,2,False,Loss
2919507,1,HLE,T1,HLE,T1,Blue,Ezreal,5,9,2,False,Loss
2919507,1,HLE,T1,T1,HLE,Red,Varus,1,1,1,True,Win
2919507,1,HLE,T1,T1,HLE,Red,Karma,2,3,1,True,Win
2919507,1,HLE,T1,T1,HLE,Red,Rumble,3,5,1,True,Win
2919507,1,HLE,T1,T1,HLE,Red,Seraphine,4,8,2,True,Win
2919507,1,HLE,T1,T1,HLE,Red,Corki,5,10,2,True,Win
2919507,2,T1,HLE,T1,HLE,Blue,Rumble,1,2,1,True,Win
2919507,2,T1,HLE,T1,HLE,Blue,Ryze,2,4,1,True,Win
2919507,2,T1,HLE,T1,HLE,Blue,Ashe,3,6,1,True,Win
2919507,2,T1,HLE,T1,HLE,Blue,Galio,4,7,2,True,Win
2919507,2,T1,HLE,T1,HLE,Blue,Kennen,5,9,2,True,Win
2919507,2,T1,HLE,HLE,T1,Red,Bard,1,1,1,False,Loss
2919507,2,T1,HLE,HLE,T1,Red,Karma,2,3,1,False,Loss
2919507,2,T1,HLE,HLE,T1,Red,Orianna,3,5,1,False,Loss
2919507,2,T1,HLE,HLE,T1,Red,Corki,4,8,2,False,Loss
2919507,2,T1,HLE,HLE,T1,Red,Aphelios,5,10,2,False,Loss
2919508,1,DK,KRX,DK,KRX,Blue,Pantheon,1,1,1,True,Win
2919508,1,DK,KRX,DK,KRX,Blue,Varus,2,3,1,True,Win
2919508,1,DK,KRX,DK,KRX,Blue,Azir,3,5,1,True,Win
2919508,1,DK,KRX,DK,KRX,Blue,Bard,4,8,2,True,Win
2919508,1,DK,KRX,DK,KRX,Blue,Nautilus,5,10,2,True,Win
2919508,1,DK,KRX,KRX,DK,Red,Rumble,1,2,1,False,Loss
2919508,1,DK,KRX,KRX,DK,Red,Vi,2,4,1,False,Loss
2919508,1,DK,KRX,KRX,DK,Red,Jayce,3,6,1,False,Loss
2919508,1,DK,KRX,KRX,DK,Red,Nocturne,4,7,2,False,Loss
2919508,1,DK,KRX,KRX,DK,Red,Jarvan IV,5,9,2,False,Loss
2919508,2,DK,KRX,DK,KRX,Blue,Varus,1,1,1,True,Win
2919508,2,DK,KRX,DK,KRX,Blue,Pantheon,2,3,1,True,Win
2919508,2,DK,KRX,DK,KRX,Blue,Vi,3,5,1,True,Win
2919508,2,DK,KRX,DK,KRX,Blue,Nautilus,4,8,2,True,Win
2919508,2,DK,KRX,DK,KRX,Blue,Lulu,5,10,2,True,Win
2919508,2,DK,KRX,KRX,DK,Red,Rumble,1,2,1,False,Loss
2919508,2,DK,KRX,KRX,DK,Red,Jayce,2,4,1,False,Loss
2919508,2,DK,KRX,KRX,DK,Red,Azir,3,6,1,False,Loss
2919508,2,DK,KRX,KRX,DK,Red,Ashe,4,7,2,False,Loss
2919508,2,DK,KRX,KRX,DK,Red,Nami,5,9,2,False,Loss
2919509,1,NS,DNS,NS,DNS,Blue,Karma,1,1,1,True,Win
2919509,1,NS,DNS,NS,DNS,Blue,Vi,2,3,1,True,Win
2919509,1,NS,DNS,NS,DNS,Blue,Varus,3,5,1,True,Win
2919509,1,NS,DNS,NS,DNS,Blue,Lulu,4,8,2,True,Win
2919509,1,NS,DNS,NS,DNS,Blue,Ezreal,5,10,2,True,Win
2919509,1,NS,DNS,DNS,NS,Red,Rumble,1,2,1,False,Loss
2919509,1,NS,DNS,DNS,NS,Red,Orianna,2,4,1,False,Loss
2919509,1,NS,DNS,DNS,NS,Red,Seraphine,3,6,1,False,Loss
2919509,1,NS,DNS,DNS,NS,Red,Sivir,4,7,2,False,Loss
2919509,1,NS,DNS,DNS,NS,Red,Nautilus,5,9,2,False,Loss
2919509,2,NS,DNS,NS,DNS,Blue,Karma,1,1,1,True,Win
2919509,2,NS,DNS,NS,DNS,Blue,Varus,2,3,1,True,Win
2919509,2,NS,DNS,NS,DNS,Blue,Aurora,3,5,1,True,Win
2919509,2,NS,DNS,NS,DNS,Blue,Wukong,4,8,2,True,Win
2919509,2,NS,DNS,NS,DNS,Blue,Yunara,5,10,2,True,Win
2919509,2,NS,DNS,DNS,NS,Red,Rumble,1,2,1,False,Loss
2919509,2,NS,DNS,DNS,NS,Red,Orianna,2,4,1,False,Loss
2919509,2,NS,DNS,DNS,NS,Red,Vi,3,6,1,False,Loss
2919509,2,NS,DNS,DNS,NS,Red,Leona,4,7,2,False,Loss
2919509,2,NS,DNS,DNS,NS,Red,Ashe,5,9,2,False,Loss
2919510,1,GEN,BFX,GEN,BFX,Blue,Rumble,1,2,1,True,Win
2919510,1,GEN,BFX,GEN,BFX,Blue,Karma,2,4,1,True,Win
2919510,1,GEN,BFX,GEN,BFX,Blue,Ashe,3,6,1,True,Win
2919510,1,GEN,BFX,GEN,BFX,Blue,Ezreal,4,7,2,True,Win
2919510,1,GEN,BFX,GEN,BFX,Blue,Corki,5,9,2,True,Win
2919510,1,GEN,BFX,BFX,GEN,Red,Varus,1,1,1,False,Loss
2919510,1,GEN,BFX,BFX,GEN,Red,Orianna,2,3,1,False,Loss
2919510,1,GEN,BFX,BFX,GEN,Red,Azir,3,5,1,False,Loss
2919510,1,GEN,BFX,BFX,GEN,Red,K'Sante,4,8,2,False,Loss
2919510,1,GEN,BFX,BFX,GEN,Red,Neeko,5,10,2,False,Loss
2919510,2,GEN,BFX,GEN,BFX,Blue,Karma,1,1,1,True,Win
2919510,2,GEN,BFX,GEN,BFX,Blue,Nocturne,2,3,1,True,Win
2919510,2,GEN,BFX,GEN,BFX,Blue,LeBlanc,3,5,1,True,Win
2919510,2,GEN,BFX,GEN,BFX,Blue,Ornn,4,8,2,True,Win
2919510,2,GEN,BFX,GEN,BFX,Blue,Akali,5,10,2,True,Win
2919510,2,GEN,BFX,BFX,GEN,Red,Orianna,1,2,1,False,Loss
2919510,2,GEN,BFX,BFX,GEN,Red,Aurora,2,4,1,False,Loss
2919510,2,GEN,BFX,BFX,GEN,Red,Varus,3,6,1,False,Loss
2919510,2,GEN,BFX,BFX,GEN,Red,Wukong,4,7,2,False,Loss
2919510,2,GEN,BFX,BFX,GEN,Red,Vi,5,9,2,False,Loss
2919512,1,HLE,DK,HLE,DK,Blue,Karma,1,1,1,True,Win
2919512,1,HLE,DK,HLE,DK,Blue,Rumble,2,3,1,True,Win
2919512,1,HLE,DK,HLE,DK,Blue,Pantheon,3,5,1,True,Win
2919512,1,HLE,DK,HLE,DK,Blue,Yunara,4,8,2,True,Win
2919512,1,HLE,DK,HLE,DK,Blue,Bard,5,10,2,True,Win
2919512,1,HLE,DK,DK,HLE,Red,Anivia,1,2,1,False,Loss
2919512,1,HLE,DK,DK,HLE,Red,Varus,2,4,1,False,Loss
2919512,1,HLE,DK,DK,HLE,Red,Nocturne,3,6,1,False,Loss
2919512,1,HLE,DK,DK,HLE,Red,Nautilus,4,7,2,False,Loss
2919512,1,HLE,DK,DK,HLE,Red,Nami,5,9,2,False,Loss
2919512,2,HLE,DK,HLE,DK,Blue,Karma,1,1,1,True,Win
2919512,2,HLE,DK,HLE,DK,Blue,Rumble,2,3,1,True,Win
2919512,2,HLE,DK,HLE,DK,Blue,Ryze,3,5,1,True,Win
2919512,2,HLE,DK,HLE,DK,Blue,Aurora,4,8,2,True,Win
2919512,2,HLE,DK,HLE,DK,Blue,Galio,5,10,2,True,Win
2919512,2,HLE,DK,DK,HLE,Red,Anivia,1,2,1,False,Loss
2919512,2,HLE,DK,DK,HLE,Red,Varus,2,4,1,False,Loss
2919512,2,HLE,DK,DK,HLE,Red,Pantheon,3,6,1,False,Loss
2919512,2,HLE,DK,DK,HLE,Red,Lee Sin,4,7,2,False,Loss
2919512,2,HLE,DK,DK,HLE,Red,Wukong,5,9,2,False,Loss
2919513,1,GEN,T1,GEN,T1,Blue,Rumble,1,2,1,True,Win
2919513,1,GEN,T1,GEN,T1,Blue,Azir,2,4,1,True,Win
2919513,1,GEN,T1,GEN,T1,Blue,Orianna,3,6,1,True,Win
2919513,1,GEN,T1,GEN,T1,Blue,Lulu,4,7,2,True,Win
2919513,1,GEN,T1,GEN,T1,Blue,Nautilus,5,9,2,True,Win
2919513,1,GEN,T1,T1,GEN,Red,Varus,1,1,1,False,Loss
2919513,1,GEN,T1,T1,GEN,Red,Pantheon,2,3,1,False,Loss
2919513,1,GEN,T1,T1,GEN,Red,Ezreal,3,5,1,False,Loss
2919513,1,GEN,T1,T1,GEN,Red,Yorick,4,8,2,False,Loss
2919513,1,GEN,T1,T1,GEN,Red,Caitlyn,5,10,2,False,Loss
2919513,2,GEN,T1,GEN,T1,Blue,Karma,1,2,1,True,Win
2919513,2,GEN,T1,GEN,T1,Blue,Orianna,2,4,1,True,Win
2919513,2,GEN,T1,GEN,T1,Blue,Azir,3,6,1,True,Win
2919513,2,GEN,T1,GEN,T1,Blue,Sivir,4,7,2,True,Win
2919513,2,GEN,T1,GEN,T1,Blue,Kog'Maw,5,9,2,True,Win
2919513,2,GEN,T1,T1,GEN,Red,Varus,1,1,1,False,Loss
2919513,2,GEN,T1,T1,GEN,Red,Ashe,2,3,1,False,Loss
2919513,2,GEN,T1,T1,GEN,Red,Rumble,3,5,1,False,Loss
2919513,2,GEN,T1,T1,GEN,Red,Nautilus,4,8,2,False,Loss
2919513,2,GEN,T1,T1,GEN,Red,Yorick,5,10,2,False,Loss
2919514,1,KRX,BRO,KRX,BRO,Blue,Karma,1,2,1,False,Loss
2919514,1,KRX,BRO,KRX,BRO,Blue,Rumble,2,4,1,False,Loss
2919514,1,KRX,BRO,KRX,BRO,Blue,Jarvan IV,3,6,1,False,Loss
2919514,1,KRX,BRO,KRX,BRO,Blue,Yorick,4,7,2,False,Loss
2919514,1,KRX,BRO,KRX,BRO,Blue,Xin Zhao,5,9,2,False,Loss
2919514,1,KRX,BRO,BRO,KRX,Red,Varus,1,1,1,True,Win
2919514,1,KRX,BRO,BRO,KRX,Red,Bard,2,3,1,True,Win
2919514,1,KRX,BRO,BRO,KRX,Red,Pantheon,3,5,1,True,Win
2919514,1,KRX,BRO,BRO,KRX,Red,Lulu,4,8,2,True,Win
2919514,1,KRX,BRO,BRO,KRX,Red,Seraphine,5,10,2,True,Win
2919514,2,BRO,KRX,BRO,KRX,Blue,Rumble,1,2,1,False,Loss
2919514,2,BRO,KRX,BRO,KRX,Blue,Ryze,2,4,1,False,Loss
2919514,2,BRO,KRX,BRO,KRX,Blue,Karma,3,6,1,False,Loss
2919514,2,BRO,KRX,BRO,KRX,Blue,Yunara,4,7,2,False,Loss
2919514,2,BRO,KRX,BRO,KRX,Blue,Bard,5,9,2,False,Loss
2919514,2,BRO,KRX,KRX,BRO,Red,Pantheon,1,1,1,True,Win
2919514,2,BRO,KRX,KRX,BRO,Red,Jarvan IV,2,3,1,True,Win
2919514,2,BRO,KRX,KRX,BRO,Red,Xin Zhao,3,5,1,True,Win
2919514,2,BRO,KRX,KRX,BRO,Red,Caitlyn,4,8,2,True,Win
2919514,2,BRO,KRX,KRX,BRO,Red,Kennen,5,10,2,True,Win
2919514,3,KRX,BRO,KRX,BRO,Blue,Karma,1,2,1,True,Win
2919514,3,KRX,BRO,KRX,BRO,Blue,Rumble,2,4,1,True,Win
2919514,3,KRX,BRO,KRX,BRO,Blue,Ryze,3,6,1,True,Win
2919514,3,KRX,BRO,KRX,BRO,Blue,Gwen,4,7,2,True,Win
2919514,3,KRX,BRO,KRX,BRO,Blue,K'Sante,5,9,2,True,Win
2919514,3,KRX,BRO,BRO,KRX,Red,Kennen,1,1,1,False,Loss
2919514,3,KRX,BRO,BRO,KRX,Red,Xin Zhao,2,3,1,False,Loss
2919514,3,KRX,BRO,BRO,KRX,Red,Cassiopeia,3,5,1,False,Loss
2919514,3,KRX,BRO,BRO,KRX,Red,Nami,4,8,2,False,Loss
2919514,3,KRX,BRO,BRO,KRX,Red,Seraphine,5,10,2,False,Loss
2919515,1,NS,KT,NS,KT,Blue,Rumble,1,2,1,False,Loss
2919515,1,NS,KT,NS,KT,Blue,Ashe,2,4,1,False,Loss
2919515,1,NS,KT,NS,KT,Blue,Nocturne,3,6,1,False,Loss
2919515,1,NS,KT,NS,KT,Blue,Sivir,4,7,2,False,Loss
2919515,1,NS,KT,NS,KT,Blue,Varus,5,9,2,False,Loss
2919515,1,NS,KT,KT,NS,Red,Nautilus,1,1,1,True,Win
2919515,1,NS,KT,KT,NS,Red,Anivia,2,3,1,True,Win
2919515,1,NS,KT,KT,NS,Red,Xin Zhao,3,5,1,True,Win
2919515,1,NS,KT,KT,NS,Red,Yorick,4,8,2,True,Win
2919515,1,NS,KT,KT,NS,Red,Sion,5,10,2,True,Win
2919515,2,KT,NS,KT,NS,Blue,Varus,1,1,1,True,Win
2919515,2,KT,NS,KT,NS,Blue,Anivia,2,3,1,True,Win
2919515,2,KT,NS,KT,NS,Blue,Renekton,3,5,1,True,Win
2919515,2,KT,NS,KT,NS,Blue,Annie,4,8,2,True,Win
2919515,2,KT,NS,KT,NS,Blue,Aurora,5,10,2,True,Win
2919515,2,KT,NS,NS,KT,Red,Rumble,1,2,1,False,Loss
2919515,2,KT,NS,NS,KT,Red,Orianna,2,4,1,False,Loss
2919515,2,KT,NS,NS,KT,Red,Ashe,3,6,1,False,Loss
2919515,2,KT,NS,NS,KT,Red,Leona,4,7,2,False,Loss
2919515,2,KT,NS,NS,KT,Red,Nautilus,5,9,2,False,Loss
2919516,1,DNS,T1,DNS,T1,Blue,Rumble,1,2,1,False,Loss
2919516,1,DNS,T1,DNS,T1,Blue,Ryze,2,4,1,False,Loss
2919516,1,DNS,T1,DNS,T1,Blue,Karma,3,6,1,False,Loss
2919516,1,DNS,T1,DNS,T1,Blue,Jarvan IV,4,7,2,False,Loss
2919516,1,DNS,T1,DNS,T1,Blue,Xin Zhao,5,9,2,False,Loss
2919516,1,DNS,T1,T1,DNS,Red,Varus,1,1,1,True,Win
2919516,1,DNS,T1,T1,DNS,Red,Pantheon,2,3,1,True,Win
2919516,1,DNS,T1,T1,DNS,Red,LeBlanc,3,5,1,True,Win
2919516,1,DNS,T1,T1,DNS,Red,Sivir,4,8,2,True,Win
2919516,1,DNS,T1,T1,DNS,Red,Ambessa,5,10,2,True,Win
2919516,2,T1,DNS,T1,DNS,Blue,Rumble,1,2,1,True,Win
2919516,2,T1,DNS,T1,DNS,Blue,Ryze,2,4,1,True,Win
2919516,2,T1,DNS,T1,DNS,Blue,Ambessa,3,6,1,True,Win
2919516,2,T1,DNS,T1,DNS,Blue,Galio,4,7,2,True,Win
2919516,2,T1,DNS,T1,DNS,Blue,Jayce,5,9,2,True,Win
2919516,2,T1,DNS,DNS,T1,Red,Anivia,1,1,1,False,Loss
2919516,2,T1,DNS,DNS,T1,Red,Varus,2,3,1,False,Loss
2919516,2,T1,DNS,DNS,T1,Red,Renekton,3,5,1,False,Loss
2919516,2,T1,DNS,DNS,T1,Red,Seraphine,4,8,2,False,Loss
2919516,2,T1,DNS,DNS,T1,Red,Nami,5,10,2,False,Loss
2919517,1,BFX,HLE,BFX,HLE,Blue,Varus,1,2,1,False,Loss
2919517,1,BFX,HLE,BFX,HLE,Blue,Nocturne,2,4,1,False,Loss
2919517,1,BFX,HLE,BFX,HLE,Blue,Anivia,3,6,1,False,Loss
2919517,1,BFX,HLE,BFX,HLE,Blue,Nami,4,7,2,False,Loss
2919517,1,BFX,HLE,BFX,HLE,Blue,Nautilus,5,9,2,False,Loss
2919517,1,BFX,HLE,HLE,BFX,Red,Karma,1,1,1,True,Win
2919517,1,BFX,HLE,HLE,BFX,Red,Rumble,2,3,1,True,Win
2919517,1,BFX,HLE,HLE,BFX,Red,Pantheon,3,5,1,True,Win
2919517,1,BFX,HLE,HLE,BFX,Red,Bard,4,8,2,True,Win
2919517,1,BFX,HLE,HLE,BFX,Red,Ezreal,5,10,2,True,Win
2919517,2,HLE,BFX,HLE,BFX,Blue,Karma,1,1,1,False,Loss
2919517,2,HLE,BFX,HLE,BFX,Blue,Rumble,2,3,1,False,Loss
2919517,2,HLE,BFX,HLE,BFX,Blue,Nocturne,3,5,1,False,Loss
2919517,2,HLE,BFX,HLE,BFX,Blue,Naafiri,4,8,2,False,Loss
2919517,2,HLE,BFX,HLE,BFX,Blue,Vi,5,10,2,False,Loss
2919517,2,HLE,BFX,BFX,HLE,Red,Varus,1,2,1,True,Win
2919517,2,HLE,BFX,BFX,HLE,Red,Azir,2,4,1,True,Win
2919517,2,HLE,BFX,BFX,HLE,Red,Pantheon,3,6,1,True,Win
2919517,2,HLE,BFX,BFX,HLE,Red,Lee Sin,4,7,2,True,Win
2919517,2,HLE,BFX,BFX,HLE,Red,Gnar,5,9,2,True,Win
2919517,3,BFX,HLE,BFX,HLE,Blue,Varus,1,2,1,False,Loss
2919517,3,BFX,HLE,BFX,HLE,Blue,Pantheon,2,4,1,False,Loss
2919517,3,BFX,HLE,BFX,HLE,Blue,Nami,3,6,1,False,Loss
2919517,3,BFX,HLE,BFX,HLE,Blue,Nautilus,4,7,2,False,Loss
2919517,3,BFX,HLE,BFX,HLE,Blue,Alistar,5,9,2,False,Loss
2919517,3,BFX,HLE,HLE,BFX,Red,Karma,1,1,1,True,Win
2919517,3,BFX,HLE,HLE,BFX,Red,Rumble,2,3,1,True,Win
2919517,3,BFX,HLE,HLE,BFX,Red,Yunara,3,5,1,True,Win
2919517,3,BFX,HLE,HLE,BFX,Red,Sylas,4,8,2,True,Win
2919517,3,BFX,HLE,HLE,BFX,Red,Poppy,5,10,2,True,Win
2919518,1,KRX,NS,KRX,NS,Blue,Karma,1,2,1,True,Win
2919518,1,KRX,NS,KRX,NS,Blue,Rumble,2,4,1,True,Win
2919518,1,KRX,NS,KRX,NS,Blue,Pantheon,3,6,1,True,Win
2919518,1,KRX,NS,KRX,NS,Blue,Sivir,4,7,2,True,Win
2919518,1,KRX,NS,KRX,NS,Blue,Yunara,5,9,2,True,Win
2919518,1,KRX,NS,NS,KRX,Red,Bard,1,1,1,False,Loss
2919518,1,KRX,NS,NS,KRX,Red,Varus,2,3,1,False,Loss
2919518,1,KRX,NS,NS,KRX,Red,Nocturne,3,5,1,False,Loss
2919518,1,KRX,NS,NS,KRX,Red,Xin Zhao,4,8,2,False,Loss
2919518,1,KRX,NS,NS,KRX,Red,Naafiri,5,10,2,False,Loss
2919518,2,KRX,NS,KRX,NS,Blue,Karma,1,2,1,True,Win
2919518,2,KRX,NS,KRX,NS,Blue,Varus,2,4,1,True,Win
2919518,2,KRX,NS,KRX,NS,Blue,Azir,3,6,1,True,Win
2919518,2,KRX,NS,KRX,NS,Blue,Caitlyn,4,7,2,True,Win
2919518,2,KRX,NS,KRX,NS,Blue,Nami,5,9,2,True,Win
2919518,2,KRX,NS,NS,KRX,Red,Bard,1,1,1,False,Loss
2919518,2,KRX,NS,NS,KRX,Red,Ashe,2,3,1,False,Loss
2919518,2,KRX,NS,NS,KRX,Red,Rumble,3,5,1,False,Loss
2919518,2,KRX,NS,NS,KRX,Red,Nocturne,4,8,2,False,Loss
2919518,2,KRX,NS,NS,KRX,Red,Xin Zhao,5,10,2,False,Loss
2919519,1,DK,GEN,DK,GEN,Blue,Rumble,1,2,1,True,Win
2919519,1,DK,GEN,DK,GEN,Blue,Orianna,2,4,1,True,Win
2919519,1,DK,GEN,DK,GEN,Blue,Azir,3,6,1,True,Win
2919519,1,DK,GEN,DK,GEN,Blue,Leona,4,7,2,True,Win
2919519,1,DK,GEN,DK,GEN,Blue,Nautilus,5,9,2,True,Win
2919519,1,DK,GEN,GEN,DK,Red,Karma,1,1,1,False,Loss
2919519,1,DK,GEN,GEN,DK,Red,Varus,2,3,1,False,Loss
2919519,1,DK,GEN,GEN,DK,Red,LeBlanc,3,5,1,False,Loss
2919519,1,DK,GEN,GEN,DK,Red,Sivir,4,8,2,False,Loss
2919519,1,DK,GEN,GEN,DK,Red,Jhin,5,10,2,False,Loss
2919519,2,GEN,DK,GEN,DK,Blue,Rumble,1,2,1,False,Loss
2919519,2,GEN,DK,GEN,DK,Blue,Orianna,2,4,1,False,Loss
2919519,2,GEN,DK,GEN,DK,Blue,Karma,3,6,1,False,Loss
2919519,2,GEN,DK,GEN,DK,Blue,Ashe,4,7,2,False,Loss
2919519,2,GEN,DK,GEN,DK,Blue,Nami,5,9,2,False,Loss
2919519,2,GEN,DK,DK,GEN,Red,Varus,1,1,1,True,Win
2919519,2,GEN,DK,DK,GEN,Red,Jayce,2,3,1,True,Win
2919519,2,GEN,DK,DK,GEN,Red,Azir,3,5,1,True,Win
2919519,2,GEN,DK,DK,GEN,Red,Lulu,4,8,2,True,Win
2919519,2,GEN,DK,DK,GEN,Red,Neeko,5,10,2,True,Win
2919522,1,BFX,DNS,BFX,DNS,Blue,Varus,1,1,1,True,Win
2919522,1,BFX,DNS,BFX,DNS,Blue,Pantheon,2,3,1,True,Win
2919522,1,BFX,DNS,BFX,DNS,Blue,Azir,3,5,1,True,Win
2919522,1,BFX,DNS,BFX,DNS,Blue,Bard,4,8,2,True,Win
2919522,1,BFX,DNS,BFX,DNS,Blue,Alistar,5,10,2,True,Win
2919522,1,BFX,DNS,DNS,BFX,Red,Rumble,1,2,1,False,Loss
2919522,1,BFX,DNS,DNS,BFX,Red,Karma,2,4,1,False,Loss
2919522,1,BFX,DNS,DNS,BFX,Red,Orianna,3,6,1,False,Loss
2919522,1,BFX,DNS,DNS,BFX,Red,Kai'Sa,4,7,2,False,Loss
2919522,1,BFX,DNS,DNS,BFX,Red,Jayce,5,9,2,False,Loss
2919522,2,BFX,DNS,BFX,DNS,Blue,Orianna,1,2,1,True,Win
2919522,2,BFX,DNS,BFX,DNS,Blue,Rumble,2,4,1,True,Win
2919522,2,BFX,DNS,BFX,DNS,Blue,Ziggs,3,6,1,True,Win
2919522,2,BFX,DNS,BFX,DNS,Blue,Mel,4,7,2,True,Win
2919522,2,BFX,DNS,BFX,DNS,Blue,Bard,5,9,2,True,Win
2919522,2,BFX,DNS,DNS,BFX,Red,Varus,1,1,1,False,Loss
2919522,2,BFX,DNS,DNS,BFX,Red,Karma,2,3,1,False,Loss
2919522,2,BFX,DNS,DNS,BFX,Red,Pantheon,3,5,1,False,Loss
2919522,2,BFX,DNS,DNS,BFX,Red,Jayce,4,8,2,False,Loss
2919522,2,BFX,DNS,DNS,BFX,Red,Annie,5,10,2,False,Loss
2919523,1,KT,BRO,KT,BRO,Blue,Rumble,1,2,1,True,Win
2919523,1,KT,BRO,KT,BRO,Blue,Pantheon,2,4,1,True,Win
2919523,1,KT,BRO,KT,BRO,Blue,Orianna,3,6,1,True,Win
2919523,1,KT,BRO,KT,BRO,Blue,Nautilus,4,7,2,True,Win
2919523,1,KT,BRO,KT,BRO,Blue,Neeko,5,9,2,True,Win
2919523,1,KT,BRO,BRO,KT,Red,Azir,1,1,1,False,Loss
2919523,1,KT,BRO,BRO,KT,Red,Karma,2,3,1,False,Loss
2919523,1,KT,BRO,BRO,KT,Red,Ryze,3,5,1,False,Loss
2919523,1,KT,BRO,BRO,KT,Red,Syndra,4,8,2,False,Loss
2919523,1,KT,BRO,BRO,KT,Red,Akali,5,10,2,False,Loss
2919523,2,KT,BRO,KT,BRO,Blue,Rumble,1,2,1,True,Win
2919523,2,KT,BRO,KT,BRO,Blue,Pantheon,2,4,1,True,Win
2919523,2,KT,BRO,KT,BRO,Blue,Varus,3,6,1,True,Win
2919523,2,KT,BRO,KT,BRO,Blue,Nocturne,4,7,2,True,Win
2919523,2,KT,BRO,KT,BRO,Blue,Naafiri,5,9,2,True,Win
2919523,2,KT,BRO,BRO,KT,Red,Karma,1,1,1,False,Loss
2919523,2,KT,BRO,BRO,KT,Red,Ryze,2,3,1,False,Loss
2919523,2,KT,BRO,BRO,KT,Red,Azir,3,5,1,False,Loss
2919523,2,KT,BRO,BRO,KT,Red,Akali,4,8,2,False,Loss
2919523,2,KT,BRO,BRO,KT,Red,Syndra,5,10,2,False,Loss
2919525,1,BFX,NS,BFX,NS,Blue,Rumble,1,2,1,False,Loss
2919525,1,BFX,NS,BFX,NS,Blue,Varus,2,4,1,False,Loss
2919525,1,BFX,NS,BFX,NS,Blue,Orianna,3,6,1,False,Loss
2919525,1,BFX,NS,BFX,NS,Blue,Bard,4,7,2,False,Loss
2919525,1,BFX,NS,BFX,NS,Blue,Anivia,5,9,2,False,Loss
2919525,1,BFX,NS,NS,BFX,Red,Karma,1,1,1,True,Win
2919525,1,BFX,NS,NS,BFX,Red,Jarvan IV,2,3,1,True,Win
2919525,1,BFX,NS,NS,BFX,Red,Ryze,3,5,1,True,Win
2919525,1,BFX,NS,NS,BFX,Red,Yorick,4,8,2,True,Win
2919525,1,BFX,NS,NS,BFX,Red,Sion,5,10,2,True,Win
2919525,2,BFX,NS,BFX,NS,Blue,Varus,1,2,1,False,Loss
2919525,2,BFX,NS,BFX,NS,Blue,Nocturne,2,4,1,False,Loss
2919525,2,BFX,NS,BFX,NS,Blue,Orianna,3,6,1,False,Loss
2919525,2,BFX,NS,BFX,NS,Blue,Ambessa,4,7,2,False,Loss
2919525,2,BFX,NS,BFX,NS,Blue,Caitlyn,5,9,2,False,Loss
2919525,2,BFX,NS,NS,BFX,Red,Karma,1,1,1,True,Win
2919525,2,BFX,NS,NS,BFX,Red,Ashe,2,3,1,True,Win
2919525,2,BFX,NS,NS,BFX,Red,Rumble,3,5,1,True,Win
2919525,2,BFX,NS,NS,BFX,Red,Nautilus,4,8,2,True,Win
2919525,2,BFX,NS,NS,BFX,Red,Lucian,5,10,2,True,Win
2919526,1,DK,KT,DK,KT,Blue,Pantheon,1,2,1,True,Win
2919526,1,DK,KT,DK,KT,Blue,Rumble,2,4,1,True,Win
2919526,1,DK,KT,DK,KT,Blue,Jayce,3,6,1,True,Win
2919526,1,DK,KT,DK,KT,Blue,Xin Zhao,4,7,2,True,Win
2919526,1,DK,KT,DK,KT,Blue,Vi,5,9,2,True,Win
2919526,1,DK,KT,KT,DK,Red,Nocturne,1,1,1,False,Loss
2919526,1,DK,KT,KT,DK,Red,Bard,2,3,1,False,Loss
2919526,1,DK,KT,KT,DK,Red,Varus,3,5,1,False,Loss
2919526,1,DK,KT,KT,DK,Red,Sivir,4,8,2,False,Loss
2919526,1,DK,KT,KT,DK,Red,Miss Fortune,5,10,2,False,Loss
2919526,2,KT,DK,KT,DK,Blue,Rumble,1,2,1,True,Win
2919526,2,KT,DK,KT,DK,Blue,Bard,2,4,1,True,Win
2919526,2,KT,DK,KT,DK,Blue,Vi,3,6,1,True,Win
2919526,2,KT,DK,KT,DK,Blue,Yuumi,4,7,2,True,Win
2919526,2,KT,DK,KT,DK,Blue,Varus,5,9,2,True,Win
2919526,2,KT,DK,DK,KT,Red,Azir,1,1,1,False,Loss
2919526,2,KT,DK,DK,KT,Red,Pantheon,2,3,1,False,Loss
2919526,2,KT,DK,DK,KT,Red,Nocturne,3,5,1,False,Loss
2919526,2,KT,DK,DK,KT,Red,K'Sante,4,8,2,False,Loss
2919526,2,KT,DK,DK,KT,Red,Mel,5,10,2,False,Loss
2919526,3,KT,DK,KT,DK,Blue,Rumble,1,2,1,True,Win
2919526,3,KT,DK,KT,DK,Blue,Bard,2,4,1,True,Win
2919526,3,KT,DK,KT,DK,Blue,Vi,3,6,1,True,Win
2919526,3,KT,DK,KT,DK,Blue,Nami,4,7,2,True,Win
2919526,3,KT,DK,KT,DK,Blue,Blitzcrank,5,9,2,True,Win
2919526,3,KT,DK,DK,KT,Red,Azir,1,1,1,False,Loss
2919526,3,KT,DK,DK,KT,Red,Nocturne,2,3,1,False,Loss
2919526,3,KT,DK,DK,KT,Red,Pantheon,3,5,1,False,Loss
2919526,3,KT,DK,DK,KT,Red,Jax,4,8,2,False,Loss
2919526,3,KT,DK,DK,KT,Red,Mel,5,10,2,False,Loss
2919527,1,BRO,GEN,BRO,GEN,Blue,Bard,1,1,1,False,Loss
2919527,1,BRO,GEN,BRO,GEN,Blue,Varus,2,3,1,False,Loss
2919527,1,BRO,GEN,BRO,GEN,Blue,Pantheon,3,5,1,False,Loss
2919527,1,BRO,GEN,BRO,GEN,Blue,Lulu,4,8,2,False,Loss
2919527,1,BRO,GEN,BRO,GEN,Blue,Kalista,5,10,2,False,Loss
2919527,1,BRO,GEN,GEN,BRO,Red,Orianna,1,2,1,True,Win
2919527,1,BRO,GEN,GEN,BRO,Red,Karma,2,4,1,True,Win
2919527,1,BRO,GEN,GEN,BRO,Red,Rumble,3,6,1,True,Win
2919527,1,BRO,GEN,GEN,BRO,Red,Elise,4,7,2,True,Win
2919527,1,BRO,GEN,GEN,BRO,Red,Seraphine,5,9,2,True,Win
2919527,2,GEN,BRO,GEN,BRO,Blue,Orianna,1,2,1,True,Win
2919527,2,GEN,BRO,GEN,BRO,Blue,Ashe,2,4,1,True,Win
2919527,2,GEN,BRO,GEN,BRO,Blue,Rumble,3,6,1,True,Win
2919527,2,GEN,BRO,GEN,BRO,Blue,Tristana,4,7,2,True,Win
2919527,2,GEN,BRO,GEN,BRO,Blue,Sivir,5,9,2,True,Win
2919527,2,GEN,BRO,BRO,GEN,Red,Bard,1,1,1,False,Loss
2919527,2,GEN,BRO,BRO,GEN,Red,Varus,2,3,1,False,Loss
2919527,2,GEN,BRO,BRO,GEN,Red,Karma,3,5,1,False,Loss
2919527,2,GEN,BRO,BRO,GEN,Red,Nautilus,4,8,2,False,Loss
2919527,2,GEN,BRO,BRO,GEN,Red,Seraphine,5,10,2,False,Loss
2919528,1,DNS,HLE,DNS,HLE,Blue,Orianna,1,2,1,False,Loss
2919528,1,DNS,HLE,DNS,HLE,Blue,Ryze,2,4,1,False,Loss
2919528,1,DNS,HLE,DNS,HLE,Blue,Pantheon,3,6,1,False,Loss
2919528,1,DNS,HLE,DNS,HLE,Blue,Jayce,4,7,2,False,Loss
2919528,1,DNS,HLE,DNS,HLE,Blue,Annie,5,9,2,False,Loss
2919528,1,DNS,HLE,HLE,DNS,Red,Jarvan IV,1,1,1,True,Win
2919528,1,DNS,HLE,HLE,DNS,Red,Ezreal,2,3,1,True,Win
2919528,1,DNS,HLE,HLE,DNS,Red,Rumble,3,5,1,True,Win
2919528,1,DNS,HLE,HLE,DNS,Red,Nautilus,4,8,2,True,Win
2919528,1,DNS,HLE,HLE,DNS,Red,Ambessa,5,10,2,True,Win
2919528,2,HLE,DNS,HLE,DNS,Blue,Orianna,1,2,1,True,Win
2919528,2,HLE,DNS,HLE,DNS,Blue,Rumble,2,4,1,True,Win
2919528,2,HLE,DNS,HLE,DNS,Blue,LeBlanc,3,6,1,True,Win
2919528,2,HLE,DNS,HLE,DNS,Blue,Pyke,4,7,2,True,Win
2919528,2,HLE,DNS,HLE,DNS,Blue,Nautilus,5,9,2,True,Win
2919528,2,HLE,DNS,DNS,HLE,Red,Jayce,1,1,1,False,Loss
2919528,2,HLE,DNS,DNS,HLE,Red,Karma,2,3,1,False,Loss
2919528,2,HLE,DNS,DNS,HLE,Red,Ryze,3,5,1,False,Loss
2919528,2,HLE,DNS,DNS,HLE,Red,Vayne,4,8,2,False,Loss
2919528,2,HLE,DNS,DNS,HLE,Red,Akali,5,10,2,False,Loss
2919529,1,BFX,KRX,BFX,KRX,Blue,Rumble,1,2,1,True,Win
2919529,1,BFX,KRX,BFX,KRX,Blue,Varus,2,4,1,True,Win
2919529,1,BFX,KRX,BFX,KRX,Blue,Orianna,3,6,1,True,Win
2919529,1,BFX,KRX,BFX,KRX,Blue,Caitlyn,4,7,2,True,Win
2919529,1,BFX,KRX,BFX,KRX,Blue,Skarner,5,9,2,True,Win
2919529,1,BFX,KRX,KRX,BFX,Red,Karma,1,1,1,False,Loss
2919529,1,BFX,KRX,KRX,BFX,Red,Jarvan IV,2,3,1,False,Loss
2919529,1,BFX,KRX,KRX,BFX,Red,Pantheon,3,5,1,False,Loss
2919529,1,BFX,KRX,KRX,BFX,Red,Yorick,4,8,2,False,Loss
2919529,1,BFX,KRX,KRX,BFX,Red,Akali,5,10,2,False,Loss
2919529,2,BFX,KRX,BFX,KRX,Blue,Rumble,1,2,1,True,Win
2919529,2,BFX,KRX,BFX,KRX,Blue,Orianna,2,4,1,True,Win
2919529,2,BFX,KRX,BFX,KRX,Blue,Varus,3,6,1,True,Win
2919529,2,BFX,KRX,BFX,KRX,Blue,Nocturne,4,7,2,True,Win
2919529,2,BFX,KRX,BFX,KRX,Blue,Hwei,5,9,2,True,Win
2919529,2,BFX,KRX,KRX,BFX,Red,Ryze,1,1,1,False,Loss
2919529,2,BFX,KRX,KRX,BFX,Red,Ashe,2,3,1,False,Loss
2919529,2,BFX,KRX,KRX,BFX,Red,Jarvan IV,3,5,1,False,Loss
2919529,2,BFX,KRX,KRX,BFX,Red,Nautilus,4,8,2,False,Loss
2919529,2,BFX,KRX,KRX,BFX,Red,Lulu,5,10,2,False,Loss
2919530,1,T1,DK,T1,DK,Blue,Orianna,1,2,1,False,Loss
2919530,1,T1,DK,T1,DK,Blue,Varus,2,4,1,False,Loss
2919530,1,T1,DK,T1,DK,Blue,Caitlyn,3,6,1,False,Loss
2919530,1,T1,DK,T1,DK,Blue,Twisted Fate,4,7,2,False,Loss
2919530,1,T1,DK,T1,DK,Blue,Anivia,5,9,2,False,Loss
2919530,1,T1,DK,DK,T1,Red,Bard,1,1,1,True,Win
2919530,1,T1,DK,DK,T1,Red,Nocturne,2,3,1,True,Win
2919530,1,T1,DK,DK,T1,Red,Azir,3,5,1,True,Win
2919530,1,T1,DK,DK,T1,Red,Yuumi,4,8,2,True,Win
2919530,1,T1,DK,DK,T1,Red,Jayce,5,10,2,True,Win
2919530,2,DK,T1,DK,T1,Blue,Bard,1,2,1,False,Loss
2919530,2,DK,T1,DK,T1,Blue,Orianna,2,4,1,False,Loss
2919530,2,DK,T1,DK,T1,Blue,Poppy,3,6,1,False,Loss
2919530,2,DK,T1,DK,T1,Blue,Renata Glasc,4,7,2,False,Loss
2919530,2,DK,T1,DK,T1,Blue,Nautilus,5,9,2,False,Loss
2919530,2,DK,T1,T1,DK,Red,Varus,1,1,1,True,Win
2919530,2,DK,T1,T1,DK,Red,Jarvan IV,2,3,1,True,Win
2919530,2,DK,T1,T1,DK,Red,Sion,3,5,1,True,Win
2919530,2,DK,T1,T1,DK,Red,Ashe,4,8,2,True,Win
2919530,2,DK,T1,T1,DK,Red,Yunara,5,10,2,True,Win
2919530,3,T1,DK,T1,DK,Blue,Orianna,1,2,1,False,Loss
2919530,3,T1,DK,T1,DK,Blue,Varus,2,4,1,False,Loss
2919530,3,T1,DK,T1,DK,Blue,Yunara,3,6,1,False,Loss
2919530,3,T1,DK,T1,DK,Blue,Sivir,4,7,2,False,Loss
2919530,3,T1,DK,T1,DK,Blue,Ziggs,5,9,2,False,Loss
2919530,3,T1,DK,DK,T1,Red,Bard,1,1,1,True,Win
2919530,3,T1,DK,DK,T1,Red,Ashe,2,3,1,True,Win
2919530,3,T1,DK,DK,T1,Red,Nami,3,5,1,True,Win
2919530,3,T1,DK,DK,T1,Red,Nautilus,4,8,2,True,Win
2919530,3,T1,DK,DK,T1,Red,Kalista,5,10,2,True,Win
2919531,1,GEN,HLE,GEN,HLE,Blue,Karma,1,1,1,False,Loss
2919531,1,GEN,HLE,GEN,HLE,Blue,Varus,2,3,1,False,Loss
2919531,1,GEN,HLE,GEN,HLE,Blue,Nautilus,3,5,1,False,Loss
2919531,1,GEN,HLE,GEN,HLE,Blue,Pyke,4,8,2,False,Loss
2919531,1,GEN,HLE,GEN,HLE,Blue,Akali,5,10,2,False,Loss
2919531,1,GEN,HLE,HLE,GEN,Red,Orianna,1,2,1,True,Win
2919531,1,GEN,HLE,HLE,GEN,Red,Ezreal,2,4,1,True,Win
2919531,1,GEN,HLE,HLE,GEN,Red,Rumble,3,6,1,True,Win
2919531,1,GEN,HLE,HLE,GEN,Red,Yunara,4,7,2,True,Win
2919531,1,GEN,HLE,HLE,GEN,Red,Azir,5,9,2,True,Win
2919531,2,HLE,GEN,HLE,GEN,Blue,Varus,1,1,1,True,Win
2919531,2,HLE,GEN,HLE,GEN,Blue,Ezreal,2,3,1,True,Win
2919531,2,HLE,GEN,HLE,GEN,Blue,Nocturne,3,5,1,True,Win
2919531,2,HLE,GEN,HLE,GEN,Blue,Ahri,4,8,2,True,Win
2919531,2,HLE,GEN,HLE,GEN,Blue,Annie,5,10,2,True,Win
2919531,2,HLE,GEN,GEN,HLE,Red,Orianna,1,2,1,False,Loss
2919531,2,HLE,GEN,GEN,HLE,Red,Karma,2,4,1,False,Loss
2919531,2,HLE,GEN,GEN,HLE,Red,Nautilus,3,6,1,False,Loss
2919531,2,HLE,GEN,GEN,HLE,Red,Ziggs,4,7,2,False,Loss
2919531,2,HLE,GEN,GEN,HLE,Red,Mel,5,9,2,False,Loss
2919532,1,DNS,KT,DNS,KT,Blue,Rumble,1,2,1,False,Loss
2919532,1,DNS,KT,DNS,KT,Blue,Ryze,2,4,1,False,Loss
2919532,1,DNS,KT,DNS,KT,Blue,Varus,3,6,1,False,Loss
2919532,1,DNS,KT,DNS,KT,Blue,Jayce,4,7,2,False,Loss
2919532,1,DNS,KT,DNS,KT,Blue,Mel,5,9,2,False,Loss
2919532,1,DNS,KT,KT,DNS,Red,Nautilus,1,1,1,True,Win
2919532,1,DNS,KT,KT,DNS,Red,Yorick,2,3,1,True,Win
2919532,1,DNS,KT,KT,DNS,Red,Orianna,3,5,1,True,Win
2919532,1,DNS,KT,KT,DNS,Red,Azir,4,8,2,True,Win
2919532,1,DNS,KT,KT,DNS,Red,Aurora,5,10,2,True,Win
2919532,2,KT,DNS,KT,DNS,Blue,Rumble,1,2,1,True,Win
2919532,2,KT,DNS,KT,DNS,Blue,Ambessa,2,4,1,True,Win
2919532,2,KT,DNS,KT,DNS,Blue,Lee Sin,3,6,1,True,Win
2919532,2,KT,DNS,KT,DNS,Blue,Naafiri,4,7,2,True,Win
2919532,2,KT,DNS,KT,DNS,Blue,Wukong,5,9,2,True,Win
2919532,2,KT,DNS,DNS,KT,Red,Varus,1,1,1,False,Loss
2919532,2,KT,DNS,DNS,KT,Red,Jayce,2,3,1,False,Loss
2919532,2,KT,DNS,DNS,KT,Red,Xin Zhao,3,5,1,False,Loss
2919532,2,KT,DNS,DNS,KT,Red,Caitlyn,4,8,2,False,Loss
2919532,2,KT,DNS,DNS,KT,Red,Vayne,5,10,2,False,Loss
2919533,1,BRO,NS,BRO,NS,Blue,Rumble,1,2,1,True,Win
2919533,1,BRO,NS,BRO,NS,Blue,Orianna,2,4,1,True,Win
2919533,1,BRO,NS,BRO,NS,Blue,Jarvan IV,3,6,1,True,Win
2919533,1,BRO,NS,BRO,NS,Blue,Azir,4,7,2,True,Win
2919533,1,BRO,NS,BRO,NS,Blue,Annie,5,9,2,True,Win
2919533,1,BRO,NS,NS,BRO,Red,Varus,1,1,1,False,Loss
2919533,1,BRO,NS,NS,BRO,Red,Karma,2,3,1,False,Loss
2919533,1,BRO,NS,NS,BRO,Red,Pantheon,3,5,1,False,Loss
2919533,1,BRO,NS,NS,BRO,Red,Ryze,4,8,2,False,Loss
2919533,1,BRO,NS,NS,BRO,Red,K'Sante,5,10,2,False,Loss
2919533,2,NS,BRO,NS,BRO,Blue,Rumble,1,2,1,True,Win
2919533,2,NS,BRO,NS,BRO,Blue,Jarvan IV,2,4,1,True,Win
2919533,2,NS,BRO,NS,BRO,Blue,Orianna,3,6,1,True,Win
2919533,2,NS,BRO,NS,BRO,Blue,Naafiri,4,7,2,True,Win
2919533,2,NS,BRO,NS,BRO,Blue,Ambessa,5,9,2,True,Win
2919533,2,NS,BRO,BRO,NS,Red,Varus,1,1,1,False,Loss
2919533,2,NS,BRO,BRO,NS,Red,Pantheon,2,3,1,False,Loss
2919533,2,NS,BRO,BRO,NS,Red,Nautilus,3,5,1,False,Loss
2919533,2,NS,BRO,BRO,NS,Red,Vi,4,8,2,False,Loss
2919533,2,NS,BRO,BRO,NS,Red,Gnar,5,10,2,False,Loss
2919533,3,BRO,NS,BRO,NS,Blue,Orianna,1,2,1,False,Loss
2919533,3,BRO,NS,BRO,NS,Blue,Rumble,2,4,1,False,Loss
2919533,3,BRO,NS,BRO,NS,Blue,Pantheon,3,6,1,False,Loss
2919533,3,BRO,NS,BRO,NS,Blue,Nautilus,4,7,2,False,Loss
2919533,3,BRO,NS,BRO,NS,Blue,Ahri,5,9,2,False,Loss
2919533,3,BRO,NS,NS,BRO,Red,Varus,1,1,1,True,Win
2919533,3,BRO,NS,NS,BRO,Red,Jarvan IV,2,3,1,True,Win
2919533,3,BRO,NS,NS,BRO,Red,Annie,3,5,1,True,Win
2919533,3,BRO,NS,NS,BRO,Red,Galio,4,8,2,True,Win
2919533,3,BRO,NS,NS,BRO,Red,Akali,5,10,2,True,Win
2919534,1,T1,KRX,T1,KRX,Blue,Karma,1,2,1,True,Win
2919534,1,T1,KRX,T1,KRX,Blue,Varus,2,4,1,True,Win
2919534,1,T1,KRX,T1,KRX,Blue,Orianna,3,6,1,True,Win
2919534,1,T1,KRX,T1,KRX,Blue,Pantheon,4,7,2,True,Win
2919534,1,T1,KRX,T1,KRX,Blue,Nautilus,5,9,2,True,Win
2919534,1,T1,KRX,KRX,T1,Red,Bard,1,1,1,False,Loss
2919534,1,T1,KRX,KRX,T1,Red,Neeko,2,3,1,False,Loss
2919534,1,T1,KRX,KRX,T1,Red,Azir,3,5,1,False,Loss
2919534,1,T1,KRX,KRX,T1,Red,Caitlyn,4,8,2,False,Loss
2919534,1,T1,KRX,KRX,T1,Red,Yunara,5,10,2,False,Loss
2919534,2,T1,KRX,T1,KRX,Blue,Karma,1,2,1,True,Win
2919534,2,T1,KRX,T1,KRX,Blue,Varus,2,4,1,True,Win
2919534,2,T1,KRX,T1,KRX,Blue,Nocturne,3,6,1,True,Win
2919534,2,T1,KRX,T1,KRX,Blue,Nautilus,4,7,2,True,Win
2919534,2,T1,KRX,T1,KRX,Blue,Pyke,5,9,2,True,Win
2919534,2,T1,KRX,KRX,T1,Red,Bard,1,1,1,False,Loss
2919534,2,T1,KRX,KRX,T1,Red,Jayce,2,3,1,False,Loss
2919534,2,T1,KRX,KRX,T1,Red,Gnar,3,5,1,False,Loss
2919534,2,T1,KRX,KRX,T1,Red,Neeko,4,8,2,False,Loss
2919534,2,T1,KRX,KRX,T1,Red,Caitlyn,5,10,2,False,Loss
2925544,1,SHE,CG,SHE,CG,Blue,Akali,1,1,1,False,Loss
2925544,1,SHE,CG,SHE,CG,Blue,Neeko,2,3,1,False,Loss
2925544,1,SHE,CG,SHE,CG,Blue,Jarvan IV,3,5,1,False,Loss
2925544,1,SHE,CG,SHE,CG,Blue,Nautilus,4,8,2,False,Loss
2925544,1,SHE,CG,SHE,CG,Blue,Rell,5,10,2,False,Loss
2925544,1,SHE,CG,CG,SHE,Red,Orianna,1,2,1,True,Win
2925544,1,SHE,CG,CG,SHE,Red,Gragas,2,4,1,True,Win
2925544,1,SHE,CG,CG,SHE,Red,Seraphine,3,6,1,True,Win
2925544,1,SHE,CG,CG,SHE,Red,Ahri,4,7,2,True,Win
2925544,1,SHE,CG,CG,SHE,Red,Ryze,5,9,2,True,Win
2925545,1,TTS,EKO,TTS,EKO,Blue,Qiyana,1,1,1,False,Loss
2925545,1,TTS,EKO,TTS,EKO,Blue,Bard,2,3,1,False,Loss
2925545,1,TTS,EKO,TTS,EKO,Blue,Varus,3,5,1,False,Loss
2925545,1,TTS,EKO,TTS,EKO,Blue,Ryze,4,8,2,False,Loss
2925545,1,TTS,EKO,TTS,EKO,Blue,Hwei,5,10,2,False,Loss
2925545,1,TTS,EKO,EKO,TTS,Red,Urgot,1,2,1,True,Win
2925545,1,TTS,EKO,EKO,TTS,Red,Ahri,2,4,1,True,Win
2925545,1,TTS,EKO,EKO,TTS,Red,Xin Zhao,3,6,1,True,Win
2925545,1,TTS,EKO,EKO,TTS,Red,Jarvan IV,4,7,2,True,Win
2925545,1,TTS,EKO,EKO,TTS,Red,Nocturne,5,9,2,True,Win
2925546,1,ATA,ZENA,ATA,ZENA,Blue,Jayce,1,1,1,True,Win
2925546,1,ATA,ZENA,ATA,ZENA,Blue,Rumble,2,3,1,True,Win
2925546,1,ATA,ZENA,ATA,ZENA,Blue,Jarvan IV,3,5,1,True,Win
2925546,1,ATA,ZENA,ATA,ZENA,Blue,Aurora,4,8,2,True,Win
2925546,1,ATA,ZENA,ATA,ZENA,Blue,Ahri,5,10,2,True,Win
2925546,1,ATA,ZENA,ZENA,ATA,Red,Ivern,1,2,1,False,Loss
2925546,1,ATA,ZENA,ZENA,ATA,Red,Camille,2,4,1,False,Loss
2925546,1,ATA,ZENA,ZENA,ATA,Red,Ambessa,3,6,1,False,Loss
2925546,1,ATA,ZENA,ZENA,ATA,Red,Malphite,4,7,2,False,Loss
2925546,1,ATA,ZENA,ZENA,ATA,Red,Wukong,5,9,2,False,Loss
2925547,1,HMB,GMB,HMB,GMB,Blue,Caitlyn,1,1,1,True,Win
2925547,1,HMB,GMB,HMB,GMB,Blue,Nocturne,2,3,1,True,Win
2925547,1,HMB,GMB,HMB,GMB,Blue,Orianna,3,5,1,True,Win
2925547,1,HMB,GMB,HMB,GMB,Blue,Aurora,4,8,2,True,Win
2925547,1,HMB,GMB,HMB,GMB,Blue,LeBlanc,5,10,2,True,Win
2925547,1,HMB,GMB,GMB,HMB,Red,Azir,1,2,1,False,Loss
2925547,1,HMB,GMB,GMB,HMB,Red,Karma,2,4,1,False,Loss
2925547,1,HMB,GMB,GMB,HMB,Red,Ryze,3,6,1,False,Loss
2925547,1,HMB,GMB,GMB,HMB,Red,Xin Zhao,4,7,2,False,Loss
2925547,1,HMB,GMB,GMB,HMB,Red,Vi,5,9,2,False,Loss
2925548,1,GMB,ATA,GMB,ATA,Blue,Ivern,1,1,1,True,Win
2925548,1,GMB,ATA,GMB,ATA,Blue,Akali,2,3,1,True,Win
2925548,1,GMB,ATA,GMB,ATA,Blue,Wukong,3,5,1,True,Win
2925548,1,GMB,ATA,GMB,ATA,Blue,Malphite,4,8,2,True,Win
2925548,1,GMB,ATA,GMB,ATA,Blue,Gwen,5,10,2,True,Win
2925548,1,GMB,ATA,ATA,GMB,Red,Ambessa,1,2,1,False,Loss
2925548,1,GMB,ATA,ATA,GMB,Red,Rumble,2,4,1,False,Loss
2925548,1,GMB,ATA,ATA,GMB,Red,Ryze,3,6,1,False,Loss
2925548,1,GMB,ATA,ATA,GMB,Red,Lulu,4,7,2,False,Loss
2925548,1,GMB,ATA,ATA,GMB,Red,Jax,5,9,2,False,Loss
2925549,1,HMB,CG,HMB,CG,Blue,Akali,1,1,1,True,Win
2925549,1,HMB,CG,HMB,CG,Blue,Neeko,2,3,1,True,Win
2925549,1,HMB,CG,HMB,CG,Blue,Orianna,3,5,1,True,Win
2925549,1,HMB,CG,HMB,CG,Blue,LeBlanc,4,8,2,True,Win
2925549,1,HMB,CG,HMB,CG,Blue,Nami,5,10,2,True,Win
2925549,1,HMB,CG,CG,HMB,Red,Seraphine,1,2,1,False,Loss
2925549,1,HMB,CG,CG,HMB,Red,Rumble,2,4,1,False,Loss
2925549,1,HMB,CG,CG,HMB,Red,Gwen,3,6,1,False,Loss
2925549,1,HMB,CG,CG,HMB,Red,Karma,4,7,2,False,Loss
2925549,1,HMB,CG,CG,HMB,Red,Ambessa,5,9,2,False,Loss
2925550,1,EKO,ZENA,EKO,ZENA,Blue,Ahri,1,1,1,True,Win
2925550,1,EKO,ZENA,EKO,ZENA,Blue,Galio,2,3,1,True,Win
2925550,1,EKO,ZENA,EKO,ZENA,Blue,Jarvan IV,3,5,1,True,Win
2925550,1,EKO,ZENA,EKO,ZENA,Blue,Gwen,4,8,2,True,Win
2925550,1,EKO,ZENA,EKO,ZENA,Blue,Yone,5,10,2,True,Win
2925550,1,EKO,ZENA,ZENA,EKO,Red,Dr. Mundo,1,2,1,False,Loss
2925550,1,EKO,ZENA,ZENA,EKO,Red,Ashe,2,4,1,False,Loss
2925550,1,EKO,ZENA,ZENA,EKO,Red,Nami,3,6,1,False,Loss
2925550,1,EKO,ZENA,ZENA,EKO,Red,Sivir,4,7,2,False,Loss
2925550,1,EKO,ZENA,ZENA,EKO,Red,Mel,5,9,2,False,Loss
2925551,1,SHE,TTS,SHE,TTS,Blue,Urgot,1,1,1,False,Loss
2925551,1,SHE,TTS,SHE,TTS,Blue,Bard,2,3,1,False,Loss
2925551,1,SHE,TTS,SHE,TTS,Blue,Jarvan IV,3,5,1,False,Loss
2925551,1,SHE,TTS,SHE,TTS,Blue,Lee Sin,4,8,2,False,Loss
2925551,1,SHE,TTS,SHE,TTS,Blue,Ahri,5,10,2,False,Loss
2925551,1,SHE,TTS,TTS,SHE,Red,Gragas,1,2,1,True,Win
2925551,1,SHE,TTS,TTS,SHE,Red,Ashe,2,4,1,True,Win
2925551,1,SHE,TTS,TTS,SHE,Red,Jayce,3,6,1,True,Win
2925551,1,SHE,TTS,TTS,SHE,Red,Gwen,4,7,2,True,Win
2925551,1,SHE,TTS,TTS,SHE,Red,Gnar,5,9,2,True,Win
2925552,1,GMB,EKO,GMB,EKO,Blue,Hwei,1,1,1,False,Loss
2925552,1,GMB,EKO,GMB,EKO,Blue,Karma,2,3,1,False,Loss
2925552,1,GMB,EKO,GMB,EKO,Blue,Dr. Mundo,3,5,1,False,Loss
2925552,1,GMB,EKO,GMB,EKO,Blue,Syndra,4,8,2,False,Loss
2925552,1,GMB,EKO,GMB,EKO,Blue,Ryze,5,10,2,False,Loss
2925552,1,GMB,EKO,EKO,GMB,Red,Ambessa,1,2,1,True,Win
2925552,1,GMB,EKO,EKO,GMB,Red,Nocturne,2,4,1,True,Win
2925552,1,GMB,EKO,EKO,GMB,Red,Orianna,3,6,1,True,Win
2925552,1,GMB,EKO,EKO,GMB,Red,Taliyah,4,7,2,True,Win
2925552,1,GMB,EKO,EKO,GMB,Red,Gwen,5,9,2,True,Win
2925553,1,SHE,ZENA,SHE,ZENA,Blue,Zaahen,1,1,1,False,Loss
2925553,1,SHE,ZENA,SHE,ZENA,Blue,Ambessa,2,3,1,False,Loss
2925553,1,SHE,ZENA,SHE,ZENA,Blue,Rumble,3,5,1,False,Loss
2925553,1,SHE,ZENA,SHE,ZENA,Blue,Xin Zhao,4,8,2,False,Loss
2925553,1,SHE,ZENA,SHE,ZENA,Blue,Pantheon,5,10,2,False,Loss
2925553,1,SHE,ZENA,ZENA,SHE,Red,Gragas,1,2,1,True,Win
2925553,1,SHE,ZENA,ZENA,SHE,Red,Ashe,2,4,1,True,Win
2925553,1,SHE,ZENA,ZENA,SHE,Red,Dr. Mundo,3,6,1,True,Win
2925553,1,SHE,ZENA,ZENA,SHE,Red,Gwen,4,7,2,True,Win
2925553,1,SHE,ZENA,ZENA,SHE,Red,Gnar,5,9,2,True,Win
2925554,1,CG,TTS,CG,TTS,Blue,Urgot,1,1,1,True,Win
2925554,1,CG,TTS,CG,TTS,Blue,Varus,2,3,1,True,Win
2925554,1,CG,TTS,CG,TTS,Blue,Bard,3,5,1,True,Win
2925554,1,CG,TTS,CG,TTS,Blue,Ahri,4,8,2,True,Win
2925554,1,CG,TTS,CG,TTS,Blue,Syndra,5,10,2,True,Win
2925554,1,CG,TTS,TTS,CG,Red,Akali,1,2,1,False,Loss
2925554,1,CG,TTS,TTS,CG,Red,Aurora,2,4,1,False,Loss
2925554,1,CG,TTS,TTS,CG,Red,Kai'Sa,3,6,1,False,Loss
2925554,1,CG,TTS,TTS,CG,Red,Darius,4,7,2,False,Loss
2925554,1,CG,TTS,TTS,CG,Red,Gwen,5,9,2,False,Loss
2925555,1,ATA,HMB,ATA,HMB,Blue,Jarvan IV,1,1,1,False,Loss
2925555,1,ATA,HMB,ATA,HMB,Blue,Rumble,2,3,1,False,Loss
2925555,1,ATA,HMB,ATA,HMB,Blue,Ambessa,3,5,1,False,Loss
2925555,1,ATA,HMB,ATA,HMB,Blue,Renekton,4,8,2,False,Loss
2925555,1,ATA,HMB,ATA,HMB,Blue,Jax,5,10,2,False,Loss
2925555,1,ATA,HMB,HMB,ATA,Red,Ivern,1,2,1,True,Win
2925555,1,ATA,HMB,HMB,ATA,Red,Ashe,2,4,1,True,Win
2925555,1,ATA,HMB,HMB,ATA,Red,Orianna,3,6,1,True,Win
2925555,1,ATA,HMB,HMB,ATA,Red,Leona,4,7,2,True,Win
2925555,1,ATA,HMB,HMB,ATA,Red,Nautilus,5,9,2,True,Win
2925559,1,TTS,ZENA,TTS,ZENA,Blue,Ambessa,1,1,1,False,Loss
2925559,1,TTS,ZENA,TTS,ZENA,Blue,Yunara,2,3,1,False,Loss
2925559,1,TTS,ZENA,TTS,ZENA,Blue,Zaahen,3,5,1,False,Loss
2925559,1,TTS,ZENA,TTS,ZENA,Blue,Kai'Sa,4,8,2,False,Loss
2925559,1,TTS,ZENA,TTS,ZENA,Blue,Ashe,5,10,2,False,Loss
2925559,1,TTS,ZENA,ZENA,TTS,Red,Urgot,1,2,1,True,Win
2925559,1,TTS,ZENA,ZENA,TTS,Red,Dr. Mundo,2,4,1,True,Win
2925559,1,TTS,ZENA,ZENA,TTS,Red,Ahri,3,6,1,True,Win
2925559,1,TTS,ZENA,ZENA,TTS,Red,Karma,4,7,2,True,Win
2925559,1,TTS,ZENA,ZENA,TTS,Red,Braum,5,9,2,True,Win
2925560,1,EKO,HMB,EKO,HMB,Blue,Azir,1,1,1,False,Loss
2925560,1,EKO,HMB,EKO,HMB,Blue,Aatrox,2,3,1,False,Loss
2925560,1,EKO,HMB,EKO,HMB,Blue,Xin Zhao,3,5,1,False,Loss
2925560,1,EKO,HMB,EKO,HMB,Blue,Gwen,4,8,2,False,Loss
2925560,1,EKO,HMB,EKO,HMB,Blue,Orianna,5,10,2,False,Loss
2925560,1,EKO,HMB,HMB,EKO,Red,Sion,1,2,1,True,Win
2925560,1,EKO,HMB,HMB,EKO,Red,Seraphine,2,4,1,True,Win
2925560,1,EKO,HMB,HMB,EKO,Red,Graves,3,6,1,True,Win
2925560,1,EKO,HMB,HMB,EKO,Red,Ornn,4,7,2,True,Win
2925560,1,EKO,HMB,HMB,EKO,Red,Yorick,5,9,2,True,Win
2925561,1,GMB,SHE,GMB,SHE,Blue,Karma,1,1,1,True,Win
2925561,1,GMB,SHE,GMB,SHE,Blue,Seraphine,2,3,1,True,Win
2925561,1,GMB,SHE,GMB,SHE,Blue,Draven,3,5,1,True,Win
2925561,1,GMB,SHE,GMB,SHE,Blue,Wukong,4,8,2,True,Win
2925561,1,GMB,SHE,GMB,SHE,Blue,Xin Zhao,5,10,2,True,Win
2925561,1,GMB,SHE,SHE,GMB,Red,Ambessa,1,2,1,False,Loss
2925561,1,GMB,SHE,SHE,GMB,Red,Pantheon,2,4,1,False,Loss
2925561,1,GMB,SHE,SHE,GMB,Red,Orianna,3,6,1,False,Loss
2925561,1,GMB,SHE,SHE,GMB,Red,Ezreal,4,7,2,False,Loss
2925561,1,GMB,SHE,SHE,GMB,Red,Varus,5,9,2,False,Loss
2925562,1,ATA,CG,ATA,CG,Blue,Akali,1,1,1,False,Loss
2925562,1,ATA,CG,ATA,CG,Blue,Jarvan IV,2,3,1,False,Loss
2925562,1,ATA,CG,ATA,CG,Blue,Orianna,3,5,1,False,Loss
2925562,1,ATA,CG,ATA,CG,Blue,Ekko,4,8,2,False,Loss
2925562,1,ATA,CG,ATA,CG,Blue,LeBlanc,5,10,2,False,Loss
2925562,1,ATA,CG,CG,ATA,Red,Ivern,1,2,1,True,Win
2925562,1,ATA,CG,CG,ATA,Red,Wukong,2,4,1,True,Win
2925562,1,ATA,CG,CG,ATA,Red,Rumble,3,6,1,True,Win
2925562,1,ATA,CG,CG,ATA,Red,Ryze,4,7,2,True,Win
2925562,1,ATA,CG,CG,ATA,Red,Azir,5,9,2,True,Win
2925563,1,ATA,EKO,ATA,EKO,Blue,Seraphine,1,1,1,False,Loss
2925563,1,ATA,EKO,ATA,EKO,Blue,Sion,2,3,1,False,Loss
2925563,1,ATA,EKO,ATA,EKO,Blue,Qiyana,3,5,1,False,Loss
2925563,1,ATA,EKO,ATA,EKO,Blue,Hwei,4,8,2,False,Loss
2925563,1,ATA,EKO,ATA,EKO,Blue,Ornn,5,10,2,False,Loss
2925563,1,ATA,EKO,EKO,ATA,Red,Azir,1,2,1,True,Win
2925563,1,ATA,EKO,EKO,ATA,Red,Wukong,2,4,1,True,Win
2925563,1,ATA,EKO,EKO,ATA,Red,Jarvan IV,3,6,1,True,Win
2925563,1,ATA,EKO,EKO,ATA,Red,Karma,4,7,2,True,Win
2925563,1,ATA,EKO,EKO,ATA,Red,Yone,5,9,2,True,Win
2925564,1,GMB,TTS,GMB,TTS,Blue,Urgot,1,1,1,True,Win
2925564,1,GMB,TTS,GMB,TTS,Blue,Karma,2,3,1,True,Win
2925564,1,GMB,TTS,GMB,TTS,Blue,Dr. Mundo,3,5,1,True,Win
2925564,1,GMB,TTS,GMB,TTS,Blue,Alistar,4,8,2,True,Win
2925564,1,GMB,TTS,GMB,TTS,Blue,Bard,5,10,2,True,Win
2925564,1,GMB,TTS,TTS,GMB,Red,Pantheon,1,2,1,False,Loss
2925564,1,GMB,TTS,TTS,GMB,Red,Aurora,2,4,1,False,Loss
2925564,1,GMB,TTS,TTS,GMB,Red,Yunara,3,6,1,False,Loss
2925564,1,GMB,TTS,TTS,GMB,Red,Lulu,4,7,2,False,Loss
2925564,1,GMB,TTS,TTS,GMB,Red,Ambessa,5,9,2,False,Loss
2925565,1,SHE,HMB,SHE,HMB,Blue,Ambessa,1,1,1,False,Loss
2925565,1,SHE,HMB,SHE,HMB,Blue,Azir,2,3,1,False,Loss
2925565,1,SHE,HMB,SHE,HMB,Blue,Ezreal,3,5,1,False,Loss
2925565,1,SHE,HMB,SHE,HMB,Blue,Lulu,4,8,2,False,Loss
2925565,1,SHE,HMB,SHE,HMB,Blue,Neeko,5,10,2,False,Loss
2925565,1,SHE,HMB,HMB,SHE,Red,Gragas,1,2,1,True,Win
2925565,1,SHE,HMB,HMB,SHE,Red,Ashe,2,4,1,True,Win
2925565,1,SHE,HMB,HMB,SHE,Red,Jayce,3,6,1,True,Win
2925565,1,SHE,HMB,HMB,SHE,Red,Corki,4,7,2,True,Win
2925565,1,SHE,HMB,HMB,SHE,Red,Karma,5,9,2,True,Win
2925566,1,CG,ZENA,CG,ZENA,Blue,Rumble,1,1,1,False,Loss
2925566,1,CG,ZENA,CG,ZENA,Blue,Graves,2,3,1,False,Loss
2925566,1,CG,ZENA,CG,ZENA,Blue,Seraphine,3,5,1,False,Loss
2925566,1,CG,ZENA,CG,ZENA,Blue,Jarvan IV,4,8,2,False,Loss
2925566,1,CG,ZENA,CG,ZENA,Blue,Aurora,5,10,2,False,Loss
2925566,1,CG,ZENA,ZENA,CG,Red,Akali,1,2,1,True,Win
2925566,1,CG,ZENA,ZENA,CG,Red,Karma,2,4,1,True,Win
2925566,1,CG,ZENA,ZENA,CG,Red,Gwen,3,6,1,True,Win
2925566,1,CG,ZENA,ZENA,CG,Red,Dr. Mundo,4,7,2,True,Win
2925566,1,CG,ZENA,ZENA,CG,Red,Darius,5,9,2,True,Win
2925569,1,HMB,TTS,HMB,TTS,Blue,Urgot,1,1,1,True,Win
2925569,1,HMB,TTS,HMB,TTS,Blue,Karma,2,3,1,True,Win
2925569,1,HMB,TTS,HMB,TTS,Blue,Orianna,3,5,1,True,Win
2925569,1,HMB,TTS,HMB,TTS,Blue,Nautilus,4,8,2,True,Win
2925569,1,HMB,TTS,HMB,TTS,Blue,Bard,5,10,2,True,Win
2925569,1,HMB,TTS,TTS,HMB,Red,Yunara,1,2,1,False,Loss
2925569,1,HMB,TTS,TTS,HMB,Red,Ambessa,2,4,1,False,Loss
2925569,1,HMB,TTS,TTS,HMB,Red,Jarvan IV,3,6,1,False,Loss
2925569,1,HMB,TTS,TTS,HMB,Red,Sivir,4,7,2,False,Loss
2925569,1,HMB,TTS,TTS,HMB,Red,Aphelios,5,9,2,False,Loss
2925571,1,ATA,SHE,ATA,SHE,Blue,Rek'Sai,1,1,1,False,Loss
2925571,1,ATA,SHE,ATA,SHE,Blue,Gnar,2,3,1,False,Loss
2925571,1,ATA,SHE,ATA,SHE,Blue,Orianna,3,5,1,False,Loss
2925571,1,ATA,SHE,ATA,SHE,Blue,Nautilus,4,8,2,False,Loss
2925571,1,ATA,SHE,ATA,SHE,Blue,Pyke,5,10,2,False,Loss
2925571,1,ATA,SHE,SHE,ATA,Red,Ivern,1,2,1,True,Win
2925571,1,ATA,SHE,SHE,ATA,Red,Varus,2,4,1,True,Win
2925571,1,ATA,SHE,SHE,ATA,Red,Ezreal,3,6,1,True,Win
2925571,1,ATA,SHE,SHE,ATA,Red,Dr. Mundo,4,7,2,True,Win
2925571,1,ATA,SHE,SHE,ATA,Red,Vi,5,9,2,True,Win
2925573,1,CG,EKO,CG,EKO,Blue,Sion,1,1,1,True,Win
2925573,1,CG,EKO,CG,EKO,Blue,Seraphine,2,3,1,True,Win
2925573,1,CG,EKO,CG,EKO,Blue,Hwei,3,5,1,True,Win
2925573,1,CG,EKO,CG,EKO,Blue,Orianna,4,8,2,True,Win
2925573,1,CG,EKO,CG,EKO,Blue,Ryze,5,10,2,True,Win
2925573,1,CG,EKO,EKO,CG,Red,Akali,1,2,1,False,Loss
2925573,1,CG,EKO,EKO,CG,Red,Hecarim,2,4,1,False,Loss
2925573,1,CG,EKO,EKO,CG,Red,Gwen,3,6,1,False,Loss
2925573,1,CG,EKO,EKO,CG,Red,Ahri,4,7,2,False,Loss
2925573,1,CG,EKO,EKO,CG,Red,Aurora,5,9,2,False,Loss
2925574,1,GMB,ZENA,GMB,ZENA,Blue,Seraphine,1,1,1,True,Win
2925574,1,GMB,ZENA,GMB,ZENA,Blue,Karma,2,3,1,True,Win
2925574,1,GMB,ZENA,GMB,ZENA,Blue,Sion,3,5,1,True,Win
2925574,1,GMB,ZENA,GMB,ZENA,Blue,Corki,4,8,2,True,Win
2925574,1,GMB,ZENA,GMB,ZENA,Blue,Sivir,5,10,2,True,Win
2925574,1,GMB,ZENA,ZENA,GMB,Red,Ambessa,1,2,1,False,Loss
2925574,1,GMB,ZENA,ZENA,GMB,Red,Dr. Mundo,2,4,1,False,Loss
2925574,1,GMB,ZENA,ZENA,GMB,Red,Caitlyn,3,6,1,False,Loss
2925574,1,GMB,ZENA,ZENA,GMB,Red,Nautilus,4,7,2,False,Loss
2925574,1,GMB,ZENA,ZENA,GMB,Red,Alistar,5,9,2,False,Loss
2925575,1,HMB,ZENA,HMB,ZENA,Blue,Orianna,1,1,1,True,Win
2925575,1,HMB,ZENA,HMB,ZENA,Blue,Jarvan IV,2,3,1,True,Win
2925575,1,HMB,ZENA,HMB,ZENA,Blue,Sion,3,5,1,True,Win
2925575,1,HMB,ZENA,HMB,ZENA,Blue,Nocturne,4,8,2,True,Win
2925575,1,HMB,ZENA,HMB,ZENA,Blue,Yasuo,5,10,2,True,Win
2925575,1,HMB,ZENA,ZENA,HMB,Red,Azir,1,2,1,False,Loss
2925575,1,HMB,ZENA,ZENA,HMB,Red,Ahri,2,4,1,False,Loss
2925575,1,HMB,ZENA,ZENA,HMB,Red,Renekton,3,6,1,False,Loss
2925575,1,HMB,ZENA,ZENA,HMB,Red,Corki,4,7,2,False,Loss
2925575,1,HMB,ZENA,ZENA,HMB,Red,Akali,5,9,2,False,Loss
2925576,1,GMB,CG,GMB,CG,Blue,Akali,1,1,1,False,Loss
2925576,1,GMB,CG,GMB,CG,Blue,Karma,2,3,1,False,Loss
2925576,1,GMB,CG,GMB,CG,Blue,Seraphine,3,5,1,False,Loss
2925576,1,GMB,CG,GMB,CG,Blue,LeBlanc,4,8,2,False,Loss
2925576,1,GMB,CG,GMB,CG,Blue,Ahri,5,10,2,False,Loss
2925576,1,GMB,CG,CG,GMB,Red,Orianna,1,2,1,True,Win
2925576,1,GMB,CG,CG,GMB,Red,Rumble,2,4,1,True,Win
2925576,1,GMB,CG,CG,GMB,Red,Ambessa,3,6,1,True,Win
2925576,1,GMB,CG,CG,GMB,Red,Ornn,4,7,2,True,Win
2925576,1,GMB,CG,CG,GMB,Red,Jax,5,9,2,True,Win
2925577,1,ATA,TTS,ATA,TTS,Blue,Urgot,1,1,1,False,Loss
2925577,1,ATA,TTS,ATA,TTS,Blue,Orianna,2,3,1,False,Loss
2925577,1,ATA,TTS,ATA,TTS,Blue,Karma,3,5,1,False,Loss
2925577,1,ATA,TTS,ATA,TTS,Blue,Ahri,4,8,2,False,Loss
2925577,1,ATA,TTS,ATA,TTS,Blue,Akali,5,10,2,False,Loss
2925577,1,ATA,TTS,TTS,ATA,Red,Ivern,1,2,1,True,Win
2925577,1,ATA,TTS,TTS,ATA,Red,Gwen,2,4,1,True,Win
2925577,1,ATA,TTS,TTS,ATA,Red,Ashe,3,6,1,True,Win
2925577,1,ATA,TTS,TTS,ATA,Red,Camille,4,7,2,True,Win
2925577,1,ATA,TTS,TTS,ATA,Red,Nautilus,5,9,2,True,Win
2925578,1,SHE,EKO,SHE,EKO,Blue,Qiyana,1,1,1,False,Loss
2925578,1,SHE,EKO,SHE,EKO,Blue,Lissandra,2,3,1,False,Loss
2925578,1,SHE,EKO,SHE,EKO,Blue,Sion,3,5,1,False,Loss
2925578,1,SHE,EKO,SHE,EKO,Blue,Hwei,4,8,2,False,Loss
2925578,1,SHE,EKO,SHE,EKO,Blue,Ryze,5,10,2,False,Loss
2925578,1,SHE,EKO,EKO,SHE,Red,Gragas,1,2,1,True,Win
2925578,1,SHE,EKO,EKO,SHE,Red,Orianna,2,4,1,True,Win
2925578,1,SHE,EKO,EKO,SHE,Red,Pyke,3,6,1,True,Win
2925578,1,SHE,EKO,EKO,SHE,Red,Gwen,4,7,2,True,Win
2925578,1,SHE,EKO,EKO,SHE,Red,Rumble,5,9,2,True,Win
2914477,1,SHFT,FNC,SHFT,FNC,Blue,Orianna,1,2,1,False,Loss
2914477,1,SHFT,FNC,SHFT,FNC,Blue,Ashe,2,4,1,False,Loss
2914477,1,SHFT,FNC,SHFT,FNC,Blue,Vi,3,6,1,False,Loss
2914477,1,SHFT,FNC,SHFT,FNC,Blue,Sion,4,7,2,False,Loss
2914477,1,SHFT,FNC,SHFT,FNC,Blue,Rumble,5,9,2,False,Loss
2914477,1,SHFT,FNC,FNC,SHFT,Red,Nautilus,1,1,1,True,Win
2914477,1,SHFT,FNC,FNC,SHFT,Red,Varus,2,3,1,True,Win
2914477,1,SHFT,FNC,FNC,SHFT,Red,Ryze,3,5,1,True,Win
2914477,1,SHFT,FNC,FNC,SHFT,Red,Bard,4,8,2,True,Win
2914477,1,SHFT,FNC,FNC,SHFT,Red,Azir,5,10,2,True,Win
2914477,2,SHFT,FNC,SHFT,FNC,Blue,Ashe,1,1,1,False,Loss
2914477,2,SHFT,FNC,SHFT,FNC,Blue,Vi,2,3,1,False,Loss
2914477,2,SHFT,FNC,SHFT,FNC,Blue,Sion,3,5,1,False,Loss
2914477,2,SHFT,FNC,SHFT,FNC,Blue,Lulu,4,8,2,False,Loss
2914477,2,SHFT,FNC,SHFT,FNC,Blue,Xayah,5,10,2,False,Loss
2914477,2,SHFT,FNC,FNC,SHFT,Red,Orianna,1,2,1,True,Win
2914477,2,SHFT,FNC,FNC,SHFT,Red,Varus,2,4,1,True,Win
2914477,2,SHFT,FNC,FNC,SHFT,Red,Azir,3,6,1,True,Win
2914477,2,SHFT,FNC,FNC,SHFT,Red,Nautilus,4,7,2,True,Win
2914477,2,SHFT,FNC,FNC,SHFT,Red,Bard,5,9,2,True,Win
2914478,1,NAVI,KC,NAVI,KC,Blue,Orianna,1,2,1,False,Loss
2914478,1,NAVI,KC,NAVI,KC,Blue,Jarvan IV,2,4,1,False,Loss
2914478,1,NAVI,KC,NAVI,KC,Blue,Xin Zhao,3,6,1,False,Loss
2914478,1,NAVI,KC,NAVI,KC,Blue,Anivia,4,7,2,False,Loss
2914478,1,NAVI,KC,NAVI,KC,Blue,Azir,5,9,2,False,Loss
2914478,1,NAVI,KC,KC,NAVI,Red,Nautilus,1,1,1,True,Win
2914478,1,NAVI,KC,KC,NAVI,Red,Varus,2,3,1,True,Win
2914478,1,NAVI,KC,KC,NAVI,Red,Vi,3,5,1,True,Win
2914478,1,NAVI,KC,KC,NAVI,Red,Ornn,4,8,2,True,Win
2914478,1,NAVI,KC,KC,NAVI,Red,Sion,5,10,2,True,Win
2914478,2,NAVI,KC,NAVI,KC,Blue,Nautilus,1,1,1,False,Loss
2914478,2,NAVI,KC,NAVI,KC,Blue,Jarvan IV,2,3,1,False,Loss
2914478,2,NAVI,KC,NAVI,KC,Blue,Bard,3,5,1,False,Loss
2914478,2,NAVI,KC,NAVI,KC,Blue,Gnar,4,8,2,False,Loss
2914478,2,NAVI,KC,NAVI,KC,Blue,Renekton,5,10,2,False,Loss
2914478,2,NAVI,KC,KC,NAVI,Red,Orianna,1,2,1,True,Win
2914478,2,NAVI,KC,KC,NAVI,Red,Aatrox,2,4,1,True,Win
2914478,2,NAVI,KC,KC,NAVI,Red,Vi,3,6,1,True,Win
2914478,2,NAVI,KC,KC,NAVI,Red,Zaahen,4,7,2,True,Win
2914478,2,NAVI,KC,KC,NAVI,Red,Sion,5,9,2,True,Win
2914479,1,NAVI,FNC,NAVI,FNC,Blue,Orianna,1,2,1,False,Loss
2914479,1,NAVI,FNC,NAVI,FNC,Blue,Pantheon,2,4,1,False,Loss
2914479,1,NAVI,FNC,NAVI,FNC,Blue,Vi,3,6,1,False,Loss
2914479,1,NAVI,FNC,NAVI,FNC,Blue,Azir,4,7,2,False,Loss
2914479,1,NAVI,FNC,NAVI,FNC,Blue,Sion,5,9,2,False,Loss
2914479,1,NAVI,FNC,FNC,NAVI,Red,Nautilus,1,1,1,True,Win
2914479,1,NAVI,FNC,FNC,NAVI,Red,Varus,2,3,1,True,Win
2914479,1,NAVI,FNC,FNC,NAVI,Red,Ryze,3,5,1,True,Win
2914479,1,NAVI,FNC,FNC,NAVI,Red,Gnar,4,8,2,True,Win
2914479,1,NAVI,FNC,FNC,NAVI,Red,Ambessa,5,10,2,True,Win
2914479,2,NAVI,FNC,NAVI,FNC,Blue,Ryze,1,1,1,True,Win
2914479,2,NAVI,FNC,NAVI,FNC,Blue,Rumble,2,3,1,True,Win
2914479,2,NAVI,FNC,NAVI,FNC,Blue,Nautilus,3,5,1,True,Win
2914479,2,NAVI,FNC,NAVI,FNC,Blue,Azir,4,8,2,True,Win
2914479,2,NAVI,FNC,NAVI,FNC,Blue,Akali,5,10,2,True,Win
2914479,2,NAVI,FNC,FNC,NAVI,Red,Orianna,1,2,1,False,Loss
2914479,2,NAVI,FNC,FNC,NAVI,Red,Varus,2,4,1,False,Loss
2914479,2,NAVI,FNC,FNC,NAVI,Red,Nocturne,3,6,1,False,Loss
2914479,2,NAVI,FNC,FNC,NAVI,Red,Vayne,4,7,2,False,Loss
2914479,2,NAVI,FNC,FNC,NAVI,Red,Kennen,5,9,2,False,Loss
2914479,3,NAVI,FNC,NAVI,FNC,Blue,Lulu,1,1,1,True,Win
2914479,3,NAVI,FNC,NAVI,FNC,Blue,Vi,2,3,1,True,Win
2914479,3,NAVI,FNC,NAVI,FNC,Blue,Ryze,3,5,1,True,Win
2914479,3,NAVI,FNC,NAVI,FNC,Blue,Yunara,4,8,2,True,Win
2914479,3,NAVI,FNC,NAVI,FNC,Blue,Kai'Sa,5,10,2,True,Win
2914479,3,NAVI,FNC,FNC,NAVI,Red,Orianna,1,2,1,False,Loss
2914479,3,NAVI,FNC,FNC,NAVI,Red,Aatrox,2,4,1,False,Loss
2914479,3,NAVI,FNC,FNC,NAVI,Red,LeBlanc,3,6,1,False,Loss
2914479,3,NAVI,FNC,FNC,NAVI,Red,Lucian,4,7,2,False,Loss
2914479,3,NAVI,FNC,FNC,NAVI,Red,Nautilus,5,9,2,False,Loss
2914480,1,KC,SHFT,KC,SHFT,Blue,Nautilus,1,1,1,True,Win
2914480,1,KC,SHFT,KC,SHFT,Blue,Jarvan IV,2,3,1,True,Win
2914480,1,KC,SHFT,KC,SHFT,Blue,Varus,3,5,1,True,Win
2914480,1,KC,SHFT,KC,SHFT,Blue,Gwen,4,8,2,True,Win
2914480,1,KC,SHFT,KC,SHFT,Blue,Jayce,5,10,2,True,Win
2914480,1,KC,SHFT,SHFT,KC,Red,Ashe,1,2,1,False,Loss
2914480,1,KC,SHFT,SHFT,KC,Red,Pantheon,2,4,1,False,Loss
2914480,1,KC,SHFT,SHFT,KC,Red,Rumble,3,6,1,False,Loss
2914480,1,KC,SHFT,SHFT,KC,Red,Nocturne,4,7,2,False,Loss
2914480,1,KC,SHFT,SHFT,KC,Red,Sion,5,9,2,False,Loss
2914480,2,SHFT,KC,SHFT,KC,Blue,Ashe,1,2,1,True,Win
2914480,2,SHFT,KC,SHFT,KC,Blue,Pantheon,2,4,1,True,Win
2914480,2,SHFT,KC,SHFT,KC,Blue,Rumble,3,6,1,True,Win
2914480,2,SHFT,KC,SHFT,KC,Blue,Jayce,4,7,2,True,Win
2914480,2,SHFT,KC,SHFT,KC,Blue,Nocturne,5,9,2,True,Win
2914480,2,SHFT,KC,KC,SHFT,Red,Nautilus,1,1,1,False,Loss
2914480,2,SHFT,KC,KC,SHFT,Red,Jarvan IV,2,3,1,False,Loss
2914480,2,SHFT,KC,KC,SHFT,Red,Varus,3,5,1,False,Loss
2914480,2,SHFT,KC,KC,SHFT,Red,Skarner,4,8,2,False,Loss
2914480,2,SHFT,KC,KC,SHFT,Red,Yorick,5,10,2,False,Loss
2914480,3,KC,SHFT,KC,SHFT,Blue,Jarvan IV,1,1,1,True,Win
2914480,3,KC,SHFT,KC,SHFT,Blue,Jayce,2,3,1,True,Win
2914480,3,KC,SHFT,KC,SHFT,Blue,Nautilus,3,5,1,True,Win
2914480,3,KC,SHFT,KC,SHFT,Blue,Xin Zhao,4,8,2,True,Win
2914480,3,KC,SHFT,KC,SHFT,Blue,Gwen,5,10,2,True,Win
2914480,3,KC,SHFT,SHFT,KC,Red,Ashe,1,2,1,False,Loss
2914480,3,KC,SHFT,SHFT,KC,Red,Pantheon,2,4,1,False,Loss
2914480,3,KC,SHFT,SHFT,KC,Red,Rumble,3,6,1,False,Loss
2914480,3,KC,SHFT,SHFT,KC,Red,Yunara,4,7,2,False,Loss
2914480,3,KC,SHFT,SHFT,KC,Red,Aphelios,5,9,2,False,Loss
2914481,1,NAVI,SHFT,NAVI,SHFT,Blue,Nautilus,1,1,1,True,Win
2914481,1,NAVI,SHFT,NAVI,SHFT,Blue,Jarvan IV,2,3,1,True,Win
2914481,1,NAVI,SHFT,NAVI,SHFT,Blue,Varus,3,5,1,True,Win
2914481,1,NAVI,SHFT,NAVI,SHFT,Blue,Vayne,4,8,2,True,Win
2914481,1,NAVI,SHFT,NAVI,SHFT,Blue,Jayce,5,10,2,True,Win
2914481,1,NAVI,SHFT,SHFT,NAVI,Red,Orianna,1,2,1,False,Loss
2914481,1,NAVI,SHFT,SHFT,NAVI,Red,Sion,2,4,1,False,Loss
2914481,1,NAVI,SHFT,SHFT,NAVI,Red,Pantheon,3,6,1,False,Loss
2914481,1,NAVI,SHFT,SHFT,NAVI,Red,Anivia,4,7,2,False,Loss
2914481,1,NAVI,SHFT,SHFT,NAVI,Red,Azir,5,9,2,False,Loss
2914481,2,NAVI,SHFT,NAVI,SHFT,Blue,Nautilus,1,1,1,False,Loss
2914481,2,NAVI,SHFT,NAVI,SHFT,Blue,Jarvan IV,2,3,1,False,Loss
2914481,2,NAVI,SHFT,NAVI,SHFT,Blue,Varus,3,5,1,False,Loss
2914481,2,NAVI,SHFT,NAVI,SHFT,Blue,Azir,4,8,2,False,Loss
2914481,2,NAVI,SHFT,NAVI,SHFT,Blue,Lissandra,5,10,2,False,Loss
2914481,2,NAVI,SHFT,SHFT,NAVI,Red,Orianna,1,2,1,True,Win
2914481,2,NAVI,SHFT,SHFT,NAVI,Red,Sion,2,4,1,True,Win
2914481,2,NAVI,SHFT,SHFT,NAVI,Red,Caitlyn,3,6,1,True,Win
2914481,2,NAVI,SHFT,SHFT,NAVI,Red,Yorick,4,7,2,True,Win
2914481,2,NAVI,SHFT,SHFT,NAVI,Red,Ornn,5,9,2,True,Win
2914481,3,NAVI,SHFT,NAVI,SHFT,Blue,Varus,1,1,1,True,Win
2914481,3,NAVI,SHFT,NAVI,SHFT,Blue,LeBlanc,2,3,1,True,Win
2914481,3,NAVI,SHFT,NAVI,SHFT,Blue,Nautilus,3,5,1,True,Win
2914481,3,NAVI,SHFT,NAVI,SHFT,Blue,Vayne,4,8,2,True,Win
2914481,3,NAVI,SHFT,NAVI,SHFT,Blue,Gnar,5,10,2,True,Win
2914481,3,NAVI,SHFT,SHFT,NAVI,Red,Orianna,1,2,1,False,Loss
2914481,3,NAVI,SHFT,SHFT,NAVI,Red,Lulu,2,4,1,False,Loss
2914481,3,NAVI,SHFT,SHFT,NAVI,Red,Sion,3,6,1,False,Loss
2914481,3,NAVI,SHFT,SHFT,NAVI,Red,Nocturne,4,7,2,False,Loss
2914481,3,NAVI,SHFT,SHFT,NAVI,Red,Pantheon,5,9,2,False,Loss
2914482,1,KC,FNC,KC,FNC,Blue,Vi,1,1,1,False,Loss
2914482,1,KC,FNC,KC,FNC,Blue,Nautilus,2,3,1,False,Loss
2914482,1,KC,FNC,KC,FNC,Blue,Karma,3,5,1,False,Loss
2914482,1,KC,FNC,KC,FNC,Blue,Nami,4,8,2,False,Loss
2914482,1,KC,FNC,KC,FNC,Blue,Anivia,5,10,2,False,Loss
2914482,1,KC,FNC,FNC,KC,Red,Orianna,1,2,1,True,Win
2914482,1,KC,FNC,FNC,KC,Red,Azir,2,4,1,True,Win
2914482,1,KC,FNC,FNC,KC,Red,Seraphine,3,6,1,True,Win
2914482,1,KC,FNC,FNC,KC,Red,Caitlyn,4,7,2,True,Win
2914482,1,KC,FNC,FNC,KC,Red,Sivir,5,9,2,True,Win
2914482,2,KC,FNC,KC,FNC,Blue,Nautilus,1,1,1,True,Win
2914482,2,KC,FNC,KC,FNC,Blue,Vi,2,3,1,True,Win
2914482,2,KC,FNC,KC,FNC,Blue,Caitlyn,3,5,1,True,Win
2914482,2,KC,FNC,KC,FNC,Blue,Aurora,4,8,2,True,Win
2914482,2,KC,FNC,KC,FNC,Blue,Gwen,5,10,2,True,Win
2914482,2,KC,FNC,FNC,KC,Red,Orianna,1,2,1,False,Loss
2914482,2,KC,FNC,FNC,KC,Red,Pantheon,2,4,1,False,Loss
2914482,2,KC,FNC,FNC,KC,Red,Seraphine,3,6,1,False,Loss
2914482,2,KC,FNC,FNC,KC,Red,Wukong,4,7,2,False,Loss
2914482,2,KC,FNC,FNC,KC,Red,Gnar,5,9,2,False,Loss
2914482,3,FNC,KC,FNC,KC,Blue,Nautilus,1,1,1,False,Loss
2914482,3,FNC,KC,FNC,KC,Blue,Varus,2,3,1,False,Loss
2914482,3,FNC,KC,FNC,KC,Blue,Seraphine,3,5,1,False,Loss
2914482,3,FNC,KC,FNC,KC,Blue,Gnar,4,8,2,False,Loss
2914482,3,FNC,KC,FNC,KC,Blue,Jayce,5,10,2,False,Loss
2914482,3,FNC,KC,KC,FNC,Red,Orianna,1,2,1,True,Win
2914482,3,FNC,KC,KC,FNC,Red,Anivia,2,4,1,True,Win
2914482,3,FNC,KC,KC,FNC,Red,Caitlyn,3,6,1,True,Win
2914482,3,FNC,KC,KC,FNC,Red,Ahri,4,7,2,True,Win
2914482,3,FNC,KC,KC,FNC,Red,Jax,5,9,2,True,Win
2919535,1,KRX,KT,KRX,KT,Blue,Rumble,1,2,1,False,Loss
2919535,1,KRX,KT,KRX,KT,Blue,Karma,2,4,1,False,Loss
2919535,1,KRX,KT,KRX,KT,Blue,Ryze,3,6,1,False,Loss
2919535,1,KRX,KT,KRX,KT,Blue,Ashe,4,7,2,False,Loss
2919535,1,KRX,KT,KRX,KT,Blue,Yunara,5,9,2,False,Loss
2919535,1,KRX,KT,KT,KRX,Red,Bard,1,1,1,True,Win
2919535,1,KRX,KT,KT,KRX,Red,Yorick,2,3,1,True,Win
2919535,1,KRX,KT,KT,KRX,Red,Orianna,3,5,1,True,Win
2919535,1,KRX,KT,KT,KRX,Red,Nautilus,4,8,2,True,Win
2919535,1,KRX,KT,KT,KRX,Red,Azir,5,10,2,True,Win
2919535,2,KRX,KT,KRX,KT,Blue,Karma,1,2,1,False,Loss
2919535,2,KRX,KT,KRX,KT,Blue,Rumble,2,4,1,False,Loss
2919535,2,KRX,KT,KRX,KT,Blue,Ryze,3,6,1,False,Loss
2919535,2,KRX,KT,KRX,KT,Blue,Wukong,4,7,2,False,Loss
2919535,2,KRX,KT,KRX,KT,Blue,Renekton,5,9,2,False,Loss
2919535,2,KRX,KT,KT,KRX,Red,Bard,1,1,1,True,Win
2919535,2,KRX,KT,KT,KRX,Red,Varus,2,3,1,True,Win
2919535,2,KRX,KT,KT,KRX,Red,Jarvan IV,3,5,1,True,Win
2919535,2,KRX,KT,KT,KRX,Red,Jhin,4,8,2,True,Win
2919535,2,KRX,KT,KT,KRX,Red,Yunara,5,10,2,True,Win
2919536,1,HLE,NS,HLE,NS,Blue,Varus,1,1,1,True,Win
2919536,1,HLE,NS,HLE,NS,Blue,Rumble,2,3,1,True,Win
2919536,1,HLE,NS,HLE,NS,Blue,Ezreal,3,5,1,True,Win
2919536,1,HLE,NS,HLE,NS,Blue,Xin Zhao,4,8,2,True,Win
2919536,1,HLE,NS,HLE,NS,Blue,Sion,5,10,2,True,Win
2919536,1,HLE,NS,NS,HLE,Red,Orianna,1,2,1,False,Loss
2919536,1,HLE,NS,NS,HLE,Red,Ashe,2,4,1,False,Loss
2919536,1,HLE,NS,NS,HLE,Red,Bard,3,6,1,False,Loss
2919536,1,HLE,NS,NS,HLE,Red,Jhin,4,7,2,False,Loss
2919536,1,HLE,NS,NS,HLE,Red,Ziggs,5,9,2,False,Loss
2919536,2,HLE,NS,HLE,NS,Blue,Varus,1,1,1,False,Loss
2919536,2,HLE,NS,HLE,NS,Blue,Ezreal,2,3,1,False,Loss
2919536,2,HLE,NS,HLE,NS,Blue,Yunara,3,5,1,False,Loss
2919536,2,HLE,NS,HLE,NS,Blue,Lucian,4,8,2,False,Loss
2919536,2,HLE,NS,HLE,NS,Blue,Kalista,5,10,2,False,Loss
2919536,2,HLE,NS,NS,HLE,Red,Orianna,1,2,1,True,Win
2919536,2,HLE,NS,NS,HLE,Red,Ashe,2,4,1,True,Win
2919536,2,HLE,NS,NS,HLE,Red,Rumble,3,6,1,True,Win
2919536,2,HLE,NS,NS,HLE,Red,Vayne,4,7,2,True,Win
2919536,2,HLE,NS,NS,HLE,Red,Jhin,5,9,2,True,Win
2919536,3,NS,HLE,NS,HLE,Blue,Ashe,1,1,1,False,Loss
2919536,3,NS,HLE,NS,HLE,Blue,Varus,2,3,1,False,Loss
2919536,3,NS,HLE,NS,HLE,Blue,Vi,3,5,1,False,Loss
2919536,3,NS,HLE,NS,HLE,Blue,Vayne,4,8,2,False,Loss
2919536,3,NS,HLE,NS,HLE,Blue,Mel,5,10,2,False,Loss
2919536,3,NS,HLE,HLE,NS,Red,Orianna,1,2,1,True,Win
2919536,3,NS,HLE,HLE,NS,Red,Rumble,2,4,1,True,Win
2919536,3,NS,HLE,HLE,NS,Red,Annie,3,6,1,True,Win
2919536,3,NS,HLE,HLE,NS,Red,LeBlanc,4,7,2,True,Win
2919536,3,NS,HLE,HLE,NS,Red,Renekton,5,9,2,True,Win
2919538,1,BRO,DK,BRO,DK,Blue,Rumble,1,2,1,False,Loss
2919538,1,BRO,DK,BRO,DK,Blue,Orianna,2,4,1,False,Loss
2919538,1,BRO,DK,BRO,DK,Blue,Karma,3,6,1,False,Loss
2919538,1,BRO,DK,BRO,DK,Blue,Ashe,4,7,2,False,Loss
2919538,1,BRO,DK,BRO,DK,Blue,Lulu,5,9,2,False,Loss
2919538,1,BRO,DK,DK,BRO,Red,Nocturne,1,1,1,True,Win
2919538,1,BRO,DK,DK,BRO,Red,Ryze,2,3,1,True,Win
2919538,1,BRO,DK,DK,BRO,Red,Nautilus,3,5,1,True,Win
2919538,1,BRO,DK,DK,BRO,Red,Azir,4,8,2,True,Win
2919538,1,BRO,DK,DK,BRO,Red,Jax,5,10,2,True,Win
2919538,2,DK,BRO,DK,BRO,Blue,Orianna,1,2,1,True,Win
2919538,2,DK,BRO,DK,BRO,Blue,Nocturne,2,4,1,True,Win
2919538,2,DK,BRO,DK,BRO,Blue,Ashe,3,6,1,True,Win
2919538,2,DK,BRO,DK,BRO,Blue,Xin Zhao,4,7,2,True,Win
2919538,2,DK,BRO,DK,BRO,Blue,Poppy,5,9,2,True,Win
2919538,2,DK,BRO,BRO,DK,Red,Vi,1,1,1,False,Loss
2919538,2,DK,BRO,BRO,DK,Red,Ryze,2,3,1,False,Loss
2919538,2,DK,BRO,BRO,DK,Red,Karma,3,5,1,False,Loss
2919538,2,DK,BRO,BRO,DK,Red,Nami,4,8,2,False,Loss
2919538,2,DK,BRO,BRO,DK,Red,Nautilus,5,10,2,False,Loss
2919539,1,DNS,GEN,DNS,GEN,Blue,Bard,1,1,1,False,Loss
2919539,1,DNS,GEN,DNS,GEN,Blue,Pantheon,2,3,1,False,Loss
2919539,1,DNS,GEN,DNS,GEN,Blue,Varus,3,5,1,False,Loss
2919539,1,DNS,GEN,DNS,GEN,Blue,Jayce,4,8,2,False,Loss
2919539,1,DNS,GEN,DNS,GEN,Blue,Jhin,5,10,2,False,Loss
2919539,1,DNS,GEN,GEN,DNS,Red,Rumble,1,2,1,True,Win
2919539,1,DNS,GEN,GEN,DNS,Red,Karma,2,4,1,True,Win
2919539,1,DNS,GEN,GEN,DNS,Red,Orianna,3,6,1,True,Win
2919539,1,DNS,GEN,GEN,DNS,Red,Akali,4,7,2,True,Win
2919539,1,DNS,GEN,GEN,DNS,Red,LeBlanc,5,9,2,True,Win
2919539,2,GEN,DNS,GEN,DNS,Blue,Karma,1,2,1,True,Win
2919539,2,GEN,DNS,GEN,DNS,Blue,Rumble,2,4,1,True,Win
2919539,2,GEN,DNS,GEN,DNS,Blue,Orianna,3,6,1,True,Win
2919539,2,GEN,DNS,GEN,DNS,Blue,Nami,4,7,2,True,Win
2919539,2,GEN,DNS,GEN,DNS,Blue,Neeko,5,9,2,True,Win
2919539,2,GEN,DNS,DNS,GEN,Red,Bard,1,1,1,False,Loss
2919539,2,GEN,DNS,DNS,GEN,Red,Pantheon,2,3,1,False,Loss
2919539,2,GEN,DNS,DNS,GEN,Red,Ryze,3,5,1,False,Loss
2919539,2,GEN,DNS,DNS,GEN,Red,Jayce,4,8,2,False,Loss
2919539,2,GEN,DNS,DNS,GEN,Red,Hwei,5,10,2,False,Loss
2919540,1,BFX,KT,BFX,KT,Blue,Varus,1,2,1,False,Loss
2919540,1,BFX,KT,BFX,KT,Blue,Orianna,2,4,1,False,Loss
2919540,1,BFX,KT,BFX,KT,Blue,Rumble,3,6,1,False,Loss
2919540,1,BFX,KT,BFX,KT,Blue,Azir,4,7,2,False,Loss
2919540,1,BFX,KT,BFX,KT,Blue,Jayce,5,9,2,False,Loss
2919540,1,BFX,KT,KT,BFX,Red,Ezreal,1,1,1,True,Win
2919540,1,BFX,KT,KT,BFX,Red,Jarvan IV,2,3,1,True,Win
2919540,1,BFX,KT,KT,BFX,Red,Pantheon,3,5,1,True,Win
2919540,1,BFX,KT,KT,BFX,Red,Annie,4,8,2,True,Win
2919540,1,BFX,KT,KT,BFX,Red,Gnar,5,10,2,True,Win
2919540,2,BFX,KT,BFX,KT,Blue,Varus,1,2,1,False,Loss
2919540,2,BFX,KT,BFX,KT,Blue,Rumble,2,4,1,False,Loss
2919540,2,BFX,KT,BFX,KT,Blue,Orianna,3,6,1,False,Loss
2919540,2,BFX,KT,BFX,KT,Blue,Lulu,4,7,2,False,Loss
2919540,2,BFX,KT,BFX,KT,Blue,Seraphine,5,9,2,False,Loss
2919540,2,BFX,KT,KT,BFX,Red,Nocturne,1,1,1,True,Win
2919540,2,BFX,KT,KT,BFX,Red,Vi,2,3,1,True,Win
2919540,2,BFX,KT,KT,BFX,Red,Pantheon,3,5,1,True,Win
2919540,2,BFX,KT,KT,BFX,Red,Akali,4,8,2,True,Win
2919540,2,BFX,KT,KT,BFX,Red,Azir,5,10,2,True,Win
2919541,1,KRX,HLE,KRX,HLE,Blue,Varus,1,1,1,False,Loss
2919541,1,KRX,HLE,KRX,HLE,Blue,Karma,2,3,1,False,Loss
2919541,1,KRX,HLE,KRX,HLE,Blue,Jarvan IV,3,5,1,False,Loss
2919541,1,KRX,HLE,KRX,HLE,Blue,Azir,4,8,2,False,Loss
2919541,1,KRX,HLE,KRX,HLE,Blue,Yorick,5,10,2,False,Loss
2919541,1,KRX,HLE,HLE,KRX,Red,Orianna,1,2,1,True,Win
2919541,1,KRX,HLE,HLE,KRX,Red,Rumble,2,4,1,True,Win
2919541,1,KRX,HLE,HLE,KRX,Red,Ezreal,3,6,1,True,Win
2919541,1,KRX,HLE,HLE,KRX,Red,LeBlanc,4,7,2,True,Win
2919541,1,KRX,HLE,HLE,KRX,Red,Anivia,5,9,2,True,Win
2919541,2,HLE,KRX,HLE,KRX,Blue,Orianna,1,2,1,True,Win
2919541,2,HLE,KRX,HLE,KRX,Blue,Rumble,2,4,1,True,Win
2919541,2,HLE,KRX,HLE,KRX,Blue,Ezreal,3,6,1,True,Win
2919541,2,HLE,KRX,HLE,KRX,Blue,Aurora,4,7,2,True,Win
2919541,2,HLE,KRX,HLE,KRX,Blue,Vi,5,9,2,True,Win
2919541,2,HLE,KRX,KRX,HLE,Red,Jarvan IV,1,1,1,False,Loss
2919541,2,HLE,KRX,KRX,HLE,Red,Varus,2,3,1,False,Loss
2919541,2,HLE,KRX,KRX,HLE,Red,Azir,3,5,1,False,Loss
2919541,2,HLE,KRX,KRX,HLE,Red,Ashe,4,8,2,False,Loss
2919541,2,HLE,KRX,KRX,HLE,Red,Corki,5,10,2,False,Loss
2919542,1,BRO,T1,BRO,T1,Blue,Bard,1,2,1,False,Loss
2919542,1,BRO,T1,BRO,T1,Blue,Orianna,2,4,1,False,Loss
2919542,1,BRO,T1,BRO,T1,Blue,Karma,3,6,1,False,Loss
2919542,1,BRO,T1,BRO,T1,Blue,Caitlyn,4,7,2,False,Loss
2919542,1,BRO,T1,BRO,T1,Blue,Jayce,5,9,2,False,Loss
2919542,1,BRO,T1,T1,BRO,Red,Pantheon,1,1,1,True,Win
2919542,1,BRO,T1,T1,BRO,Red,Rumble,2,3,1,True,Win
2919542,1,BRO,T1,T1,BRO,Red,Varus,3,5,1,True,Win
2919542,1,BRO,T1,T1,BRO,Red,Gnar,4,8,2,True,Win
2919542,1,BRO,T1,T1,BRO,Red,Gwen,5,10,2,True,Win
2919542,2,T1,BRO,T1,BRO,Blue,Orianna,1,2,1,True,Win
2919542,2,T1,BRO,T1,BRO,Blue,Varus,2,4,1,True,Win
2919542,2,T1,BRO,T1,BRO,Blue,Pantheon,3,6,1,True,Win
2919542,2,T1,BRO,T1,BRO,Blue,Nautilus,4,7,2,True,Win
2919542,2,T1,BRO,T1,BRO,Blue,Yunara,5,9,2,True,Win
2919542,2,T1,BRO,BRO,T1,Red,Bard,1,1,1,False,Loss
2919542,2,T1,BRO,BRO,T1,Red,Ryze,2,3,1,False,Loss
2919542,2,T1,BRO,BRO,T1,Red,Karma,3,5,1,False,Loss
2919542,2,T1,BRO,BRO,T1,Red,Ashe,4,8,2,False,Loss
2919542,2,T1,BRO,BRO,T1,Red,Pyke,5,10,2,False,Loss
2919543,1,DK,DNS,DK,DNS,Blue,Rumble,1,2,1,True,Win
2919543,1,DK,DNS,DK,DNS,Blue,Nocturne,2,4,1,True,Win
2919543,1,DK,DNS,DK,DNS,Blue,Xin Zhao,3,6,1,True,Win
2919543,1,DK,DNS,DK,DNS,Blue,Yunara,4,7,2,True,Win
2919543,1,DK,DNS,DK,DNS,Blue,Jhin,5,9,2,True,Win
2919543,1,DK,DNS,DNS,DK,Red,Jarvan IV,1,1,1,False,Loss
2919543,1,DK,DNS,DNS,DK,Red,Ryze,2,3,1,False,Loss
2919543,1,DK,DNS,DNS,DK,Red,Varus,3,5,1,False,Loss
2919543,1,DK,DNS,DNS,DK,Red,LeBlanc,4,8,2,False,Loss
2919543,1,DK,DNS,DNS,DK,Red,Jayce,5,10,2,False,Loss
2919543,2,DK,DNS,DK,DNS,Blue,Nocturne,1,1,1,True,Win
2919543,2,DK,DNS,DK,DNS,Blue,Varus,2,3,1,True,Win
2919543,2,DK,DNS,DK,DNS,Blue,Ambessa,3,5,1,True,Win
2919543,2,DK,DNS,DK,DNS,Blue,Ashe,4,8,2,True,Win
2919543,2,DK,DNS,DK,DNS,Blue,Caitlyn,5,10,2,True,Win
2919543,2,DK,DNS,DNS,DK,Red,Jarvan IV,1,2,1,False,Loss
2919543,2,DK,DNS,DNS,DK,Red,Jayce,2,4,1,False,Loss
2919543,2,DK,DNS,DNS,DK,Red,Bard,3,6,1,False,Loss
2919543,2,DK,DNS,DNS,DK,Red,Vi,4,7,2,False,Loss
2919543,2,DK,DNS,DNS,DK,Red,LeBlanc,5,9,2,False,Loss
2919545,1,BFX,T1,BFX,T1,Blue,Bard,1,2,1,False,Loss
2919545,1,BFX,T1,BFX,T1,Blue,Jarvan IV,2,4,1,False,Loss
2919545,1,BFX,T1,BFX,T1,Blue,Varus,3,6,1,False,Loss
2919545,1,BFX,T1,BFX,T1,Blue,Nautilus,4,7,2,False,Loss
2919545,1,BFX,T1,BFX,T1,Blue,Pyke,5,9,2,False,Loss
2919545,1,BFX,T1,T1,BFX,Red,Pantheon,1,1,1,True,Win
2919545,1,BFX,T1,T1,BFX,Red,Karma,2,3,1,True,Win
2919545,1,BFX,T1,T1,BFX,Red,Rumble,3,5,1,True,Win
2919545,1,BFX,T1,T1,BFX,Red,Akali,4,8,2,True,Win
2919545,1,BFX,T1,T1,BFX,Red,Sion,5,10,2,True,Win
2919545,2,BFX,T1,BFX,T1,Blue,Bard,1,2,1,False,Loss
2919545,2,BFX,T1,BFX,T1,Blue,Varus,2,4,1,False,Loss
2919545,2,BFX,T1,BFX,T1,Blue,Jarvan IV,3,6,1,False,Loss
2919545,2,BFX,T1,BFX,T1,Blue,Nautilus,4,7,2,False,Loss
2919545,2,BFX,T1,BFX,T1,Blue,Nami,5,9,2,False,Loss
2919545,2,BFX,T1,T1,BFX,Red,Lucian,1,1,1,True,Win
2919545,2,BFX,T1,T1,BFX,Red,Karma,2,3,1,True,Win
2919545,2,BFX,T1,T1,BFX,Red,Pantheon,3,5,1,True,Win
2919545,2,BFX,T1,T1,BFX,Red,Lee Sin,4,8,2,True,Win
2919545,2,BFX,T1,T1,BFX,Red,Ambessa,5,10,2,True,Win
2919546,1,NS,GEN,NS,GEN,Blue,Varus,1,1,1,False,Loss
2919546,1,NS,GEN,NS,GEN,Blue,Ezreal,2,3,1,False,Loss
2919546,1,NS,GEN,NS,GEN,Blue,Pantheon,3,5,1,False,Loss
2919546,1,NS,GEN,NS,GEN,Blue,LeBlanc,4,8,2,False,Loss
2919546,1,NS,GEN,NS,GEN,Blue,Aurora,5,10,2,False,Loss
2919546,1,NS,GEN,GEN,NS,Red,Rumble,1,2,1,True,Win
2919546,1,NS,GEN,GEN,NS,Red,Karma,2,4,1,True,Win
2919546,1,NS,GEN,GEN,NS,Red,Orianna,3,6,1,True,Win
2919546,1,NS,GEN,GEN,NS,Red,Xin Zhao,4,7,2,True,Win
2919546,1,NS,GEN,GEN,NS,Red,Poppy,5,9,2,True,Win
2919546,2,NS,GEN,NS,GEN,Blue,Orianna,1,2,1,False,Loss
2919546,2,NS,GEN,NS,GEN,Blue,Ezreal,2,4,1,False,Loss
2919546,2,NS,GEN,NS,GEN,Blue,Rumble,3,6,1,False,Loss
2919546,2,NS,GEN,NS,GEN,Blue,Ryze,4,7,2,False,Loss
2919546,2,NS,GEN,NS,GEN,Blue,Vayne,5,9,2,False,Loss
2919546,2,NS,GEN,GEN,NS,Red,Vi,1,1,1,True,Win
2919546,2,NS,GEN,GEN,NS,Red,Varus,2,3,1,True,Win
2919546,2,NS,GEN,GEN,NS,Red,Pantheon,3,5,1,True,Win
2919546,2,NS,GEN,GEN,NS,Red,Ziggs,4,8,2,True,Win
2919546,2,NS,GEN,GEN,NS,Red,Ashe,5,10,2,True,Win
2925581,1,SHE,ATA,SHE,ATA,Blue,Kindred,1,1,1,False,Loss
2925581,1,SHE,ATA,ATA,SHE,Red,Orianna,1,2,1,True,Win
2925581,1,SHE,ATA,ATA,SHE,Red,Nautilus,2,4,1,True,Win
2925581,1,SHE,ATA,ATA,SHE,Red,Aurora,4,7,2,True,Win
2925581,3,ATA,SHE,ATA,SHE,Blue,Orianna,1,1,1,True,Win
2925581,3,ATA,SHE,ATA,SHE,Blue,Gwen,2,3,1,True,Win
2925581,3,ATA,SHE,ATA,SHE,Blue,Jarvan IV,3,5,1,True,Win
2925581,3,ATA,SHE,ATA,SHE,Blue,Ahri,4,8,2,True,Win
2925581,3,ATA,SHE,ATA,SHE,Blue,Veigar,5,10,2,True,Win
2925581,3,ATA,SHE,SHE,ATA,Red,Kindred,1,2,1,False,Loss
2925581,3,ATA,SHE,SHE,ATA,Red,Ashe,2,4,1,False,Loss
2925581,3,ATA,SHE,SHE,ATA,Red,K'Sante,3,6,1,False,Loss
2925581,3,ATA,SHE,SHE,ATA,Red,Sylas,4,7,2,False,Loss
2925581,3,ATA,SHE,SHE,ATA,Red,Aurora,5,9,2,False,Loss
2925582,1,GMB,HMB,GMB,HMB,Blue,Seraphine,1,1,1,False,Loss
2925582,1,GMB,HMB,GMB,HMB,Blue,Varus,2,3,1,False,Loss
2925582,1,GMB,HMB,GMB,HMB,Blue,Karma,3,5,1,False,Loss
2925582,1,GMB,HMB,GMB,HMB,Blue,Renekton,4,8,2,False,Loss
2925582,1,GMB,HMB,GMB,HMB,Blue,Ryze,5,10,2,False,Loss
2925582,1,GMB,HMB,HMB,GMB,Red,Orianna,1,2,1,True,Win
2925582,1,GMB,HMB,HMB,GMB,Red,Caitlyn,2,4,1,True,Win
2925582,1,GMB,HMB,HMB,GMB,Red,Nocturne,3,6,1,True,Win
2925582,1,GMB,HMB,HMB,GMB,Red,Jarvan IV,4,7,2,True,Win
2925582,1,GMB,HMB,HMB,GMB,Red,Nautilus,5,9,2,True,Win
2925582,2,HMB,GMB,HMB,GMB,Blue,Caitlyn,1,1,1,True,Win
2925582,2,HMB,GMB,HMB,GMB,Blue,Orianna,2,3,1,True,Win
2925582,2,HMB,GMB,HMB,GMB,Blue,Skarner,3,5,1,True,Win
2925582,2,HMB,GMB,HMB,GMB,Blue,Ornn,4,8,2,True,Win
2925582,2,HMB,GMB,HMB,GMB,Blue,Sion,5,10,2,True,Win
2925582,2,HMB,GMB,GMB,HMB,Red,Karma,1,2,1,False,Loss
2925582,2,HMB,GMB,GMB,HMB,Red,Varus,2,4,1,False,Loss
2925582,2,HMB,GMB,GMB,HMB,Red,Seraphine,3,6,1,False,Loss
2925582,2,HMB,GMB,GMB,HMB,Red,Jarvan IV,4,7,2,False,Loss
2925582,2,HMB,GMB,GMB,HMB,Red,Vi,5,9,2,False,Loss
2925582,3,HMB,GMB,HMB,GMB,Blue,Caitlyn,1,1,1,True,Win
2925582,3,HMB,GMB,HMB,GMB,Blue,Orianna,2,3,1,True,Win
2925582,3,HMB,GMB,HMB,GMB,Blue,Nocturne,3,5,1,True,Win
2925582,3,HMB,GMB,HMB,GMB,Blue,Jax,4,8,2,True,Win
2925582,3,HMB,GMB,HMB,GMB,Blue,Ziggs,5,10,2,True,Win
2925582,3,HMB,GMB,GMB,HMB,Red,Karma,1,2,1,False,Loss
2925582,3,HMB,GMB,GMB,HMB,Red,Varus,2,4,1,False,Loss
2925582,3,HMB,GMB,GMB,HMB,Red,Skarner,3,6,1,False,Loss
2925582,3,HMB,GMB,GMB,HMB,Red,Trundle,4,7,2,False,Loss
2925582,3,HMB,GMB,GMB,HMB,Red,Poppy,5,9,2,False,Loss
2925583,1,CG,EKO,CG,EKO,Blue,Seraphine,1,1,1,True,Win
2925583,1,CG,EKO,CG,EKO,Blue,Hwei,2,3,1,True,Win
2925583,1,CG,EKO,CG,EKO,Blue,Sion,3,5,1,True,Win
2925583,1,CG,EKO,CG,EKO,Blue,Lissandra,4,8,2,True,Win
2925583,1,CG,EKO,CG,EKO,Blue,Mel,5,10,2,True,Win
2925583,1,CG,EKO,EKO,CG,Red,Akali,1,2,1,False,Loss
2925583,1,CG,EKO,EKO,CG,Red,LeBlanc,2,4,1,False,Loss
2925583,1,CG,EKO,EKO,CG,Red,Lulu,3,6,1,False,Loss
2925583,1,CG,EKO,EKO,CG,Red,Gwen,4,7,2,False,Loss
2925583,1,CG,EKO,EKO,CG,Red,Syndra,5,9,2,False,Loss
2925583,2,CG,EKO,CG,EKO,Blue,Seraphine,1,1,1,True,Win
2925583,2,CG,EKO,CG,EKO,Blue,Hwei,2,3,1,True,Win
2925583,2,CG,EKO,CG,EKO,Blue,Sion,3,5,1,True,Win
2925583,2,CG,EKO,CG,EKO,Blue,Syndra,4,8,2,True,Win
2925583,2,CG,EKO,CG,EKO,Blue,Lissandra,5,10,2,True,Win
2925583,2,CG,EKO,EKO,CG,Red,Akali,1,2,1,False,Loss
2925583,2,CG,EKO,EKO,CG,Red,LeBlanc,2,4,1,False,Loss
2925583,2,CG,EKO,EKO,CG,Red,Neeko,3,6,1,False,Loss
2925583,2,CG,EKO,EKO,CG,Red,Bard,4,7,2,False,Loss
2925583,2,CG,EKO,EKO,CG,Red,Malphite,5,9,2,False,Loss
2925583,3,CG,EKO,CG,EKO,Blue,Seraphine,1,1,1,True,Win
2925583,3,CG,EKO,CG,EKO,Blue,Hwei,2,3,1,True,Win
2925583,3,CG,EKO,CG,EKO,Blue,Sion,3,5,1,True,Win
2925583,3,CG,EKO,CG,EKO,Blue,Caitlyn,4,8,2,True,Win
2925583,3,CG,EKO,CG,EKO,Blue,Varus,5,10,2,True,Win
2925583,3,CG,EKO,EKO,CG,Red,Akali,1,2,1,False,Loss
2925583,3,CG,EKO,EKO,CG,Red,LeBlanc,2,4,1,False,Loss
2925583,3,CG,EKO,EKO,CG,Red,Ekko,3,6,1,False,Loss
2925583,3,CG,EKO,EKO,CG,Red,Gwen,4,7,2,False,Loss
2925583,3,CG,EKO,EKO,CG,Red,Sivir,5,9,2,False,Loss
2914483,1,TH,FNC,TH,FNC,Blue,Vi,1,2,1,False,Loss
2914483,1,TH,FNC,TH,FNC,Blue,Orianna,2,4,1,False,Loss
2914483,1,TH,FNC,TH,FNC,Blue,Ryze,3,6,1,False,Loss
2914483,1,TH,FNC,TH,FNC,Blue,LeBlanc,4,7,2,False,Loss
2914483,1,TH,FNC,TH,FNC,Blue,Ahri,5,9,2,False,Loss
2914483,1,TH,FNC,FNC,TH,Red,Nautilus,1,1,1,True,Win
2914483,1,TH,FNC,FNC,TH,Red,Varus,2,3,1,True,Win
2914483,1,TH,FNC,FNC,TH,Red,Karma,3,5,1,True,Win
2914483,1,TH,FNC,FNC,TH,Red,Vayne,4,8,2,True,Win
2914483,1,TH,FNC,FNC,TH,Red,K'Sante,5,10,2,True,Win
2914483,2,FNC,TH,FNC,TH,Blue,Nautilus,1,1,1,True,Win
2914483,2,FNC,TH,FNC,TH,Blue,Varus,2,3,1,True,Win
2914483,2,FNC,TH,FNC,TH,Blue,Ryze,3,5,1,True,Win
2914483,2,FNC,TH,FNC,TH,Blue,Vayne,4,8,2,True,Win
2914483,2,FNC,TH,FNC,TH,Blue,Jayce,5,10,2,True,Win
2914483,2,FNC,TH,TH,FNC,Red,Vi,1,2,1,False,Loss
2914483,2,FNC,TH,TH,FNC,Red,Orianna,2,4,1,False,Loss
2914483,2,FNC,TH,TH,FNC,Red,Karma,3,6,1,False,Loss
2914483,2,FNC,TH,TH,FNC,Red,Akali,4,7,2,False,Loss
2914483,2,FNC,TH,TH,FNC,Red,Sion,5,9,2,False,Loss
2914484,1,SK,VIT,SK,VIT,Blue,Varus,1,1,1,False,Loss
2914484,1,SK,VIT,SK,VIT,Blue,Nautilus,2,3,1,False,Loss
2914484,1,SK,VIT,SK,VIT,Blue,Ezreal,3,5,1,False,Loss
2914484,1,SK,VIT,SK,VIT,Blue,Vayne,4,8,2,False,Loss
2914484,1,SK,VIT,SK,VIT,Blue,Braum,5,10,2,False,Loss
2914484,1,SK,VIT,VIT,SK,Red,Rumble,1,2,1,True,Win
2914484,1,SK,VIT,VIT,SK,Red,Orianna,2,4,1,True,Win
2914484,1,SK,VIT,VIT,SK,Red,Akali,3,6,1,True,Win
2914484,1,SK,VIT,VIT,SK,Red,Yone,4,7,2,True,Win
2914484,1,SK,VIT,VIT,SK,Red,Taliyah,5,9,2,True,Win
2914484,2,SK,VIT,SK,VIT,Blue,Nocturne,1,2,1,True,Win
2914484,2,SK,VIT,SK,VIT,Blue,Ashe,2,4,1,True,Win
2914484,2,SK,VIT,SK,VIT,Blue,Orianna,3,6,1,True,Win
2914484,2,SK,VIT,SK,VIT,Blue,Renekton,4,7,2,True,Win
2914484,2,SK,VIT,SK,VIT,Blue,Sion,5,9,2,True,Win
2914484,2,SK,VIT,VIT,SK,Red,Nautilus,1,1,1,False,Loss
2914484,2,SK,VIT,VIT,SK,Red,Varus,2,3,1,False,Loss
2914484,2,SK,VIT,VIT,SK,Red,Akali,3,5,1,False,Loss
2914484,2,SK,VIT,VIT,SK,Red,Rumble,4,8,2,False,Loss
2914484,2,SK,VIT,VIT,SK,Red,Ryze,5,10,2,False,Loss
2914484,3,VIT,SK,VIT,SK,Blue,Orianna,1,2,1,True,Win
2914484,3,VIT,SK,VIT,SK,Blue,Ashe,2,4,1,True,Win
2914484,3,VIT,SK,VIT,SK,Blue,Rumble,3,6,1,True,Win
2914484,3,VIT,SK,VIT,SK,Blue,Sejuani,4,7,2,True,Win
2914484,3,VIT,SK,VIT,SK,Blue,Akali,5,9,2,True,Win
2914484,3,VIT,SK,SK,VIT,Red,Varus,1,1,1,False,Loss
2914484,3,VIT,SK,SK,VIT,Red,Nautilus,2,3,1,False,Loss
2914484,3,VIT,SK,SK,VIT,Red,Nocturne,3,5,1,False,Loss
2914484,3,VIT,SK,SK,VIT,Red,Sion,4,8,2,False,Loss
2914484,3,VIT,SK,SK,VIT,Red,Renekton,5,10,2,False,Loss
2914485,1,TH,SHFT,TH,SHFT,Blue,Orianna,1,2,1,False,Loss
2914485,1,TH,SHFT,TH,SHFT,Blue,Karma,2,4,1,False,Loss
2914485,1,TH,SHFT,TH,SHFT,Blue,Ryze,3,6,1,False,Loss
2914485,1,TH,SHFT,TH,SHFT,Blue,Xin Zhao,4,7,2,False,Loss
2914485,1,TH,SHFT,TH,SHFT,Blue,Wukong,5,9,2,False,Loss
2914485,1,TH,SHFT,SHFT,TH,Red,Nautilus,1,1,1,True,Win
2914485,1,TH,SHFT,SHFT,TH,Red,Jarvan IV,2,3,1,True,Win
2914485,1,TH,SHFT,SHFT,TH,Red,Varus,3,5,1,True,Win
2914485,1,TH,SHFT,SHFT,TH,Red,Ziggs,4,8,2,True,Win
2914485,1,TH,SHFT,SHFT,TH,Red,Bard,5,10,2,True,Win
2914485,2,TH,SHFT,TH,SHFT,Blue,Nautilus,1,1,1,False,Loss
2914485,2,TH,SHFT,TH,SHFT,Blue,Milio,2,3,1,False,Loss
2914485,2,TH,SHFT,TH,SHFT,Blue,Karma,3,5,1,False,Loss
2914485,2,TH,SHFT,TH,SHFT,Blue,Vayne,4,8,2,False,Loss
2914485,2,TH,SHFT,TH,SHFT,Blue,Renekton,5,10,2,False,Loss
2914485,2,TH,SHFT,SHFT,TH,Red,Orianna,1,2,1,True,Win
2914485,2,TH,SHFT,SHFT,TH,Red,Ryze,2,4,1,True,Win
2914485,2,TH,SHFT,SHFT,TH,Red,Jarvan IV,3,6,1,True,Win
2914485,2,TH,SHFT,SHFT,TH,Red,LeBlanc,4,7,2,True,Win
2914485,2,TH,SHFT,SHFT,TH,Red,Vi,5,9,2,True,Win
2914486,1,NAVI,G2,NAVI,G2,Blue,Nautilus,1,1,1,False,Loss
2914486,1,NAVI,G2,NAVI,G2,Blue,Jarvan IV,2,3,1,False,Loss
2914486,1,NAVI,G2,NAVI,G2,Blue,Varus,3,5,1,False,Loss
2914486,1,NAVI,G2,NAVI,G2,Blue,Gnar,4,8,2,False,Loss
2914486,1,NAVI,G2,NAVI,G2,Blue,Jayce,5,10,2,False,Loss
2914486,1,NAVI,G2,G2,NAVI,Red,Orianna,1,2,1,True,Win
2914486,1,NAVI,G2,G2,NAVI,Red,Seraphine,2,4,1,True,Win
2914486,1,NAVI,G2,G2,NAVI,Red,Bard,3,6,1,True,Win
2914486,1,NAVI,G2,G2,NAVI,Red,Anivia,4,7,2,True,Win
2914486,1,NAVI,G2,G2,NAVI,Red,Renekton,5,9,2,True,Win
2914486,2,G2,NAVI,G2,NAVI,Blue,Nautilus,1,1,1,True,Win
2914486,2,G2,NAVI,G2,NAVI,Blue,Varus,2,3,1,True,Win
2914486,2,G2,NAVI,G2,NAVI,Blue,Seraphine,3,5,1,True,Win
2914486,2,G2,NAVI,G2,NAVI,Blue,Gwen,4,8,2,True,Win
2914486,2,G2,NAVI,G2,NAVI,Blue,Gnar,5,10,2,True,Win
2914486,2,G2,NAVI,NAVI,G2,Red,Jarvan IV,1,2,1,False,Loss
2914486,2,G2,NAVI,NAVI,G2,Red,Nocturne,2,4,1,False,Loss
2914486,2,G2,NAVI,NAVI,G2,Red,Vi,3,6,1,False,Loss
2914486,2,G2,NAVI,NAVI,G2,Red,Aatrox,4,7,2,False,Loss
2914486,2,G2,NAVI,NAVI,G2,Red,Sion,5,9,2,False,Loss
2914487,1,VIT,FNC,VIT,FNC,Blue,Jarvan IV,1,1,1,False,Loss
2914487,1,VIT,FNC,VIT,FNC,Blue,Sion,2,3,1,False,Loss
2914487,1,VIT,FNC,VIT,FNC,Blue,Akali,3,5,1,False,Loss
2914487,1,VIT,FNC,VIT,FNC,Blue,Karma,4,8,2,False,Loss
2914487,1,VIT,FNC,VIT,FNC,Blue,Alistar,5,10,2,False,Loss
2914487,1,VIT,FNC,FNC,VIT,Red,Orianna,1,2,1,True,Win
2914487,1,VIT,FNC,FNC,VIT,Red,Azir,2,4,1,True,Win
2914487,1,VIT,FNC,FNC,VIT,Red,Pantheon,3,6,1,True,Win
2914487,1,VIT,FNC,FNC,VIT,Red,Rakan,4,7,2,True,Win
2914487,1,VIT,FNC,FNC,VIT,Red,Neeko,5,9,2,True,Win
2914487,2,FNC,VIT,FNC,VIT,Blue,Nautilus,1,1,1,False,Loss
2914487,2,FNC,VIT,FNC,VIT,Blue,Azir,2,3,1,False,Loss
2914487,2,FNC,VIT,FNC,VIT,Blue,Ashe,3,5,1,False,Loss
2914487,2,FNC,VIT,FNC,VIT,Blue,Vayne,4,8,2,False,Loss
2914487,2,FNC,VIT,FNC,VIT,Blue,Gnar,5,10,2,False,Loss
2914487,2,FNC,VIT,VIT,FNC,Red,Orianna,1,2,1,True,Win
2914487,2,FNC,VIT,VIT,FNC,Red,Sion,2,4,1,True,Win
2914487,2,FNC,VIT,VIT,FNC,Red,Jarvan IV,3,6,1,True,Win
2914487,2,FNC,VIT,VIT,FNC,Red,Akali,4,7,2,True,Win
2914487,2,FNC,VIT,VIT,FNC,Red,Renekton,5,9,2,True,Win
2914487,3,VIT,FNC,VIT,FNC,Blue,Sion,1,1,1,True,Win
2914487,3,VIT,FNC,VIT,FNC,Blue,Nautilus,2,3,1,True,Win
2914487,3,VIT,FNC,VIT,FNC,Blue,Nocturne,3,5,1,True,Win
2914487,3,VIT,FNC,VIT,FNC,Blue,Jax,4,8,2,True,Win
2914487,3,VIT,FNC,VIT,FNC,Blue,Yorick,5,10,2,True,Win
2914487,3,VIT,FNC,FNC,VIT,Red,Orianna,1,2,1,False,Loss
2914487,3,VIT,FNC,FNC,VIT,Red,Jarvan IV,2,4,1,False,Loss
2914487,3,VIT,FNC,FNC,VIT,Red,Azir,3,6,1,False,Loss
2914487,3,VIT,FNC,FNC,VIT,Red,Jayce,4,7,2,False,Loss
2914487,3,VIT,FNC,FNC,VIT,Red,Mel,5,9,2,False,Loss
2914488,1,MKOI,SHFT,MKOI,SHFT,Blue,Ashe,1,1,1,False,Loss
2914488,1,MKOI,SHFT,MKOI,SHFT,Blue,Xin Zhao,2,3,1,False,Loss
2914488,1,MKOI,SHFT,MKOI,SHFT,Blue,Varus,3,5,1,False,Loss
2914488,1,MKOI,SHFT,MKOI,SHFT,Blue,Yorick,4,8,2,False,Loss
2914488,1,MKOI,SHFT,MKOI,SHFT,Blue,Vayne,5,10,2,False,Loss
2914488,1,MKOI,SHFT,SHFT,MKOI,Red,Orianna,1,2,1,True,Win
2914488,1,MKOI,SHFT,SHFT,MKOI,Red,Rumble,2,4,1,True,Win
2914488,1,MKOI,SHFT,SHFT,MKOI,Red,Karma,3,6,1,True,Win
2914488,1,MKOI,SHFT,SHFT,MKOI,Red,Caitlyn,4,7,2,True,Win
2914488,1,MKOI,SHFT,SHFT,MKOI,Red,Nautilus,5,9,2,True,Win
2914488,2,MKOI,SHFT,MKOI,SHFT,Blue,Orianna,1,2,1,True,Win
2914488,2,MKOI,SHFT,MKOI,SHFT,Blue,Varus,2,4,1,True,Win
2914488,2,MKOI,SHFT,MKOI,SHFT,Blue,Nocturne,3,6,1,True,Win
2914488,2,MKOI,SHFT,MKOI,SHFT,Blue,Anivia,4,7,2,True,Win
2914488,2,MKOI,SHFT,MKOI,SHFT,Blue,Olaf,5,9,2,True,Win
2914488,2,MKOI,SHFT,SHFT,MKOI,Red,Nautilus,1,1,1,False,Loss
2914488,2,MKOI,SHFT,SHFT,MKOI,Red,Rumble,2,3,1,False,Loss
2914488,2,MKOI,SHFT,SHFT,MKOI,Red,Caitlyn,3,5,1,False,Loss
2914488,2,MKOI,SHFT,SHFT,MKOI,Red,Akali,4,8,2,False,Loss
2914488,2,MKOI,SHFT,SHFT,MKOI,Red,Ryze,5,10,2,False,Loss
2914488,3,MKOI,SHFT,MKOI,SHFT,Blue,Lulu,1,1,1,True,Win
2914488,3,MKOI,SHFT,MKOI,SHFT,Blue,Rumble,2,3,1,True,Win
2914488,3,MKOI,SHFT,MKOI,SHFT,Blue,Nami,3,5,1,True,Win
2914488,3,MKOI,SHFT,MKOI,SHFT,Blue,Aurora,4,8,2,True,Win
2914488,3,MKOI,SHFT,MKOI,SHFT,Blue,Olaf,5,10,2,True,Win
2914488,3,MKOI,SHFT,SHFT,MKOI,Red,Orianna,1,2,1,False,Loss
2914488,3,MKOI,SHFT,SHFT,MKOI,Red,Sion,2,4,1,False,Loss
2914488,3,MKOI,SHFT,SHFT,MKOI,Red,Caitlyn,3,6,1,False,Loss
2914488,3,MKOI,SHFT,SHFT,MKOI,Red,Ryze,4,7,2,False,Loss
2914488,3,MKOI,SHFT,SHFT,MKOI,Red,Nautilus,5,9,2,False,Loss
2914489,1,G2,KC,G2,KC,Blue,Orianna,1,2,1,True,Win
2914489,1,G2,KC,G2,KC,Blue,Bard,2,4,1,True,Win
2914489,1,G2,KC,G2,KC,Blue,Rumble,3,6,1,True,Win
2914489,1,G2,KC,G2,KC,Blue,Caitlyn,4,7,2,True,Win
2914489,1,G2,KC,G2,KC,Blue,Sivir,5,9,2,True,Win
2914489,1,G2,KC,KC,G2,Red,Nautilus,1,1,1,False,Loss
2914489,1,G2,KC,KC,G2,Red,Jarvan IV,2,3,1,False,Loss
2914489,1,G2,KC,KC,G2,Red,Seraphine,3,5,1,False,Loss
2914489,1,G2,KC,KC,G2,Red,Xin Zhao,4,8,2,False,Loss
2914489,1,G2,KC,KC,G2,Red,Gwen,5,10,2,False,Loss
2914489,2,G2,KC,G2,KC,Blue,Orianna,1,2,1,True,Win
2914489,2,G2,KC,G2,KC,Blue,Rumble,2,4,1,True,Win
2914489,2,G2,KC,G2,KC,Blue,Varus,3,6,1,True,Win
2914489,2,G2,KC,G2,KC,Blue,Jayce,4,7,2,True,Win
2914489,2,G2,KC,G2,KC,Blue,Nocturne,5,9,2,True,Win
2914489,2,G2,KC,KC,G2,Red,Nautilus,1,1,1,False,Loss
2914489,2,G2,KC,KC,G2,Red,Jarvan IV,2,3,1,False,Loss
2914489,2,G2,KC,KC,G2,Red,Anivia,3,5,1,False,Loss
2914489,2,G2,KC,KC,G2,Red,Yasuo,4,8,2,False,Loss
2914489,2,G2,KC,KC,G2,Red,Vayne,5,10,2,False,Loss
2914490,1,MKOI,GX,MKOI,GX,Blue,Seraphine,1,1,1,True,Win
2914490,1,MKOI,GX,MKOI,GX,Blue,Xin Zhao,2,3,1,True,Win
2914490,1,MKOI,GX,MKOI,GX,Blue,Jarvan IV,3,5,1,True,Win
2914490,1,MKOI,GX,MKOI,GX,Blue,Ahri,4,8,2,True,Win
2914490,1,MKOI,GX,MKOI,GX,Blue,Ornn,5,10,2,True,Win
2914490,1,MKOI,GX,GX,MKOI,Red,Orianna,1,2,1,False,Loss
2914490,1,MKOI,GX,GX,MKOI,Red,Pantheon,2,4,1,False,Loss
2914490,1,MKOI,GX,GX,MKOI,Red,Varus,3,6,1,False,Loss
2914490,1,MKOI,GX,GX,MKOI,Red,Ryze,4,7,2,False,Loss
2914490,1,MKOI,GX,GX,MKOI,Red,LeBlanc,5,9,2,False,Loss
2914490,2,MKOI,GX,MKOI,GX,Blue,Seraphine,1,1,1,True,Win
2914490,2,MKOI,GX,MKOI,GX,Blue,Xin Zhao,2,3,1,True,Win
2914490,2,MKOI,GX,MKOI,GX,Blue,Nami,3,5,1,True,Win
2914490,2,MKOI,GX,MKOI,GX,Blue,Vayne,4,8,2,True,Win
2914490,2,MKOI,GX,MKOI,GX,Blue,Jayce,5,10,2,True,Win
2914490,2,MKOI,GX,GX,MKOI,Red,Orianna,1,2,1,False,Loss
2914490,2,MKOI,GX,GX,MKOI,Red,Pantheon,2,4,1,False,Loss
2914490,2,MKOI,GX,GX,MKOI,Red,Varus,3,6,1,False,Loss
2914490,2,MKOI,GX,GX,MKOI,Red,Annie,4,7,2,False,Loss
2914490,2,MKOI,GX,GX,MKOI,Red,Aurora,5,9,2,False,Loss
2914491,1,GX,G2,GX,G2,Blue,Jarvan IV,1,1,1,False,Loss
2914491,1,GX,G2,GX,G2,Blue,Karma,2,3,1,False,Loss
2914491,1,GX,G2,GX,G2,Blue,Ashe,3,5,1,False,Loss
2914491,1,GX,G2,GX,G2,Blue,Yunara,4,8,2,False,Loss
2914491,1,GX,G2,GX,G2,Blue,Annie,5,10,2,False,Loss
2914491,1,GX,G2,G2,GX,Red,Orianna,1,2,1,True,Win
2914491,1,GX,G2,G2,GX,Red,Varus,2,4,1,True,Win
2914491,1,GX,G2,G2,GX,Red,Lucian,3,6,1,True,Win
2914491,1,GX,G2,G2,GX,Red,Nautilus,4,7,2,True,Win
2914491,1,GX,G2,G2,GX,Red,Bard,5,9,2,True,Win
2914491,2,G2,GX,G2,GX,Blue,Nautilus,1,1,1,True,Win
2914491,2,G2,GX,G2,GX,Blue,Milio,2,3,1,True,Win
2914491,2,G2,GX,G2,GX,Blue,Varus,3,5,1,True,Win
2914491,2,G2,GX,G2,GX,Blue,Vayne,4,8,2,True,Win
2914491,2,G2,GX,G2,GX,Blue,Viktor,5,10,2,True,Win
2914491,2,G2,GX,GX,G2,Red,Orianna,1,2,1,False,Loss
2914491,2,G2,GX,GX,G2,Red,Caitlyn,2,4,1,False,Loss
2914491,2,G2,GX,GX,G2,Red,Ashe,3,6,1,False,Loss
2914491,2,G2,GX,GX,G2,Red,Annie,4,7,2,False,Loss
2914491,2,G2,GX,GX,G2,Red,Ryze,5,9,2,False,Loss
2914492,1,KC,MKOI,KC,MKOI,Blue,Varus,1,1,1,True,Win
2914492,1,KC,MKOI,KC,MKOI,Blue,Nautilus,2,3,1,True,Win
2914492,1,KC,MKOI,KC,MKOI,Blue,Karma,3,5,1,True,Win
2914492,1,KC,MKOI,KC,MKOI,Blue,Vi,4,8,2,True,Win
2914492,1,KC,MKOI,KC,MKOI,Blue,Sion,5,10,2,True,Win
2914492,1,KC,MKOI,MKOI,KC,Red,Orianna,1,2,1,False,Loss
2914492,1,KC,MKOI,MKOI,KC,Red,Xin Zhao,2,4,1,False,Loss
2914492,1,KC,MKOI,MKOI,KC,Red,Jarvan IV,3,6,1,False,Loss
2914492,1,KC,MKOI,MKOI,KC,Red,Akali,4,7,2,False,Loss
2914492,1,KC,MKOI,MKOI,KC,Red,Rumble,5,9,2,False,Loss
2914492,2,KC,MKOI,KC,MKOI,Blue,Varus,1,1,1,False,Loss
2914492,2,KC,MKOI,KC,MKOI,Blue,Nautilus,2,3,1,False,Loss
2914492,2,KC,MKOI,KC,MKOI,Blue,Jarvan IV,3,5,1,False,Loss
2914492,2,KC,MKOI,KC,MKOI,Blue,Lulu,4,8,2,False,Loss
2914492,2,KC,MKOI,KC,MKOI,Blue,Rakan,5,10,2,False,Loss
2914492,2,KC,MKOI,MKOI,KC,Red,Xin Zhao,1,2,1,True,Win
2914492,2,KC,MKOI,MKOI,KC,Red,Milio,2,4,1,True,Win
2914492,2,KC,MKOI,MKOI,KC,Red,Karma,3,6,1,True,Win
2914492,2,KC,MKOI,MKOI,KC,Red,Poppy,4,7,2,True,Win
2914492,2,KC,MKOI,MKOI,KC,Red,Galio,5,9,2,True,Win
2914492,3,MKOI,KC,MKOI,KC,Blue,Milio,1,1,1,False,Loss
2914492,3,MKOI,KC,MKOI,KC,Blue,Xin Zhao,2,3,1,False,Loss
2914492,3,MKOI,KC,MKOI,KC,Blue,Nautilus,3,5,1,False,Loss
2914492,3,MKOI,KC,MKOI,KC,Blue,Vayne,4,8,2,False,Loss
2914492,3,MKOI,KC,MKOI,KC,Blue,Naafiri,5,10,2,False,Loss
2914492,3,MKOI,KC,KC,MKOI,Red,Anivia,1,2,1,True,Win
2914492,3,MKOI,KC,KC,MKOI,Red,Jarvan IV,2,4,1,True,Win
2914492,3,MKOI,KC,KC,MKOI,Red,Varus,3,6,1,True,Win
2914492,3,MKOI,KC,KC,MKOI,Red,Nocturne,4,7,2,True,Win
2914492,3,MKOI,KC,KC,MKOI,Red,Qiyana,5,9,2,True,Win
2914494,1,GX,KC,GX,KC,Blue,Bard,1,1,1,False,Loss
2914494,1,GX,KC,GX,KC,Blue,Ashe,2,3,1,False,Loss
2914494,1,GX,KC,GX,KC,Blue,Jarvan IV,3,5,1,False,Loss
2914494,1,GX,KC,GX,KC,Blue,Yunara,4,8,2,False,Loss
2914494,1,GX,KC,GX,KC,Blue,Sivir,5,10,2,False,Loss
2914494,1,GX,KC,KC,GX,Red,Orianna,1,2,1,True,Win
2914494,1,GX,KC,KC,GX,Red,Vi,2,4,1,True,Win
2914494,1,GX,KC,KC,GX,Red,Rumble,3,6,1,True,Win
2914494,1,GX,KC,KC,GX,Red,Nautilus,4,7,2,True,Win
2914494,1,GX,KC,KC,GX,Red,Elise,5,9,2,True,Win
2914494,2,KC,GX,KC,GX,Blue,Nautilus,1,1,1,False,Loss
2914494,2,KC,GX,KC,GX,Blue,Xin Zhao,2,3,1,False,Loss
2914494,2,KC,GX,KC,GX,Blue,Elise,3,5,1,False,Loss
2914494,2,KC,GX,KC,GX,Blue,Sion,4,8,2,False,Loss
2914494,2,KC,GX,KC,GX,Blue,Vayne,5,10,2,False,Loss
2914494,2,KC,GX,GX,KC,Red,Orianna,1,2,1,True,Win
2914494,2,KC,GX,GX,KC,Red,Rumble,2,4,1,True,Win
2914494,2,KC,GX,GX,KC,Red,Ashe,3,6,1,True,Win
2914494,2,KC,GX,GX,KC,Red,LeBlanc,4,7,2,True,Win
2914494,2,KC,GX,GX,KC,Red,Jayce,5,9,2,True,Win
2914494,3,KC,GX,KC,GX,Blue,Orianna,1,2,1,False,Loss
2914494,3,KC,GX,KC,GX,Blue,Rumble,2,4,1,False,Loss
2914494,3,KC,GX,KC,GX,Blue,Sion,3,6,1,False,Loss
2914494,3,KC,GX,KC,GX,Blue,Taliyah,4,7,2,False,Loss
2914494,3,KC,GX,KC,GX,Blue,Akali,5,9,2,False,Loss
2914494,3,KC,GX,GX,KC,Red,Ashe,1,1,1,True,Win
2914494,3,KC,GX,GX,KC,Red,Jarvan IV,2,3,1,True,Win
2914494,3,KC,GX,GX,KC,Red,Annie,3,5,1,True,Win
2914494,3,KC,GX,GX,KC,Red,Jayce,4,8,2,True,Win
2914494,3,KC,GX,GX,KC,Red,Vayne,5,10,2,True,Win
2914495,1,G2,MKOI,G2,MKOI,Blue,Nautilus,1,1,1,False,Loss
2914495,1,G2,MKOI,G2,MKOI,Blue,Varus,2,3,1,False,Loss
2914495,1,G2,MKOI,G2,MKOI,Blue,Akali,3,5,1,False,Loss
2914495,1,G2,MKOI,G2,MKOI,Blue,Anivia,4,8,2,False,Loss
2914495,1,G2,MKOI,G2,MKOI,Blue,Bard,5,10,2,False,Loss
2914495,1,G2,MKOI,MKOI,G2,Red,Ashe,1,2,1,True,Win
2914495,1,G2,MKOI,MKOI,G2,Red,Lulu,2,4,1,True,Win
2914495,1,G2,MKOI,MKOI,G2,Red,Orianna,3,6,1,True,Win
2914495,1,G2,MKOI,MKOI,G2,Red,Jarvan IV,4,7,2,True,Win
2914495,1,G2,MKOI,MKOI,G2,Red,Xin Zhao,5,9,2,True,Win
2914495,2,MKOI,G2,MKOI,G2,Blue,Xin Zhao,1,1,1,False,Loss
2914495,2,MKOI,G2,MKOI,G2,Blue,Ashe,2,3,1,False,Loss
2914495,2,MKOI,G2,MKOI,G2,Blue,Lucian,3,5,1,False,Loss
2914495,2,MKOI,G2,MKOI,G2,Blue,Viktor,4,8,2,False,Loss
2914495,2,MKOI,G2,MKOI,G2,Blue,Yasuo,5,10,2,False,Loss
2914495,2,MKOI,G2,G2,MKOI,Red,Orianna,1,2,1,True,Win
2914495,2,MKOI,G2,G2,MKOI,Red,Varus,2,4,1,True,Win
2914495,2,MKOI,G2,G2,MKOI,Red,Caitlyn,3,6,1,True,Win
2914495,2,MKOI,G2,G2,MKOI,Red,Anivia,4,7,2,True,Win
2914495,2,MKOI,G2,G2,MKOI,Red,Syndra,5,9,2,True,Win
2914495,3,G2,MKOI,G2,MKOI,Blue,Varus,1,1,1,False,Loss
2914495,3,G2,MKOI,G2,MKOI,Blue,Vi,2,3,1,False,Loss
2914495,3,G2,MKOI,G2,MKOI,Blue,Akali,3,5,1,False,Loss
2914495,3,G2,MKOI,G2,MKOI,Blue,Poppy,4,8,2,False,Loss
2914495,3,G2,MKOI,G2,MKOI,Blue,Viktor,5,10,2,False,Loss
2914495,3,G2,MKOI,MKOI,G2,Red,Nami,1,2,1,True,Win
2914495,3,G2,MKOI,MKOI,G2,Red,Caitlyn,2,4,1,True,Win
2914495,3,G2,MKOI,MKOI,G2,Red,Orianna,3,6,1,True,Win
2914495,3,G2,MKOI,MKOI,G2,Red,Trundle,4,7,2,True,Win
2914495,3,G2,MKOI,MKOI,G2,Red,Olaf,5,9,2,True,Win
2919547,1,NS,T1,NS,T1,Blue,Rumble,1,2,1,False,Loss
2919547,1,NS,T1,NS,T1,Blue,Bard,2,4,1,False,Loss
2919547,1,NS,T1,NS,T1,Blue,Orianna,3,6,1,False,Loss
2919547,1,NS,T1,NS,T1,Blue,Caitlyn,4,7,2,False,Loss
2919547,1,NS,T1,NS,T1,Blue,Sivir,5,9,2,False,Loss
2919547,1,NS,T1,T1,NS,Red,Pantheon,1,1,1,True,Win
2919547,1,NS,T1,T1,NS,Red,Nautilus,2,3,1,True,Win
2919547,1,NS,T1,T1,NS,Red,Varus,3,5,1,True,Win
2919547,1,NS,T1,T1,NS,Red,Jayce,4,8,2,True,Win
2919547,1,NS,T1,T1,NS,Red,Leona,5,10,2,True,Win
2919547,2,T1,NS,T1,NS,Blue,Nautilus,1,2,1,True,Win
2919547,2,T1,NS,T1,NS,Blue,Orianna,2,4,1,True,Win
2919547,2,T1,NS,T1,NS,Blue,Annie,3,6,1,True,Win
2919547,2,T1,NS,T1,NS,Blue,Lucian,4,7,2,True,Win
2919547,2,T1,NS,T1,NS,Blue,Yunara,5,9,2,True,Win
2919547,2,T1,NS,NS,T1,Red,Bard,1,1,1,False,Loss
2919547,2,T1,NS,NS,T1,Red,Varus,2,3,1,False,Loss
2919547,2,T1,NS,NS,T1,Red,Ryze,3,5,1,False,Loss
2919547,2,T1,NS,NS,T1,Red,Caitlyn,4,8,2,False,Loss
2919547,2,T1,NS,NS,T1,Red,Ashe,5,10,2,False,Loss
2919549,1,KT,HLE,KT,HLE,Blue,Bard,1,1,1,False,Loss
2919549,1,KT,HLE,KT,HLE,Blue,Varus,2,3,1,False,Loss
2919549,1,KT,HLE,KT,HLE,Blue,Jarvan IV,3,5,1,False,Loss
2919549,1,KT,HLE,KT,HLE,Blue,Xin Zhao,4,8,2,False,Loss
2919549,1,KT,HLE,KT,HLE,Blue,Nocturne,5,10,2,False,Loss
2919549,1,KT,HLE,HLE,KT,Red,Rumble,1,2,1,True,Win
2919549,1,KT,HLE,HLE,KT,Red,Karma,2,4,1,True,Win
2919549,1,KT,HLE,HLE,KT,Red,Orianna,3,6,1,True,Win
2919549,1,KT,HLE,HLE,KT,Red,Ziggs,4,7,2,True,Win
2919549,1,KT,HLE,HLE,KT,Red,Yuumi,5,9,2,True,Win
2919549,2,HLE,KT,HLE,KT,Blue,Ryze,1,1,1,True,Win
2919549,2,HLE,KT,HLE,KT,Blue,Karma,2,3,1,True,Win
2919549,2,HLE,KT,HLE,KT,Blue,Varus,3,5,1,True,Win
2919549,2,HLE,KT,HLE,KT,Blue,Akali,4,8,2,True,Win
2919549,2,HLE,KT,HLE,KT,Blue,Mel,5,10,2,True,Win
2919549,2,HLE,KT,KT,HLE,Red,Orianna,1,2,1,False,Loss
2919549,2,HLE,KT,KT,HLE,Red,Bard,2,4,1,False,Loss
2919549,2,HLE,KT,KT,HLE,Red,Rumble,3,6,1,False,Loss
2919549,2,HLE,KT,KT,HLE,Red,Gnar,4,7,2,False,Loss
2919549,2,HLE,KT,KT,HLE,Red,Azir,5,9,2,False,Loss
2919550,1,GEN,KRX,GEN,KRX,Blue,Bard,1,1,1,True,Win
2919550,1,GEN,KRX,GEN,KRX,Blue,Varus,2,3,1,True,Win
2919550,1,GEN,KRX,GEN,KRX,Blue,Nautilus,3,5,1,True,Win
2919550,1,GEN,KRX,GEN,KRX,Blue,Jayce,4,8,2,True,Win
2919550,1,GEN,KRX,GEN,KRX,Blue,Ryze,5,10,2,True,Win
2919550,1,GEN,KRX,KRX,GEN,Red,Orianna,1,2,1,False,Loss
2919550,1,GEN,KRX,KRX,GEN,Red,Rumble,2,4,1,False,Loss
2919550,1,GEN,KRX,KRX,GEN,Red,Karma,3,6,1,False,Loss
2919550,1,GEN,KRX,KRX,GEN,Red,Anivia,4,7,2,False,Loss
2919550,1,GEN,KRX,KRX,GEN,Red,Azir,5,9,2,False,Loss
2919550,2,KRX,GEN,KRX,GEN,Blue,Varus,1,1,1,True,Win
2919550,2,KRX,GEN,KRX,GEN,Blue,Anivia,2,3,1,True,Win
2919550,2,KRX,GEN,KRX,GEN,Blue,Xin Zhao,3,5,1,True,Win
2919550,2,KRX,GEN,KRX,GEN,Blue,Ambessa,4,8,2,True,Win
2919550,2,KRX,GEN,KRX,GEN,Blue,Azir,5,10,2,True,Win
2919550,2,KRX,GEN,GEN,KRX,Red,Orianna,1,2,1,False,Loss
2919550,2,KRX,GEN,GEN,KRX,Red,Karma,2,4,1,False,Loss
2919550,2,KRX,GEN,GEN,KRX,Red,Bard,3,6,1,False,Loss
2919550,2,KRX,GEN,GEN,KRX,Red,Nautilus,4,7,2,False,Loss
2919550,2,KRX,GEN,GEN,KRX,Red,Nami,5,9,2,False,Loss
2919550,3,KRX,GEN,KRX,GEN,Blue,Anivia,1,1,1,False,Loss
2919550,3,KRX,GEN,KRX,GEN,Blue,Azir,2,3,1,False,Loss
2919550,3,KRX,GEN,KRX,GEN,Blue,Nocturne,3,5,1,False,Loss
2919550,3,KRX,GEN,KRX,GEN,Blue,Vayne,4,8,2,False,Loss
2919550,3,KRX,GEN,KRX,GEN,Blue,Twisted Fate,5,10,2,False,Loss
2919550,3,KRX,GEN,GEN,KRX,Red,Orianna,1,2,1,True,Win
2919550,3,KRX,GEN,GEN,KRX,Red,Karma,2,4,1,True,Win
2919550,3,KRX,GEN,GEN,KRX,Red,Varus,3,6,1,True,Win
2919550,3,KRX,GEN,GEN,KRX,Red,Ahri,4,7,2,True,Win
2919550,3,KRX,GEN,GEN,KRX,Red,Ambessa,5,9,2,True,Win
2919551,1,BFX,DK,BFX,DK,Blue,Varus,1,1,1,False,Loss
2919551,1,BFX,DK,BFX,DK,Blue,Karma,2,3,1,False,Loss
2919551,1,BFX,DK,BFX,DK,Blue,Caitlyn,3,5,1,False,Loss
2919551,1,BFX,DK,BFX,DK,Blue,Nautilus,4,8,2,False,Loss
2919551,1,BFX,DK,BFX,DK,Blue,Lulu,5,10,2,False,Loss
2919551,1,BFX,DK,DK,BFX,Red,Rumble,1,2,1,True,Win
2919551,1,BFX,DK,DK,BFX,Red,Nocturne,2,4,1,True,Win
2919551,1,BFX,DK,DK,BFX,Red,Orianna,3,6,1,True,Win
2919551,1,BFX,DK,DK,BFX,Red,Yorick,4,7,2,True,Win
2919551,1,BFX,DK,DK,BFX,Red,Anivia,5,9,2,True,Win
2919551,2,BFX,DK,BFX,DK,Blue,Varus,1,1,1,False,Loss
2919551,2,BFX,DK,BFX,DK,Blue,Karma,2,3,1,False,Loss
2919551,2,BFX,DK,BFX,DK,Blue,Caitlyn,3,5,1,False,Loss
2919551,2,BFX,DK,BFX,DK,Blue,Vayne,4,8,2,False,Loss
2919551,2,BFX,DK,BFX,DK,Blue,Twisted Fate,5,10,2,False,Loss
2919551,2,BFX,DK,DK,BFX,Red,Rumble,1,2,1,True,Win
2919551,2,BFX,DK,DK,BFX,Red,Orianna,2,4,1,True,Win
2919551,2,BFX,DK,DK,BFX,Red,Nocturne,3,6,1,True,Win
2919551,2,BFX,DK,DK,BFX,Red,Azir,4,7,2,True,Win
2919551,2,BFX,DK,DK,BFX,Red,Anivia,5,9,2,True,Win
2919552,1,BRO,DNS,BRO,DNS,Blue,Orianna,1,2,1,True,Win
2919552,1,BRO,DNS,BRO,DNS,Blue,Karma,2,4,1,True,Win
2919552,1,BRO,DNS,BRO,DNS,Blue,Lee Sin,3,6,1,True,Win
2919552,1,BRO,DNS,BRO,DNS,Blue,Akali,4,7,2,True,Win
2919552,1,BRO,DNS,BRO,DNS,Blue,Azir,5,9,2,True,Win
2919552,1,BRO,DNS,DNS,BRO,Red,Varus,1,1,1,False,Loss
2919552,1,BRO,DNS,DNS,BRO,Red,Ezreal,2,3,1,False,Loss
2919552,1,BRO,DNS,DNS,BRO,Red,Rumble,3,5,1,False,Loss
2919552,1,BRO,DNS,DNS,BRO,Red,Jayce,4,8,2,False,Loss
2919552,1,BRO,DNS,DNS,BRO,Red,Ryze,5,10,2,False,Loss
2919552,2,BRO,DNS,BRO,DNS,Blue,Orianna,1,2,1,True,Win
2919552,2,BRO,DNS,BRO,DNS,Blue,Karma,2,4,1,True,Win
2919552,2,BRO,DNS,BRO,DNS,Blue,Ashe,3,6,1,True,Win
2919552,2,BRO,DNS,BRO,DNS,Blue,Bard,4,7,2,True,Win
2919552,2,BRO,DNS,BRO,DNS,Blue,Xayah,5,9,2,True,Win
2919552,2,BRO,DNS,DNS,BRO,Red,Varus,1,1,1,False,Loss
2919552,2,BRO,DNS,DNS,BRO,Red,Ezreal,2,3,1,False,Loss
2919552,2,BRO,DNS,DNS,BRO,Red,Ryze,3,5,1,False,Loss
2919552,2,BRO,DNS,DNS,BRO,Red,Akali,4,8,2,False,Loss
2919552,2,BRO,DNS,DNS,BRO,Red,Kai'Sa,5,10,2,False,Loss
2919553,1,HLE,T1,HLE,T1,Blue,Orianna,1,2,1,True,Win
2919553,1,HLE,T1,HLE,T1,Blue,Rumble,2,4,1,True,Win
2919553,1,HLE,T1,HLE,T1,Blue,Ezreal,3,6,1,True,Win
2919553,1,HLE,T1,HLE,T1,Blue,Xin Zhao,4,7,2,True,Win
2919553,1,HLE,T1,HLE,T1,Blue,Lee Sin,5,9,2,True,Win
2919553,1,HLE,T1,T1,HLE,Red,Aurora,1,1,1,False,Loss
2919553,1,HLE,T1,T1,HLE,Red,Ashe,2,3,1,False,Loss
2919553,1,HLE,T1,T1,HLE,Red,Akali,3,5,1,False,Loss
2919553,1,HLE,T1,T1,HLE,Red,Caitlyn,4,8,2,False,Loss
2919553,1,HLE,T1,T1,HLE,Red,Jax,5,10,2,False,Loss
2919553,2,HLE,T1,HLE,T1,Blue,Orianna,1,2,1,False,Loss
2919553,2,HLE,T1,HLE,T1,Blue,Rumble,2,4,1,False,Loss
2919553,2,HLE,T1,HLE,T1,Blue,Caitlyn,3,6,1,False,Loss
2919553,2,HLE,T1,HLE,T1,Blue,Pantheon,4,7,2,False,Loss
2919553,2,HLE,T1,HLE,T1,Blue,Jayce,5,9,2,False,Loss
2919553,2,HLE,T1,T1,HLE,Red,Aurora,1,1,1,True,Win
2919553,2,HLE,T1,T1,HLE,Red,Ashe,2,3,1,True,Win
2919553,2,HLE,T1,T1,HLE,Red,Vi,3,5,1,True,Win
2919553,2,HLE,T1,T1,HLE,Red,Rell,4,8,2,True,Win
2919553,2,HLE,T1,T1,HLE,Red,Gnar,5,10,2,True,Win
2919553,3,T1,HLE,T1,HLE,Blue,Orianna,1,2,1,False,Loss
2919553,3,T1,HLE,T1,HLE,Blue,Ashe,2,4,1,False,Loss
2919553,3,T1,HLE,T1,HLE,Blue,Rumble,3,6,1,False,Loss
2919553,3,T1,HLE,T1,HLE,Blue,Nami,4,7,2,False,Loss
2919553,3,T1,HLE,T1,HLE,Blue,Sivir,5,9,2,False,Loss
2919553,3,T1,HLE,HLE,T1,Red,Caitlyn,1,1,1,True,Win
2919553,3,T1,HLE,HLE,T1,Red,Ryze,2,3,1,True,Win
2919553,3,T1,HLE,HLE,T1,Red,Ambessa,3,5,1,True,Win
2919553,3,T1,HLE,HLE,T1,Red,Lulu,4,8,2,True,Win
2919553,3,T1,HLE,HLE,T1,Red,Neeko,5,10,2,True,Win
2919554,1,DK,GEN,DK,GEN,Blue,Varus,1,1,1,False,Loss
2919554,1,DK,GEN,DK,GEN,Blue,Nocturne,2,3,1,False,Loss
2919554,1,DK,GEN,DK,GEN,Blue,Anivia,3,5,1,False,Loss
2919554,1,DK,GEN,DK,GEN,Blue,Vi,4,8,2,False,Loss
2919554,1,DK,GEN,DK,GEN,Blue,Pantheon,5,10,2,False,Loss
2919554,1,DK,GEN,GEN,DK,Red,Orianna,1,2,1,True,Win
2919554,1,DK,GEN,GEN,DK,Red,Karma,2,4,1,True,Win
2919554,1,DK,GEN,GEN,DK,Red,Rumble,3,6,1,True,Win
2919554,1,DK,GEN,GEN,DK,Red,Nautilus,4,7,2,True,Win
2919554,1,DK,GEN,GEN,DK,Red,Jhin,5,9,2,True,Win
2919554,2,GEN,DK,GEN,DK,Blue,Orianna,1,2,1,False,Loss
2919554,2,GEN,DK,GEN,DK,Blue,Karma,2,4,1,False,Loss
2919554,2,GEN,DK,GEN,DK,Blue,Rumble,3,6,1,False,Loss
2919554,2,GEN,DK,GEN,DK,Blue,Twisted Fate,4,7,2,False,Loss
2919554,2,GEN,DK,GEN,DK,Blue,Renekton,5,9,2,False,Loss
2919554,2,GEN,DK,DK,GEN,Red,Varus,1,1,1,True,Win
2919554,2,GEN,DK,DK,GEN,Red,Nocturne,2,3,1,True,Win
2919554,2,GEN,DK,DK,GEN,Red,Azir,3,5,1,True,Win
2919554,2,GEN,DK,DK,GEN,Red,Skarner,4,8,2,True,Win
2919554,2,GEN,DK,DK,GEN,Red,Vayne,5,10,2,True,Win
2919554,3,DK,GEN,DK,GEN,Blue,Rumble,1,2,1,False,Loss
2919554,3,DK,GEN,DK,GEN,Blue,Azir,2,4,1,False,Loss
2919554,3,DK,GEN,DK,GEN,Blue,Nocturne,3,6,1,False,Loss
2919554,3,DK,GEN,DK,GEN,Blue,Twisted Fate,4,7,2,False,Loss
2919554,3,DK,GEN,DK,GEN,Blue,Akali,5,9,2,False,Loss
2919554,3,DK,GEN,GEN,DK,Red,Lulu,1,1,1,True,Win
2919554,3,DK,GEN,GEN,DK,Red,Varus,2,3,1,True,Win
2919554,3,DK,GEN,GEN,DK,Red,Nautilus,3,5,1,True,Win
2919554,3,DK,GEN,GEN,DK,Red,Jhin,4,8,2,True,Win
2919554,3,DK,GEN,GEN,DK,Red,Vayne,5,10,2,True,Win
2919555,1,KRX,NS,KRX,NS,Blue,Varus,1,1,1,True,Win
2919555,1,KRX,NS,KRX,NS,Blue,Karma,2,3,1,True,Win
2919555,1,KRX,NS,KRX,NS,Blue,Jayce,3,5,1,True,Win
2919555,1,KRX,NS,KRX,NS,Blue,Xin Zhao,4,8,2,True,Win
2919555,1,KRX,NS,KRX,NS,Blue,Azir,5,10,2,True,Win
2919555,1,KRX,NS,NS,KRX,Red,Rumble,1,2,1,False,Loss
2919555,1,KRX,NS,NS,KRX,Red,Orianna,2,4,1,False,Loss
2919555,1,KRX,NS,NS,KRX,Red,Bard,3,6,1,False,Loss
2919555,1,KRX,NS,NS,KRX,Red,Yunara,4,7,2,False,Loss
2919555,1,KRX,NS,NS,KRX,Red,Lucian,5,9,2,False,Loss
2919555,2,KRX,NS,KRX,NS,Blue,Varus,1,1,1,True,Win
2919555,2,KRX,NS,KRX,NS,Blue,Karma,2,3,1,True,Win
2919555,2,KRX,NS,KRX,NS,Blue,Jayce,3,5,1,True,Win
2919555,2,KRX,NS,KRX,NS,Blue,Azir,4,8,2,True,Win
2919555,2,KRX,NS,KRX,NS,Blue,Aurora,5,10,2,True,Win
2919555,2,KRX,NS,NS,KRX,Red,Rumble,1,2,1,False,Loss
2919555,2,KRX,NS,NS,KRX,Red,Orianna,2,4,1,False,Loss
2919555,2,KRX,NS,NS,KRX,Red,Bard,3,6,1,False,Loss
2919555,2,KRX,NS,NS,KRX,Red,Lulu,4,7,2,False,Loss
2919555,2,KRX,NS,NS,KRX,Red,Corki,5,9,2,False,Loss
2919556,1,KT,BRO,KT,BRO,Blue,Varus,1,1,1,False,Loss
2919556,1,KT,BRO,KT,BRO,Blue,Nocturne,2,3,1,False,Loss
2919556,1,KT,BRO,KT,BRO,Blue,Lucian,3,5,1,False,Loss
2919556,1,KT,BRO,KT,BRO,Blue,Jayce,4,8,2,False,Loss
2919556,1,KT,BRO,KT,BRO,Blue,Nautilus,5,10,2,False,Loss
2919556,1,KT,BRO,BRO,KT,Red,Rumble,1,2,1,True,Win
2919556,1,KT,BRO,BRO,KT,Red,Karma,2,4,1,True,Win
2919556,1,KT,BRO,BRO,KT,Red,Orianna,3,6,1,True,Win
2919556,1,KT,BRO,BRO,KT,Red,Azir,4,7,2,True,Win
2919556,1,KT,BRO,BRO,KT,Red,Ryze,5,9,2,True,Win
2919556,2,BRO,KT,BRO,KT,Blue,Varus,1,1,1,True,Win
2919556,2,BRO,KT,BRO,KT,Blue,Karma,2,3,1,True,Win
2919556,2,BRO,KT,BRO,KT,Blue,Lucian,3,5,1,True,Win
2919556,2,BRO,KT,BRO,KT,Blue,Ryze,4,8,2,True,Win
2919556,2,BRO,KT,BRO,KT,Blue,Vayne,5,10,2,True,Win
2919556,2,BRO,KT,KT,BRO,Red,Rumble,1,2,1,False,Loss
2919556,2,BRO,KT,KT,BRO,Red,Nocturne,2,4,1,False,Loss
2919556,2,BRO,KT,KT,BRO,Red,Orianna,3,6,1,False,Loss
2919556,2,BRO,KT,KT,BRO,Red,Anivia,4,7,2,False,Loss
2919556,2,BRO,KT,KT,BRO,Red,Ambessa,5,9,2,False,Loss
2919557,1,BFX,DNS,BFX,DNS,Blue,Orianna,1,2,1,True,Win
2919557,1,BFX,DNS,BFX,DNS,Blue,Karma,2,4,1,True,Win
2919557,1,BFX,DNS,BFX,DNS,Blue,Lee Sin,3,6,1,True,Win
2919557,1,BFX,DNS,BFX,DNS,Blue,Azir,4,7,2,True,Win
2919557,1,BFX,DNS,BFX,DNS,Blue,Akali,5,9,2,True,Win
2919557,1,BFX,DNS,DNS,BFX,Red,Varus,1,1,1,False,Loss
2919557,1,BFX,DNS,DNS,BFX,Red,Bard,2,3,1,False,Loss
2919557,1,BFX,DNS,DNS,BFX,Red,Rumble,3,5,1,False,Loss
2919557,1,BFX,DNS,DNS,BFX,Red,Jayce,4,8,2,False,Loss
2919557,1,BFX,DNS,DNS,BFX,Red,Ryze,5,10,2,False,Loss
2919557,2,BFX,DNS,BFX,DNS,Blue,Orianna,1,2,1,True,Win
2919557,2,BFX,DNS,BFX,DNS,Blue,Karma,2,4,1,True,Win
2919557,2,BFX,DNS,BFX,DNS,Blue,Rumble,3,6,1,True,Win
2919557,2,BFX,DNS,BFX,DNS,Blue,Akali,4,7,2,True,Win
2919557,2,BFX,DNS,BFX,DNS,Blue,Zaahen,5,9,2,True,Win
2919557,2,BFX,DNS,DNS,BFX,Red,Varus,1,1,1,False,Loss
2919557,2,BFX,DNS,DNS,BFX,Red,Bard,2,3,1,False,Loss
2919557,2,BFX,DNS,DNS,BFX,Red,Ryze,3,5,1,False,Loss
2919557,2,BFX,DNS,DNS,BFX,Red,Jayce,4,8,2,False,Loss
2919557,2,BFX,DNS,DNS,BFX,Red,Ahri,5,10,2,False,Loss
2919558,1,NS,GEN,NS,GEN,Blue,Varus,1,1,1,False,Loss
2919558,1,NS,GEN,NS,GEN,Blue,Karma,2,3,1,False,Loss
2919558,1,NS,GEN,NS,GEN,Blue,Bard,3,5,1,False,Loss
2919558,1,NS,GEN,NS,GEN,Blue,Anivia,4,8,2,False,Loss
2919558,1,NS,GEN,NS,GEN,Blue,Gnar,5,10,2,False,Loss
2919558,1,NS,GEN,GEN,NS,Red,Rumble,1,2,1,True,Win
2919558,1,NS,GEN,GEN,NS,Red,Orianna,2,4,1,True,Win
2919558,1,NS,GEN,GEN,NS,Red,Jarvan IV,3,6,1,True,Win
2919558,1,NS,GEN,GEN,NS,Red,Jayce,4,7,2,True,Win
2919558,1,NS,GEN,GEN,NS,Red,Vayne,5,9,2,True,Win
2919558,2,GEN,NS,GEN,NS,Blue,Varus,1,1,1,True,Win
2919558,2,GEN,NS,GEN,NS,Blue,Bard,2,3,1,True,Win
2919558,2,GEN,NS,GEN,NS,Blue,Annie,3,5,1,True,Win
2919558,2,GEN,NS,GEN,NS,Blue,Jayce,4,8,2,True,Win
2919558,2,GEN,NS,GEN,NS,Blue,Vayne,5,10,2,True,Win
2919558,2,GEN,NS,NS,GEN,Red,Rumble,1,2,1,False,Loss
2919558,2,GEN,NS,NS,GEN,Red,Orianna,2,4,1,False,Loss
2919558,2,GEN,NS,NS,GEN,Red,Jarvan IV,3,6,1,False,Loss
2919558,2,GEN,NS,NS,GEN,Red,Akali,4,7,2,False,Loss
2919558,2,GEN,NS,NS,GEN,Red,LeBlanc,5,9,2,False,Loss
2919559,1,DNS,HLE,DNS,HLE,Blue,Varus,1,1,1,False,Loss
2919559,1,DNS,HLE,DNS,HLE,Blue,Ryze,2,3,1,False,Loss
2919559,1,DNS,HLE,DNS,HLE,Blue,Jarvan IV,3,5,1,False,Loss
2919559,1,DNS,HLE,DNS,HLE,Blue,Jayce,4,8,2,False,Loss
2919559,1,DNS,HLE,DNS,HLE,Blue,Annie,5,10,2,False,Loss
2919559,1,DNS,HLE,HLE,DNS,Red,Rumble,1,2,1,True,Win
2919559,1,DNS,HLE,HLE,DNS,Red,Orianna,2,4,1,True,Win
2919559,1,DNS,HLE,HLE,DNS,Red,Ezreal,3,6,1,True,Win
2919559,1,DNS,HLE,HLE,DNS,Red,Akali,4,7,2,True,Win
2919559,1,DNS,HLE,HLE,DNS,Red,Azir,5,9,2,True,Win
2919559,2,HLE,DNS,HLE,DNS,Blue,Varus,1,1,1,True,Win
2919559,2,HLE,DNS,HLE,DNS,Blue,Vi,2,3,1,True,Win
2919559,2,HLE,DNS,HLE,DNS,Blue,Lee Sin,3,5,1,True,Win
2919559,2,HLE,DNS,HLE,DNS,Blue,Miss Fortune,4,8,2,True,Win
2919559,2,HLE,DNS,HLE,DNS,Blue,Yorick,5,10,2,True,Win
2919559,2,HLE,DNS,DNS,HLE,Red,Orianna,1,2,1,False,Loss
2919559,2,HLE,DNS,DNS,HLE,Red,Rumble,2,4,1,False,Loss
2919559,2,HLE,DNS,DNS,HLE,Red,Jarvan IV,3,6,1,False,Loss
2919559,2,HLE,DNS,DNS,HLE,Red,Cassiopeia,4,7,2,False,Loss
2919559,2,HLE,DNS,DNS,HLE,Red,Anivia,5,9,2,False,Loss
2919560,1,KT,DK,KT,DK,Blue,Rumble,1,2,1,True,Win
2919560,1,KT,DK,KT,DK,Blue,Lucian,2,4,1,True,Win
2919560,1,KT,DK,KT,DK,Blue,Karma,3,6,1,True,Win
2919560,1,KT,DK,KT,DK,Blue,Ezreal,4,7,2,True,Win
2919560,1,KT,DK,KT,DK,Blue,Caitlyn,5,9,2,True,Win
2919560,1,KT,DK,DK,KT,Red,Varus,1,1,1,False,Loss
2919560,1,KT,DK,DK,KT,Red,Nocturne,2,3,1,False,Loss
2919560,1,KT,DK,DK,KT,Red,Nautilus,3,5,1,False,Loss
2919560,1,KT,DK,DK,KT,Red,Azir,4,8,2,False,Loss
2919560,1,KT,DK,DK,KT,Red,Gwen,5,10,2,False,Loss
2919560,2,KT,DK,KT,DK,Blue,Rumble,1,2,1,True,Win
2919560,2,KT,DK,KT,DK,Blue,Lucian,2,4,1,True,Win
2919560,2,KT,DK,KT,DK,Blue,Karma,3,6,1,True,Win
2919560,2,KT,DK,KT,DK,Blue,Twisted Fate,4,7,2,True,Win
2919560,2,KT,DK,KT,DK,Blue,Lee Sin,5,9,2,True,Win
2919560,2,KT,DK,DK,KT,Red,Varus,1,1,1,False,Loss
2919560,2,KT,DK,DK,KT,Red,Nocturne,2,3,1,False,Loss
2919560,2,KT,DK,DK,KT,Red,Nautilus,3,5,1,False,Loss
2919560,2,KT,DK,DK,KT,Red,Vi,4,8,2,False,Loss
2919560,2,KT,DK,DK,KT,Red,Pantheon,5,10,2,False,Loss
2919561,1,BFX,BRO,BFX,BRO,Blue,Rumble,1,2,1,False,Loss
2919561,1,BFX,BRO,BFX,BRO,Blue,Orianna,2,4,1,False,Loss
2919561,1,BFX,BRO,BFX,BRO,Blue,Jarvan IV,3,6,1,False,Loss
2919561,1,BFX,BRO,BFX,BRO,Blue,Annie,4,7,2,False,Loss
2919561,1,BFX,BRO,BFX,BRO,Blue,Jayce,5,9,2,False,Loss
2919561,1,BFX,BRO,BRO,BFX,Red,Varus,1,1,1,True,Win
2919561,1,BFX,BRO,BRO,BFX,Red,Lee Sin,2,3,1,True,Win
2919561,1,BFX,BRO,BRO,BFX,Red,Karma,3,5,1,True,Win
2919561,1,BFX,BRO,BRO,BFX,Red,Akali,4,8,2,True,Win
2919561,1,BFX,BRO,BRO,BFX,Red,Azir,5,10,2,True,Win
2919561,2,BRO,BFX,BRO,BFX,Blue,Varus,1,1,1,True,Win
2919561,2,BRO,BFX,BRO,BFX,Blue,Caitlyn,2,3,1,True,Win
2919561,2,BRO,BFX,BRO,BFX,Blue,Lee Sin,3,5,1,True,Win
2919561,2,BRO,BFX,BRO,BFX,Blue,Vayne,4,8,2,True,Win
2919561,2,BRO,BFX,BRO,BFX,Blue,Akali,5,10,2,True,Win
2919561,2,BRO,BFX,BFX,BRO,Red,Rumble,1,2,1,False,Loss
2919561,2,BRO,BFX,BFX,BRO,Red,Orianna,2,4,1,False,Loss
2919561,2,BRO,BFX,BFX,BRO,Red,Jarvan IV,3,6,1,False,Loss
2919561,2,BRO,BFX,BFX,BRO,Red,Jayce,4,7,2,False,Loss
2919561,2,BRO,BFX,BFX,BRO,Red,Annie,5,9,2,False,Loss
2919562,1,T1,DNS,T1,DNS,Blue,Jarvan IV,1,1,1,True,Win
2919562,1,T1,DNS,T1,DNS,Blue,Varus,2,3,1,True,Win
2919562,1,T1,DNS,T1,DNS,Blue,Rumble,3,5,1,True,Win
2919562,1,T1,DNS,T1,DNS,Blue,Nautilus,4,8,2,True,Win
2919562,1,T1,DNS,T1,DNS,Blue,Pyke,5,10,2,True,Win
2919562,1,T1,DNS,DNS,T1,Red,Bard,1,2,1,False,Loss
2919562,1,T1,DNS,DNS,T1,Red,Karma,2,4,1,False,Loss
2919562,1,T1,DNS,DNS,T1,Red,Orianna,3,6,1,False,Loss
2919562,1,T1,DNS,DNS,T1,Red,Annie,4,7,2,False,Loss
2919562,1,T1,DNS,DNS,T1,Red,Aurora,5,9,2,False,Loss
2919562,2,T1,DNS,T1,DNS,Blue,Rumble,1,1,1,True,Win
2919562,2,T1,DNS,T1,DNS,Blue,Varus,2,3,1,True,Win
2919562,2,T1,DNS,T1,DNS,Blue,Ezreal,3,5,1,True,Win
2919562,2,T1,DNS,T1,DNS,Blue,Pantheon,4,8,2,True,Win
2919562,2,T1,DNS,T1,DNS,Blue,Vayne,5,10,2,True,Win
2919562,2,T1,DNS,DNS,T1,Red,Bard,1,2,1,False,Loss
2919562,2,T1,DNS,DNS,T1,Red,Karma,2,4,1,False,Loss
2919562,2,T1,DNS,DNS,T1,Red,Lee Sin,3,6,1,False,Loss
2919562,2,T1,DNS,DNS,T1,Red,Kai'Sa,4,7,2,False,Loss
2919562,2,T1,DNS,DNS,T1,Red,Caitlyn,5,9,2,False,Loss
2919563,1,GEN,KRX,GEN,KRX,Blue,Bard,1,1,1,True,Win
2919563,1,GEN,KRX,GEN,KRX,Blue,Varus,2,3,1,True,Win
2919563,1,GEN,KRX,GEN,KRX,Blue,Nocturne,3,5,1,True,Win
2919563,1,GEN,KRX,GEN,KRX,Blue,Nautilus,4,8,2,True,Win
2919563,1,GEN,KRX,GEN,KRX,Blue,Gwen,5,10,2,True,Win
2919563,1,GEN,KRX,KRX,GEN,Red,Orianna,1,2,1,False,Loss
2919563,1,GEN,KRX,KRX,GEN,Red,Rumble,2,4,1,False,Loss
2919563,1,GEN,KRX,KRX,GEN,Red,Xin Zhao,3,6,1,False,Loss
2919563,1,GEN,KRX,KRX,GEN,Red,Azir,4,7,2,False,Loss
2919563,1,GEN,KRX,KRX,GEN,Red,Jayce,5,9,2,False,Loss
2919563,2,GEN,KRX,GEN,KRX,Blue,Varus,1,1,1,True,Win
2919563,2,GEN,KRX,GEN,KRX,Blue,Bard,2,3,1,True,Win
2919563,2,GEN,KRX,GEN,KRX,Blue,Nocturne,3,5,1,True,Win
2919563,2,GEN,KRX,GEN,KRX,Blue,Aurora,4,8,2,True,Win
2919563,2,GEN,KRX,GEN,KRX,Blue,Jayce,5,10,2,True,Win
2919563,2,GEN,KRX,KRX,GEN,Red,Orianna,1,2,1,False,Loss
2919563,2,GEN,KRX,KRX,GEN,Red,Rumble,2,4,1,False,Loss
2919563,2,GEN,KRX,KRX,GEN,Red,Caitlyn,3,6,1,False,Loss
2919563,2,GEN,KRX,KRX,GEN,Red,Trundle,4,7,2,False,Loss
2919563,2,GEN,KRX,KRX,GEN,Red,Lee Sin,5,9,2,False,Loss
2919565,1,KT,BFX,KT,BFX,Blue,Rumble,1,2,1,False,Loss
2919565,1,KT,BFX,KT,BFX,Blue,Karma,2,4,1,False,Loss
2919565,1,KT,BFX,KT,BFX,Blue,Orianna,3,6,1,False,Loss
2919565,1,KT,BFX,KT,BFX,Blue,Gnar,4,7,2,False,Loss
2919565,1,KT,BFX,KT,BFX,Blue,Vayne,5,9,2,False,Loss
2919565,1,KT,BFX,BFX,KT,Red,Varus,1,1,1,True,Win
2919565,1,KT,BFX,BFX,KT,Red,Lucian,2,3,1,True,Win
2919565,1,KT,BFX,BFX,KT,Red,Bard,3,5,1,True,Win
2919565,1,KT,BFX,BFX,KT,Red,Ryze,4,8,2,True,Win
2919565,1,KT,BFX,BFX,KT,Red,Azir,5,10,2,True,Win
2919565,2,KT,BFX,KT,BFX,Blue,Varus,1,1,1,False,Loss
2919565,2,KT,BFX,KT,BFX,Blue,Nocturne,2,3,1,False,Loss
2919565,2,KT,BFX,KT,BFX,Blue,Lucian,3,5,1,False,Loss
2919565,2,KT,BFX,KT,BFX,Blue,Pantheon,4,8,2,False,Loss
2919565,2,KT,BFX,KT,BFX,Blue,Annie,5,10,2,False,Loss
2919565,2,KT,BFX,BFX,KT,Red,Rumble,1,2,1,True,Win
2919565,2,KT,BFX,BFX,KT,Red,Karma,2,4,1,True,Win
2919565,2,KT,BFX,BFX,KT,Red,Orianna,3,6,1,True,Win
2919565,2,KT,BFX,BFX,KT,Red,Ryze,4,7,2,True,Win
2919565,2,KT,BFX,BFX,KT,Red,Gnar,5,9,2,True,Win
2919566,1,BRO,NS,BRO,NS,Blue,Orianna,1,2,1,True,Win
2919566,1,BRO,NS,BRO,NS,Blue,Karma,2,4,1,True,Win
2919566,1,BRO,NS,BRO,NS,Blue,Azir,3,6,1,True,Win
2919566,1,BRO,NS,BRO,NS,Blue,Anivia,4,7,2,True,Win
2919566,1,BRO,NS,BRO,NS,Blue,Cassiopeia,5,9,2,True,Win
2919566,1,BRO,NS,NS,BRO,Red,Varus,1,1,1,False,Loss
2919566,1,BRO,NS,NS,BRO,Red,Ezreal,2,3,1,False,Loss
2919566,1,BRO,NS,NS,BRO,Red,Lee Sin,3,5,1,False,Loss
2919566,1,BRO,NS,NS,BRO,Red,Nocturne,4,8,2,False,Loss
2919566,1,BRO,NS,NS,BRO,Red,Vi,5,10,2,False,Loss
2919566,2,BRO,NS,BRO,NS,Blue,Varus,1,1,1,True,Win
2919566,2,BRO,NS,BRO,NS,Blue,Azir,2,3,1,True,Win
2919566,2,BRO,NS,BRO,NS,Blue,Karma,3,5,1,True,Win
2919566,2,BRO,NS,BRO,NS,Blue,Viktor,4,8,2,True,Win
2919566,2,BRO,NS,BRO,NS,Blue,Renekton,5,10,2,True,Win
2919566,2,BRO,NS,NS,BRO,Red,Orianna,1,2,1,False,Loss
2919566,2,BRO,NS,NS,BRO,Red,Ezreal,2,4,1,False,Loss
2919566,2,BRO,NS,NS,BRO,Red,Nocturne,3,6,1,False,Loss
2919566,2,BRO,NS,NS,BRO,Red,Jayce,4,7,2,False,Loss
2919566,2,BRO,NS,NS,BRO,Red,Vayne,5,9,2,False,Loss
2919567,1,T1,DK,T1,DK,Blue,Orianna,1,2,1,True,Win
2919567,1,T1,DK,T1,DK,Blue,Karma,2,4,1,True,Win
2919567,1,T1,DK,T1,DK,Blue,Jarvan IV,3,6,1,True,Win
2919567,1,T1,DK,T1,DK,Blue,Ezreal,4,7,2,True,Win
2919567,1,T1,DK,T1,DK,Blue,Miss Fortune,5,9,2,True,Win
2919567,1,T1,DK,DK,T1,Red,Nocturne,1,1,1,False,Loss
2919567,1,T1,DK,DK,T1,Red,Bard,2,3,1,False,Loss
2919567,1,T1,DK,DK,T1,Red,Varus,3,5,1,False,Loss
2919567,1,T1,DK,DK,T1,Red,Azir,4,8,2,False,Loss
2919567,1,T1,DK,DK,T1,Red,Anivia,5,10,2,False,Loss
2919567,2,T1,DK,T1,DK,Blue,Orianna,1,2,1,True,Win
2919567,2,T1,DK,T1,DK,Blue,Karma,2,4,1,True,Win
2919567,2,T1,DK,T1,DK,Blue,Lee Sin,3,6,1,True,Win
2919567,2,T1,DK,T1,DK,Blue,Akali,4,7,2,True,Win
2919567,2,T1,DK,T1,DK,Blue,Jayce,5,9,2,True,Win
2919567,2,T1,DK,DK,T1,Red,Nocturne,1,1,1,False,Loss
2919567,2,T1,DK,DK,T1,Red,Bard,2,3,1,False,Loss
2919567,2,T1,DK,DK,T1,Red,Varus,3,5,1,False,Loss
2919567,2,T1,DK,DK,T1,Red,Gnar,4,8,2,False,Loss
2919567,2,T1,DK,DK,T1,Red,Azir,5,10,2,False,Loss
2919568,1,KRX,HLE,KRX,HLE,Blue,Varus,1,1,1,True,Win
2919568,1,KRX,HLE,KRX,HLE,Blue,Jayce,2,3,1,True,Win
2919568,1,KRX,HLE,KRX,HLE,Blue,Vayne,3,5,1,True,Win
2919568,1,KRX,HLE,KRX,HLE,Blue,Caitlyn,4,8,2,True,Win
2919568,1,KRX,HLE,KRX,HLE,Blue,Jhin,5,10,2,True,Win
2919568,1,KRX,HLE,HLE,KRX,Red,Orianna,1,2,1,False,Loss
2919568,1,KRX,HLE,HLE,KRX,Red,Rumble,2,4,1,False,Loss
2919568,1,KRX,HLE,HLE,KRX,Red,Ezreal,3,6,1,False,Loss
2919568,1,KRX,HLE,HLE,KRX,Red,Yunara,4,7,2,False,Loss
2919568,1,KRX,HLE,HLE,KRX,Red,Karma,5,9,2,False,Loss
2919568,2,KRX,HLE,KRX,HLE,Blue,Orianna,1,2,1,False,Loss
2919568,2,KRX,HLE,KRX,HLE,Blue,Jayce,2,4,1,False,Loss
2919568,2,KRX,HLE,KRX,HLE,Blue,Yone,3,6,1,False,Loss
2919568,2,KRX,HLE,KRX,HLE,Blue,Jhin,4,7,2,False,Loss
2919568,2,KRX,HLE,KRX,HLE,Blue,Caitlyn,5,9,2,False,Loss
2919568,2,KRX,HLE,HLE,KRX,Red,Varus,1,1,1,True,Win
2919568,2,KRX,HLE,HLE,KRX,Red,Karma,2,3,1,True,Win
2919568,2,KRX,HLE,HLE,KRX,Red,Aurora,3,5,1,True,Win
2919568,2,KRX,HLE,HLE,KRX,Red,Milio,4,8,2,True,Win
2919568,2,KRX,HLE,HLE,KRX,Red,Wukong,5,10,2,True,Win
2919568,3,HLE,KRX,HLE,KRX,Blue,Orianna,1,2,1,True,Win
2919568,3,HLE,KRX,HLE,KRX,Blue,Karma,2,4,1,True,Win
2919568,3,HLE,KRX,HLE,KRX,Blue,Ezreal,3,6,1,True,Win
2919568,3,HLE,KRX,HLE,KRX,Blue,Caitlyn,4,7,2,True,Win
2919568,3,HLE,KRX,HLE,KRX,Blue,Renekton,5,9,2,True,Win
2919568,3,HLE,KRX,KRX,HLE,Red,Jayce,1,1,1,False,Loss
2919568,3,HLE,KRX,KRX,HLE,Red,Vayne,2,3,1,False,Loss
2919568,3,HLE,KRX,KRX,HLE,Red,Twisted Fate,3,5,1,False,Loss
2919568,3,HLE,KRX,KRX,HLE,Red,Taliyah,4,8,2,False,Loss
2919568,3,HLE,KRX,KRX,HLE,Red,Azir,5,10,2,False,Loss
2919570,1,T1,NS,T1,NS,Blue,Varus,1,1,1,True,Win
2919570,1,T1,NS,T1,NS,Blue,Lucian,2,3,1,True,Win
2919570,1,T1,NS,T1,NS,Blue,Rumble,3,5,1,True,Win
2919570,1,T1,NS,T1,NS,Blue,Azir,4,8,2,True,Win
2919570,1,T1,NS,T1,NS,Blue,Akali,5,10,2,True,Win
2919570,1,T1,NS,NS,T1,Red,Bard,1,2,1,False,Loss
2919570,1,T1,NS,NS,T1,Red,Karma,2,4,1,False,Loss
2919570,1,T1,NS,NS,T1,Red,Orianna,3,6,1,False,Loss
2919570,1,T1,NS,NS,T1,Red,Gnar,4,7,2,False,Loss
2919570,1,T1,NS,NS,T1,Red,Annie,5,9,2,False,Loss
2919570,2,NS,T1,NS,T1,Blue,Karma,1,2,1,False,Loss
2919570,2,NS,T1,NS,T1,Blue,Orianna,2,4,1,False,Loss
2919570,2,NS,T1,NS,T1,Blue,Vi,3,6,1,False,Loss
2919570,2,NS,T1,NS,T1,Blue,Skarner,4,7,2,False,Loss
2919570,2,NS,T1,NS,T1,Blue,Lee Sin,5,9,2,False,Loss
2919570,2,NS,T1,T1,NS,Red,Varus,1,1,1,True,Win
2919570,2,NS,T1,T1,NS,Red,Trundle,2,3,1,True,Win
2919570,2,NS,T1,T1,NS,Red,Nocturne,3,5,1,True,Win
2919570,2,NS,T1,T1,NS,Red,Caitlyn,4,8,2,True,Win
2919570,2,NS,T1,T1,NS,Red,Lulu,5,10,2,True,Win
2919571,1,DK,DNS,DK,DNS,Blue,Varus,1,1,1,True,Win
2919571,1,DK,DNS,DK,DNS,Blue,Nocturne,2,3,1,True,Win
2919571,1,DK,DNS,DK,DNS,Blue,Vi,3,5,1,True,Win
2919571,1,DK,DNS,DK,DNS,Blue,Gnar,4,8,2,True,Win
2919571,1,DK,DNS,DK,DNS,Blue,Twisted Fate,5,10,2,True,Win
2919571,1,DK,DNS,DNS,DK,Red,Orianna,1,2,1,False,Loss
2919571,1,DK,DNS,DNS,DK,Red,Rumble,2,4,1,False,Loss
2919571,1,DK,DNS,DNS,DK,Red,Karma,3,6,1,False,Loss
2919571,1,DK,DNS,DNS,DK,Red,Anivia,4,7,2,False,Loss
2919571,1,DK,DNS,DNS,DK,Red,Akali,5,9,2,False,Loss
2919571,2,DK,DNS,DK,DNS,Blue,Varus,1,1,1,True,Win
2919571,2,DK,DNS,DK,DNS,Blue,Nocturne,2,3,1,True,Win
2919571,2,DK,DNS,DK,DNS,Blue,Trundle,3,5,1,True,Win
2919571,2,DK,DNS,DK,DNS,Blue,Jayce,4,8,2,True,Win
2919571,2,DK,DNS,DK,DNS,Blue,Vayne,5,10,2,True,Win
2919571,2,DK,DNS,DNS,DK,Red,Rumble,1,2,1,False,Loss
2919571,2,DK,DNS,DNS,DK,Red,Orianna,2,4,1,False,Loss
2919571,2,DK,DNS,DNS,DK,Red,Karma,3,6,1,False,Loss
2919571,2,DK,DNS,DNS,DK,Red,Twisted Fate,4,7,2,False,Loss
2919571,2,DK,DNS,DNS,DK,Red,Anivia,5,9,2,False,Loss
2919572,1,BFX,GEN,BFX,GEN,Blue,Karma,1,2,1,False,Loss
2919572,1,BFX,GEN,BFX,GEN,Blue,Orianna,2,4,1,False,Loss
2919572,1,BFX,GEN,BFX,GEN,Blue,Rumble,3,6,1,False,Loss
2919572,1,BFX,GEN,BFX,GEN,Blue,Twisted Fate,4,7,2,False,Loss
2919572,1,BFX,GEN,BFX,GEN,Blue,Annie,5,9,2,False,Loss
2919572,1,BFX,GEN,GEN,BFX,Red,Varus,1,1,1,True,Win
2919572,1,BFX,GEN,GEN,BFX,Red,Bard,2,3,1,True,Win
2919572,1,BFX,GEN,GEN,BFX,Red,Xin Zhao,3,5,1,True,Win
2919572,1,BFX,GEN,GEN,BFX,Red,Gnar,4,8,2,True,Win
2919572,1,BFX,GEN,GEN,BFX,Red,Ahri,5,10,2,True,Win
2919572,2,BFX,GEN,BFX,GEN,Blue,Varus,1,1,1,False,Loss
2919572,2,BFX,GEN,BFX,GEN,Blue,Bard,2,3,1,False,Loss
2919572,2,BFX,GEN,BFX,GEN,Blue,Ezreal,3,5,1,False,Loss
2919572,2,BFX,GEN,BFX,GEN,Blue,Corki,4,8,2,False,Loss
2919572,2,BFX,GEN,BFX,GEN,Blue,Caitlyn,5,10,2,False,Loss
2919572,2,BFX,GEN,GEN,BFX,Red,Rumble,1,2,1,True,Win
2919572,2,BFX,GEN,GEN,BFX,Red,Karma,2,4,1,True,Win
2919572,2,BFX,GEN,GEN,BFX,Red,Orianna,3,6,1,True,Win
2919572,2,BFX,GEN,GEN,BFX,Red,Anivia,4,7,2,True,Win
2919572,2,BFX,GEN,GEN,BFX,Red,Twisted Fate,5,9,2,True,Win
2919573,1,KRX,KT,KRX,KT,Blue,Orianna,1,2,1,False,Loss
2919573,1,KRX,KT,KRX,KT,Blue,Rumble,2,4,1,False,Loss
2919573,1,KRX,KT,KRX,KT,Blue,Trundle,3,6,1,False,Loss
2919573,1,KRX,KT,KRX,KT,Blue,Cassiopeia,4,7,2,False,Loss
2919573,1,KRX,KT,KRX,KT,Blue,Viktor,5,9,2,False,Loss
2919573,1,KRX,KT,KT,KRX,Red,Varus,1,1,1,True,Win
2919573,1,KRX,KT,KT,KRX,Red,Lucian,2,3,1,True,Win
2919573,1,KRX,KT,KT,KRX,Red,Jarvan IV,3,5,1,True,Win
2919573,1,KRX,KT,KT,KRX,Red,Gnar,4,8,2,True,Win
2919573,1,KRX,KT,KT,KRX,Red,Ryze,5,10,2,True,Win
2919573,2,KT,KRX,KT,KRX,Blue,Rumble,1,2,1,False,Loss
2919573,2,KT,KRX,KT,KRX,Blue,Lucian,2,4,1,False,Loss
2919573,2,KT,KRX,KT,KRX,Blue,Nocturne,3,6,1,False,Loss
2919573,2,KT,KRX,KT,KRX,Blue,Naafiri,4,7,2,False,Loss
2919573,2,KT,KRX,KT,KRX,Blue,Lee Sin,5,9,2,False,Loss
2919573,2,KT,KRX,KRX,KT,Red,Varus,1,1,1,True,Win
2919573,2,KT,KRX,KRX,KT,Red,Ashe,2,3,1,True,Win
2919573,2,KT,KRX,KRX,KT,Red,Vayne,3,5,1,True,Win
2919573,2,KT,KRX,KRX,KT,Red,Caitlyn,4,8,2,True,Win
2919573,2,KT,KRX,KRX,KT,Red,Nautilus,5,10,2,True,Win
2919573,3,KRX,KT,KRX,KT,Blue,Varus,1,1,1,False,Loss
2919573,3,KRX,KT,KRX,KT,Blue,Ashe,2,3,1,False,Loss
2919573,3,KRX,KT,KRX,KT,Blue,Trundle,3,5,1,False,Loss
2919573,3,KRX,KT,KRX,KT,Blue,Vayne,4,8,2,False,Loss
2919573,3,KRX,KT,KRX,KT,Blue,Ambessa,5,10,2,False,Loss
2919573,3,KRX,KT,KT,KRX,Red,Rumble,1,2,1,True,Win
2919573,3,KRX,KT,KT,KRX,Red,Lucian,2,4,1,True,Win
2919573,3,KRX,KT,KT,KRX,Red,Nocturne,3,6,1,True,Win
2919573,3,KRX,KT,KT,KRX,Red,Lee Sin,4,7,2,True,Win
2919573,3,KRX,KT,KT,KRX,Red,Skarner,5,9,2,True,Win
2919574,1,HLE,DK,HLE,DK,Blue,Varus,1,1,1,True,Win
2919574,1,HLE,DK,HLE,DK,Blue,Ezreal,2,3,1,True,Win
2919574,1,HLE,DK,HLE,DK,Blue,Rumble,3,5,1,True,Win
2919574,1,HLE,DK,HLE,DK,Blue,Gnar,4,8,2,True,Win
2919574,1,HLE,DK,HLE,DK,Blue,Viktor,5,10,2,True,Win
2919574,1,HLE,DK,DK,HLE,Red,Lucian,1,2,1,False,Loss
2919574,1,HLE,DK,DK,HLE,Red,Bard,2,4,1,False,Loss
2919574,1,HLE,DK,DK,HLE,Red,Nocturne,3,6,1,False,Loss
2919574,1,HLE,DK,DK,HLE,Red,Xin Zhao,4,7,2,False,Loss
2919574,1,HLE,DK,DK,HLE,Red,Naafiri,5,9,2,False,Loss
2919574,2,HLE,DK,HLE,DK,Blue,Bard,1,2,1,True,Win
2919574,2,HLE,DK,HLE,DK,Blue,Rumble,2,4,1,True,Win
2919574,2,HLE,DK,HLE,DK,Blue,Vi,3,6,1,True,Win
2919574,2,HLE,DK,HLE,DK,Blue,Pantheon,4,7,2,True,Win
2919574,2,HLE,DK,HLE,DK,Blue,Skarner,5,9,2,True,Win
2919574,2,HLE,DK,DK,HLE,Red,Varus,1,1,1,False,Loss
2919574,2,HLE,DK,DK,HLE,Red,Nautilus,2,3,1,False,Loss
2919574,2,HLE,DK,DK,HLE,Red,Lucian,3,5,1,False,Loss
2919574,2,HLE,DK,DK,HLE,Red,Azir,4,8,2,False,Loss
2919574,2,HLE,DK,DK,HLE,Red,Annie,5,10,2,False,Loss
2919575,1,BRO,DNS,BRO,DNS,Blue,Orianna,1,2,1,True,Win
2919575,1,BRO,DNS,BRO,DNS,Blue,Rumble,2,4,1,True,Win
2919575,1,BRO,DNS,BRO,DNS,Blue,Lucian,3,6,1,True,Win
2919575,1,BRO,DNS,BRO,DNS,Blue,Cassiopeia,4,7,2,True,Win
2919575,1,BRO,DNS,BRO,DNS,Blue,Anivia,5,9,2,True,Win
2919575,1,BRO,DNS,DNS,BRO,Red,Varus,1,1,1,False,Loss
2919575,1,BRO,DNS,DNS,BRO,Red,Ezreal,2,3,1,False,Loss
2919575,1,BRO,DNS,DNS,BRO,Red,Caitlyn,3,5,1,False,Loss
2919575,1,BRO,DNS,DNS,BRO,Red,Nocturne,4,8,2,False,Loss
2919575,1,BRO,DNS,DNS,BRO,Red,Jayce,5,10,2,False,Loss
2919575,2,DNS,BRO,DNS,BRO,Blue,Orianna,1,2,1,False,Loss
2919575,2,DNS,BRO,DNS,BRO,Blue,Nocturne,2,4,1,False,Loss
2919575,2,DNS,BRO,DNS,BRO,Blue,Lucian,3,6,1,False,Loss
2919575,2,DNS,BRO,DNS,BRO,Blue,Jayce,4,7,2,False,Loss
2919575,2,DNS,BRO,DNS,BRO,Blue,Annie,5,9,2,False,Loss
2919575,2,DNS,BRO,BRO,DNS,Red,Varus,1,1,1,True,Win
2919575,2,DNS,BRO,BRO,DNS,Red,Caitlyn,2,3,1,True,Win
2919575,2,DNS,BRO,BRO,DNS,Red,Rumble,3,5,1,True,Win
2919575,2,DNS,BRO,BRO,DNS,Red,Lulu,4,8,2,True,Win
2919575,2,DNS,BRO,BRO,DNS,Red,Bard,5,10,2,True,Win
2919576,1,GEN,T1,GEN,T1,Blue,Orianna,1,2,1,True,Win
2919576,1,GEN,T1,GEN,T1,Blue,Karma,2,4,1,True,Win
2919576,1,GEN,T1,GEN,T1,Blue,Bard,3,6,1,True,Win
2919576,1,GEN,T1,GEN,T1,Blue,Cassiopeia,4,7,2,True,Win
2919576,1,GEN,T1,GEN,T1,Blue,Ryze,5,9,2,True,Win
2919576,1,GEN,T1,T1,GEN,Red,Varus,1,1,1,False,Loss
2919576,1,GEN,T1,T1,GEN,Red,Lucian,2,3,1,False,Loss
2919576,1,GEN,T1,T1,GEN,Red,Jarvan IV,3,5,1,False,Loss
2919576,1,GEN,T1,T1,GEN,Red,Trundle,4,8,2,False,Loss
2919576,1,GEN,T1,T1,GEN,Red,Vi,5,10,2,False,Loss
2919576,2,T1,GEN,T1,GEN,Blue,Orianna,1,2,1,True,Win
2919576,2,T1,GEN,T1,GEN,Blue,Vi,2,4,1,True,Win
2919576,2,T1,GEN,T1,GEN,Blue,Jarvan IV,3,6,1,True,Win
2919576,2,T1,GEN,T1,GEN,Blue,Nocturne,4,7,2,True,Win
2919576,2,T1,GEN,T1,GEN,Blue,Cassiopeia,5,9,2,True,Win
2919576,2,T1,GEN,GEN,T1,Red,Varus,1,1,1,False,Loss
2919576,2,T1,GEN,GEN,T1,Red,Bard,2,3,1,False,Loss
2919576,2,T1,GEN,GEN,T1,Red,Lucian,3,5,1,False,Loss
2919576,2,T1,GEN,GEN,T1,Red,Gwen,4,8,2,False,Loss
2919576,2,T1,GEN,GEN,T1,Red,Ryze,5,10,2,False,Loss
2919576,3,T1,GEN,T1,GEN,Blue,Jarvan IV,1,1,1,True,Win
2919576,3,T1,GEN,T1,GEN,Blue,Lucian,2,3,1,True,Win
2919576,3,T1,GEN,T1,GEN,Blue,Varus,3,5,1,True,Win
2919576,3,T1,GEN,T1,GEN,Blue,Nami,4,8,2,True,Win
2919576,3,T1,GEN,T1,GEN,Blue,Akali,5,10,2,True,Win
2919576,3,T1,GEN,GEN,T1,Red,Bard,1,2,1,False,Loss
2919576,3,T1,GEN,GEN,T1,Red,Orianna,2,4,1,False,Loss
2919576,3,T1,GEN,GEN,T1,Red,Nocturne,3,6,1,False,Loss
2919576,3,T1,GEN,GEN,T1,Red,Kalista,4,7,2,False,Loss
2919576,3,T1,GEN,GEN,T1,Red,Ziggs,5,9,2,False,Loss
2919577,1,BFX,NS,BFX,NS,Blue,Orianna,1,2,1,True,Win
2919577,1,BFX,NS,BFX,NS,Blue,Rumble,2,4,1,True,Win
2919577,1,BFX,NS,BFX,NS,Blue,Lucian,3,6,1,True,Win
2919577,1,BFX,NS,BFX,NS,Blue,Lee Sin,4,7,2,True,Win
2919577,1,BFX,NS,BFX,NS,Blue,Xin Zhao,5,9,2,True,Win
2919577,1,BFX,NS,NS,BFX,Red,Varus,1,1,1,False,Loss
2919577,1,BFX,NS,NS,BFX,Red,Ashe,2,3,1,False,Loss
2919577,1,BFX,NS,NS,BFX,Red,Vi,3,5,1,False,Loss
2919577,1,BFX,NS,NS,BFX,Red,Cassiopeia,4,8,2,False,Loss
2919577,1,BFX,NS,NS,BFX,Red,Twisted Fate,5,10,2,False,Loss
2919577,2,BFX,NS,BFX,NS,Blue,Orianna,1,2,1,True,Win
2919577,2,BFX,NS,BFX,NS,Blue,Rumble,2,4,1,True,Win
2919577,2,BFX,NS,BFX,NS,Blue,Lucian,3,6,1,True,Win
2919577,2,BFX,NS,BFX,NS,Blue,Akali,4,7,2,True,Win
2919577,2,BFX,NS,BFX,NS,Blue,Aphelios,5,9,2,True,Win
2919577,2,BFX,NS,NS,BFX,Red,Varus,1,1,1,False,Loss
2919577,2,BFX,NS,NS,BFX,Red,Vi,2,3,1,False,Loss
2919577,2,BFX,NS,NS,BFX,Red,Seraphine,3,5,1,False,Loss
2919577,2,BFX,NS,NS,BFX,Red,Xin Zhao,4,8,2,False,Loss
2919577,2,BFX,NS,NS,BFX,Red,Vayne,5,10,2,False,Loss
2919578,1,KT,HLE,KT,HLE,Blue,Orianna,1,2,1,True,Win
2919578,1,KT,HLE,KT,HLE,Blue,Rumble,2,4,1,True,Win
2919578,1,KT,HLE,KT,HLE,Blue,Bard,3,6,1,True,Win
2919578,1,KT,HLE,KT,HLE,Blue,Akali,4,7,2,True,Win
2919578,1,KT,HLE,KT,HLE,Blue,Aurora,5,9,2,True,Win
2919578,1,KT,HLE,HLE,KT,Red,Varus,1,1,1,False,Loss
2919578,1,KT,HLE,HLE,KT,Red,Ezreal,2,3,1,False,Loss
2919578,1,KT,HLE,HLE,KT,Red,Annie,3,5,1,False,Loss
2919578,1,KT,HLE,HLE,KT,Red,Xin Zhao,4,8,2,False,Loss
2919578,1,KT,HLE,HLE,KT,Red,Trundle,5,10,2,False,Loss
2919578,2,KT,HLE,KT,HLE,Blue,Orianna,1,2,1,False,Loss
2919578,2,KT,HLE,KT,HLE,Blue,Rumble,2,4,1,False,Loss
2919578,2,KT,HLE,KT,HLE,Blue,Lucian,3,6,1,False,Loss
2919578,2,KT,HLE,KT,HLE,Blue,Anivia,4,7,2,False,Loss
2919578,2,KT,HLE,KT,HLE,Blue,Twisted Fate,5,9,2,False,Loss
2919578,2,KT,HLE,HLE,KT,Red,Varus,1,1,1,True,Win
2919578,2,KT,HLE,HLE,KT,Red,Annie,2,3,1,True,Win
2919578,2,KT,HLE,HLE,KT,Red,Ezreal,3,5,1,True,Win
2919578,2,KT,HLE,HLE,KT,Red,Nocturne,4,8,2,True,Win
2919578,2,KT,HLE,HLE,KT,Red,Yorick,5,10,2,True,Win
2919578,3,KT,HLE,KT,HLE,Blue,Varus,1,1,1,True,Win
2919578,3,KT,HLE,KT,HLE,Blue,Caitlyn,2,3,1,True,Win
2919578,3,KT,HLE,KT,HLE,Blue,Gnar,3,5,1,True,Win
2919578,3,KT,HLE,KT,HLE,Blue,Shen,4,8,2,True,Win
2919578,3,KT,HLE,KT,HLE,Blue,Xin Zhao,5,10,2,True,Win
2919578,3,KT,HLE,HLE,KT,Red,Rumble,1,2,1,False,Loss
2919578,3,KT,HLE,HLE,KT,Red,Orianna,2,4,1,False,Loss
2919578,3,KT,HLE,HLE,KT,Red,Annie,3,6,1,False,Loss
2919578,3,KT,HLE,HLE,KT,Red,Zoe,4,7,2,False,Loss
2919578,3,KT,HLE,HLE,KT,Red,Akali,5,9,2,False,Loss
2919579,1,BRO,KRX,BRO,KRX,Blue,Orianna,1,2,1,True,Win
2919579,1,BRO,KRX,BRO,KRX,Blue,Rumble,2,4,1,True,Win
2919579,1,BRO,KRX,BRO,KRX,Blue,Jarvan IV,3,6,1,True,Win
2919579,1,BRO,KRX,BRO,KRX,Blue,Caitlyn,4,7,2,True,Win
2919579,1,BRO,KRX,BRO,KRX,Blue,Sivir,5,9,2,True,Win
2919579,1,BRO,KRX,KRX,BRO,Red,Varus,1,1,1,False,Loss
2919579,1,BRO,KRX,KRX,BRO,Red,Jayce,2,3,1,False,Loss
2919579,1,BRO,KRX,KRX,BRO,Red,Vayne,3,5,1,False,Loss
2919579,1,BRO,KRX,KRX,BRO,Red,Sion,4,8,2,False,Loss
2919579,1,BRO,KRX,KRX,BRO,Red,Gnar,5,10,2,False,Loss
2919579,2,BRO,KRX,BRO,KRX,Blue,Orianna,1,2,1,False,Loss
2919579,2,BRO,KRX,BRO,KRX,Blue,Rumble,2,4,1,False,Loss
2919579,2,BRO,KRX,BRO,KRX,Blue,Jarvan IV,3,6,1,False,Loss
2919579,2,BRO,KRX,BRO,KRX,Blue,Lulu,4,7,2,False,Loss
2919579,2,BRO,KRX,BRO,KRX,Blue,Caitlyn,5,9,2,False,Loss
2919579,2,BRO,KRX,KRX,BRO,Red,Varus,1,1,1,True,Win
2919579,2,BRO,KRX,KRX,BRO,Red,Jayce,2,3,1,True,Win
2919579,2,BRO,KRX,KRX,BRO,Red,Ashe,3,5,1,True,Win
2919579,2,BRO,KRX,KRX,BRO,Red,Vayne,4,8,2,True,Win
2919579,2,BRO,KRX,KRX,BRO,Red,Twisted Fate,5,10,2,True,Win
2919579,3,KRX,BRO,KRX,BRO,Blue,Rumble,1,2,1,True,Win
2919579,3,KRX,BRO,KRX,BRO,Blue,Orianna,2,4,1,True,Win
2919579,3,KRX,BRO,KRX,BRO,Blue,Neeko,3,6,1,True,Win
2919579,3,KRX,BRO,KRX,BRO,Blue,Pantheon,4,7,2,True,Win
2919579,3,KRX,BRO,KRX,BRO,Blue,Naafiri,5,9,2,True,Win
2919579,3,KRX,BRO,BRO,KRX,Red,Varus,1,1,1,False,Loss
2919579,3,KRX,BRO,BRO,KRX,Red,Ashe,2,3,1,False,Loss
2919579,3,KRX,BRO,BRO,KRX,Red,Skarner,3,5,1,False,Loss
2919579,3,KRX,BRO,BRO,KRX,Red,Leona,4,8,2,False,Loss
2919579,3,KRX,BRO,BRO,KRX,Red,Twisted Fate,5,10,2,False,Loss
2919580,1,T1,KRX,T1,KRX,Blue,Orianna,1,2,1,True,Win
2919580,1,T1,KRX,T1,KRX,Blue,Cassiopeia,2,4,1,True,Win
2919580,1,T1,KRX,T1,KRX,Blue,Varus,3,6,1,True,Win
2919580,1,T1,KRX,T1,KRX,Blue,Caitlyn,4,7,2,True,Win
2919580,1,T1,KRX,T1,KRX,Blue,Corki,5,9,2,True,Win
2919580,1,T1,KRX,KRX,T1,Red,Bard,1,1,1,False,Loss
2919580,1,T1,KRX,KRX,T1,Red,Karma,2,3,1,False,Loss
2919580,1,T1,KRX,KRX,T1,Red,Ashe,3,5,1,False,Loss
2919580,1,T1,KRX,KRX,T1,Red,Nocturne,4,8,2,False,Loss
2919580,1,T1,KRX,KRX,T1,Red,Xin Zhao,5,10,2,False,Loss
2919580,2,T1,KRX,T1,KRX,Blue,Orianna,1,2,1,False,Loss
2919580,2,T1,KRX,T1,KRX,Blue,Cassiopeia,2,4,1,False,Loss
2919580,2,T1,KRX,T1,KRX,Blue,Jarvan IV,3,6,1,False,Loss
2919580,2,T1,KRX,T1,KRX,Blue,Sivir,4,7,2,False,Loss
2919580,2,T1,KRX,T1,KRX,Blue,Yorick,5,9,2,False,Loss
2919580,2,T1,KRX,KRX,T1,Red,Bard,1,1,1,True,Win
2919580,2,T1,KRX,KRX,T1,Red,Caitlyn,2,3,1,True,Win
2919580,2,T1,KRX,KRX,T1,Red,Ashe,3,5,1,True,Win
2919580,2,T1,KRX,KRX,T1,Red,Galio,4,8,2,True,Win
2919580,2,T1,KRX,KRX,T1,Red,Neeko,5,10,2,True,Win
2919580,3,KRX,T1,KRX,T1,Blue,Bard,1,2,1,False,Loss
2919580,3,KRX,T1,KRX,T1,Blue,Ashe,2,4,1,False,Loss
2919580,3,KRX,T1,KRX,T1,Blue,Caitlyn,3,6,1,False,Loss
2919580,3,KRX,T1,KRX,T1,Blue,Corki,4,7,2,False,Loss
2919580,3,KRX,T1,KRX,T1,Blue,Zeri,5,9,2,False,Loss
2919580,3,KRX,T1,T1,KRX,Red,Sion,1,1,1,True,Win
2919580,3,KRX,T1,T1,KRX,Red,Jarvan IV,2,3,1,True,Win
2919580,3,KRX,T1,T1,KRX,Red,Nocturne,3,5,1,True,Win
2919580,3,KRX,T1,T1,KRX,Red,Sivir,4,8,2,True,Win
2919580,3,KRX,T1,T1,KRX,Red,Jhin,5,10,2,True,Win
2919581,1,NS,KT,NS,KT,Blue,Orianna,1,2,1,True,Win
2919581,1,NS,KT,NS,KT,Blue,Cassiopeia,2,4,1,True,Win
2919581,1,NS,KT,NS,KT,Blue,Rumble,3,6,1,True,Win
2919581,1,NS,KT,NS,KT,Blue,Wukong,4,7,2,True,Win
2919581,1,NS,KT,NS,KT,Blue,Pantheon,5,9,2,True,Win
2919581,1,NS,KT,KT,NS,Red,Varus,1,1,1,False,Loss
2919581,1,NS,KT,KT,NS,Red,Jarvan IV,2,3,1,False,Loss
2919581,1,NS,KT,KT,NS,Red,Karma,3,5,1,False,Loss
2919581,1,NS,KT,KT,NS,Red,Vi,4,8,2,False,Loss
2919581,1,NS,KT,KT,NS,Red,Gnar,5,10,2,False,Loss
2919581,2,KT,NS,KT,NS,Blue,Varus,1,1,1,True,Win
2919581,2,KT,NS,KT,NS,Blue,Caitlyn,2,3,1,True,Win
2919581,2,KT,NS,KT,NS,Blue,Ashe,3,5,1,True,Win
2919581,2,KT,NS,KT,NS,Blue,Twisted Fate,4,8,2,True,Win
2919581,2,KT,NS,KT,NS,Blue,Azir,5,10,2,True,Win
2919581,2,KT,NS,NS,KT,Red,Orianna,1,2,1,False,Loss
2919581,2,KT,NS,NS,KT,Red,Cassiopeia,2,4,1,False,Loss
2919581,2,KT,NS,NS,KT,Red,Rumble,3,6,1,False,Loss
2919581,2,KT,NS,NS,KT,Red,Jayce,4,7,2,False,Loss
2919581,2,KT,NS,NS,KT,Red,Zaahen,5,9,2,False,Loss
2919581,3,KT,NS,KT,NS,Blue,Orianna,1,2,1,True,Win
2919581,3,KT,NS,KT,NS,Blue,Cassiopeia,2,4,1,True,Win
2919581,3,KT,NS,KT,NS,Blue,Rumble,3,6,1,True,Win
2919581,3,KT,NS,KT,NS,Blue,Wukong,4,7,2,True,Win
2919581,3,KT,NS,KT,NS,Blue,Jayce,5,9,2,True,Win
2919581,3,KT,NS,NS,KT,Red,Varus,1,1,1,False,Loss
2919581,3,KT,NS,NS,KT,Red,Ashe,2,3,1,False,Loss
2919581,3,KT,NS,NS,KT,Red,Nocturne,3,5,1,False,Loss
2919581,3,KT,NS,NS,KT,Red,Ahri,4,8,2,False,Loss
2919581,3,KT,NS,NS,KT,Red,Jax,5,10,2,False,Loss
2919582,1,BFX,HLE,BFX,HLE,Blue,Orianna,1,2,1,False,Loss
2919582,1,BFX,HLE,BFX,HLE,Blue,Cassiopeia,2,4,1,False,Loss
2919582,1,BFX,HLE,BFX,HLE,Blue,Bard,3,6,1,False,Loss
2919582,1,BFX,HLE,BFX,HLE,Blue,Lee Sin,4,7,2,False,Loss
2919582,1,BFX,HLE,BFX,HLE,Blue,Trundle,5,9,2,False,Loss
2919582,1,BFX,HLE,HLE,BFX,Red,Varus,1,1,1,True,Win
2919582,1,BFX,HLE,HLE,BFX,Red,Ezreal,2,3,1,True,Win
2919582,1,BFX,HLE,HLE,BFX,Red,Jarvan IV,3,5,1,True,Win
2919582,1,BFX,HLE,HLE,BFX,Red,K'Sante,4,8,2,True,Win
2919582,1,BFX,HLE,HLE,BFX,Red,Sion,5,10,2,True,Win
2919582,2,HLE,BFX,HLE,BFX,Blue,Orianna,1,2,1,True,Win
2919582,2,HLE,BFX,HLE,BFX,Blue,Cassiopeia,2,4,1,True,Win
2919582,2,HLE,BFX,HLE,BFX,Blue,Jarvan IV,3,6,1,True,Win
2919582,2,HLE,BFX,HLE,BFX,Blue,Nocturne,4,7,2,True,Win
2919582,2,HLE,BFX,HLE,BFX,Blue,Wukong,5,9,2,True,Win
2919582,2,HLE,BFX,BFX,HLE,Red,Varus,1,1,1,False,Loss
2919582,2,HLE,BFX,BFX,HLE,Red,Bard,2,3,1,False,Loss
2919582,2,HLE,BFX,BFX,HLE,Red,Ziggs,3,5,1,False,Loss
2919582,2,HLE,BFX,BFX,HLE,Red,Naafiri,4,8,2,False,Loss
2919582,2,HLE,BFX,BFX,HLE,Red,Lee Sin,5,10,2,False,Loss
2919583,1,DK,BRO,DK,BRO,Blue,Nocturne,1,2,1,True,Win
2919583,1,DK,BRO,DK,BRO,Blue,Lucian,2,4,1,True,Win
2919583,1,DK,BRO,DK,BRO,Blue,Elise,3,6,1,True,Win
2919583,1,DK,BRO,DK,BRO,Blue,Xin Zhao,4,7,2,True,Win
2919583,1,DK,BRO,DK,BRO,Blue,Naafiri,5,9,2,True,Win
2919583,1,DK,BRO,BRO,DK,Red,Varus,1,1,1,False,Loss
2919583,1,DK,BRO,BRO,DK,Red,Karma,2,3,1,False,Loss
2919583,1,DK,BRO,BRO,DK,Red,Lee Sin,3,5,1,False,Loss
2919583,1,DK,BRO,BRO,DK,Red,Cassiopeia,4,8,2,False,Loss
2919583,1,DK,BRO,BRO,DK,Red,LeBlanc,5,10,2,False,Loss
2919583,2,BRO,DK,BRO,DK,Blue,Varus,1,1,1,True,Win
2919583,2,BRO,DK,BRO,DK,Blue,Twisted Fate,2,3,1,True,Win
2919583,2,BRO,DK,BRO,DK,Blue,Lee Sin,3,5,1,True,Win
2919583,2,BRO,DK,BRO,DK,Blue,Sion,4,8,2,True,Win
2919583,2,BRO,DK,BRO,DK,Blue,Yorick,5,10,2,True,Win
2919583,2,BRO,DK,DK,BRO,Red,Nocturne,1,2,1,False,Loss
2919583,2,BRO,DK,DK,BRO,Red,Karma,2,4,1,False,Loss
2919583,2,BRO,DK,DK,BRO,Red,Trundle,3,6,1,False,Loss
2919583,2,BRO,DK,DK,BRO,Red,Pyke,4,7,2,False,Loss
2919583,2,BRO,DK,DK,BRO,Red,Lucian,5,9,2,False,Loss
2919583,3,BRO,DK,BRO,DK,Blue,Lee Sin,1,2,1,False,Loss
2919583,3,BRO,DK,BRO,DK,Blue,Lucian,2,4,1,False,Loss
2919583,3,BRO,DK,BRO,DK,Blue,Ryze,3,6,1,False,Loss
2919583,3,BRO,DK,BRO,DK,Blue,Sion,4,7,2,False,Loss
2919583,3,BRO,DK,BRO,DK,Blue,Twisted Fate,5,9,2,False,Loss
2919583,3,BRO,DK,DK,BRO,Red,Nocturne,1,1,1,True,Win
2919583,3,BRO,DK,DK,BRO,Red,Varus,2,3,1,True,Win
2919583,3,BRO,DK,DK,BRO,Red,Elise,3,5,1,True,Win
2919583,3,BRO,DK,DK,BRO,Red,Gnar,4,8,2,True,Win
2919583,3,BRO,DK,DK,BRO,Red,Alistar,5,10,2,True,Win
2919584,1,DNS,KRX,DNS,KRX,Blue,Orianna,1,2,1,False,Loss
2919584,1,DNS,KRX,DNS,KRX,Blue,Jarvan IV,2,4,1,False,Loss
2919584,1,DNS,KRX,DNS,KRX,Blue,Vi,3,6,1,False,Loss
2919584,1,DNS,KRX,DNS,KRX,Blue,Nautilus,4,7,2,False,Loss
2919584,1,DNS,KRX,DNS,KRX,Blue,Yunara,5,9,2,False,Loss
2919584,1,DNS,KRX,KRX,DNS,Red,Varus,1,1,1,True,Win
2919584,1,DNS,KRX,KRX,DNS,Red,Ezreal,2,3,1,True,Win
2919584,1,DNS,KRX,KRX,DNS,Red,Lee Sin,3,5,1,True,Win
2919584,1,DNS,KRX,KRX,DNS,Red,Ashe,4,8,2,True,Win
2919584,1,DNS,KRX,KRX,DNS,Red,Ziggs,5,10,2,True,Win
2919584,2,KRX,DNS,KRX,DNS,Blue,Orianna,1,2,1,True,Win
2919584,2,KRX,DNS,KRX,DNS,Blue,Ryze,2,4,1,True,Win
2919584,2,KRX,DNS,KRX,DNS,Blue,Annie,3,6,1,True,Win
2919584,2,KRX,DNS,KRX,DNS,Blue,Sylas,4,7,2,True,Win
2919584,2,KRX,DNS,KRX,DNS,Blue,Jayce,5,9,2,True,Win
2919584,2,KRX,DNS,DNS,KRX,Red,Varus,1,1,1,False,Loss
2919584,2,KRX,DNS,DNS,KRX,Red,Vi,2,3,1,False,Loss
2919584,2,KRX,DNS,DNS,KRX,Red,Jarvan IV,3,5,1,False,Loss
2919584,2,KRX,DNS,DNS,KRX,Red,Mel,4,8,2,False,Loss
2919584,2,KRX,DNS,DNS,KRX,Red,Nocturne,5,10,2,False,Loss
2919585,1,KT,GEN,KT,GEN,Blue,Rumble,1,2,1,False,Loss
2919585,1,KT,GEN,KT,GEN,Blue,Orianna,2,4,1,False,Loss
2919585,1,KT,GEN,KT,GEN,Blue,Cassiopeia,3,6,1,False,Loss
2919585,1,KT,GEN,KT,GEN,Blue,Lee Sin,4,7,2,False,Loss
2919585,1,KT,GEN,KT,GEN,Blue,Wukong,5,9,2,False,Loss
2919585,1,KT,GEN,GEN,KT,Red,Varus,1,1,1,True,Win
2919585,1,KT,GEN,GEN,KT,Red,Jarvan IV,2,3,1,True,Win
2919585,1,KT,GEN,GEN,KT,Red,Nautilus,3,5,1,True,Win
2919585,1,KT,GEN,GEN,KT,Red,Taliyah,4,8,2,True,Win
2919585,1,KT,GEN,GEN,KT,Red,Zaahen,5,10,2,True,Win
2919585,2,KT,GEN,KT,GEN,Blue,Varus,1,1,1,False,Loss
2919585,2,KT,GEN,KT,GEN,Blue,Caitlyn,2,3,1,False,Loss
2919585,2,KT,GEN,KT,GEN,Blue,Rumble,3,5,1,False,Loss
2919585,2,KT,GEN,KT,GEN,Blue,Xin Zhao,4,8,2,False,Loss
2919585,2,KT,GEN,KT,GEN,Blue,Yorick,5,10,2,False,Loss
2919585,2,KT,GEN,GEN,KT,Red,Orianna,1,2,1,True,Win
2919585,2,KT,GEN,GEN,KT,Red,Jarvan IV,2,4,1,True,Win
2919585,2,KT,GEN,GEN,KT,Red,Lucian,3,6,1,True,Win
2919585,2,KT,GEN,GEN,KT,Red,Miss Fortune,4,7,2,True,Win
2919585,2,KT,GEN,GEN,KT,Red,Ziggs,5,9,2,True,Win
2919586,1,DK,BFX,DK,BFX,Blue,Nocturne,1,2,1,True,Win
2919586,1,DK,BFX,DK,BFX,Blue,Ezreal,2,4,1,True,Win
2919586,1,DK,BFX,DK,BFX,Blue,Rumble,3,6,1,True,Win
2919586,1,DK,BFX,DK,BFX,Blue,Lee Sin,4,7,2,True,Win
2919586,1,DK,BFX,DK,BFX,Blue,Xin Zhao,5,9,2,True,Win
2919586,1,DK,BFX,BFX,DK,Red,Varus,1,1,1,False,Loss
2919586,1,DK,BFX,BFX,DK,Red,Bard,2,3,1,False,Loss
2919586,1,DK,BFX,BFX,DK,Red,Cassiopeia,3,5,1,False,Loss
2919586,1,DK,BFX,BFX,DK,Red,Viktor,4,8,2,False,Loss
2919586,1,DK,BFX,BFX,DK,Red,Ambessa,5,10,2,False,Loss
2919586,2,BFX,DK,BFX,DK,Blue,Varus,1,1,1,True,Win
2919586,2,BFX,DK,BFX,DK,Blue,Bard,2,3,1,True,Win
2919586,2,BFX,DK,BFX,DK,Blue,Cassiopeia,3,5,1,True,Win
2919586,2,BFX,DK,BFX,DK,Blue,Twisted Fate,4,8,2,True,Win
2919586,2,BFX,DK,BFX,DK,Blue,Viktor,5,10,2,True,Win
2919586,2,BFX,DK,DK,BFX,Red,Nocturne,1,2,1,False,Loss
2919586,2,BFX,DK,DK,BFX,Red,Trundle,2,4,1,False,Loss
2919586,2,BFX,DK,DK,BFX,Red,Renekton,3,6,1,False,Loss
2919586,2,BFX,DK,DK,BFX,Red,Annie,4,7,2,False,Loss
2919586,2,BFX,DK,DK,BFX,Red,Akali,5,9,2,False,Loss
2919586,3,DK,BFX,DK,BFX,Blue,Varus,1,1,1,True,Win
2919586,3,DK,BFX,DK,BFX,Blue,Nocturne,2,3,1,True,Win
2919586,3,DK,BFX,DK,BFX,Blue,Akali,3,5,1,True,Win
2919586,3,DK,BFX,DK,BFX,Blue,Nami,4,8,2,True,Win
2919586,3,DK,BFX,DK,BFX,Blue,Nautilus,5,10,2,True,Win
2919586,3,DK,BFX,BFX,DK,Red,Bard,1,2,1,False,Loss
2919586,3,DK,BFX,BFX,DK,Red,Cassiopeia,2,4,1,False,Loss
2919586,3,DK,BFX,BFX,DK,Red,Wukong,3,6,1,False,Loss
2919586,3,DK,BFX,BFX,DK,Red,Neeko,4,7,2,False,Loss
2919586,3,DK,BFX,BFX,DK,Red,Sivir,5,9,2,False,Loss
2919587,1,HLE,NS,HLE,NS,Blue,Orianna,1,2,1,False,Loss
2919587,1,HLE,NS,HLE,NS,Blue,Cassiopeia,2,4,1,False,Loss
2919587,1,HLE,NS,HLE,NS,Blue,Ezreal,3,6,1,False,Loss
2919587,1,HLE,NS,HLE,NS,Blue,Lee Sin,4,7,2,False,Loss
2919587,1,HLE,NS,HLE,NS,Blue,Pantheon,5,9,2,False,Loss
2919587,1,HLE,NS,NS,HLE,Red,Varus,1,1,1,True,Win
2919587,1,HLE,NS,NS,HLE,Red,Karma,2,3,1,True,Win
2919587,1,HLE,NS,NS,HLE,Red,Jarvan IV,3,5,1,True,Win
2919587,1,HLE,NS,NS,HLE,Red,Ryze,4,8,2,True,Win
2919587,1,HLE,NS,NS,HLE,Red,Jayce,5,10,2,True,Win
2919587,2,NS,HLE,NS,HLE,Blue,Cassiopeia,1,2,1,False,Loss
2919587,2,NS,HLE,NS,HLE,Blue,Orianna,2,4,1,False,Loss
2919587,2,NS,HLE,NS,HLE,Blue,Ryze,3,6,1,False,Loss
2919587,2,NS,HLE,NS,HLE,Blue,Jayce,4,7,2,False,Loss
2919587,2,NS,HLE,NS,HLE,Blue,Yone,5,9,2,False,Loss
2919587,2,NS,HLE,HLE,NS,Red,Varus,1,1,1,True,Win
2919587,2,NS,HLE,HLE,NS,Red,Ezreal,2,3,1,True,Win
2919587,2,NS,HLE,HLE,NS,Red,Jarvan IV,3,5,1,True,Win
2919587,2,NS,HLE,HLE,NS,Red,Gnar,4,8,2,True,Win
2919587,2,NS,HLE,HLE,NS,Red,Azir,5,10,2,True,Win
2919587,3,HLE,NS,HLE,NS,Blue,Orianna,1,2,1,True,Win
2919587,3,HLE,NS,HLE,NS,Blue,Ezreal,2,4,1,True,Win
2919587,3,HLE,NS,HLE,NS,Blue,Cassiopeia,3,6,1,True,Win
2919587,3,HLE,NS,HLE,NS,Blue,Vayne,4,7,2,True,Win
2919587,3,HLE,NS,HLE,NS,Blue,Azir,5,9,2,True,Win
2919587,3,HLE,NS,NS,HLE,Red,Varus,1,1,1,False,Loss
2919587,3,HLE,NS,NS,HLE,Red,Caitlyn,2,3,1,False,Loss
2919587,3,HLE,NS,NS,HLE,Red,Jayce,3,5,1,False,Loss
2919587,3,HLE,NS,NS,HLE,Red,Karma,4,8,2,False,Loss
2919587,3,HLE,NS,NS,HLE,Red,Thresh,5,10,2,False,Loss
2919588,1,GEN,DNS,GEN,DNS,Blue,Orianna,1,2,1,True,Win
2919588,1,GEN,DNS,GEN,DNS,Blue,Cassiopeia,2,4,1,True,Win
2919588,1,GEN,DNS,GEN,DNS,Blue,Karma,3,6,1,True,Win
2919588,1,GEN,DNS,GEN,DNS,Blue,Nautilus,4,7,2,True,Win
2919588,1,GEN,DNS,GEN,DNS,Blue,Lucian,5,9,2,True,Win
2919588,1,GEN,DNS,DNS,GEN,Red,Varus,1,1,1,False,Loss
2919588,1,GEN,DNS,DNS,GEN,Red,Jarvan IV,2,3,1,False,Loss
2919588,1,GEN,DNS,DNS,GEN,Red,Ezreal,3,5,1,False,Loss
2919588,1,GEN,DNS,DNS,GEN,Red,K'Sante,4,8,2,False,Loss
2919588,1,GEN,DNS,DNS,GEN,Red,Nocturne,5,10,2,False,Loss
2919588,2,GEN,DNS,GEN,DNS,Blue,Orianna,1,2,1,True,Win
2919588,2,GEN,DNS,GEN,DNS,Blue,Cassiopeia,2,4,1,True,Win
2919588,2,GEN,DNS,GEN,DNS,Blue,Karma,3,6,1,True,Win
2919588,2,GEN,DNS,GEN,DNS,Blue,Nautilus,4,7,2,True,Win
2919588,2,GEN,DNS,GEN,DNS,Blue,Lulu,5,9,2,True,Win
2919588,2,GEN,DNS,DNS,GEN,Red,Varus,1,1,1,False,Loss
2919588,2,GEN,DNS,DNS,GEN,Red,Xin Zhao,2,3,1,False,Loss
2919588,2,GEN,DNS,DNS,GEN,Red,Jarvan IV,3,5,1,False,Loss
2919588,2,GEN,DNS,DNS,GEN,Red,Gwen,4,8,2,False,Loss
2919588,2,GEN,DNS,DNS,GEN,Red,Trundle,5,10,2,False,Loss
2919589,1,T1,BRO,T1,BRO,Blue,Orianna,1,2,1,True,Win
2919589,1,T1,BRO,T1,BRO,Blue,Cassiopeia,2,4,1,True,Win
2919589,1,T1,BRO,T1,BRO,Blue,Karma,3,6,1,True,Win
2919589,1,T1,BRO,T1,BRO,Blue,Nautilus,4,7,2,True,Win
2919589,1,T1,BRO,T1,BRO,Blue,Lucian,5,9,2,True,Win
2919589,1,T1,BRO,BRO,T1,Red,Bard,1,1,1,False,Loss
2919589,1,T1,BRO,BRO,T1,Red,Varus,2,3,1,False,Loss
2919589,1,T1,BRO,BRO,T1,Red,Anivia,3,5,1,False,Loss
2919589,1,T1,BRO,BRO,T1,Red,K'Sante,4,8,2,False,Loss
2919589,1,T1,BRO,BRO,T1,Red,Ambessa,5,10,2,False,Loss
2919589,2,T1,BRO,T1,BRO,Blue,Orianna,1,2,1,True,Win
2919589,2,T1,BRO,T1,BRO,Blue,Karma,2,4,1,True,Win
2919589,2,T1,BRO,T1,BRO,Blue,Cassiopeia,3,6,1,True,Win
2919589,2,T1,BRO,T1,BRO,Blue,Akali,4,7,2,True,Win
2919589,2,T1,BRO,T1,BRO,Blue,Annie,5,9,2,True,Win
2919589,2,T1,BRO,BRO,T1,Red,Bard,1,1,1,False,Loss
2919589,2,T1,BRO,BRO,T1,Red,Varus,2,3,1,False,Loss
2919589,2,T1,BRO,BRO,T1,Red,Lulu,3,5,1,False,Loss
2919589,2,T1,BRO,BRO,T1,Red,K'Sante,4,8,2,False,Loss
2919589,2,T1,BRO,BRO,T1,Red,Taliyah,5,10,2,False,Loss
2919590,1,GEN,HLE,GEN,HLE,Blue,Orianna,1,2,1,False,Loss
2919590,1,GEN,HLE,GEN,HLE,Blue,Cassiopeia,2,4,1,False,Loss
2919590,1,GEN,HLE,GEN,HLE,Blue,Ryze,3,6,1,False,Loss
2919590,1,GEN,HLE,GEN,HLE,Blue,Jayce,4,7,2,False,Loss
2919590,1,GEN,HLE,GEN,HLE,Blue,Rumble,5,9,2,False,Loss
2919590,1,GEN,HLE,HLE,GEN,Red,Varus,1,1,1,True,Win
2919590,1,GEN,HLE,HLE,GEN,Red,Ezreal,2,3,1,True,Win
2919590,1,GEN,HLE,HLE,GEN,Red,Anivia,3,5,1,True,Win
2919590,1,GEN,HLE,HLE,GEN,Red,Lee Sin,4,8,2,True,Win
2919590,1,GEN,HLE,HLE,GEN,Red,Vayne,5,10,2,True,Win
2919590,2,GEN,HLE,GEN,HLE,Blue,Jayce,1,2,1,True,Win
2919590,2,GEN,HLE,GEN,HLE,Blue,Nocturne,2,4,1,True,Win
2919590,2,GEN,HLE,GEN,HLE,Blue,Cassiopeia,3,6,1,True,Win
2919590,2,GEN,HLE,GEN,HLE,Blue,Ashe,4,7,2,True,Win
2919590,2,GEN,HLE,GEN,HLE,Blue,Nautilus,5,9,2,True,Win
2919590,2,GEN,HLE,HLE,GEN,Red,Varus,1,1,1,False,Loss
2919590,2,GEN,HLE,HLE,GEN,Red,Anivia,2,3,1,False,Loss
2919590,2,GEN,HLE,HLE,GEN,Red,Orianna,3,5,1,False,Loss
2919590,2,GEN,HLE,HLE,GEN,Red,Ambessa,4,8,2,False,Loss
2919590,2,GEN,HLE,HLE,GEN,Red,Taliyah,5,10,2,False,Loss
2919590,3,GEN,HLE,GEN,HLE,Blue,Jayce,1,2,1,True,Win
2919590,3,GEN,HLE,GEN,HLE,Blue,Ashe,2,4,1,True,Win
2919590,3,GEN,HLE,GEN,HLE,Blue,Cassiopeia,3,6,1,True,Win
2919590,3,GEN,HLE,GEN,HLE,Blue,Poppy,4,7,2,True,Win
2919590,3,GEN,HLE,GEN,HLE,Blue,Miss Fortune,5,9,2,True,Win
2919590,3,GEN,HLE,HLE,GEN,Red,Varus,1,1,1,False,Loss
2919590,3,GEN,HLE,HLE,GEN,Red,Ezreal,2,3,1,False,Loss
2919590,3,GEN,HLE,HLE,GEN,Red,Skarner,3,5,1,False,Loss
2919590,3,GEN,HLE,HLE,GEN,Red,Lulu,4,8,2,False,Loss
2919590,3,GEN,HLE,HLE,GEN,Red,Corki,5,10,2,False,Loss
2919591,1,BFX,KRX,BFX,KRX,Blue,Orianna,1,2,1,True,Win
2919591,1,BFX,KRX,BFX,KRX,Blue,Cassiopeia,2,4,1,True,Win
2919591,1,BFX,KRX,BFX,KRX,Blue,Karma,3,6,1,True,Win
2919591,1,BFX,KRX,BFX,KRX,Blue,Nautilus,4,7,2,True,Win
2919591,1,BFX,KRX,BFX,KRX,Blue,Bard,5,9,2,True,Win
2919591,1,BFX,KRX,KRX,BFX,Red,Ezreal,1,1,1,False,Loss
2919591,1,BFX,KRX,KRX,BFX,Red,Ashe,2,3,1,False,Loss
2919591,1,BFX,KRX,KRX,BFX,Red,Varus,3,5,1,False,Loss
2919591,1,BFX,KRX,KRX,BFX,Red,Lucian,4,8,2,False,Loss
2919591,1,BFX,KRX,KRX,BFX,Red,Yunara,5,10,2,False,Loss
2919591,2,BFX,KRX,BFX,KRX,Blue,Orianna,1,2,1,False,Loss
2919591,2,BFX,KRX,BFX,KRX,Blue,Cassiopeia,2,4,1,False,Loss
2919591,2,BFX,KRX,BFX,KRX,Blue,Xin Zhao,3,6,1,False,Loss
2919591,2,BFX,KRX,BFX,KRX,Blue,Wukong,4,7,2,False,Loss
2919591,2,BFX,KRX,BFX,KRX,Blue,Vi,5,9,2,False,Loss
2919591,2,BFX,KRX,KRX,BFX,Red,Ashe,1,1,1,True,Win
2919591,2,BFX,KRX,KRX,BFX,Red,Varus,2,3,1,True,Win
2919591,2,BFX,KRX,KRX,BFX,Red,Jayce,3,5,1,True,Win
2919591,2,BFX,KRX,KRX,BFX,Red,Renekton,4,8,2,True,Win
2919591,2,BFX,KRX,KRX,BFX,Red,Ahri,5,10,2,True,Win
2919591,3,KRX,BFX,KRX,BFX,Blue,Ashe,1,2,1,False,Loss
2919591,3,KRX,BFX,KRX,BFX,Blue,Orianna,2,4,1,False,Loss
2919591,3,KRX,BFX,KRX,BFX,Blue,Cassiopeia,3,6,1,False,Loss
2919591,3,KRX,BFX,KRX,BFX,Blue,Sion,4,7,2,False,Loss
2919591,3,KRX,BFX,KRX,BFX,Blue,Jayce,5,9,2,False,Loss
2919591,3,KRX,BFX,BFX,KRX,Red,Varus,1,1,1,True,Win
2919591,3,KRX,BFX,BFX,KRX,Red,Vi,2,3,1,True,Win
2919591,3,KRX,BFX,BFX,KRX,Red,Akali,3,5,1,True,Win
2919591,3,KRX,BFX,BFX,KRX,Red,Wukong,4,8,2,True,Win
2919591,3,KRX,BFX,BFX,KRX,Red,Nocturne,5,10,2,True,Win
2925595,1,TTS,ATA,TTS,ATA,Blue,Kindred,1,1,1,False,Loss
2925595,1,TTS,ATA,TTS,ATA,Blue,Ashe,2,3,1,False,Loss
2925595,1,TTS,ATA,TTS,ATA,Blue,Karma,3,5,1,False,Loss
2925595,1,TTS,ATA,TTS,ATA,Blue,Gwen,4,8,2,False,Loss
2925595,1,TTS,ATA,TTS,ATA,Blue,Camille,5,10,2,False,Loss
2925595,1,TTS,ATA,ATA,TTS,Red,Urgot,1,2,1,True,Win
2925595,1,TTS,ATA,ATA,TTS,Red,Nautilus,2,4,1,True,Win
2925595,1,TTS,ATA,ATA,TTS,Red,Orianna,3,6,1,True,Win
2925595,1,TTS,ATA,ATA,TTS,Red,Jarvan IV,4,7,2,True,Win
2925595,1,TTS,ATA,ATA,TTS,Red,Lee Sin,5,9,2,True,Win
2925595,2,TTS,ATA,TTS,ATA,Blue,Kindred,1,1,1,False,Loss
2925595,2,TTS,ATA,TTS,ATA,Blue,Ashe,2,3,1,False,Loss
2925595,2,TTS,ATA,TTS,ATA,Blue,Karma,3,5,1,False,Loss
2925595,2,TTS,ATA,TTS,ATA,Blue,Camille,4,8,2,False,Loss
2925595,2,TTS,ATA,TTS,ATA,Blue,Skarner,5,10,2,False,Loss
2925595,2,TTS,ATA,ATA,TTS,Red,Urgot,1,2,1,True,Win
2925595,2,TTS,ATA,ATA,TTS,Red,Nautilus,2,4,1,True,Win
2925595,2,TTS,ATA,ATA,TTS,Red,Orianna,3,6,1,True,Win
2925595,2,TTS,ATA,ATA,TTS,Red,Nocturne,4,7,2,True,Win
2925595,2,TTS,ATA,ATA,TTS,Red,Ornn,5,9,2,True,Win
2925595,3,TTS,ATA,TTS,ATA,Blue,Kindred,1,1,1,False,Loss
2925595,3,TTS,ATA,TTS,ATA,Blue,Ashe,2,3,1,False,Loss
2925595,3,TTS,ATA,TTS,ATA,Blue,Camille,3,5,1,False,Loss
2925595,3,TTS,ATA,TTS,ATA,Blue,Syndra,4,8,2,False,Loss
2925595,3,TTS,ATA,TTS,ATA,Blue,Akali,5,10,2,False,Loss
2925595,3,TTS,ATA,ATA,TTS,Red,Urgot,1,2,1,True,Win
2925595,3,TTS,ATA,ATA,TTS,Red,Orianna,2,4,1,True,Win
2925595,3,TTS,ATA,ATA,TTS,Red,Karma,3,6,1,True,Win
2925595,3,TTS,ATA,ATA,TTS,Red,Viktor,4,7,2,True,Win
2925595,3,TTS,ATA,ATA,TTS,Red,LeBlanc,5,9,2,True,Win
2925596,1,ZENA,ATA,ZENA,ATA,Blue,Karma,1,1,1,True,Win
2925596,1,ZENA,ATA,ZENA,ATA,Blue,Seraphine,2,3,1,True,Win
2925596,1,ZENA,ATA,ZENA,ATA,Blue,Kindred,3,5,1,True,Win
2925596,1,ZENA,ATA,ZENA,ATA,Blue,Yone,4,8,2,True,Win
2925596,1,ZENA,ATA,ZENA,ATA,Blue,Syndra,5,10,2,True,Win
2925596,1,ZENA,ATA,ATA,ZENA,Red,Nautilus,1,2,1,False,Loss
2925596,1,ZENA,ATA,ATA,ZENA,Red,Gwen,2,4,1,False,Loss
2925596,1,ZENA,ATA,ATA,ZENA,Red,Orianna,3,6,1,False,Loss
2925596,1,ZENA,ATA,ATA,ZENA,Red,Gnar,4,7,2,False,Loss
2925596,1,ZENA,ATA,ATA,ZENA,Red,Azir,5,9,2,False,Loss
2925596,2,ATA,ZENA,ATA,ZENA,Blue,Orianna,1,1,1,False,Loss
2925596,2,ATA,ZENA,ATA,ZENA,Blue,Nautilus,2,3,1,False,Loss
2925596,2,ATA,ZENA,ATA,ZENA,Blue,Gwen,3,5,1,False,Loss
2925596,2,ATA,ZENA,ATA,ZENA,Blue,Gnar,4,8,2,False,Loss
2925596,2,ATA,ZENA,ATA,ZENA,Blue,Aurora,5,10,2,False,Loss
2925596,2,ATA,ZENA,ZENA,ATA,Red,Karma,1,2,1,True,Win
2925596,2,ATA,ZENA,ZENA,ATA,Red,Kindred,2,4,1,True,Win
2925596,2,ATA,ZENA,ZENA,ATA,Red,Ryze,3,6,1,True,Win
2925596,2,ATA,ZENA,ZENA,ATA,Red,Azir,4,7,2,True,Win
2925596,2,ATA,ZENA,ZENA,ATA,Red,Zaahen,5,9,2,True,Win
2925596,3,ATA,ZENA,ATA,ZENA,Blue,Karma,1,1,1,False,Loss
2925596,3,ATA,ZENA,ATA,ZENA,Blue,Orianna,2,3,1,False,Loss
2925596,3,ATA,ZENA,ATA,ZENA,Blue,Azir,3,5,1,False,Loss
2925596,3,ATA,ZENA,ATA,ZENA,Blue,Lee Sin,4,8,2,False,Loss
2925596,3,ATA,ZENA,ATA,ZENA,Blue,Nocturne,5,10,2,False,Loss
2925596,3,ATA,ZENA,ZENA,ATA,Red,Ryze,1,2,1,True,Win
2925596,3,ATA,ZENA,ZENA,ATA,Red,Kindred,2,4,1,True,Win
2925596,3,ATA,ZENA,ZENA,ATA,Red,Yone,3,6,1,True,Win
2925596,3,ATA,ZENA,ZENA,ATA,Red,Aatrox,4,7,2,True,Win
2925596,3,ATA,ZENA,ZENA,ATA,Red,Zaahen,5,9,2,True,Win
2925598,1,HMB,CG,HMB,CG,Blue,Akali,1,1,1,True,Win
2925598,1,HMB,CG,HMB,CG,Blue,Orianna,2,3,1,True,Win
2925598,1,HMB,CG,HMB,CG,Blue,Ezreal,3,5,1,True,Win
2925598,1,HMB,CG,HMB,CG,Blue,Syndra,4,8,2,True,Win
2925598,1,HMB,CG,HMB,CG,Blue,Aurora,5,10,2,True,Win
2925598,1,HMB,CG,CG,HMB,Red,Xin Zhao,1,2,1,False,Loss
2925598,1,HMB,CG,CG,HMB,Red,Pantheon,2,4,1,False,Loss
2925598,1,HMB,CG,CG,HMB,Red,Lulu,3,6,1,False,Loss
2925598,1,HMB,CG,CG,HMB,Red,Aatrox,4,7,2,False,Loss
2925598,1,HMB,CG,CG,HMB,Red,Gnar,5,9,2,False,Loss
2925598,2,HMB,CG,HMB,CG,Blue,Akali,1,1,1,True,Win
2925598,2,HMB,CG,HMB,CG,Blue,Orianna,2,3,1,True,Win
2925598,2,HMB,CG,HMB,CG,Blue,Nautilus,3,5,1,True,Win
2925598,2,HMB,CG,HMB,CG,Blue,Yorick,4,8,2,True,Win
2925598,2,HMB,CG,HMB,CG,Blue,Malphite,5,10,2,True,Win
2925598,2,HMB,CG,CG,HMB,Red,Rumble,1,2,1,False,Loss
2925598,2,HMB,CG,CG,HMB,Red,Xin Zhao,2,4,1,False,Loss
2925598,2,HMB,CG,CG,HMB,Red,Pantheon,3,6,1,False,Loss
2925598,2,HMB,CG,CG,HMB,Red,Mel,4,7,2,False,Loss
2925598,2,HMB,CG,CG,HMB,Red,Jayce,5,9,2,False,Loss
2925598,3,HMB,CG,HMB,CG,Blue,Akali,1,1,1,True,Win
2925598,3,HMB,CG,HMB,CG,Blue,Orianna,2,3,1,True,Win
2925598,3,HMB,CG,HMB,CG,Blue,Hecarim,3,5,1,True,Win
2925598,3,HMB,CG,HMB,CG,Blue,Naafiri,4,8,2,True,Win
2925598,3,HMB,CG,HMB,CG,Blue,Syndra,5,10,2,True,Win
2925598,3,HMB,CG,CG,HMB,Red,Rumble,1,2,1,False,Loss
2925598,3,HMB,CG,CG,HMB,Red,Pantheon,2,4,1,False,Loss
2925598,3,HMB,CG,CG,HMB,Red,Ashe,3,6,1,False,Loss
2925598,3,HMB,CG,CG,HMB,Red,Taliyah,4,7,2,False,Loss
2925598,3,HMB,CG,CG,HMB,Red,Galio,5,9,2,False,Loss
2925601,1,GMB,ZENA,GMB,ZENA,Blue,Zaahen,1,1,1,False,Loss
2925601,1,GMB,ZENA,GMB,ZENA,Blue,Karma,2,3,1,False,Loss
2925601,1,GMB,ZENA,GMB,ZENA,Blue,Jarvan IV,3,5,1,False,Loss
2925601,1,GMB,ZENA,GMB,ZENA,Blue,Taliyah,4,8,2,False,Loss
2925601,1,GMB,ZENA,GMB,ZENA,Blue,Ahri,5,10,2,False,Loss
2925601,1,GMB,ZENA,ZENA,GMB,Red,Smolder,1,2,1,True,Win
2925601,1,GMB,ZENA,ZENA,GMB,Red,Senna,2,4,1,True,Win
2925601,1,GMB,ZENA,ZENA,GMB,Red,Orianna,3,6,1,True,Win
2925601,1,GMB,ZENA,ZENA,GMB,Red,Jax,4,7,2,True,Win
2925601,1,GMB,ZENA,ZENA,GMB,Red,Darius,5,9,2,True,Win
2925601,2,GMB,ZENA,GMB,ZENA,Blue,Zaahen,1,1,1,True,Win
2925601,2,GMB,ZENA,GMB,ZENA,Blue,Sion,2,3,1,True,Win
2925601,2,GMB,ZENA,GMB,ZENA,Blue,Varus,3,5,1,True,Win
2925601,2,GMB,ZENA,GMB,ZENA,Blue,Taliyah,4,8,2,True,Win
2925601,2,GMB,ZENA,GMB,ZENA,Blue,Syndra,5,10,2,True,Win
2925601,2,GMB,ZENA,ZENA,GMB,Red,Senna,1,2,1,False,Loss
2925601,2,GMB,ZENA,ZENA,GMB,Red,Orianna,2,4,1,False,Loss
2925601,2,GMB,ZENA,ZENA,GMB,Red,Smolder,3,6,1,False,Loss
2925601,2,GMB,ZENA,ZENA,GMB,Red,Jax,4,7,2,False,Loss
2925601,2,GMB,ZENA,ZENA,GMB,Red,Ahri,5,9,2,False,Loss
2925601,3,ZENA,GMB,ZENA,GMB,Blue,Orianna,1,1,1,True,Win
2925601,3,ZENA,GMB,ZENA,GMB,Blue,Senna,2,3,1,True,Win
2925601,3,ZENA,GMB,ZENA,GMB,Blue,Smolder,3,5,1,True,Win
2925601,3,ZENA,GMB,ZENA,GMB,Blue,Jax,4,8,2,True,Win
2925601,3,ZENA,GMB,ZENA,GMB,Blue,Annie,5,10,2,True,Win
2925601,3,ZENA,GMB,GMB,ZENA,Red,Zaahen,1,2,1,False,Loss
2925601,3,ZENA,GMB,GMB,ZENA,Red,Sion,2,4,1,False,Loss
2925601,3,ZENA,GMB,GMB,ZENA,Red,Corki,3,6,1,False,Loss
2925601,3,ZENA,GMB,GMB,ZENA,Red,Taliyah,4,7,2,False,Loss
2925601,3,ZENA,GMB,GMB,ZENA,Red,Ahri,5,9,2,False,Loss
2925601,4,GMB,ZENA,GMB,ZENA,Blue,Zaahen,1,1,1,True,Win
2925601,4,GMB,ZENA,GMB,ZENA,Blue,Sion,2,3,1,True,Win
2925601,4,GMB,ZENA,GMB,ZENA,Blue,Taliyah,3,5,1,True,Win
2925601,4,GMB,ZENA,GMB,ZENA,Blue,Syndra,4,8,2,True,Win
2925601,4,GMB,ZENA,GMB,ZENA,Blue,Hwei,5,10,2,True,Win
2925601,4,GMB,ZENA,ZENA,GMB,Red,Senna,1,2,1,False,Loss
2925601,4,GMB,ZENA,ZENA,GMB,Red,Orianna,2,4,1,False,Loss
2925601,4,GMB,ZENA,ZENA,GMB,Red,Smolder,3,6,1,False,Loss
2925601,4,GMB,ZENA,ZENA,GMB,Red,Jax,4,7,2,False,Loss
2925601,4,GMB,ZENA,ZENA,GMB,Red,Annie,5,9,2,False,Loss
2925601,5,ZENA,GMB,ZENA,GMB,Blue,Senna,1,1,1,False,Loss
2925601,5,ZENA,GMB,ZENA,GMB,Blue,Smolder,2,3,1,False,Loss
2925601,5,ZENA,GMB,ZENA,GMB,Blue,Orianna,3,5,1,False,Loss
2925601,5,ZENA,GMB,ZENA,GMB,Blue,Caitlyn,4,8,2,False,Loss
2925601,5,ZENA,GMB,ZENA,GMB,Blue,Jinx,5,10,2,False,Loss
2925601,5,ZENA,GMB,GMB,ZENA,Red,Zaahen,1,2,1,True,Win
2925601,5,ZENA,GMB,GMB,ZENA,Red,Vayne,2,4,1,True,Win
2925601,5,ZENA,GMB,GMB,ZENA,Red,Yone,3,6,1,True,Win
2925601,5,ZENA,GMB,GMB,ZENA,Red,Taliyah,4,7,2,True,Win
2925601,5,ZENA,GMB,GMB,ZENA,Red,Hwei,5,9,2,True,Win
2925603,1,EKO,GMB,EKO,GMB,Blue,Gwen,1,1,1,False,Loss
2925603,1,EKO,GMB,EKO,GMB,Blue,Ambessa,2,3,1,False,Loss
2925603,1,EKO,GMB,EKO,GMB,Blue,LeBlanc,3,5,1,False,Loss
2925603,1,EKO,GMB,EKO,GMB,Blue,Caitlyn,4,8,2,False,Loss
2925603,1,EKO,GMB,EKO,GMB,Blue,Karma,5,10,2,False,Loss
2925603,1,EKO,GMB,GMB,EKO,Red,Seraphine,1,2,1,True,Win
2925603,1,EKO,GMB,GMB,EKO,Red,Lissandra,2,4,1,True,Win
2925603,1,EKO,GMB,GMB,EKO,Red,Xin Zhao,3,6,1,True,Win
2925603,1,EKO,GMB,GMB,EKO,Red,Jarvan IV,4,7,2,True,Win
2925603,1,EKO,GMB,GMB,EKO,Red,Qiyana,5,9,2,True,Win
2925603,2,EKO,GMB,EKO,GMB,Blue,Ambessa,1,1,1,False,Loss
2925603,2,EKO,GMB,EKO,GMB,Blue,Pantheon,2,3,1,False,Loss
2925603,2,EKO,GMB,EKO,GMB,Blue,Caitlyn,3,5,1,False,Loss
2925603,2,EKO,GMB,EKO,GMB,Blue,LeBlanc,4,8,2,False,Loss
2925603,2,EKO,GMB,EKO,GMB,Blue,Aurora,5,10,2,False,Loss
2925603,2,EKO,GMB,GMB,EKO,Red,Seraphine,1,2,1,True,Win
2925603,2,EKO,GMB,GMB,EKO,Red,Lissandra,2,4,1,True,Win
2925603,2,EKO,GMB,GMB,EKO,Red,Qiyana,3,6,1,True,Win
2925603,2,EKO,GMB,GMB,EKO,Red,Jarvan IV,4,7,2,True,Win
2925603,2,EKO,GMB,GMB,EKO,Red,Naafiri,5,9,2,True,Win
2925603,3,EKO,GMB,EKO,GMB,Blue,Pantheon,1,1,1,False,Loss
2925603,3,EKO,GMB,EKO,GMB,Blue,Caitlyn,2,3,1,False,Loss
2925603,3,EKO,GMB,EKO,GMB,Blue,Vi,3,5,1,False,Loss
2925603,3,EKO,GMB,EKO,GMB,Blue,LeBlanc,4,8,2,False,Loss
2925603,3,EKO,GMB,EKO,GMB,Blue,Aurora,5,10,2,False,Loss
2925603,3,EKO,GMB,GMB,EKO,Red,Seraphine,1,2,1,True,Win
2925603,3,EKO,GMB,GMB,EKO,Red,Lissandra,2,4,1,True,Win
2925603,3,EKO,GMB,GMB,EKO,Red,Qiyana,3,6,1,True,Win
2925603,3,EKO,GMB,GMB,EKO,Red,Anivia,4,7,2,True,Win
2925603,3,EKO,GMB,GMB,EKO,Red,Galio,5,9,2,True,Win
2925622,1,CG,GMB,CG,GMB,Blue,Rumble,1,1,1,True,Win
2925622,1,CG,GMB,CG,GMB,Blue,Seraphine,2,3,1,True,Win
2925622,1,CG,GMB,CG,GMB,Blue,Jarvan IV,3,5,1,True,Win
2925622,1,CG,GMB,CG,GMB,Blue,Rakan,4,8,2,True,Win
2925622,1,CG,GMB,CG,GMB,Blue,Braum,5,10,2,True,Win
2925622,1,CG,GMB,GMB,CG,Red,Akali,1,2,1,False,Loss
2925622,1,CG,GMB,GMB,CG,Red,Zaahen,2,4,1,False,Loss
2925622,1,CG,GMB,GMB,CG,Red,Ezreal,3,6,1,False,Loss
2925622,1,CG,GMB,GMB,CG,Red,Nautilus,4,7,2,False,Loss
2925622,1,CG,GMB,GMB,CG,Red,Yorick,5,9,2,False,Loss
2925622,2,CG,GMB,CG,GMB,Blue,Rumble,1,1,1,False,Loss
2925622,2,CG,GMB,CG,GMB,Blue,Caitlyn,2,3,1,False,Loss
2925622,2,CG,GMB,CG,GMB,Blue,Seraphine,3,5,1,False,Loss
2925622,2,CG,GMB,CG,GMB,Blue,Aurora,4,8,2,False,Loss
2925622,2,CG,GMB,CG,GMB,Blue,Ahri,5,10,2,False,Loss
2925622,2,CG,GMB,GMB,CG,Red,Akali,1,2,1,True,Win
2925622,2,CG,GMB,GMB,CG,Red,Zaahen,2,4,1,True,Win
2925622,2,CG,GMB,GMB,CG,Red,Ezreal,3,6,1,True,Win
2925622,2,CG,GMB,GMB,CG,Red,Ekko,4,7,2,True,Win
2925622,2,CG,GMB,GMB,CG,Red,Taliyah,5,9,2,True,Win
2925622,3,CG,GMB,CG,GMB,Blue,Rumble,1,1,1,False,Loss
2925622,3,CG,GMB,CG,GMB,Blue,Seraphine,2,3,1,False,Loss
2925622,3,CG,GMB,CG,GMB,Blue,Pantheon,3,5,1,False,Loss
2925622,3,CG,GMB,CG,GMB,Blue,Ahri,4,8,2,False,Loss
2925622,3,CG,GMB,CG,GMB,Blue,Gwen,5,10,2,False,Loss
2925622,3,CG,GMB,GMB,CG,Red,Akali,1,2,1,True,Win
2925622,3,CG,GMB,GMB,CG,Red,Zaahen,2,4,1,True,Win
2925622,3,CG,GMB,GMB,CG,Red,Ezreal,3,6,1,True,Win
2925622,3,CG,GMB,GMB,CG,Red,Yorick,4,7,2,True,Win
2925622,3,CG,GMB,GMB,CG,Red,Sion,5,9,2,True,Win
2925622,4,CG,GMB,CG,GMB,Blue,Rumble,1,1,1,True,Win
2925622,4,CG,GMB,CG,GMB,Blue,Pantheon,2,3,1,True,Win
2925622,4,CG,GMB,CG,GMB,Blue,Caitlyn,3,5,1,True,Win
2925622,4,CG,GMB,CG,GMB,Blue,Lee Sin,4,8,2,True,Win
2925622,4,CG,GMB,CG,GMB,Blue,Ambessa,5,10,2,True,Win
2925622,4,CG,GMB,GMB,CG,Red,Akali,1,2,1,False,Loss
2925622,4,CG,GMB,GMB,CG,Red,Zaahen,2,4,1,False,Loss
2925622,4,CG,GMB,GMB,CG,Red,Ezreal,3,6,1,False,Loss
2925622,4,CG,GMB,GMB,CG,Red,Kayn,4,7,2,False,Loss
2925622,4,CG,GMB,GMB,CG,Red,Trundle,5,9,2,False,Loss
2925622,5,GMB,CG,GMB,CG,Blue,Zaahen,1,1,1,True,Win
2925622,5,GMB,CG,GMB,CG,Blue,Akali,2,3,1,True,Win
2925622,5,GMB,CG,GMB,CG,Blue,Ezreal,3,5,1,True,Win
2925622,5,GMB,CG,GMB,CG,Blue,Qiyana,4,8,2,True,Win
2925622,5,GMB,CG,GMB,CG,Blue,Taliyah,5,10,2,True,Win
2925622,5,GMB,CG,CG,GMB,Red,Rumble,1,2,1,False,Loss
2925622,5,GMB,CG,CG,GMB,Red,Pantheon,2,4,1,False,Loss
2925622,5,GMB,CG,CG,GMB,Red,Caitlyn,3,6,1,False,Loss
2925622,5,GMB,CG,CG,GMB,Red,Ornn,4,7,2,False,Loss
2925622,5,GMB,CG,CG,GMB,Red,Olaf,5,9,2,False,Loss
2906943,1,MISA,BIG,MISA,BIG,Blue,Cassiopeia,1,2,1,True,Win
2906943,1,MISA,BIG,MISA,BIG,Blue,Sion,2,4,1,True,Win
2906943,1,MISA,BIG,MISA,BIG,Blue,Rumble,3,6,1,True,Win
2906943,1,MISA,BIG,MISA,BIG,Blue,Orianna,4,7,2,True,Win
2906943,1,MISA,BIG,MISA,BIG,Blue,Taliyah,5,9,2,True,Win
2906943,1,MISA,BIG,BIG,MISA,Red,Vi,1,1,1,False,Loss
2906943,1,MISA,BIG,BIG,MISA,Red,Qiyana,2,3,1,False,Loss
2906943,1,MISA,BIG,BIG,MISA,Red,Aurora,3,5,1,False,Loss
2906943,1,MISA,BIG,BIG,MISA,Red,Naafiri,4,8,2,False,Loss
2906943,1,MISA,BIG,BIG,MISA,Red,Gnar,5,10,2,False,Loss
2906943,2,MISA,BIG,MISA,BIG,Blue,Rumble,1,2,1,True,Win
2906943,2,MISA,BIG,MISA,BIG,Blue,Ashe,2,4,1,True,Win
2906943,2,MISA,BIG,MISA,BIG,Blue,Orianna,3,6,1,True,Win
2906943,2,MISA,BIG,MISA,BIG,Blue,Karma,4,7,2,True,Win
2906943,2,MISA,BIG,MISA,BIG,Blue,Neeko,5,9,2,True,Win
2906943,2,MISA,BIG,BIG,MISA,Red,Vi,1,1,1,False,Loss
2906943,2,MISA,BIG,BIG,MISA,Red,Naafiri,2,3,1,False,Loss
2906943,2,MISA,BIG,BIG,MISA,Red,Aurora,3,5,1,False,Loss
2906943,2,MISA,BIG,BIG,MISA,Red,Gnar,4,8,2,False,Loss
2906943,2,MISA,BIG,BIG,MISA,Red,Pantheon,5,10,2,False,Loss
2906952,1,BW,UCAM,BW,UCAM,Blue,Pyke,1,2,1,False,Loss
2906952,1,BW,UCAM,BW,UCAM,Blue,Orianna,2,4,1,False,Loss
2906952,1,BW,UCAM,BW,UCAM,Blue,Rumble,3,6,1,False,Loss
2906952,1,BW,UCAM,BW,UCAM,Blue,Kai'Sa,4,7,2,False,Loss
2906952,1,BW,UCAM,BW,UCAM,Blue,Rakan,5,9,2,False,Loss
2906952,1,BW,UCAM,UCAM,BW,Red,Akali,1,1,1,True,Win
2906952,1,BW,UCAM,UCAM,BW,Red,Dr. Mundo,2,3,1,True,Win
2906952,1,BW,UCAM,UCAM,BW,Red,Corki,3,5,1,True,Win
2906952,1,BW,UCAM,UCAM,BW,Red,Jax,4,8,2,True,Win
2906952,1,BW,UCAM,UCAM,BW,Red,Braum,5,10,2,True,Win
2906952,2,UCAM,BW,UCAM,BW,Blue,Dr. Mundo,1,2,1,True,Win
2906952,2,UCAM,BW,UCAM,BW,Blue,Azir,2,4,1,True,Win
2906952,2,UCAM,BW,UCAM,BW,Blue,Orianna,3,6,1,True,Win
2906952,2,UCAM,BW,UCAM,BW,Blue,LeBlanc,4,7,2,True,Win
2906952,2,UCAM,BW,UCAM,BW,Blue,Vi,5,9,2,True,Win
2906952,2,UCAM,BW,BW,UCAM,Red,Pyke,1,1,1,False,Loss
2906952,2,UCAM,BW,BW,UCAM,Red,Jarvan IV,2,3,1,False,Loss
2906952,2,UCAM,BW,BW,UCAM,Red,Galio,3,5,1,False,Loss
2906952,2,UCAM,BW,BW,UCAM,Red,Rakan,4,8,2,False,Loss
2906952,2,UCAM,BW,BW,UCAM,Red,Rell,5,10,2,False,Loss
2906965,1,UCAM,GL,UCAM,GL,Blue,Yunara,1,1,1,False,Loss
2906965,1,UCAM,GL,UCAM,GL,Blue,Corki,2,3,1,False,Loss
2906965,1,UCAM,GL,UCAM,GL,Blue,Renekton,3,5,1,False,Loss
2906965,1,UCAM,GL,UCAM,GL,Blue,Bard,4,8,2,False,Loss
2906965,1,UCAM,GL,UCAM,GL,Blue,Karma,5,10,2,False,Loss
2906965,1,UCAM,GL,GL,UCAM,Red,Orianna,1,2,1,True,Win
2906965,1,UCAM,GL,GL,UCAM,Red,Nocturne,2,4,1,True,Win
2906965,1,UCAM,GL,GL,UCAM,Red,Jarvan IV,3,6,1,True,Win
2906965,1,UCAM,GL,GL,UCAM,Red,Ezreal,4,7,2,True,Win
2906965,1,UCAM,GL,GL,UCAM,Red,Nautilus,5,9,2,True,Win
2906965,2,GL,UCAM,GL,UCAM,Blue,Rumble,1,1,1,True,Win
2906965,2,GL,UCAM,GL,UCAM,Blue,Nocturne,2,3,1,True,Win
2906965,2,GL,UCAM,GL,UCAM,Blue,Wukong,3,5,1,True,Win
2906965,2,GL,UCAM,GL,UCAM,Blue,Gnar,4,8,2,True,Win
2906965,2,GL,UCAM,GL,UCAM,Blue,Nautilus,5,10,2,True,Win
2906965,2,GL,UCAM,UCAM,GL,Red,Aurora,1,2,1,False,Loss
2906965,2,GL,UCAM,UCAM,GL,Red,Akali,2,4,1,False,Loss
2906965,2,GL,UCAM,UCAM,GL,Red,Jarvan IV,3,6,1,False,Loss
2906965,2,GL,UCAM,UCAM,GL,Red,Nami,4,7,2,False,Loss
2906965,2,GL,UCAM,UCAM,GL,Red,Aphelios,5,9,2,False,Loss
2906973,1,BW,UCAM,BW,UCAM,Blue,Nocturne,1,1,1,False,Loss
2906973,1,BW,UCAM,BW,UCAM,Blue,Jarvan IV,2,3,1,False,Loss
2906973,1,BW,UCAM,BW,UCAM,Blue,Galio,3,5,1,False,Loss
2906973,1,BW,UCAM,BW,UCAM,Blue,Azir,4,8,2,False,Loss
2906973,1,BW,UCAM,BW,UCAM,Blue,Ahri,5,10,2,False,Loss
2906973,1,BW,UCAM,UCAM,BW,Red,Caitlyn,1,2,1,True,Win
2906973,1,BW,UCAM,UCAM,BW,Red,Corki,2,4,1,True,Win
2906973,1,BW,UCAM,UCAM,BW,Red,Orianna,3,6,1,True,Win
2906973,1,BW,UCAM,UCAM,BW,Red,Kai'Sa,4,7,2,True,Win
2906973,1,BW,UCAM,UCAM,BW,Red,Xayah,5,9,2,True,Win
2906973,2,UCAM,BW,UCAM,BW,Blue,Akali,1,1,1,True,Win
2906973,2,UCAM,BW,UCAM,BW,Blue,Caitlyn,2,3,1,True,Win
2906973,2,UCAM,BW,UCAM,BW,Blue,Karma,3,5,1,True,Win
2906973,2,UCAM,BW,UCAM,BW,Blue,Sivir,4,8,2,True,Win
2906973,2,UCAM,BW,UCAM,BW,Blue,Ashe,5,10,2,True,Win
2906973,2,UCAM,BW,BW,UCAM,Red,Nocturne,1,2,1,False,Loss
2906973,2,UCAM,BW,BW,UCAM,Red,Ezreal,2,4,1,False,Loss
2906973,2,UCAM,BW,BW,UCAM,Red,Kai'Sa,3,6,1,False,Loss
2906973,2,UCAM,BW,BW,UCAM,Red,Jax,4,7,2,False,Loss
2906973,2,UCAM,BW,BW,UCAM,Red,Camille,5,9,2,False,Loss
2906988,1,UCAM,GL,UCAM,GL,Blue,Neeko,1,1,1,False,Loss
2906988,1,UCAM,GL,UCAM,GL,Blue,Ryze,2,3,1,False,Loss
2906988,1,UCAM,GL,UCAM,GL,Blue,Renekton,3,5,1,False,Loss
2906988,1,UCAM,GL,UCAM,GL,Blue,Braum,4,8,2,False,Loss
2906988,1,UCAM,GL,UCAM,GL,Blue,Alistar,5,10,2,False,Loss
2906988,1,UCAM,GL,GL,UCAM,Red,Nocturne,1,2,1,True,Win
2906988,1,UCAM,GL,GL,UCAM,Red,Jarvan IV,2,4,1,True,Win
2906988,1,UCAM,GL,GL,UCAM,Red,Orianna,3,6,1,True,Win
2906988,1,UCAM,GL,GL,UCAM,Red,Galio,4,7,2,True,Win
2906988,1,UCAM,GL,GL,UCAM,Red,Nami,5,9,2,True,Win
2906988,2,GL,UCAM,GL,UCAM,Blue,Nocturne,1,1,1,False,Loss
2906988,2,GL,UCAM,GL,UCAM,Blue,Rumble,2,3,1,False,Loss
2906988,2,GL,UCAM,GL,UCAM,Blue,Jarvan IV,3,5,1,False,Loss
2906988,2,GL,UCAM,GL,UCAM,Blue,Lulu,4,8,2,False,Loss
2906988,2,GL,UCAM,GL,UCAM,Blue,Xayah,5,10,2,False,Loss
2906988,2,GL,UCAM,UCAM,GL,Red,Neeko,1,2,1,True,Win
2906988,2,GL,UCAM,UCAM,GL,Red,Ryze,2,4,1,True,Win
2906988,2,GL,UCAM,UCAM,GL,Red,Orianna,3,6,1,True,Win
2906988,2,GL,UCAM,UCAM,GL,Red,Ashe,4,7,2,True,Win
2906988,2,GL,UCAM,UCAM,GL,Red,Karma,5,9,2,True,Win
2906988,3,UCAM,GL,UCAM,GL,Blue,Neeko,1,1,1,False,Loss
2906988,3,UCAM,GL,UCAM,GL,Blue,Akali,2,3,1,False,Loss
2906988,3,UCAM,GL,UCAM,GL,Blue,Gwen,3,5,1,False,Loss
2906988,3,UCAM,GL,UCAM,GL,Blue,Karma,4,8,2,False,Loss
2906988,3,UCAM,GL,UCAM,GL,Blue,Caitlyn,5,10,2,False,Loss
2906988,3,UCAM,GL,GL,UCAM,Red,Nocturne,1,2,1,True,Win
2906988,3,UCAM,GL,GL,UCAM,Red,Orianna,2,4,1,True,Win
2906988,3,UCAM,GL,GL,UCAM,Red,Ezreal,3,6,1,True,Win
2906988,3,UCAM,GL,GL,UCAM,Red,Rell,4,7,2,True,Win
2906988,3,UCAM,GL,GL,UCAM,Red,Ashe,5,9,2,True,Win
2906999,1,MISA,FK,MISA,FK,Blue,Dr. Mundo,1,1,1,False,Loss
2906999,1,MISA,FK,MISA,FK,Blue,Varus,2,3,1,False,Loss
2906999,1,MISA,FK,MISA,FK,Blue,Orianna,3,5,1,False,Loss
2906999,1,MISA,FK,MISA,FK,Blue,Ryze,4,8,2,False,Loss
2906999,1,MISA,FK,MISA,FK,Blue,Aurora,5,10,2,False,Loss
2906999,1,MISA,FK,FK,MISA,Red,Rumble,1,2,1,True,Win
2906999,1,MISA,FK,FK,MISA,Red,Yunara,2,4,1,True,Win
2906999,1,MISA,FK,FK,MISA,Red,Nautilus,3,6,1,True,Win
2906999,1,MISA,FK,FK,MISA,Red,Sion,4,7,2,True,Win
2906999,1,MISA,FK,FK,MISA,Red,Xin Zhao,5,9,2,True,Win
2906999,2,MISA,FK,MISA,FK,Blue,Dr. Mundo,1,1,1,False,Loss
2906999,2,MISA,FK,MISA,FK,Blue,Varus,2,3,1,False,Loss
2906999,2,MISA,FK,MISA,FK,Blue,Orianna,3,5,1,False,Loss
2906999,2,MISA,FK,MISA,FK,Blue,Pyke,4,8,2,False,Loss
2906999,2,MISA,FK,MISA,FK,Blue,Ornn,5,10,2,False,Loss
2906999,2,MISA,FK,FK,MISA,Red,Rumble,1,2,1,True,Win
2906999,2,MISA,FK,FK,MISA,Red,Yunara,2,4,1,True,Win
2906999,2,MISA,FK,FK,MISA,Red,Nautilus,3,6,1,True,Win
2906999,2,MISA,FK,FK,MISA,Red,Sion,4,7,2,True,Win
2906999,2,MISA,FK,FK,MISA,Red,Xin Zhao,5,9,2,True,Win
2907007,1,MISA,HRTS,MISA,HRTS,Blue,Varus,1,1,1,True,Win
2907007,1,MISA,HRTS,MISA,HRTS,Blue,Azir,2,3,1,True,Win
2907007,1,MISA,HRTS,MISA,HRTS,Blue,Jarvan IV,3,5,1,True,Win
2907007,1,MISA,HRTS,MISA,HRTS,Blue,Taliyah,4,8,2,True,Win
2907007,1,MISA,HRTS,MISA,HRTS,Blue,Ahri,5,10,2,True,Win
2907007,1,MISA,HRTS,HRTS,MISA,Red,Vi,1,2,1,False,Loss
2907007,1,MISA,HRTS,HRTS,MISA,Red,Nautilus,2,4,1,False,Loss
2907007,1,MISA,HRTS,HRTS,MISA,Red,Orianna,3,6,1,False,Loss
2907007,1,MISA,HRTS,HRTS,MISA,Red,Dr. Mundo,4,7,2,False,Loss
2907007,1,MISA,HRTS,HRTS,MISA,Red,Xin Zhao,5,9,2,False,Loss
2907007,2,MISA,HRTS,MISA,HRTS,Blue,Jarvan IV,1,1,1,True,Win
2907007,2,MISA,HRTS,MISA,HRTS,Blue,Varus,2,3,1,True,Win
2907007,2,MISA,HRTS,MISA,HRTS,Blue,Dr. Mundo,3,5,1,True,Win
2907007,2,MISA,HRTS,MISA,HRTS,Blue,Pyke,4,8,2,True,Win
2907007,2,MISA,HRTS,MISA,HRTS,Blue,Nautilus,5,10,2,True,Win
2907007,2,MISA,HRTS,HRTS,MISA,Red,Orianna,1,2,1,False,Loss
2907007,2,MISA,HRTS,HRTS,MISA,Red,Rumble,2,4,1,False,Loss
2907007,2,MISA,HRTS,HRTS,MISA,Red,Vi,3,6,1,False,Loss
2907007,2,MISA,HRTS,HRTS,MISA,Red,Mel,4,7,2,False,Loss
2907007,2,MISA,HRTS,HRTS,MISA,Red,Syndra,5,9,2,False,Loss
2907011,1,KCB,MISA,KCB,MISA,Blue,Azir,1,1,1,False,Loss
2907011,1,KCB,MISA,KCB,MISA,Blue,Yunara,2,3,1,False,Loss
2907011,1,KCB,MISA,KCB,MISA,Blue,Ezreal,3,5,1,False,Loss
2907011,1,KCB,MISA,KCB,MISA,Blue,Sion,4,8,2,False,Loss
2907011,1,KCB,MISA,KCB,MISA,Blue,Ornn,5,10,2,False,Loss
2907011,1,KCB,MISA,MISA,KCB,Red,Orianna,1,2,1,True,Win
2907011,1,KCB,MISA,MISA,KCB,Red,Jarvan IV,2,4,1,True,Win
2907011,1,KCB,MISA,MISA,KCB,Red,Ashe,3,6,1,True,Win
2907011,1,KCB,MISA,MISA,KCB,Red,Bard,4,7,2,True,Win
2907011,1,KCB,MISA,MISA,KCB,Red,Jhin,5,9,2,True,Win
2907011,2,MISA,KCB,MISA,KCB,Blue,Orianna,1,2,1,True,Win
2907011,2,MISA,KCB,MISA,KCB,Blue,Jarvan IV,2,4,1,True,Win
2907011,2,MISA,KCB,MISA,KCB,Blue,Ashe,3,6,1,True,Win
2907011,2,MISA,KCB,MISA,KCB,Blue,Mel,4,7,2,True,Win
2907011,2,MISA,KCB,MISA,KCB,Blue,Akali,5,9,2,True,Win
2907011,2,MISA,KCB,KCB,MISA,Red,Azir,1,1,1,False,Loss
2907011,2,MISA,KCB,KCB,MISA,Red,Yunara,2,3,1,False,Loss
2907011,2,MISA,KCB,KCB,MISA,Red,Ezreal,3,5,1,False,Loss
2907011,2,MISA,KCB,KCB,MISA,Red,Sion,4,8,2,False,Loss
2907011,2,MISA,KCB,KCB,MISA,Red,Ornn,5,10,2,False,Loss
2907013,1,MISA,USE,MISA,USE,Blue,Orianna,1,2,1,True,Win
2907013,1,MISA,USE,MISA,USE,Blue,Karma,2,4,1,True,Win
2907013,1,MISA,USE,MISA,USE,Blue,Rumble,3,6,1,True,Win
2907013,1,MISA,USE,MISA,USE,Blue,Cassiopeia,4,7,2,True,Win
2907013,1,MISA,USE,MISA,USE,Blue,Anivia,5,9,2,True,Win
2907013,1,MISA,USE,USE,MISA,Red,Varus,1,1,1,False,Loss
2907013,1,MISA,USE,USE,MISA,Red,Nautilus,2,3,1,False,Loss
2907013,1,MISA,USE,USE,MISA,Red,Ashe,3,5,1,False,Loss
2907013,1,MISA,USE,USE,MISA,Red,Vi,4,8,2,False,Loss
2907013,1,MISA,USE,USE,MISA,Red,Pantheon,5,10,2,False,Loss
2907013,2,MISA,USE,MISA,USE,Blue,Nautilus,1,1,1,True,Win
2907013,2,MISA,USE,MISA,USE,Blue,Pantheon,2,3,1,True,Win
2907013,2,MISA,USE,MISA,USE,Blue,Varus,3,5,1,True,Win
2907013,2,MISA,USE,MISA,USE,Blue,Aurora,4,8,2,True,Win
2907013,2,MISA,USE,MISA,USE,Blue,Mel,5,10,2,True,Win
2907013,2,MISA,USE,USE,MISA,Red,Orianna,1,2,1,False,Loss
2907013,2,MISA,USE,USE,MISA,Red,Rumble,2,4,1,False,Loss
2907013,2,MISA,USE,USE,MISA,Red,Azir,3,6,1,False,Loss
2907013,2,MISA,USE,USE,MISA,Red,Renekton,4,7,2,False,Loss
2907013,2,MISA,USE,USE,MISA,Red,Anivia,5,9,2,False,Loss
2907014,1,MISA,BIG,MISA,BIG,Blue,Orianna,1,2,1,False,Loss
2907014,1,MISA,BIG,MISA,BIG,Blue,Karma,2,4,1,False,Loss
2907014,1,MISA,BIG,MISA,BIG,Blue,Ashe,3,6,1,False,Loss
2907014,1,MISA,BIG,MISA,BIG,Blue,Jarvan IV,4,7,2,False,Loss
2907014,1,MISA,BIG,MISA,BIG,Blue,Aurora,5,9,2,False,Loss
2907014,1,MISA,BIG,BIG,MISA,Red,Nautilus,1,1,1,True,Win
2907014,1,MISA,BIG,BIG,MISA,Red,Vi,2,3,1,True,Win
2907014,1,MISA,BIG,BIG,MISA,Red,Bard,3,5,1,True,Win
2907014,1,MISA,BIG,BIG,MISA,Red,Xin Zhao,4,8,2,True,Win
2907014,1,MISA,BIG,BIG,MISA,Red,Sion,5,10,2,True,Win
2907014,2,MISA,BIG,MISA,BIG,Blue,Sion,1,1,1,True,Win
2907014,2,MISA,BIG,MISA,BIG,Blue,Varus,2,3,1,True,Win
2907014,2,MISA,BIG,MISA,BIG,Blue,Bard,3,5,1,True,Win
2907014,2,MISA,BIG,MISA,BIG,Blue,Aurora,4,8,2,True,Win
2907014,2,MISA,BIG,MISA,BIG,Blue,Ornn,5,10,2,True,Win
2907014,2,MISA,BIG,BIG,MISA,Red,Orianna,1,2,1,False,Loss
2907014,2,MISA,BIG,BIG,MISA,Red,Ezreal,2,4,1,False,Loss
2907014,2,MISA,BIG,BIG,MISA,Red,Nautilus,3,6,1,False,Loss
2907014,2,MISA,BIG,BIG,MISA,Red,LeBlanc,4,7,2,False,Loss
2907014,2,MISA,BIG,BIG,MISA,Red,Akali,5,9,2,False,Loss
2907014,3,MISA,BIG,MISA,BIG,Blue,Orianna,1,2,1,True,Win
2907014,3,MISA,BIG,MISA,BIG,Blue,Caitlyn,2,4,1,True,Win
2907014,3,MISA,BIG,MISA,BIG,Blue,Aurora,3,6,1,True,Win
2907014,3,MISA,BIG,MISA,BIG,Blue,Cassiopeia,4,7,2,True,Win
2907014,3,MISA,BIG,MISA,BIG,Blue,Mel,5,9,2,True,Win
2907014,3,MISA,BIG,BIG,MISA,Red,Vi,1,1,1,False,Loss
2907014,3,MISA,BIG,BIG,MISA,Red,Nocturne,2,3,1,False,Loss
2907014,3,MISA,BIG,BIG,MISA,Red,Neeko,3,5,1,False,Loss
2907014,3,MISA,BIG,BIG,MISA,Red,Ornn,4,8,2,False,Loss
2907014,3,MISA,BIG,BIG,MISA,Red,Jayce,5,10,2,False,Loss
2907015,1,MISA,SLY,MISA,SLY,Blue,Ryze,1,1,1,True,Win
2907015,1,MISA,SLY,MISA,SLY,Blue,Nautilus,2,3,1,True,Win
2907015,1,MISA,SLY,MISA,SLY,Blue,Jarvan IV,3,5,1,True,Win
2907015,1,MISA,SLY,MISA,SLY,Blue,Pantheon,4,8,2,True,Win
2907015,1,MISA,SLY,MISA,SLY,Blue,Rumble,5,10,2,True,Win
2907015,1,MISA,SLY,SLY,MISA,Red,Orianna,1,2,1,False,Loss
2907015,1,MISA,SLY,SLY,MISA,Red,Ezreal,2,4,1,False,Loss
2907015,1,MISA,SLY,SLY,MISA,Red,LeBlanc,3,6,1,False,Loss
2907015,1,MISA,SLY,SLY,MISA,Red,Viktor,4,7,2,False,Loss
2907015,1,MISA,SLY,SLY,MISA,Red,Azir,5,9,2,False,Loss
2907015,2,MISA,SLY,MISA,SLY,Blue,Rumble,1,1,1,True,Win
2907015,2,MISA,SLY,MISA,SLY,Blue,Nautilus,2,3,1,True,Win
2907015,2,MISA,SLY,MISA,SLY,Blue,Jarvan IV,3,5,1,True,Win
2907015,2,MISA,SLY,MISA,SLY,Blue,Varus,4,8,2,True,Win
2907015,2,MISA,SLY,MISA,SLY,Blue,Amumu,5,10,2,True,Win
2907015,2,MISA,SLY,SLY,MISA,Red,Ezreal,1,2,1,False,Loss
2907015,2,MISA,SLY,SLY,MISA,Red,Orianna,2,4,1,False,Loss
2907015,2,MISA,SLY,SLY,MISA,Red,Ryze,3,6,1,False,Loss
2907015,2,MISA,SLY,SLY,MISA,Red,LeBlanc,4,7,2,False,Loss
2907015,2,MISA,SLY,SLY,MISA,Red,Sylas,5,9,2,False,Loss
2907015,3,MISA,SLY,MISA,SLY,Blue,Rumble,1,1,1,False,Loss
2907015,3,MISA,SLY,MISA,SLY,Blue,Wukong,2,3,1,False,Loss
2907015,3,MISA,SLY,MISA,SLY,Blue,Nautilus,3,5,1,False,Loss
2907015,3,MISA,SLY,MISA,SLY,Blue,Taliyah,4,8,2,False,Loss
2907015,3,MISA,SLY,MISA,SLY,Blue,Aurora,5,10,2,False,Loss
2907015,3,MISA,SLY,SLY,MISA,Red,Ezreal,1,2,1,True,Win
2907015,3,MISA,SLY,SLY,MISA,Red,Orianna,2,4,1,True,Win
2907015,3,MISA,SLY,SLY,MISA,Red,Ryze,3,6,1,True,Win
2907015,3,MISA,SLY,SLY,MISA,Red,Sylas,4,7,2,True,Win
2907015,3,MISA,SLY,SLY,MISA,Red,LeBlanc,5,9,2,True,Win
2907015,4,SLY,MISA,SLY,MISA,Blue,Ezreal,1,2,1,True,Win
2907015,4,SLY,MISA,SLY,MISA,Blue,Orianna,2,4,1,True,Win
2907015,4,SLY,MISA,SLY,MISA,Blue,Ryze,3,6,1,True,Win
2907015,4,SLY,MISA,SLY,MISA,Blue,Caitlyn,4,7,2,True,Win
2907015,4,SLY,MISA,SLY,MISA,Blue,Miss Fortune,5,9,2,True,Win
2907015,4,SLY,MISA,MISA,SLY,Red,Wukong,1,1,1,False,Loss
2907015,4,SLY,MISA,MISA,SLY,Red,Aurora,2,3,1,False,Loss
2907015,4,SLY,MISA,MISA,SLY,Red,Ornn,3,5,1,False,Loss
2907015,4,SLY,MISA,MISA,SLY,Red,Draven,4,8,2,False,Loss
2907015,4,SLY,MISA,MISA,SLY,Red,Neeko,5,10,2,False,Loss
2907015,5,SLY,MISA,SLY,MISA,Blue,Orianna,1,2,1,True,Win
2907015,5,SLY,MISA,SLY,MISA,Blue,Ryze,2,4,1,True,Win
2907015,5,SLY,MISA,SLY,MISA,Blue,Ezreal,3,6,1,True,Win
2907015,5,SLY,MISA,SLY,MISA,Blue,Caitlyn,4,7,2,True,Win
2907015,5,SLY,MISA,SLY,MISA,Blue,Ziggs,5,9,2,True,Win
2907015,5,SLY,MISA,MISA,SLY,Red,Wukong,1,1,1,False,Loss
2907015,5,SLY,MISA,MISA,SLY,Red,Dr. Mundo,2,3,1,False,Loss
2907015,5,SLY,MISA,MISA,SLY,Red,Sejuani,3,5,1,False,Loss
2907015,5,SLY,MISA,MISA,SLY,Red,Leona,4,8,2,False,Loss
2907015,5,SLY,MISA,MISA,SLY,Red,Amumu,5,10,2,False,Loss
2907858,1,MISA,S2G,MISA,S2G,Blue,Varus,1,1,1,True,Win
2907858,1,MISA,S2G,MISA,S2G,Blue,Ambessa,2,3,1,True,Win
2907858,1,MISA,S2G,MISA,S2G,Blue,Ryze,3,5,1,True,Win
2907858,1,MISA,S2G,MISA,S2G,Blue,Sion,4,8,2,True,Win
2907858,1,MISA,S2G,MISA,S2G,Blue,Taliyah,5,10,2,True,Win
2907858,1,MISA,S2G,S2G,MISA,Red,Qiyana,1,2,1,False,Loss
2907858,1,MISA,S2G,S2G,MISA,Red,Orianna,2,4,1,False,Loss
2907858,1,MISA,S2G,S2G,MISA,Red,Azir,3,6,1,False,Loss
2907858,1,MISA,S2G,S2G,MISA,Red,Rakan,4,7,2,False,Loss
2907858,1,MISA,S2G,S2G,MISA,Red,Rell,5,9,2,False,Loss
2907858,2,S2G,MISA,S2G,MISA,Blue,Qiyana,1,1,1,False,Loss
2907858,2,S2G,MISA,S2G,MISA,Blue,Azir,2,3,1,False,Loss
2907858,2,S2G,MISA,S2G,MISA,Blue,Renekton,3,5,1,False,Loss
2907858,2,S2G,MISA,S2G,MISA,Blue,Aurora,4,8,2,False,Loss
2907858,2,S2G,MISA,S2G,MISA,Blue,Sion,5,10,2,False,Loss
2907858,2,S2G,MISA,MISA,S2G,Red,Orianna,1,2,1,True,Win
2907858,2,S2G,MISA,MISA,S2G,Red,Ryze,2,4,1,True,Win
2907858,2,S2G,MISA,MISA,S2G,Red,Ambessa,3,6,1,True,Win
2907858,2,S2G,MISA,MISA,S2G,Red,Varus,4,7,2,True,Win
2907858,2,S2G,MISA,MISA,S2G,Red,Gwen,5,9,2,True,Win
2907858,3,S2G,MISA,S2G,MISA,Blue,Qiyana,1,1,1,False,Loss
2907858,3,S2G,MISA,S2G,MISA,Blue,Ashe,2,3,1,False,Loss
2907858,3,S2G,MISA,S2G,MISA,Blue,Kalista,3,5,1,False,Loss
2907858,3,S2G,MISA,S2G,MISA,Blue,Naafiri,4,8,2,False,Loss
2907858,3,S2G,MISA,S2G,MISA,Blue,Malphite,5,10,2,False,Loss
2907858,3,S2G,MISA,MISA,S2G,Red,Orianna,1,2,1,True,Win
2907858,3,S2G,MISA,MISA,S2G,Red,Varus,2,4,1,True,Win
2907858,3,S2G,MISA,MISA,S2G,Red,Ambessa,3,6,1,True,Win
2907858,3,S2G,MISA,MISA,S2G,Red,Renekton,4,7,2,True,Win
2907858,3,S2G,MISA,MISA,S2G,Red,Jayce,5,9,2,True,Win
2921543,1,EWI,KHK,EWI,KHK,Blue,Jarvan IV,1,1,1,True,Win
2921543,1,EWI,KHK,EWI,KHK,Blue,Pantheon,2,3,1,True,Win
2921543,1,EWI,KHK,EWI,KHK,Blue,Karma,3,5,1,True,Win
2921543,1,EWI,KHK,EWI,KHK,Blue,Azir,4,8,2,True,Win
2921543,1,EWI,KHK,EWI,KHK,Blue,Gwen,5,10,2,True,Win
2921543,1,EWI,KHK,KHK,EWI,Red,Orianna,1,2,1,False,Loss
2921543,1,EWI,KHK,KHK,EWI,Red,Rumble,2,4,1,False,Loss
2921543,1,EWI,KHK,KHK,EWI,Red,Pyke,3,6,1,False,Loss
2921543,1,EWI,KHK,KHK,EWI,Red,Nautilus,4,7,2,False,Loss
2921543,1,EWI,KHK,KHK,EWI,Red,Bard,5,9,2,False,Loss
2921552,1,EWI,G2N,EWI,G2N,Blue,Jarvan IV,1,1,1,False,Loss
2921552,1,EWI,G2N,EWI,G2N,Blue,Pantheon,2,3,1,False,Loss
2921552,1,EWI,G2N,EWI,G2N,Blue,Xin Zhao,3,5,1,False,Loss
2921552,1,EWI,G2N,EWI,G2N,Blue,Bard,4,8,2,False,Loss
2921552,1,EWI,G2N,EWI,G2N,Blue,Karma,5,10,2,False,Loss
2921552,1,EWI,G2N,G2N,EWI,Red,Shen,1,2,1,True,Win
2921552,1,EWI,G2N,G2N,EWI,Red,Ryze,2,4,1,True,Win
2921552,1,EWI,G2N,G2N,EWI,Red,Caitlyn,3,6,1,True,Win
2921552,1,EWI,G2N,G2N,EWI,Red,Kai'Sa,4,7,2,True,Win
2921552,1,EWI,G2N,G2N,EWI,Red,Sivir,5,9,2,True,Win
2921558,1,EWI,ROSS,EWI,ROSS,Blue,Jarvan IV,1,1,1,True,Win
2921558,1,EWI,ROSS,EWI,ROSS,Blue,Sion,2,3,1,True,Win
2921558,1,EWI,ROSS,EWI,ROSS,Blue,Yunara,3,5,1,True,Win
2921558,1,EWI,ROSS,EWI,ROSS,Blue,Varus,4,8,2,True,Win
2921558,1,EWI,ROSS,EWI,ROSS,Blue,Ashe,5,10,2,True,Win
2921558,1,EWI,ROSS,ROSS,EWI,Red,Viego,1,2,1,False,Loss
2921558,1,EWI,ROSS,ROSS,EWI,Red,Orianna,2,4,1,False,Loss
2921558,1,EWI,ROSS,ROSS,EWI,Red,Pyke,3,6,1,False,Loss
2921558,1,EWI,ROSS,ROSS,EWI,Red,Poppy,4,7,2,False,Loss
2921558,1,EWI,ROSS,ROSS,EWI,Red,Karma,5,9,2,False,Loss
2921575,1,SGE,EWI,SGE,EWI,Blue,Viego,1,1,1,False,Loss
2921575,1,SGE,EWI,SGE,EWI,Blue,Ezreal,2,3,1,False,Loss
2921575,1,SGE,EWI,SGE,EWI,Blue,Nautilus,3,5,1,False,Loss
2921575,1,SGE,EWI,SGE,EWI,Blue,Mel,4,8,2,False,Loss
2921575,1,SGE,EWI,SGE,EWI,Blue,Varus,5,10,2,False,Loss
2921575,1,SGE,EWI,EWI,SGE,Red,Orianna,1,2,1,True,Win
2921575,1,SGE,EWI,EWI,SGE,Red,Xin Zhao,2,4,1,True,Win
2921575,1,SGE,EWI,EWI,SGE,Red,Rumble,3,6,1,True,Win
2921575,1,SGE,EWI,EWI,SGE,Red,Jarvan IV,4,7,2,True,Win
2921575,1,SGE,EWI,EWI,SGE,Red,Aatrox,5,9,2,True,Win
2921589,1,EWI,VFB,EWI,VFB,Blue,Jarvan IV,1,1,1,True,Win
2921589,1,EWI,VFB,EWI,VFB,Blue,Shen,2,3,1,True,Win
2921589,1,EWI,VFB,EWI,VFB,Blue,Ambessa,3,5,1,True,Win
2921589,1,EWI,VFB,EWI,VFB,Blue,Karma,4,8,2,True,Win
2921589,1,EWI,VFB,EWI,VFB,Blue,Bard,5,10,2,True,Win
2921589,1,EWI,VFB,VFB,EWI,Red,Viego,1,2,1,False,Loss
2921589,1,EWI,VFB,VFB,EWI,Red,Dr. Mundo,2,4,1,False,Loss
2921589,1,EWI,VFB,VFB,EWI,Red,Ezreal,3,6,1,False,Loss
2921589,1,EWI,VFB,VFB,EWI,Red,Rumble,4,7,2,False,Loss
2921589,1,EWI,VFB,VFB,EWI,Red,Gnar,5,9,2,False,Loss
2921591,1,BIG,EWI,BIG,EWI,Blue,Dr. Mundo,1,1,1,True,Win
2921591,1,BIG,EWI,BIG,EWI,Blue,Ezreal,2,3,1,True,Win
2921591,1,BIG,EWI,BIG,EWI,Blue,Yorick,3,5,1,True,Win
2921591,1,BIG,EWI,BIG,EWI,Blue,Nautilus,4,8,2,True,Win
2921591,1,BIG,EWI,BIG,EWI,Blue,Pyke,5,10,2,True,Win
2921591,1,BIG,EWI,EWI,BIG,Red,Rumble,1,2,1,False,Loss
2921591,1,BIG,EWI,EWI,BIG,Red,Cassiopeia,2,4,1,False,Loss
2921591,1,BIG,EWI,EWI,BIG,Red,Jarvan IV,3,6,1,False,Loss
2921591,1,BIG,EWI,EWI,BIG,Red,Seraphine,4,7,2,False,Loss
2921591,1,BIG,EWI,EWI,BIG,Red,Karma,5,9,2,False,Loss
2921597,1,EWI,EINS,EWI,EINS,Blue,Orianna,1,1,1,True,Win
2921597,1,EWI,EINS,EWI,EINS,Blue,Azir,2,3,1,True,Win
2921597,1,EWI,EINS,EWI,EINS,Blue,Aatrox,3,5,1,True,Win
2921597,1,EWI,EINS,EWI,EINS,Blue,Rumble,4,8,2,True,Win
2921597,1,EWI,EINS,EWI,EINS,Blue,Gnar,5,10,2,True,Win
2921597,1,EWI,EINS,EINS,EWI,Red,Viego,1,2,1,False,Loss
2921597,1,EWI,EINS,EINS,EWI,Red,Vi,2,4,1,False,Loss
2921597,1,EWI,EINS,EINS,EWI,Red,Dr. Mundo,3,6,1,False,Loss
2921597,1,EWI,EINS,EINS,EWI,Red,Wukong,4,7,2,False,Loss
2921597,1,EWI,EINS,EINS,EWI,Red,Naafiri,5,9,2,False,Loss
2921606,1,EWI,TOG,EWI,TOG,Blue,Yunara,1,1,1,False,Loss
2921606,1,EWI,TOG,EWI,TOG,Blue,Xin Zhao,2,3,1,False,Loss
2921606,1,EWI,TOG,EWI,TOG,Blue,Orianna,3,5,1,False,Loss
2921606,1,EWI,TOG,EWI,TOG,Blue,Varus,4,8,2,False,Loss
2921606,1,EWI,TOG,EWI,TOG,Blue,Ezreal,5,10,2,False,Loss
2921606,1,EWI,TOG,TOG,EWI,Red,Dr. Mundo,1,2,1,True,Win
2921606,1,EWI,TOG,TOG,EWI,Red,Pyke,2,4,1,True,Win
2921606,1,EWI,TOG,TOG,EWI,Red,Ryze,3,6,1,True,Win
2921606,1,EWI,TOG,TOG,EWI,Red,Ahri,4,7,2,True,Win
2921606,1,EWI,TOG,TOG,EWI,Red,Yone,5,9,2,True,Win
2921608,1,USE,EWI,USE,EWI,Blue,Azir,1,1,1,False,Loss
2921608,1,USE,EWI,USE,EWI,Blue,Nautilus,2,3,1,False,Loss
2921608,1,USE,EWI,USE,EWI,Blue,Pyke,3,5,1,False,Loss
2921608,1,USE,EWI,USE,EWI,Blue,Mel,4,8,2,False,Loss
2921608,1,USE,EWI,USE,EWI,Blue,Ahri,5,10,2,False,Loss
2921608,1,USE,EWI,EWI,USE,Red,Orianna,1,2,1,True,Win
2921608,1,USE,EWI,EWI,USE,Red,Yunara,2,4,1,True,Win
2921608,1,USE,EWI,EWI,USE,Red,Ryze,3,6,1,True,Win
2921608,1,USE,EWI,EWI,USE,Red,Aatrox,4,7,2,True,Win
2921608,1,USE,EWI,EWI,USE,Red,Ambessa,5,9,2,True,Win
2922499,1,FLK,UCAM,FLK,UCAM,Blue,Orianna,1,1,1,False,Loss
2922499,1,FLK,UCAM,FLK,UCAM,Blue,Nocturne,2,3,1,False,Loss
2922499,1,FLK,UCAM,FLK,UCAM,Blue,Ambessa,3,5,1,False,Loss
2922499,1,FLK,UCAM,FLK,UCAM,Blue,Gnar,4,8,2,False,Loss
2922499,1,FLK,UCAM,FLK,UCAM,Blue,Gwen,5,10,2,False,Loss
2922499,1,FLK,UCAM,UCAM,FLK,Red,Nautilus,1,2,1,True,Win
2922499,1,FLK,UCAM,UCAM,FLK,Red,Pantheon,2,4,1,True,Win
2922499,1,FLK,UCAM,UCAM,FLK,Red,Renekton,3,6,1,True,Win
2922499,1,FLK,UCAM,UCAM,FLK,Red,Sion,4,7,2,True,Win
2922499,1,FLK,UCAM,UCAM,FLK,Red,Ornn,5,9,2,True,Win
2922499,2,FLK,UCAM,FLK,UCAM,Blue,Nocturne,1,1,1,False,Loss
2922499,2,FLK,UCAM,FLK,UCAM,Blue,Corki,2,3,1,False,Loss
2922499,2,FLK,UCAM,FLK,UCAM,Blue,Ambessa,3,5,1,False,Loss
2922499,2,FLK,UCAM,FLK,UCAM,Blue,Ahri,4,8,2,False,Loss
2922499,2,FLK,UCAM,FLK,UCAM,Blue,Yorick,5,10,2,False,Loss
2922499,2,FLK,UCAM,UCAM,FLK,Red,Pantheon,1,2,1,True,Win
2922499,2,FLK,UCAM,UCAM,FLK,Red,Orianna,2,4,1,True,Win
2922499,2,FLK,UCAM,UCAM,FLK,Red,Rumble,3,6,1,True,Win
2922499,2,FLK,UCAM,UCAM,FLK,Red,Braum,4,7,2,True,Win
2922499,2,FLK,UCAM,UCAM,FLK,Red,Alistar,5,9,2,True,Win
2922507,1,UCAM,HRTS,UCAM,HRTS,Blue,Orianna,1,1,1,False,Loss
2922507,1,UCAM,HRTS,UCAM,HRTS,Blue,Rumble,2,3,1,False,Loss
2922507,1,UCAM,HRTS,UCAM,HRTS,Blue,Dr. Mundo,3,5,1,False,Loss
2922507,1,UCAM,HRTS,UCAM,HRTS,Blue,Leona,4,8,2,False,Loss
2922507,1,UCAM,HRTS,UCAM,HRTS,Blue,Braum,5,10,2,False,Loss
2922507,1,UCAM,HRTS,HRTS,UCAM,Red,Pyke,1,2,1,True,Win
2922507,1,UCAM,HRTS,HRTS,UCAM,Red,Ambessa,2,4,1,True,Win
2922507,1,UCAM,HRTS,HRTS,UCAM,Red,Jarvan IV,3,6,1,True,Win
2922507,1,UCAM,HRTS,HRTS,UCAM,Red,Gwen,4,7,2,True,Win
2922507,1,UCAM,HRTS,HRTS,UCAM,Red,Wukong,5,9,2,True,Win
2922507,2,HRTS,UCAM,HRTS,UCAM,Blue,Pyke,1,1,1,False,Loss
2922507,2,HRTS,UCAM,HRTS,UCAM,Blue,Ambessa,2,3,1,False,Loss
2922507,2,HRTS,UCAM,HRTS,UCAM,Blue,Vi,3,5,1,False,Loss
2922507,2,HRTS,UCAM,HRTS,UCAM,Blue,Leona,4,8,2,False,Loss
2922507,2,HRTS,UCAM,HRTS,UCAM,Blue,Rakan,5,10,2,False,Loss
2922507,2,HRTS,UCAM,UCAM,HRTS,Red,Karma,1,2,1,True,Win
2922507,2,HRTS,UCAM,UCAM,HRTS,Red,Rumble,2,4,1,True,Win
2922507,2,HRTS,UCAM,UCAM,HRTS,Red,Orianna,3,6,1,True,Win
2922507,2,HRTS,UCAM,UCAM,HRTS,Red,Bard,4,7,2,True,Win
2922507,2,HRTS,UCAM,UCAM,HRTS,Red,Poppy,5,9,2,True,Win
2922507,3,HRTS,UCAM,HRTS,UCAM,Blue,Vi,1,1,1,True,Win
2922507,3,HRTS,UCAM,HRTS,UCAM,Blue,Pyke,2,3,1,True,Win
2922507,3,HRTS,UCAM,HRTS,UCAM,Blue,Leona,3,5,1,True,Win
2922507,3,HRTS,UCAM,HRTS,UCAM,Blue,Kai'Sa,4,8,2,True,Win
2922507,3,HRTS,UCAM,HRTS,UCAM,Blue,Xayah,5,10,2,True,Win
2922507,3,HRTS,UCAM,UCAM,HRTS,Red,Orianna,1,2,1,False,Loss
2922507,3,HRTS,UCAM,UCAM,HRTS,Red,Karma,2,4,1,False,Loss
2922507,3,HRTS,UCAM,UCAM,HRTS,Red,Dr. Mundo,3,6,1,False,Loss
2922507,3,HRTS,UCAM,UCAM,HRTS,Red,Caitlyn,4,7,2,False,Loss
2922507,3,HRTS,UCAM,UCAM,HRTS,Red,Sivir,5,9,2,False,Loss
2922516,1,BAR,UCAM,BAR,UCAM,Blue,Orianna,1,1,1,True,Win
2922516,1,BAR,UCAM,BAR,UCAM,Blue,Kalista,2,3,1,True,Win
2922516,1,BAR,UCAM,BAR,UCAM,Blue,Nautilus,3,5,1,True,Win
2922516,1,BAR,UCAM,BAR,UCAM,Blue,Pyke,4,8,2,True,Win
2922516,1,BAR,UCAM,BAR,UCAM,Blue,Leona,5,10,2,True,Win
2922516,1,BAR,UCAM,UCAM,BAR,Red,Lux,1,2,1,False,Loss
2922516,1,BAR,UCAM,UCAM,BAR,Red,Nocturne,2,4,1,False,Loss
2922516,1,BAR,UCAM,UCAM,BAR,Red,Renekton,3,6,1,False,Loss
2922516,1,BAR,UCAM,UCAM,BAR,Red,Annie,4,7,2,False,Loss
2922516,1,BAR,UCAM,UCAM,BAR,Red,Aurora,5,9,2,False,Loss
2922516,2,UCAM,BAR,UCAM,BAR,Blue,Lux,1,1,1,True,Win
2922516,2,UCAM,BAR,UCAM,BAR,Blue,Orianna,2,3,1,True,Win
2922516,2,UCAM,BAR,UCAM,BAR,Blue,Nocturne,3,5,1,True,Win
2922516,2,UCAM,BAR,UCAM,BAR,Blue,Kai'Sa,4,8,2,True,Win
2922516,2,UCAM,BAR,UCAM,BAR,Blue,Rell,5,10,2,True,Win
2922516,2,UCAM,BAR,BAR,UCAM,Red,Nautilus,1,2,1,False,Loss
2922516,2,UCAM,BAR,BAR,UCAM,Red,Kalista,2,4,1,False,Loss
2922516,2,UCAM,BAR,BAR,UCAM,Red,Pyke,3,6,1,False,Loss
2922516,2,UCAM,BAR,BAR,UCAM,Red,Galio,4,7,2,False,Loss
2922516,2,UCAM,BAR,BAR,UCAM,Red,K'Sante,5,9,2,False,Loss
2922516,3,BAR,UCAM,BAR,UCAM,Blue,Kalista,1,1,1,True,Win
2922516,3,BAR,UCAM,BAR,UCAM,Blue,Orianna,2,3,1,True,Win
2922516,3,BAR,UCAM,BAR,UCAM,Blue,Nocturne,3,5,1,True,Win
2922516,3,BAR,UCAM,BAR,UCAM,Blue,Pyke,4,8,2,True,Win
2922516,3,BAR,UCAM,BAR,UCAM,Blue,Rakan,5,10,2,True,Win
2922516,3,BAR,UCAM,UCAM,BAR,Red,Lux,1,2,1,False,Loss
2922516,3,BAR,UCAM,UCAM,BAR,Red,Lulu,2,4,1,False,Loss
2922516,3,BAR,UCAM,UCAM,BAR,Red,Dr. Mundo,3,6,1,False,Loss
2922516,3,BAR,UCAM,UCAM,BAR,Red,Yorick,4,7,2,False,Loss
2922516,3,BAR,UCAM,UCAM,BAR,Red,Braum,5,9,2,False,Loss
2922522,1,GX,UCAM,GX,UCAM,Blue,Orianna,1,1,1,True,Win
2922522,1,GX,UCAM,GX,UCAM,Blue,Pyke,2,3,1,True,Win
2922522,1,GX,UCAM,GX,UCAM,Blue,Ryze,3,5,1,True,Win
2922522,1,GX,UCAM,GX,UCAM,Blue,Jhin,4,8,2,True,Win
2922522,1,GX,UCAM,GX,UCAM,Blue,Nautilus,5,10,2,True,Win
2922522,1,GX,UCAM,UCAM,GX,Red,Jarvan IV,1,2,1,False,Loss
2922522,1,GX,UCAM,UCAM,GX,Red,Annie,2,4,1,False,Loss
2922522,1,GX,UCAM,UCAM,GX,Red,Renekton,3,6,1,False,Loss
2922522,1,GX,UCAM,UCAM,GX,Red,Seraphine,4,7,2,False,Loss
2922522,1,GX,UCAM,UCAM,GX,Red,Lulu,5,9,2,False,Loss
2922522,2,UCAM,GX,UCAM,GX,Blue,Orianna,1,1,1,True,Win
2922522,2,UCAM,GX,UCAM,GX,Blue,Nami,2,3,1,True,Win
2922522,2,UCAM,GX,UCAM,GX,Blue,Bard,3,5,1,True,Win
2922522,2,UCAM,GX,UCAM,GX,Blue,Alistar,4,8,2,True,Win
2922522,2,UCAM,GX,UCAM,GX,Blue,Seraphine,5,10,2,True,Win
2922522,2,UCAM,GX,GX,UCAM,Red,Pyke,1,2,1,False,Loss
2922522,2,UCAM,GX,GX,UCAM,Red,Nautilus,2,4,1,False,Loss
2922522,2,UCAM,GX,GX,UCAM,Red,Ryze,3,6,1,False,Loss
2922522,2,UCAM,GX,GX,UCAM,Red,Ahri,4,7,2,False,Loss
2922522,2,UCAM,GX,GX,UCAM,Red,Jayce,5,9,2,False,Loss
2922522,3,GX,UCAM,GX,UCAM,Blue,Orianna,1,1,1,False,Loss
2922522,3,GX,UCAM,GX,UCAM,Blue,Ryze,2,3,1,False,Loss
2922522,3,GX,UCAM,GX,UCAM,Blue,Nautilus,3,5,1,False,Loss
2922522,3,GX,UCAM,GX,UCAM,Blue,Ahri,4,8,2,False,Loss
2922522,3,GX,UCAM,GX,UCAM,Blue,Syndra,5,10,2,False,Loss
2922522,3,GX,UCAM,UCAM,GX,Red,Nami,1,2,1,True,Win
2922522,3,GX,UCAM,UCAM,GX,Red,Bard,2,4,1,True,Win
2922522,3,GX,UCAM,UCAM,GX,Red,Braum,3,6,1,True,Win
2922522,3,GX,UCAM,UCAM,GX,Red,Annie,4,7,2,True,Win
2922522,3,GX,UCAM,UCAM,GX,Red,Azir,5,9,2,True,Win
2922527,1,UB,UCAM,UB,UCAM,Blue,Pyke,1,1,1,False,Loss
2922527,1,UB,UCAM,UB,UCAM,Blue,Nocturne,2,3,1,False,Loss
2922527,1,UB,UCAM,UB,UCAM,Blue,Orianna,3,5,1,False,Loss
2922527,1,UB,UCAM,UB,UCAM,Blue,Neeko,4,8,2,False,Loss
2922527,1,UB,UCAM,UB,UCAM,Blue,Ryze,5,10,2,False,Loss
2922527,1,UB,UCAM,UCAM,UB,Red,K'Sante,1,2,1,True,Win
2922527,1,UB,UCAM,UCAM,UB,Red,Akali,2,4,1,True,Win
2922527,1,UB,UCAM,UCAM,UB,Red,Xin Zhao,3,6,1,True,Win
2922527,1,UB,UCAM,UCAM,UB,Red,Sivir,4,7,2,True,Win
2922527,1,UB,UCAM,UCAM,UB,Red,Smolder,5,9,2,True,Win
2922527,2,UB,UCAM,UB,UCAM,Blue,Pyke,1,1,1,False,Loss
2922527,2,UB,UCAM,UB,UCAM,Blue,Orianna,2,3,1,False,Loss
2922527,2,UB,UCAM,UB,UCAM,Blue,Nocturne,3,5,1,False,Loss
2922527,2,UB,UCAM,UB,UCAM,Blue,Renata Glasc,4,8,2,False,Loss
2922527,2,UB,UCAM,UB,UCAM,Blue,Neeko,5,10,2,False,Loss
2922527,2,UB,UCAM,UCAM,UB,Red,K'Sante,1,2,1,True,Win
2922527,2,UB,UCAM,UCAM,UB,Red,Akali,2,4,1,True,Win
2922527,2,UB,UCAM,UCAM,UB,Red,Wukong,3,6,1,True,Win
2922527,2,UB,UCAM,UCAM,UB,Red,Alistar,4,7,2,True,Win
2922527,2,UB,UCAM,UCAM,UB,Red,Rell,5,9,2,True,Win
2922531,1,LUA,UCAM,LUA,UCAM,Blue,Pyke,1,1,1,False,Loss
2922531,1,LUA,UCAM,LUA,UCAM,Blue,Nocturne,2,3,1,False,Loss
2922531,1,LUA,UCAM,LUA,UCAM,Blue,Kalista,3,5,1,False,Loss
2922531,1,LUA,UCAM,LUA,UCAM,Blue,Gnar,4,8,2,False,Loss
2922531,1,LUA,UCAM,LUA,UCAM,Blue,Ryze,5,10,2,False,Loss
2922531,1,LUA,UCAM,UCAM,LUA,Red,Rumble,1,2,1,True,Win
2922531,1,LUA,UCAM,UCAM,LUA,Red,Orianna,2,4,1,True,Win
2922531,1,LUA,UCAM,UCAM,LUA,Red,Pantheon,3,6,1,True,Win
2922531,1,LUA,UCAM,UCAM,LUA,Red,Anivia,4,7,2,True,Win
2922531,1,LUA,UCAM,UCAM,LUA,Red,Viktor,5,9,2,True,Win
2922531,2,LUA,UCAM,LUA,UCAM,Blue,Pyke,1,1,1,False,Loss
2922531,2,LUA,UCAM,LUA,UCAM,Blue,Nocturne,2,3,1,False,Loss
2922531,2,LUA,UCAM,LUA,UCAM,Blue,Kalista,3,5,1,False,Loss
2922531,2,LUA,UCAM,LUA,UCAM,Blue,Wukong,4,8,2,False,Loss
2922531,2,LUA,UCAM,LUA,UCAM,Blue,Poppy,5,10,2,False,Loss
2922531,2,LUA,UCAM,UCAM,LUA,Red,Varus,1,2,1,True,Win
2922531,2,LUA,UCAM,UCAM,LUA,Red,Bard,2,4,1,True,Win
2922531,2,LUA,UCAM,UCAM,LUA,Red,Pantheon,3,6,1,True,Win
2922531,2,LUA,UCAM,UCAM,LUA,Red,Akali,4,7,2,True,Win
2922531,2,LUA,UCAM,UCAM,LUA,Red,Aurora,5,9,2,True,Win
2922536,1,UCAM,MKF,UCAM,MKF,Blue,Orianna,1,1,1,True,Win
2922536,1,UCAM,MKF,UCAM,MKF,Blue,Pantheon,2,3,1,True,Win
2922536,1,UCAM,MKF,UCAM,MKF,Blue,Rumble,3,5,1,True,Win
2922536,1,UCAM,MKF,UCAM,MKF,Blue,Gwen,4,8,2,True,Win
2922536,1,UCAM,MKF,UCAM,MKF,Blue,Ambessa,5,10,2,True,Win
2922536,1,UCAM,MKF,MKF,UCAM,Red,Pyke,1,2,1,False,Loss
2922536,1,UCAM,MKF,MKF,UCAM,Red,Nocturne,2,4,1,False,Loss
2922536,1,UCAM,MKF,MKF,UCAM,Red,Nautilus,3,6,1,False,Loss
2922536,1,UCAM,MKF,MKF,UCAM,Red,LeBlanc,4,7,2,False,Loss
2922536,1,UCAM,MKF,MKF,UCAM,Red,Sion,5,9,2,False,Loss
2922536,2,MKF,UCAM,MKF,UCAM,Blue,Pyke,1,1,1,True,Win
2922536,2,MKF,UCAM,MKF,UCAM,Blue,Nocturne,2,3,1,True,Win
2922536,2,MKF,UCAM,MKF,UCAM,Blue,Nautilus,3,5,1,True,Win
2922536,2,MKF,UCAM,MKF,UCAM,Blue,Aurora,4,8,2,True,Win
2922536,2,MKF,UCAM,MKF,UCAM,Blue,Rumble,5,10,2,True,Win
2922536,2,MKF,UCAM,UCAM,MKF,Red,Orianna,1,2,1,False,Loss
2922536,2,MKF,UCAM,UCAM,MKF,Red,Pantheon,2,4,1,False,Loss
2922536,2,MKF,UCAM,UCAM,MKF,Red,Caitlyn,3,6,1,False,Loss
2922536,2,MKF,UCAM,UCAM,MKF,Red,Anivia,4,7,2,False,Loss
2922536,2,MKF,UCAM,UCAM,MKF,Red,Cassiopeia,5,9,2,False,Loss
2922536,3,UCAM,MKF,UCAM,MKF,Blue,Nautilus,1,1,1,False,Loss
2922536,3,UCAM,MKF,UCAM,MKF,Blue,Bard,2,3,1,False,Loss
2922536,3,UCAM,MKF,UCAM,MKF,Blue,Azir,3,5,1,False,Loss
2922536,3,UCAM,MKF,UCAM,MKF,Blue,Sivir,4,8,2,False,Loss
2922536,3,UCAM,MKF,UCAM,MKF,Blue,Corki,5,10,2,False,Loss
2922536,3,UCAM,MKF,MKF,UCAM,Red,Orianna,1,2,1,True,Win
2922536,3,UCAM,MKF,MKF,UCAM,Red,Nocturne,2,4,1,True,Win
2922536,3,UCAM,MKF,MKF,UCAM,Red,Kalista,3,6,1,True,Win
2922536,3,UCAM,MKF,MKF,UCAM,Red,Ahri,4,7,2,True,Win
2922536,3,UCAM,MKF,MKF,UCAM,Red,Hwei,5,9,2,True,Win
2922538,1,MKF,UCAM,MKF,UCAM,Blue,Nocturne,1,1,1,True,Win
2922538,1,MKF,UCAM,MKF,UCAM,Blue,Pyke,2,3,1,True,Win
2922538,1,MKF,UCAM,MKF,UCAM,Blue,Nautilus,3,5,1,True,Win
2922538,1,MKF,UCAM,MKF,UCAM,Blue,Xin Zhao,4,8,2,True,Win
2922538,1,MKF,UCAM,MKF,UCAM,Blue,Vi,5,10,2,True,Win
2922538,1,MKF,UCAM,UCAM,MKF,Red,Akali,1,2,1,False,Loss
2922538,1,MKF,UCAM,UCAM,MKF,Red,Seraphine,2,4,1,False,Loss
2922538,1,MKF,UCAM,UCAM,MKF,Red,Ezreal,3,6,1,False,Loss
2922538,1,MKF,UCAM,UCAM,MKF,Red,Jarvan IV,4,7,2,False,Loss
2922538,1,MKF,UCAM,UCAM,MKF,Red,K'Sante,5,9,2,False,Loss
2922538,2,UCAM,MKF,UCAM,MKF,Blue,Bard,1,1,1,True,Win
2922538,2,UCAM,MKF,UCAM,MKF,Blue,Karma,2,3,1,True,Win
2922538,2,UCAM,MKF,UCAM,MKF,Blue,Jarvan IV,3,5,1,True,Win
2922538,2,UCAM,MKF,UCAM,MKF,Blue,Anivia,4,8,2,True,Win
2922538,2,UCAM,MKF,UCAM,MKF,Blue,Syndra,5,10,2,True,Win
2922538,2,UCAM,MKF,MKF,UCAM,Red,Nocturne,1,2,1,False,Loss
2922538,2,UCAM,MKF,MKF,UCAM,Red,Nautilus,2,4,1,False,Loss
2922538,2,UCAM,MKF,MKF,UCAM,Red,Pyke,3,6,1,False,Loss
2922538,2,UCAM,MKF,MKF,UCAM,Red,Varus,4,7,2,False,Loss
2922538,2,UCAM,MKF,MKF,UCAM,Red,Cassiopeia,5,9,2,False,Loss
2922538,3,MKF,UCAM,MKF,UCAM,Blue,Nocturne,1,1,1,False,Loss
2922538,3,MKF,UCAM,MKF,UCAM,Blue,Nautilus,2,3,1,False,Loss
2922538,3,MKF,UCAM,MKF,UCAM,Blue,Jarvan IV,3,5,1,False,Loss
2922538,3,MKF,UCAM,MKF,UCAM,Blue,Varus,4,8,2,False,Loss
2922538,3,MKF,UCAM,MKF,UCAM,Blue,Trundle,5,10,2,False,Loss
2922538,3,MKF,UCAM,UCAM,MKF,Red,Caitlyn,1,2,1,True,Win
2922538,3,MKF,UCAM,UCAM,MKF,Red,Lee Sin,2,4,1,True,Win
2922538,3,MKF,UCAM,UCAM,MKF,Red,Ezreal,3,6,1,True,Win
2922538,3,MKF,UCAM,UCAM,MKF,Red,Yunara,4,7,2,True,Win
2922538,3,MKF,UCAM,UCAM,MKF,Red,Jayce,5,9,2,True,Win
2922538,4,MKF,UCAM,MKF,UCAM,Blue,Nocturne,1,1,1,True,Win
2922538,4,MKF,UCAM,MKF,UCAM,Blue,Varus,4,8,2,True,Win
2922538,4,MKF,UCAM,UCAM,MKF,Red,Caitlyn,1,2,1,False,Loss
2922538,4,MKF,UCAM,UCAM,MKF,Red,Lee Sin,2,4,1,False,Loss
2922538,4,MKF,UCAM,UCAM,MKF,Red,Ezreal,3,6,1,False,Loss
2922538,4,MKF,UCAM,UCAM,MKF,Red,Alistar,4,7,2,False,Loss
2922538,4,MKF,UCAM,UCAM,MKF,Red,Jax,5,9,2,False,Loss
2922538,5,UCAM,MKF,UCAM,MKF,Blue,Caitlyn,1,1,1,True,Win
2922538,5,UCAM,MKF,UCAM,MKF,Blue,Lee Sin,2,3,1,True,Win
2922538,5,UCAM,MKF,UCAM,MKF,Blue,Karma,3,5,1,True,Win
2922538,5,UCAM,MKF,UCAM,MKF,Blue,Gwen,4,8,2,True,Win
2922538,5,UCAM,MKF,UCAM,MKF,Blue,Naafiri,5,10,2,True,Win
2922538,5,UCAM,MKF,MKF,UCAM,Red,Varus,1,2,1,False,Loss
2922538,5,UCAM,MKF,MKF,UCAM,Red,Syndra,2,4,1,False,Loss
2922538,5,UCAM,MKF,MKF,UCAM,Red,Nocturne,3,6,1,False,Loss
2922538,5,UCAM,MKF,MKF,UCAM,Red,Brand,4,7,2,False,Loss
2922538,5,UCAM,MKF,MKF,UCAM,Red,Nidalee,5,9,2,False,Loss
2922541,1,HRTS,UCAM,HRTS,UCAM,Blue,Orianna,1,1,1,True,Win
2922541,1,HRTS,UCAM,HRTS,UCAM,Blue,Nautilus,2,3,1,True,Win
2922541,1,HRTS,UCAM,HRTS,UCAM,Blue,Pyke,3,5,1,True,Win
2922541,1,HRTS,UCAM,HRTS,UCAM,Blue,K'Sante,4,8,2,True,Win
2922541,1,HRTS,UCAM,HRTS,UCAM,Blue,Vayne,5,10,2,True,Win
2922541,1,HRTS,UCAM,UCAM,HRTS,Red,Anivia,1,2,1,False,Loss
2922541,1,HRTS,UCAM,UCAM,HRTS,Red,Varus,2,4,1,False,Loss
2922541,1,HRTS,UCAM,UCAM,HRTS,Red,Cassiopeia,3,6,1,False,Loss
2922541,1,HRTS,UCAM,UCAM,HRTS,Red,Ryze,4,7,2,False,Loss
2922541,1,HRTS,UCAM,UCAM,HRTS,Red,Akali,5,9,2,False,Loss
2922541,2,UCAM,HRTS,UCAM,HRTS,Blue,Orianna,1,1,1,False,Loss
2922541,2,UCAM,HRTS,UCAM,HRTS,Blue,Anivia,2,3,1,False,Loss
2922541,2,UCAM,HRTS,UCAM,HRTS,Blue,Varus,3,5,1,False,Loss
2922541,2,UCAM,HRTS,UCAM,HRTS,Blue,Kai'Sa,4,8,2,False,Loss
2922541,2,UCAM,HRTS,UCAM,HRTS,Blue,Sivir,5,10,2,False,Loss
2922541,2,UCAM,HRTS,HRTS,UCAM,Red,Nautilus,1,2,1,True,Win
2922541,2,UCAM,HRTS,HRTS,UCAM,Red,Pyke,2,4,1,True,Win
2922541,2,UCAM,HRTS,HRTS,UCAM,Red,Olaf,3,6,1,True,Win
2922541,2,UCAM,HRTS,HRTS,UCAM,Red,LeBlanc,4,7,2,True,Win
2922541,2,UCAM,HRTS,HRTS,UCAM,Red,Vayne,5,9,2,True,Win
2922541,3,UCAM,HRTS,UCAM,HRTS,Blue,Orianna,1,1,1,True,Win
2922541,3,UCAM,HRTS,UCAM,HRTS,Blue,Anivia,2,3,1,True,Win
2922541,3,UCAM,HRTS,UCAM,HRTS,Blue,Varus,3,5,1,True,Win
2922541,3,UCAM,HRTS,UCAM,HRTS,Blue,LeBlanc,4,8,2,True,Win
2922541,3,UCAM,HRTS,UCAM,HRTS,Blue,Akali,5,10,2,True,Win
2922541,3,UCAM,HRTS,HRTS,UCAM,Red,Pyke,1,2,1,False,Loss
2922541,3,UCAM,HRTS,HRTS,UCAM,Red,Kalista,2,4,1,False,Loss
2922541,3,UCAM,HRTS,HRTS,UCAM,Red,Olaf,3,6,1,False,Loss
2922541,3,UCAM,HRTS,HRTS,UCAM,Red,Vayne,4,7,2,False,Loss
2922541,3,UCAM,HRTS,HRTS,UCAM,Red,Gwen,5,9,2,False,Loss
2922541,4,HRTS,UCAM,HRTS,UCAM,Blue,Orianna,1,1,1,True,Win
2922541,4,HRTS,UCAM,HRTS,UCAM,Blue,Pyke,2,3,1,True,Win
2922541,4,HRTS,UCAM,HRTS,UCAM,Blue,Varus,3,5,1,True,Win
2922541,4,HRTS,UCAM,HRTS,UCAM,Blue,Annie,4,8,2,True,Win
2922541,4,HRTS,UCAM,HRTS,UCAM,Blue,LeBlanc,5,10,2,True,Win
2922541,4,HRTS,UCAM,UCAM,HRTS,Red,Akali,1,2,1,False,Loss
2922541,4,HRTS,UCAM,UCAM,HRTS,Red,Anivia,2,4,1,False,Loss
2922541,4,HRTS,UCAM,UCAM,HRTS,Red,Olaf,3,6,1,False,Loss
2922541,4,HRTS,UCAM,UCAM,HRTS,Red,Jayce,4,7,2,False,Loss
2922541,4,HRTS,UCAM,UCAM,HRTS,Red,Aurora,5,9,2,False,Loss
2930381,1,MISA,OZO,MISA,OZO,Blue,Nautilus,1,1,1,True,Win
2930381,1,MISA,OZO,MISA,OZO,Blue,Varus,2,3,1,True,Win
2930381,1,MISA,OZO,MISA,OZO,Blue,Jarvan IV,3,5,1,True,Win
2930381,1,MISA,OZO,MISA,OZO,Blue,Gnar,4,8,2,True,Win
2930381,1,MISA,OZO,MISA,OZO,Blue,Xin Zhao,5,10,2,True,Win
2930381,1,MISA,OZO,OZO,MISA,Red,Orianna,1,2,1,False,Loss
2930381,1,MISA,OZO,OZO,MISA,Red,Karma,2,4,1,False,Loss
2930381,1,MISA,OZO,OZO,MISA,Red,Rumble,3,6,1,False,Loss
2930381,1,MISA,OZO,OZO,MISA,Red,Pantheon,5,9,2,False,Loss
2930381,2,MISA,OZO,MISA,OZO,Blue,Nautilus,1,1,1,True,Win
2930381,2,MISA,OZO,MISA,OZO,Blue,Varus,2,3,1,True,Win
2930381,2,MISA,OZO,MISA,OZO,Blue,Aurora,3,5,1,True,Win
2930381,2,MISA,OZO,MISA,OZO,Blue,Galio,4,8,2,True,Win
2930381,2,MISA,OZO,MISA,OZO,Blue,LeBlanc,5,10,2,True,Win
2930381,2,MISA,OZO,OZO,MISA,Red,Orianna,1,2,1,False,Loss
2930381,2,MISA,OZO,OZO,MISA,Red,Karma,2,4,1,False,Loss
2930381,2,MISA,OZO,OZO,MISA,Red,Rumble,3,6,1,False,Loss
2930381,2,MISA,OZO,OZO,MISA,Red,Taliyah,4,7,2,False,Loss
2930381,2,MISA,OZO,OZO,MISA,Red,Gnar,5,9,2,False,Loss
2930389,1,MISA,PHX,MISA,PHX,Blue,Jarvan IV,1,1,1,True,Win
2930389,1,MISA,PHX,MISA,PHX,Blue,Azir,2,3,1,True,Win
2930389,1,MISA,PHX,MISA,PHX,Blue,Sylas,3,5,1,True,Win
2930389,1,MISA,PHX,MISA,PHX,Blue,Aurora,4,8,2,True,Win
2930389,1,MISA,PHX,MISA,PHX,Blue,Akali,5,10,2,True,Win
2930389,1,MISA,PHX,PHX,MISA,Red,Ryze,1,2,1,False,Loss
2930389,1,MISA,PHX,PHX,MISA,Red,Orianna,2,4,1,False,Loss
2930389,1,MISA,PHX,PHX,MISA,Red,Pantheon,3,6,1,False,Loss
2930389,1,MISA,PHX,PHX,MISA,Red,Nautilus,4,7,2,False,Loss
2930389,1,MISA,PHX,PHX,MISA,Red,Pyke,5,9,2,False,Loss
2930389,2,MISA,PHX,MISA,PHX,Blue,Jarvan IV,1,1,1,True,Win
2930389,2,MISA,PHX,MISA,PHX,Blue,Ashe,2,3,1,True,Win
2930389,2,MISA,PHX,MISA,PHX,Blue,Sylas,3,5,1,True,Win
2930389,2,MISA,PHX,MISA,PHX,Blue,Sivir,4,8,2,True,Win
2930389,2,MISA,PHX,MISA,PHX,Blue,Yorick,5,10,2,True,Win
2930389,2,MISA,PHX,PHX,MISA,Red,Orianna,1,2,1,False,Loss
2930389,2,MISA,PHX,PHX,MISA,Red,Ryze,2,4,1,False,Loss
2930389,2,MISA,PHX,PHX,MISA,Red,Pantheon,3,6,1,False,Loss
2930389,2,MISA,PHX,PHX,MISA,Red,Jayce,4,7,2,False,Loss
2930389,2,MISA,PHX,PHX,MISA,Red,Yone,5,9,2,False,Loss
2930396,1,SU,MISA,SU,MISA,Blue,Bard,1,1,1,False,Loss
2930396,1,SU,MISA,SU,MISA,Blue,Karma,2,3,1,False,Loss
2930396,1,SU,MISA,SU,MISA,Blue,Jarvan IV,3,5,1,False,Loss
2930396,1,SU,MISA,SU,MISA,Blue,Gnar,4,8,2,False,Loss
2930396,1,SU,MISA,SU,MISA,Blue,Gwen,5,10,2,False,Loss
2930396,1,SU,MISA,MISA,SU,Red,Orianna,1,2,1,True,Win
2930396,1,SU,MISA,MISA,SU,Red,Ryze,2,4,1,True,Win
2930396,1,SU,MISA,MISA,SU,Red,Ashe,3,6,1,True,Win
2930396,1,SU,MISA,MISA,SU,Red,LeBlanc,4,7,2,True,Win
2930396,1,SU,MISA,MISA,SU,Red,Syndra,5,9,2,True,Win
2930396,2,SU,MISA,SU,MISA,Blue,Bard,1,1,1,False,Loss
2930396,2,SU,MISA,SU,MISA,Blue,Ezreal,2,3,1,False,Loss
2930396,2,SU,MISA,SU,MISA,Blue,Karma,3,5,1,False,Loss
2930396,2,SU,MISA,SU,MISA,Blue,K'Sante,4,8,2,False,Loss
2930396,2,SU,MISA,SU,MISA,Blue,Ornn,5,10,2,False,Loss
2930396,2,SU,MISA,MISA,SU,Red,Orianna,1,2,1,False,Loss
2930396,2,SU,MISA,MISA,SU,Red,Ryze,2,4,1,False,Loss
2930396,2,SU,MISA,MISA,SU,Red,Ashe,3,6,1,False,Loss
2930396,2,SU,MISA,MISA,SU,Red,Tristana,4,7,2,False,Loss
2930396,2,SU,MISA,MISA,SU,Red,Kai'Sa,5,9,2,False,Loss
2930396,3,SU,MISA,SU,MISA,Blue,Bard,1,1,1,False,Loss
2930396,3,SU,MISA,SU,MISA,Blue,Karma,2,3,1,False,Loss
2930396,3,SU,MISA,SU,MISA,Blue,Ezreal,3,5,1,False,Loss
2930396,3,SU,MISA,SU,MISA,Blue,K'Sante,4,8,2,False,Loss
2930396,3,SU,MISA,SU,MISA,Blue,Ornn,5,10,2,False,Loss
2930396,3,SU,MISA,MISA,SU,Red,Orianna,1,2,1,True,Win
2930396,3,SU,MISA,MISA,SU,Red,Ryze,2,4,1,True,Win
2930396,3,SU,MISA,MISA,SU,Red,Ashe,3,6,1,True,Win
2930396,3,SU,MISA,MISA,SU,Red,Tristana,4,7,2,True,Win
2930396,3,SU,MISA,MISA,SU,Red,Kai'Sa,5,9,2,True,Win
2930400,1,MISA,BGT,MISA,BGT,Blue,Varus,1,1,1,True,Win
2930400,1,MISA,BGT,MISA,BGT,Blue,Jarvan IV,2,3,1,True,Win
2930400,1,MISA,BGT,MISA,BGT,Blue,Nocturne,3,5,1,True,Win
2930400,1,MISA,BGT,MISA,BGT,Blue,Ambessa,4,8,2,True,Win
2930400,1,MISA,BGT,MISA,BGT,Blue,Gwen,5,10,2,True,Win
2930400,1,MISA,BGT,BGT,MISA,Red,Karma,1,2,1,False,Loss
2930400,1,MISA,BGT,BGT,MISA,Red,Ezreal,2,4,1,False,Loss
2930400,1,MISA,BGT,BGT,MISA,Red,Ashe,3,6,1,False,Loss
2930400,1,MISA,BGT,BGT,MISA,Red,Bard,4,7,2,False,Loss
2930400,1,MISA,BGT,BGT,MISA,Red,Nautilus,5,9,2,False,Loss
2930400,2,MISA,BGT,MISA,BGT,Blue,Varus,1,1,1,True,Win
2930400,2,MISA,BGT,MISA,BGT,Blue,Nocturne,2,3,1,True,Win
2930400,2,MISA,BGT,MISA,BGT,Blue,Aurora,3,5,1,True,Win
2930400,2,MISA,BGT,MISA,BGT,Blue,Jayce,4,8,2,True,Win
2930400,2,MISA,BGT,MISA,BGT,Blue,Mel,5,10,2,True,Win
2930400,2,MISA,BGT,BGT,MISA,Red,Karma,1,2,1,False,Loss
2930400,2,MISA,BGT,BGT,MISA,Red,Ezreal,2,4,1,False,Loss
2930400,2,MISA,BGT,BGT,MISA,Red,Jarvan IV,3,6,1,False,Loss
2930400,2,MISA,BGT,BGT,MISA,Red,Aatrox,4,7,2,False,Loss
2930400,2,MISA,BGT,BGT,MISA,Red,Qiyana,5,9,2,False,Loss
2930403,1,MISA,PCF,MISA,PCF,Blue,Ambessa,1,1,1,True,Win
2930403,1,MISA,PCF,MISA,PCF,Blue,Nautilus,2,3,1,True,Win
2930403,1,MISA,PCF,MISA,PCF,Blue,Varus,3,5,1,True,Win
2930403,1,MISA,PCF,MISA,PCF,Blue,Bard,4,8,2,True,Win
2930403,1,MISA,PCF,MISA,PCF,Blue,Gnar,5,10,2,True,Win
2930403,1,MISA,PCF,PCF,MISA,Red,Ashe,1,2,1,False,Loss
2930403,1,MISA,PCF,PCF,MISA,Red,Karma,2,4,1,False,Loss
2930403,1,MISA,PCF,PCF,MISA,Red,Pantheon,3,6,1,False,Loss
2930403,1,MISA,PCF,PCF,MISA,Red,Wukong,4,7,2,False,Loss
2930403,1,MISA,PCF,PCF,MISA,Red,Xin Zhao,5,9,2,False,Loss
2930403,2,MISA,PCF,MISA,PCF,Blue,Ambessa,1,1,1,True,Win
2930403,2,MISA,PCF,MISA,PCF,Blue,Varus,2,3,1,True,Win
2930403,2,MISA,PCF,MISA,PCF,Blue,Nautilus,3,5,1,True,Win
2930403,2,MISA,PCF,MISA,PCF,Blue,LeBlanc,4,8,2,True,Win
2930403,2,MISA,PCF,MISA,PCF,Blue,Aurora,5,10,2,True,Win
2930403,2,MISA,PCF,PCF,MISA,Red,Ashe,1,2,1,False,Loss
2930403,2,MISA,PCF,PCF,MISA,Red,Karma,2,4,1,False,Loss
2930403,2,MISA,PCF,PCF,MISA,Red,Pantheon,3,6,1,False,Loss
2930403,2,MISA,PCF,PCF,MISA,Red,Lissandra,4,7,2,False,Loss
2930403,2,MISA,PCF,PCF,MISA,Red,Ahri,5,9,2,False,Loss
2930408,1,MISA,DP,MISA,DP,Blue,Jarvan IV,1,1,1,True,Win
2930408,1,MISA,DP,MISA,DP,Blue,Nautilus,2,3,1,True,Win
2930408,1,MISA,DP,MISA,DP,Blue,Darius,3,5,1,True,Win
2930408,1,MISA,DP,MISA,DP,Blue,Yunara,4,8,2,True,Win
2930408,1,MISA,DP,MISA,DP,Blue,Varus,5,10,2,True,Win
2930408,1,MISA,DP,DP,MISA,Red,Ambessa,1,2,1,False,Loss
2930408,1,MISA,DP,DP,MISA,Red,Karma,2,4,1,False,Loss
2930408,1,MISA,DP,DP,MISA,Red,Seraphine,3,6,1,False,Loss
2930408,1,MISA,DP,DP,MISA,Red,Rell,4,7,2,False,Loss
2930408,1,MISA,DP,DP,MISA,Red,Rakan,5,9,2,False,Loss
2930408,2,MISA,DP,MISA,DP,Blue,Nautilus,1,1,1,True,Win
2930408,2,MISA,DP,MISA,DP,Blue,Jarvan IV,2,3,1,True,Win
2930408,2,MISA,DP,MISA,DP,Blue,Darius,3,5,1,True,Win
2930408,2,MISA,DP,MISA,DP,Blue,Ornn,4,8,2,True,Win
2930408,2,MISA,DP,MISA,DP,Blue,Rell,5,10,2,True,Win
2930408,2,MISA,DP,DP,MISA,Red,Ambessa,1,2,1,False,Loss
2930408,2,MISA,DP,DP,MISA,Red,Karma,2,4,1,False,Loss
2930408,2,MISA,DP,DP,MISA,Red,Seraphine,3,6,1,False,Loss
2930408,2,MISA,DP,DP,MISA,Red,Ashe,4,7,2,False,Loss
2930408,2,MISA,DP,DP,MISA,Red,Caitlyn,5,9,2,False,Loss
2930412,1,MISA,BW,MISA,BW,Blue,Ambessa,1,1,1,False,Loss
2930412,1,MISA,BW,MISA,BW,Blue,Nautilus,2,3,1,False,Loss
2930412,1,MISA,BW,MISA,BW,Blue,Gnar,3,5,1,False,Loss
2930412,1,MISA,BW,MISA,BW,Blue,Rell,4,8,2,False,Loss
2930412,1,MISA,BW,MISA,BW,Blue,Pyke,5,10,2,False,Loss
2930412,1,MISA,BW,BW,MISA,Red,Orianna,1,2,1,True,Win
2930412,1,MISA,BW,BW,MISA,Red,Karma,2,4,1,True,Win
2930412,1,MISA,BW,BW,MISA,Red,Ashe,3,6,1,True,Win
2930412,1,MISA,BW,BW,MISA,Red,Gwen,4,7,2,True,Win
2930412,1,MISA,BW,BW,MISA,Red,Viktor,5,9,2,True,Win
2930412,2,MISA,BW,MISA,BW,Blue,Ambessa,1,1,1,True,Win
2930412,2,MISA,BW,MISA,BW,Blue,Nautilus,2,3,1,True,Win
2930412,2,MISA,BW,MISA,BW,Blue,Nocturne,3,5,1,True,Win
2930412,2,MISA,BW,MISA,BW,Blue,Wukong,4,8,2,True,Win
2930412,2,MISA,BW,MISA,BW,Blue,Viego,5,10,2,True,Win
2930412,2,MISA,BW,BW,MISA,Red,Orianna,1,2,1,False,Loss
2930412,2,MISA,BW,BW,MISA,Red,Karma,2,4,1,False,Loss
2930412,2,MISA,BW,BW,MISA,Red,Jarvan IV,3,6,1,False,Loss
2930412,2,MISA,BW,BW,MISA,Red,Naafiri,4,7,2,False,Loss
2930412,2,MISA,BW,BW,MISA,Red,Vi,5,9,2,False,Loss
2930412,3,MISA,BW,MISA,BW,Blue,Ambessa,1,1,1,True,Win
2930412,3,MISA,BW,MISA,BW,Blue,Nautilus,2,3,1,True,Win
2930412,3,MISA,BW,MISA,BW,Blue,Nocturne,3,5,1,True,Win
2930412,3,MISA,BW,MISA,BW,Blue,Gnar,4,8,2,True,Win
2930412,3,MISA,BW,MISA,BW,Blue,Ziggs,5,10,2,True,Win
2930412,3,MISA,BW,BW,MISA,Red,Orianna,1,2,1,False,Loss
2930412,3,MISA,BW,BW,MISA,Red,Karma,2,4,1,False,Loss
2930412,3,MISA,BW,BW,MISA,Red,Jarvan IV,3,6,1,False,Loss
2930412,3,MISA,BW,BW,MISA,Red,Viktor,4,7,2,False,Loss
2930412,3,MISA,BW,BW,MISA,Red,Annie,5,9,2,False,Loss
2938673,1,EWI,SGE,EWI,SGE,Blue,Xin Zhao,1,1,1,True,Win
2938673,1,EWI,SGE,EWI,SGE,Blue,Pantheon,2,3,1,True,Win
2938673,1,EWI,SGE,EWI,SGE,Blue,Rumble,3,5,1,True,Win
2938673,1,EWI,SGE,EWI,SGE,Blue,Aurora,4,8,2,True,Win
2938673,1,EWI,SGE,EWI,SGE,Blue,Akali,5,10,2,True,Win
2938673,1,EWI,SGE,SGE,EWI,Red,Viego,1,2,1,False,Loss
2938673,1,EWI,SGE,SGE,EWI,Red,Ryze,2,4,1,False,Loss
2938673,1,EWI,SGE,SGE,EWI,Red,Pyke,3,6,1,False,Loss
2938673,1,EWI,SGE,SGE,EWI,Red,Karma,4,7,2,False,Loss
2938673,1,EWI,SGE,SGE,EWI,Red,Bard,5,9,2,False,Loss
2938673,2,SGE,EWI,SGE,EWI,Blue,Viego,1,1,1,False,Loss
2938673,2,SGE,EWI,SGE,EWI,Blue,Pyke,2,3,1,False,Loss
2938673,2,SGE,EWI,SGE,EWI,Blue,Ryze,3,5,1,False,Loss
2938673,2,SGE,EWI,SGE,EWI,Blue,Ornn,4,8,2,False,Loss
2938673,2,SGE,EWI,SGE,EWI,Blue,Aurora,5,10,2,False,Loss
2938673,2,SGE,EWI,EWI,SGE,Red,Xin Zhao,1,2,1,True,Win
2938673,2,SGE,EWI,EWI,SGE,Red,Azir,2,4,1,True,Win
2938673,2,SGE,EWI,EWI,SGE,Red,Karma,3,6,1,True,Win
2938673,2,SGE,EWI,EWI,SGE,Red,Neeko,4,7,2,True,Win
2938673,2,SGE,EWI,EWI,SGE,Red,Nami,5,9,2,True,Win
2938680,1,EWI,G2N,EWI,G2N,Blue,Xin Zhao,1,1,1,True,Win
2938680,1,EWI,G2N,EWI,G2N,Blue,Pantheon,2,3,1,True,Win
2938680,1,EWI,G2N,EWI,G2N,Blue,Karma,3,5,1,True,Win
2938680,1,EWI,G2N,EWI,G2N,Blue,Rumble,4,8,2,True,Win
2938680,1,EWI,G2N,EWI,G2N,Blue,Gwen,5,10,2,True,Win
2938680,1,EWI,G2N,G2N,EWI,Red,Ryze,1,2,1,False,Loss
2938680,1,EWI,G2N,G2N,EWI,Red,Caitlyn,2,4,1,False,Loss
2938680,1,EWI,G2N,G2N,EWI,Red,Jarvan IV,3,6,1,False,Loss
2938680,1,EWI,G2N,G2N,EWI,Red,Sion,4,7,2,False,Loss
2938680,1,EWI,G2N,G2N,EWI,Red,Viego,5,9,2,False,Loss
2938680,2,EWI,G2N,EWI,G2N,Blue,Xin Zhao,1,1,1,False,Loss
2938680,2,EWI,G2N,EWI,G2N,Blue,Pantheon,2,3,1,False,Loss
2938680,2,EWI,G2N,EWI,G2N,Blue,Karma,3,5,1,False,Loss
2938680,2,EWI,G2N,EWI,G2N,Blue,Rumble,4,8,2,False,Loss
2938680,2,EWI,G2N,EWI,G2N,Blue,Ambessa,5,10,2,False,Loss
2938680,2,EWI,G2N,G2N,EWI,Red,Ryze,1,2,1,True,Win
2938680,2,EWI,G2N,G2N,EWI,Red,Caitlyn,2,4,1,True,Win
2938680,2,EWI,G2N,G2N,EWI,Red,Jarvan IV,3,6,1,True,Win
2938680,2,EWI,G2N,G2N,EWI,Red,Sion,4,7,2,True,Win
2938680,2,EWI,G2N,G2N,EWI,Red,Shen,5,9,2,True,Win
2938680,3,G2N,EWI,G2N,EWI,Blue,Ryze,1,1,1,True,Win
2938680,3,G2N,EWI,G2N,EWI,Blue,Mel,2,3,1,True,Win
2938680,3,G2N,EWI,G2N,EWI,Blue,Sivir,3,5,1,True,Win
2938680,3,G2N,EWI,G2N,EWI,Blue,Sion,4,8,2,True,Win
2938680,3,G2N,EWI,G2N,EWI,Blue,Rumble,5,10,2,True,Win
2938680,3,G2N,EWI,EWI,G2N,Red,Karma,1,2,1,False,Loss
2938680,3,G2N,EWI,EWI,G2N,Red,Seraphine,2,4,1,False,Loss
2938680,3,G2N,EWI,EWI,G2N,Red,Xin Zhao,3,6,1,False,Loss
2938680,3,G2N,EWI,EWI,G2N,Red,Akali,4,7,2,False,Loss
2938680,3,G2N,EWI,EWI,G2N,Red,Syndra,5,9,2,False,Loss
2938687,1,EINS,EWI,EINS,EWI,Blue,Ryze,1,1,1,True,Win
2938687,1,EINS,EWI,EINS,EWI,Blue,Nautilus,2,3,1,True,Win
2938687,1,EINS,EWI,EINS,EWI,Blue,Pyke,3,5,1,True,Win
2938687,1,EINS,EWI,EINS,EWI,Blue,Yorick,4,8,2,True,Win
2938687,1,EINS,EWI,EINS,EWI,Blue,Poppy,5,10,2,True,Win
2938687,1,EINS,EWI,EWI,EINS,Red,Orianna,1,2,1,False,Loss
2938687,1,EINS,EWI,EWI,EINS,Red,Azir,2,4,1,False,Loss
2938687,1,EINS,EWI,EWI,EINS,Red,Aatrox,3,6,1,False,Loss
2938687,1,EINS,EWI,EWI,EINS,Red,Sion,4,7,2,False,Loss
2938687,1,EINS,EWI,EWI,EINS,Red,Jayce,5,9,2,False,Loss
2938687,2,EINS,EWI,EINS,EWI,Blue,Ryze,1,1,1,True,Win
2938687,2,EINS,EWI,EINS,EWI,Blue,Nautilus,2,3,1,True,Win
2938687,2,EINS,EWI,EINS,EWI,Blue,Pyke,3,5,1,True,Win
2938687,2,EINS,EWI,EINS,EWI,Blue,Viktor,4,8,2,True,Win
2938687,2,EINS,EWI,EINS,EWI,Blue,Poppy,5,10,2,True,Win
2938687,2,EINS,EWI,EWI,EINS,Red,Orianna,1,2,1,False,Loss
2938687,2,EINS,EWI,EWI,EINS,Red,Azir,2,4,1,False,Loss
2938687,2,EINS,EWI,EWI,EINS,Red,Vi,3,6,1,False,Loss
2938687,2,EINS,EWI,EWI,EINS,Red,Syndra,4,7,2,False,Loss
2938687,2,EINS,EWI,EWI,EINS,Red,Kog'Maw,5,9,2,False,Loss
2938695,1,VFB,EWI,VFB,EWI,Blue,Orianna,1,1,1,True,Win
2938695,1,VFB,EWI,VFB,EWI,Blue,Pyke,2,3,1,True,Win
2938695,1,VFB,EWI,VFB,EWI,Blue,Ezreal,3,5,1,True,Win
2938695,1,VFB,EWI,VFB,EWI,Blue,Cassiopeia,4,8,2,True,Win
2938695,1,VFB,EWI,VFB,EWI,Blue,Nautilus,5,10,2,True,Win
2938695,1,VFB,EWI,EWI,VFB,Red,Shen,1,2,1,False,Loss
2938695,1,VFB,EWI,EWI,VFB,Red,Nocturne,2,4,1,False,Loss
2938695,1,VFB,EWI,EWI,VFB,Red,Jarvan IV,3,6,1,False,Loss
2938695,1,VFB,EWI,EWI,VFB,Red,Ambessa,4,7,2,False,Loss
2938695,1,VFB,EWI,EWI,VFB,Red,Aatrox,5,9,2,False,Loss
2938695,2,EWI,VFB,EWI,VFB,Blue,Shen,1,1,1,True,Win
2938695,2,EWI,VFB,EWI,VFB,Blue,Karma,2,3,1,True,Win
2938695,2,EWI,VFB,EWI,VFB,Blue,Nocturne,3,5,1,True,Win
2938695,2,EWI,VFB,EWI,VFB,Blue,Sylas,4,8,2,True,Win
2938695,2,EWI,VFB,EWI,VFB,Blue,Annie,5,10,2,True,Win
2938695,2,EWI,VFB,VFB,EWI,Red,Orianna,1,2,1,False,Loss
2938695,2,EWI,VFB,VFB,EWI,Red,Caitlyn,2,4,1,False,Loss
2938695,2,EWI,VFB,VFB,EWI,Red,Ezreal,3,6,1,False,Loss
2938695,2,EWI,VFB,VFB,EWI,Red,Poppy,4,7,2,False,Loss
2938695,2,EWI,VFB,VFB,EWI,Red,Galio,5,9,2,False,Loss
2938695,3,EWI,VFB,EWI,VFB,Blue,Shen,1,1,1,True,Win
2938695,3,EWI,VFB,EWI,VFB,Blue,Vi,2,3,1,True,Win
2938695,3,EWI,VFB,EWI,VFB,Blue,Karma,3,5,1,True,Win
2938695,3,EWI,VFB,EWI,VFB,Blue,Rakan,4,8,2,True,Win
2938695,3,EWI,VFB,EWI,VFB,Blue,Alistar,5,10,2,True,Win
2938695,3,EWI,VFB,VFB,EWI,Red,Orianna,1,2,1,False,Loss
2938695,3,EWI,VFB,VFB,EWI,Red,Caitlyn,2,4,1,False,Loss
2938695,3,EWI,VFB,VFB,EWI,Red,Ezreal,3,6,1,False,Loss
2938695,3,EWI,VFB,VFB,EWI,Red,Neeko,4,7,2,False,Loss
2938695,3,EWI,VFB,VFB,EWI,Red,Lulu,5,9,2,False,Loss
2938697,1,EWI,TOG,EWI,TOG,Blue,Nautilus,1,1,1,True,Win
2938697,1,EWI,TOG,EWI,TOG,Blue,Skarner,2,3,1,True,Win
2938697,1,EWI,TOG,EWI,TOG,Blue,Pyke,3,5,1,True,Win
2938697,1,EWI,TOG,EWI,TOG,Blue,Karma,4,8,2,True,Win
2938697,1,EWI,TOG,EWI,TOG,Blue,Bard,5,10,2,True,Win
2938697,1,EWI,TOG,TOG,EWI,Red,Orianna,1,2,1,False,Loss
2938697,1,EWI,TOG,TOG,EWI,Red,Ryze,2,4,1,False,Loss
2938697,1,EWI,TOG,TOG,EWI,Red,Viego,3,6,1,False,Loss
2938697,1,EWI,TOG,TOG,EWI,Red,Rumble,4,7,2,False,Loss
2938697,1,EWI,TOG,TOG,EWI,Red,Kennen,5,9,2,False,Loss
2938697,2,EWI,TOG,EWI,TOG,Blue,Skarner,1,1,1,False,Loss
2938697,2,EWI,TOG,EWI,TOG,Blue,Yunara,2,3,1,False,Loss
2938697,2,EWI,TOG,EWI,TOG,Blue,Vi,3,5,1,False,Loss
2938697,2,EWI,TOG,EWI,TOG,Blue,Jayce,4,8,2,False,Loss
2938697,2,EWI,TOG,EWI,TOG,Blue,Rumble,5,10,2,False,Loss
2938697,2,EWI,TOG,TOG,EWI,Red,Orianna,1,2,1,True,Win
2938697,2,EWI,TOG,TOG,EWI,Red,Ryze,2,4,1,True,Win
2938697,2,EWI,TOG,TOG,EWI,Red,Viego,3,6,1,True,Win
2938697,2,EWI,TOG,TOG,EWI,Red,Sion,4,7,2,True,Win
2938697,2,EWI,TOG,TOG,EWI,Red,Aurora,5,9,2,True,Win
2938697,3,EWI,TOG,EWI,TOG,Blue,Skarner,1,1,1,True,Win
2938697,3,EWI,TOG,EWI,TOG,Blue,Vi,2,3,1,True,Win
2938697,3,EWI,TOG,EWI,TOG,Blue,Karma,3,5,1,True,Win
2938697,3,EWI,TOG,EWI,TOG,Blue,Neeko,4,8,2,True,Win
2938697,3,EWI,TOG,EWI,TOG,Blue,Lux,5,10,2,True,Win
2938697,3,EWI,TOG,TOG,EWI,Red,Orianna,1,2,1,False,Loss
2938697,3,EWI,TOG,TOG,EWI,Red,Ryze,2,4,1,False,Loss
2938697,3,EWI,TOG,TOG,EWI,Red,Rumble,3,6,1,False,Loss
2938697,3,EWI,TOG,TOG,EWI,Red,Naafiri,4,7,2,False,Loss
2938697,3,EWI,TOG,TOG,EWI,Red,Azir,5,9,2,False,Loss
2938697,4,EWI,TOG,EWI,TOG,Blue,Skarner,1,1,1,True,Win
2938697,4,EWI,TOG,EWI,TOG,Blue,Yunara,2,3,1,True,Win
2938697,4,EWI,TOG,EWI,TOG,Blue,Vi,3,5,1,True,Win
2938697,4,EWI,TOG,EWI,TOG,Blue,Lulu,4,8,2,True,Win
2938697,4,EWI,TOG,EWI,TOG,Blue,Neeko,5,10,2,True,Win
2938697,4,EWI,TOG,TOG,EWI,Red,Orianna,1,2,1,False,Loss
2938697,4,EWI,TOG,TOG,EWI,Red,Ryze,2,4,1,False,Loss
2938697,4,EWI,TOG,TOG,EWI,Red,Rumble,3,6,1,False,Loss
2938697,4,EWI,TOG,TOG,EWI,Red,Dr. Mundo,4,7,2,False,Loss
2938697,4,EWI,TOG,TOG,EWI,Red,Maokai,5,9,2,False,Loss
2938699,1,EINS,EWI,EINS,EWI,Blue,Pyke,1,1,1,True,Win
2938699,1,EINS,EWI,EINS,EWI,Blue,Nautilus,2,3,1,True,Win
2938699,1,EINS,EWI,EINS,EWI,Blue,Ryze,3,5,1,True,Win
2938699,1,EINS,EWI,EINS,EWI,Blue,LeBlanc,4,8,2,True,Win
2938699,1,EINS,EWI,EINS,EWI,Blue,Syndra,5,10,2,True,Win
2938699,1,EINS,EWI,EWI,EINS,Red,Karma,1,2,1,False,Loss
2938699,1,EINS,EWI,EWI,EINS,Red,Azir,2,4,1,False,Loss
2938699,1,EINS,EWI,EWI,EINS,Red,Orianna,3,6,1,False,Loss
2938699,1,EINS,EWI,EWI,EINS,Red,Aatrox,4,7,2,False,Loss
2938699,1,EINS,EWI,EWI,EINS,Red,Skarner,5,9,2,False,Loss
2938699,2,EWI,EINS,EWI,EINS,Blue,Nautilus,1,1,1,False,Loss
2938699,2,EWI,EINS,EWI,EINS,Blue,Vi,2,3,1,False,Loss
2938699,2,EWI,EINS,EWI,EINS,Blue,Pantheon,3,5,1,False,Loss
2938699,2,EWI,EINS,EWI,EINS,Blue,Skarner,4,8,2,False,Loss
2938699,2,EWI,EINS,EWI,EINS,Blue,Vayne,5,10,2,False,Loss
2938699,2,EWI,EINS,EINS,EWI,Red,Ryze,1,2,1,True,Win
2938699,2,EWI,EINS,EINS,EWI,Red,Pyke,2,4,1,True,Win
2938699,2,EWI,EINS,EINS,EWI,Red,Ziggs,3,6,1,True,Win
2938699,2,EWI,EINS,EINS,EWI,Red,Dr. Mundo,4,7,2,True,Win
2938699,2,EWI,EINS,EINS,EWI,Red,Nocturne,5,9,2,True,Win
2938699,3,EINS,EWI,EINS,EWI,Blue,Ryze,1,1,1,True,Win
2938699,3,EINS,EWI,EINS,EWI,Blue,Ashe,2,3,1,True,Win
2938699,3,EINS,EWI,EINS,EWI,Blue,Pyke,3,5,1,True,Win
2938699,3,EINS,EWI,EINS,EWI,Blue,Poppy,4,8,2,True,Win
2938699,3,EINS,EWI,EINS,EWI,Blue,Ahri,5,10,2,True,Win
2938699,3,EINS,EWI,EWI,EINS,Red,Orianna,1,2,1,False,Loss
2938699,3,EINS,EWI,EWI,EINS,Red,Rumble,2,4,1,False,Loss
2938699,3,EINS,EWI,EWI,EINS,Red,Sivir,3,6,1,False,Loss
2938699,3,EINS,EWI,EWI,EINS,Red,Mel,4,7,2,False,Loss
2938699,3,EINS,EWI,EWI,EINS,Red,LeBlanc,5,9,2,False,Loss
2938701,1,BIG,EWI,BIG,EWI,Blue,Pyke,1,1,1,False,Loss
2938701,1,BIG,EWI,BIG,EWI,Blue,Nautilus,2,3,1,False,Loss
2938701,1,BIG,EWI,BIG,EWI,Blue,Ryze,3,5,1,False,Loss
2938701,1,BIG,EWI,BIG,EWI,Blue,Wukong,4,8,2,False,Loss
2938701,1,BIG,EWI,BIG,EWI,Blue,Poppy,5,10,2,False,Loss
2938701,1,BIG,EWI,EWI,BIG,Red,Orianna,1,2,1,True,Win
2938701,1,BIG,EWI,EWI,BIG,Red,Anivia,2,4,1,True,Win
2938701,1,BIG,EWI,EWI,BIG,Red,Cassiopeia,3,6,1,True,Win
2938701,1,BIG,EWI,EWI,BIG,Red,Aurora,4,7,2,True,Win
2938701,1,BIG,EWI,EWI,BIG,Red,Ahri,5,9,2,True,Win
2938701,2,BIG,EWI,BIG,EWI,Blue,Aurora,1,1,1,True,Win
2938701,2,BIG,EWI,BIG,EWI,Blue,Yorick,2,3,1,True,Win
2938701,2,BIG,EWI,BIG,EWI,Blue,Seraphine,3,5,1,True,Win
2938701,2,BIG,EWI,BIG,EWI,Blue,Ornn,4,8,2,True,Win
2938701,2,BIG,EWI,BIG,EWI,Blue,K'Sante,5,10,2,True,Win
2938701,2,BIG,EWI,EWI,BIG,Red,Orianna,1,2,1,False,Loss
2938701,2,BIG,EWI,EWI,BIG,Red,Anivia,2,4,1,False,Loss
2938701,2,BIG,EWI,EWI,BIG,Red,Cassiopeia,3,6,1,False,Loss
2938701,2,BIG,EWI,EWI,BIG,Red,Nautilus,4,7,2,False,Loss
2938701,2,BIG,EWI,EWI,BIG,Red,Lulu,5,9,2,False,Loss
2938701,3,EWI,BIG,EWI,BIG,Blue,Anivia,1,1,1,True,Win
2938701,3,EWI,BIG,EWI,BIG,Blue,Cassiopeia,2,3,1,True,Win
2938701,3,EWI,BIG,EWI,BIG,Blue,Aurora,3,5,1,True,Win
2938701,3,EWI,BIG,EWI,BIG,Blue,Jayce,4,8,2,True,Win
2938701,3,EWI,BIG,EWI,BIG,Blue,Vayne,5,10,2,True,Win
2938701,3,EWI,BIG,BIG,EWI,Red,Orianna,1,2,1,False,Loss
2938701,3,EWI,BIG,BIG,EWI,Red,Seraphine,2,4,1,False,Loss
2938701,3,EWI,BIG,BIG,EWI,Red,Jarvan IV,3,6,1,False,Loss
2938701,3,EWI,BIG,BIG,EWI,Red,Poppy,4,7,2,False,Loss
2938701,3,EWI,BIG,BIG,EWI,Red,Syndra,5,9,2,False,Loss
2938701,4,BIG,EWI,BIG,EWI,Blue,Ahri,1,1,1,False,Loss
2938701,4,BIG,EWI,BIG,EWI,Blue,Galio,2,3,1,False,Loss
2938701,4,BIG,EWI,BIG,EWI,Blue,Yorick,3,5,1,False,Loss
2938701,4,BIG,EWI,BIG,EWI,Blue,Ashe,4,8,2,False,Loss
2938701,4,BIG,EWI,BIG,EWI,Blue,Pyke,5,10,2,False,Loss
2938701,4,BIG,EWI,EWI,BIG,Red,Orianna,1,2,1,True,Win
2938701,4,BIG,EWI,EWI,BIG,Red,Anivia,2,4,1,True,Win
2938701,4,BIG,EWI,EWI,BIG,Red,Cassiopeia,3,6,1,True,Win
2938701,4,BIG,EWI,EWI,BIG,Red,Jayce,4,7,2,True,Win
2938701,4,BIG,EWI,EWI,BIG,Red,Aatrox,5,9,2,True,Win
2953295,1,MISA,OZO,MISA,OZO,Blue,Nautilus,1,1,1,True,Win
2953295,1,MISA,OZO,MISA,OZO,Blue,Ambessa,2,3,1,True,Win
2953295,1,MISA,OZO,MISA,OZO,Blue,Varus,3,5,1,True,Win
2953295,1,MISA,OZO,MISA,OZO,Blue,Anivia,4,8,2,True,Win
2953295,1,MISA,OZO,MISA,OZO,Blue,Aurora,5,10,2,True,Win
2953295,1,MISA,OZO,OZO,MISA,Red,Karma,1,2,1,False,Loss
2953295,1,MISA,OZO,OZO,MISA,Red,Orianna,2,4,1,False,Loss
2953295,1,MISA,OZO,OZO,MISA,Red,Ashe,3,6,1,False,Loss
2953295,1,MISA,OZO,OZO,MISA,Red,Xin Zhao,4,7,2,False,Loss
2953295,1,MISA,OZO,OZO,MISA,Red,Jarvan IV,5,9,2,False,Loss
2953295,2,OZO,MISA,OZO,MISA,Blue,Nautilus,1,1,1,False,Loss
2953295,2,OZO,MISA,OZO,MISA,Blue,Jarvan IV,2,3,1,False,Loss
2953295,2,OZO,MISA,OZO,MISA,Blue,Karma,3,5,1,False,Loss
2953295,2,OZO,MISA,OZO,MISA,Blue,Viego,4,8,2,False,Loss
2953295,2,OZO,MISA,OZO,MISA,Blue,Gnar,5,10,2,False,Loss
2953295,2,OZO,MISA,MISA,OZO,Red,Orianna,1,2,1,True,Win
2953295,2,OZO,MISA,MISA,OZO,Red,Rumble,2,4,1,True,Win
2953295,2,OZO,MISA,MISA,OZO,Red,Varus,3,6,1,True,Win
2953295,2,OZO,MISA,MISA,OZO,Red,Anivia,4,7,2,True,Win
2953295,2,OZO,MISA,MISA,OZO,Red,Ryze,5,9,2,True,Win
2953295,3,OZO,MISA,OZO,MISA,Blue,Caitlyn,1,1,1,False,Loss
2953295,3,OZO,MISA,OZO,MISA,Blue,Nautilus,2,3,1,False,Loss
2953295,3,OZO,MISA,OZO,MISA,Blue,Jarvan IV,3,5,1,False,Loss
2953295,3,OZO,MISA,OZO,MISA,Blue,Ambessa,4,8,2,False,Loss
2953295,3,OZO,MISA,OZO,MISA,Blue,Naafiri,5,10,2,False,Loss
2953295,3,OZO,MISA,MISA,OZO,Red,Varus,1,2,1,True,Win
2953295,3,OZO,MISA,MISA,OZO,Red,Orianna,2,4,1,True,Win
2953295,3,OZO,MISA,MISA,OZO,Red,Lulu,3,6,1,True,Win
2953295,3,OZO,MISA,MISA,OZO,Red,Aatrox,4,7,2,True,Win
2953295,3,OZO,MISA,MISA,OZO,Red,Vi,5,9,2,True,Win
2957043,1,MISA,PCF,MISA,PCF,Blue,Nautilus,1,1,1,True,Win
2957043,1,MISA,PCF,MISA,PCF,Blue,Varus,2,3,1,True,Win
2957043,1,MISA,PCF,MISA,PCF,Blue,Caitlyn,3,5,1,True,Win
2957043,1,MISA,PCF,MISA,PCF,Blue,Vayne,4,8,2,True,Win
2957043,1,MISA,PCF,MISA,PCF,Blue,Gnar,5,10,2,True,Win
2957043,1,MISA,PCF,PCF,MISA,Red,Orianna,1,2,1,False,Loss
2957043,1,MISA,PCF,PCF,MISA,Red,Karma,2,4,1,False,Loss
2957043,1,MISA,PCF,PCF,MISA,Red,Lucian,3,6,1,False,Loss
2957043,1,MISA,PCF,PCF,MISA,Red,Jarvan IV,4,7,2,False,Loss
2957043,1,MISA,PCF,PCF,MISA,Red,Nocturne,5,9,2,False,Loss
2957043,2,PCF,MISA,PCF,MISA,Blue,Nautilus,1,1,1,False,Loss
2957043,2,PCF,MISA,PCF,MISA,Blue,Jarvan IV,2,3,1,False,Loss
2957043,2,PCF,MISA,PCF,MISA,Blue,Cassiopeia,3,5,1,False,Loss
2957043,2,PCF,MISA,PCF,MISA,Blue,Karma,4,8,2,False,Loss
2957043,2,PCF,MISA,PCF,MISA,Blue,Pyke,5,10,2,False,Loss
2957043,2,PCF,MISA,MISA,PCF,Red,Orianna,1,2,1,True,Win
2957043,2,PCF,MISA,MISA,PCF,Red,Caitlyn,2,4,1,True,Win
2957043,2,PCF,MISA,MISA,PCF,Red,Varus,3,6,1,True,Win
2957043,2,PCF,MISA,MISA,PCF,Red,Gnar,4,7,2,True,Win
2957043,2,PCF,MISA,MISA,PCF,Red,Pantheon,5,9,2,True,Win
2957043,3,MISA,PCF,MISA,PCF,Blue,Nautilus,1,1,1,True,Win
2957043,3,MISA,PCF,MISA,PCF,Blue,Varus,2,3,1,True,Win
2957043,3,MISA,PCF,MISA,PCF,Blue,Jarvan IV,3,5,1,True,Win
2957043,3,MISA,PCF,MISA,PCF,Blue,Vayne,4,8,2,True,Win
2957043,3,MISA,PCF,MISA,PCF,Blue,Gnar,5,10,2,True,Win
2957043,3,MISA,PCF,PCF,MISA,Red,Orianna,1,2,1,False,Loss
2957043,3,MISA,PCF,PCF,MISA,Red,Karma,2,4,1,False,Loss
2957043,3,MISA,PCF,PCF,MISA,Red,Nocturne,3,6,1,False,Loss
2957043,3,MISA,PCF,PCF,MISA,Red,Wukong,4,7,2,False,Loss
2957043,3,MISA,PCF,PCF,MISA,Red,Jayce,5,9,2,False,Loss
2957049,1,OTS,EWI,OTS,EWI,Blue,Pyke,1,2,1,False,Loss
2957049,1,OTS,EWI,OTS,EWI,Blue,Orianna,2,4,1,False,Loss
2957049,1,OTS,EWI,OTS,EWI,Blue,Ryze,3,6,1,False,Loss
2957049,1,OTS,EWI,OTS,EWI,Blue,Yorick,4,7,2,False,Loss
2957049,1,OTS,EWI,OTS,EWI,Blue,Jarvan IV,5,9,2,False,Loss
2957049,1,OTS,EWI,EWI,OTS,Red,Vi,1,1,1,True,Win
2957049,1,OTS,EWI,EWI,OTS,Red,Nocturne,2,3,1,True,Win
2957049,1,OTS,EWI,EWI,OTS,Red,Karma,3,5,1,True,Win
2957049,1,OTS,EWI,EWI,OTS,Red,Wukong,4,8,2,True,Win
2957049,1,OTS,EWI,EWI,OTS,Red,Pantheon,5,10,2,True,Win
2957088,1,GOAL,EWI,GOAL,EWI,Blue,Pyke,1,2,1,False,Loss
2957088,1,GOAL,EWI,GOAL,EWI,Blue,Cassiopeia,2,4,1,False,Loss
2957088,1,GOAL,EWI,GOAL,EWI,Blue,Varus,3,6,1,False,Loss
2957088,1,GOAL,EWI,GOAL,EWI,Blue,Dr. Mundo,4,7,2,False,Loss
2957088,1,GOAL,EWI,GOAL,EWI,Blue,Naafiri,5,9,2,False,Loss
2957088,1,GOAL,EWI,EWI,GOAL,Red,Akali,1,1,1,True,Win
2957088,1,GOAL,EWI,EWI,GOAL,Red,Nocturne,2,3,1,True,Win
2957088,1,GOAL,EWI,EWI,GOAL,Red,Nautilus,3,5,1,True,Win
2957088,1,GOAL,EWI,EWI,GOAL,Red,Jhin,4,8,2,True,Win
2957088,1,GOAL,EWI,EWI,GOAL,Red,Caitlyn,5,10,2,True,Win
2957088,2,EWI,GOAL,EWI,GOAL,Blue,Akali,1,2,1,True,Win
2957088,2,EWI,GOAL,EWI,GOAL,Blue,Nocturne,2,4,1,True,Win
2957088,2,EWI,GOAL,EWI,GOAL,Blue,Jayce,3,6,1,True,Win
2957088,2,EWI,GOAL,EWI,GOAL,Blue,Ahri,4,7,2,True,Win
2957088,2,EWI,GOAL,EWI,GOAL,Blue,Gwen,5,9,2,True,Win
2957088,2,EWI,GOAL,GOAL,EWI,Red,Cassiopeia,1,1,1,False,Loss
2957088,2,EWI,GOAL,GOAL,EWI,Red,Pyke,2,3,1,False,Loss
2957088,2,EWI,GOAL,GOAL,EWI,Red,Caitlyn,3,5,1,False,Loss
2957088,2,EWI,GOAL,GOAL,EWI,Red,Azir,4,8,2,False,Loss
2957088,2,EWI,GOAL,GOAL,EWI,Red,Syndra,5,10,2,False,Loss
2957093,1,HMB,UCAM,HMB,UCAM,Blue,Pyke,1,1,1,True,Win
2957093,1,HMB,UCAM,HMB,UCAM,Blue,Nautilus,2,3,1,True,Win
2957093,1,HMB,UCAM,HMB,UCAM,Blue,Orianna,3,5,1,True,Win
2957093,1,HMB,UCAM,HMB,UCAM,Blue,Sion,4,8,2,True,Win
2957093,1,HMB,UCAM,HMB,UCAM,Blue,Ornn,5,10,2,True,Win
2957093,1,HMB,UCAM,UCAM,HMB,Red,Cassiopeia,1,2,1,False,Loss
2957093,1,HMB,UCAM,UCAM,HMB,Red,Ezreal,2,4,1,False,Loss
2957093,1,HMB,UCAM,UCAM,HMB,Red,Bard,3,6,1,False,Loss
2957093,1,HMB,UCAM,UCAM,HMB,Red,Alistar,4,7,2,False,Loss
2957093,1,HMB,UCAM,UCAM,HMB,Red,Karma,5,9,2,False,Loss
2957093,2,HMB,UCAM,HMB,UCAM,Blue,Orianna,1,2,1,False,Loss
2957093,2,HMB,UCAM,HMB,UCAM,Blue,Varus,2,4,1,False,Loss
2957093,2,HMB,UCAM,HMB,UCAM,Blue,Pyke,3,6,1,False,Loss
2957093,2,HMB,UCAM,HMB,UCAM,Blue,Gnar,4,7,2,False,Loss
2957093,2,HMB,UCAM,HMB,UCAM,Blue,Ziggs,5,9,2,False,Loss
2957093,2,HMB,UCAM,UCAM,HMB,Red,Cassiopeia,1,1,1,True,Win
2957093,2,HMB,UCAM,UCAM,HMB,Red,Jarvan IV,2,3,1,True,Win
2957093,2,HMB,UCAM,UCAM,HMB,Red,Ezreal,3,5,1,True,Win
2957093,2,HMB,UCAM,UCAM,HMB,Red,Anivia,4,8,2,True,Win
2957093,2,HMB,UCAM,UCAM,HMB,Red,Vayne,5,10,2,True,Win
2957093,3,HMB,UCAM,HMB,UCAM,Blue,Anivia,1,1,1,False,Loss
2957093,3,HMB,UCAM,HMB,UCAM,Blue,Orianna,2,3,1,False,Loss
2957093,3,HMB,UCAM,HMB,UCAM,Blue,Pyke,3,5,1,False,Loss
2957093,3,HMB,UCAM,HMB,UCAM,Blue,Fiora,4,8,2,False,Loss
2957093,3,HMB,UCAM,HMB,UCAM,Blue,Gwen,5,10,2,False,Loss
2957093,3,HMB,UCAM,UCAM,HMB,Red,Cassiopeia,1,2,1,True,Win
2957093,3,HMB,UCAM,UCAM,HMB,Red,Bard,2,4,1,True,Win
2957093,3,HMB,UCAM,UCAM,HMB,Red,Skarner,3,6,1,True,Win
2957093,3,HMB,UCAM,UCAM,HMB,Red,Aurora,4,7,2,True,Win
2957093,3,HMB,UCAM,UCAM,HMB,Red,Syndra,5,9,2,True,Win
2957094,1,EWI,MISA,EWI,MISA,Blue,Orianna,1,2,1,False,Loss
2957094,1,EWI,MISA,EWI,MISA,Blue,Karma,2,4,1,False,Loss
2957094,1,EWI,MISA,EWI,MISA,Blue,Cassiopeia,3,6,1,False,Loss
2957094,1,EWI,MISA,EWI,MISA,Blue,Xin Zhao,4,7,2,False,Loss
2957094,1,EWI,MISA,EWI,MISA,Blue,Nocturne,5,9,2,False,Loss
2957094,1,EWI,MISA,MISA,EWI,Red,Pyke,1,1,1,True,Win
2957094,1,EWI,MISA,MISA,EWI,Red,Nautilus,2,3,1,True,Win
2957094,1,EWI,MISA,MISA,EWI,Red,Varus,3,5,1,True,Win
2957094,1,EWI,MISA,MISA,EWI,Red,Viktor,4,8,2,True,Win
2957094,1,EWI,MISA,MISA,EWI,Red,Jarvan IV,5,10,2,True,Win
2957094,2,MISA,EWI,MISA,EWI,Blue,Orianna,1,2,1,True,Win
2957094,2,MISA,EWI,MISA,EWI,Blue,Pyke,2,4,1,True,Win
2957094,2,MISA,EWI,MISA,EWI,Blue,Nautilus,3,6,1,True,Win
2957094,2,MISA,EWI,MISA,EWI,Blue,Poppy,4,7,2,True,Win
2957094,2,MISA,EWI,MISA,EWI,Blue,Nocturne,5,9,2,True,Win
2957094,2,MISA,EWI,EWI,MISA,Red,Karma,1,1,1,False,Loss
2957094,2,MISA,EWI,EWI,MISA,Red,Jarvan IV,2,3,1,False,Loss
2957094,2,MISA,EWI,EWI,MISA,Red,Lucian,3,5,1,False,Loss
2957094,2,MISA,EWI,EWI,MISA,Red,Xin Zhao,4,8,2,False,Loss
2957094,2,MISA,EWI,EWI,MISA,Red,Pantheon,5,10,2,False,Loss
2977794,1,CG,ZENA,CG,ZENA,Blue,Nocturne,1,1,1,True,Win
2977794,1,CG,ZENA,CG,ZENA,Blue,Syndra,2,3,1,True,Win
2977794,1,CG,ZENA,CG,ZENA,Blue,Orianna,3,5,1,True,Win
2977794,1,CG,ZENA,CG,ZENA,Blue,Caitlyn,4,8,2,True,Win
2977794,1,CG,ZENA,CG,ZENA,Blue,Bard,5,10,2,True,Win
2977794,1,CG,ZENA,ZENA,CG,Red,ID:805,1,2,1,False,Loss
2977794,1,CG,ZENA,ZENA,CG,Red,Jayce,2,4,1,False,Loss
2977794,1,CG,ZENA,ZENA,CG,Red,Renekton,3,6,1,False,Loss
2977794,1,CG,ZENA,ZENA,CG,Red,Camille,4,7,2,False,Loss
2977794,1,CG,ZENA,ZENA,CG,Red,Pyke,5,9,2,False,Loss
2977795,1,HMB,GMB,HMB,GMB,Blue,Yone,1,1,1,True,Win
2977795,1,HMB,GMB,HMB,GMB,Blue,ID:805,2,3,1,True,Win
2977795,1,HMB,GMB,HMB,GMB,Blue,Jarvan IV,3,5,1,True,Win
2977795,1,HMB,GMB,HMB,GMB,Blue,Aurora,4,8,2,True,Win
2977795,1,HMB,GMB,HMB,GMB,Blue,Qiyana,5,10,2,True,Win
2977795,1,HMB,GMB,GMB,HMB,Red,Poppy,1,2,1,False,Loss
2977795,1,HMB,GMB,GMB,HMB,Red,Nocturne,2,4,1,False,Loss
2977795,1,HMB,GMB,GMB,HMB,Red,Camille,3,6,1,False,Loss
2977795,1,HMB,GMB,GMB,HMB,Red,Ezreal,4,7,2,False,Loss
2977795,1,HMB,GMB,GMB,HMB,Red,Kai'Sa,5,9,2,False,Loss
2977796,1,TTS,EKO,TTS,EKO,Blue,Seraphine,1,1,1,True,Win
2977796,1,TTS,EKO,TTS,EKO,Blue,Poppy,2,3,1,True,Win
2977796,1,TTS,EKO,TTS,EKO,Blue,ID:805,3,5,1,True,Win
2977796,1,TTS,EKO,TTS,EKO,Blue,Sylas,4,8,2,True,Win
2977796,1,TTS,EKO,TTS,EKO,Blue,Orianna,5,10,2,True,Win
2977796,1,TTS,EKO,EKO,TTS,Red,Taliyah,1,2,1,False,Loss
2977796,1,TTS,EKO,EKO,TTS,Red,Lissandra,2,4,1,False,Loss
2977796,1,TTS,EKO,EKO,TTS,Red,Hwei,3,6,1,False,Loss
2977796,1,TTS,EKO,EKO,TTS,Red,K'Sante,4,7,2,False,Loss
2977796,1,TTS,EKO,EKO,TTS,Red,Renekton,5,9,2,False,Loss
2977797,1,P11,ATA,P11,ATA,Blue,Varus,1,1,1,False,Loss
2977797,1,P11,ATA,P11,ATA,Blue,Syndra,2,3,1,False,Loss
2977797,1,P11,ATA,P11,ATA,Blue,Olaf,3,5,1,False,Loss
2977797,1,P11,ATA,P11,ATA,Blue,Zaahen,4,8,2,False,Loss
2977797,1,P11,ATA,P11,ATA,Blue,Kled,5,10,2,False,Loss
2977797,1,P11,ATA,ATA,P11,Red,ID:805,1,2,1,True,Win
2977797,1,P11,ATA,ATA,P11,Red,Camille,2,4,1,True,Win
2977797,1,P11,ATA,ATA,P11,Red,Jarvan IV,3,6,1,True,Win
2977797,1,P11,ATA,ATA,P11,Red,Taliyah,4,7,2,True,Win
2977797,1,P11,ATA,ATA,P11,Red,Leona,5,9,2,True,Win
2977799,1,EKO,P11,EKO,P11,Blue,Sion,1,1,1,False,Loss
2977799,1,EKO,P11,EKO,P11,Blue,Aurora,2,3,1,False,Loss
2977799,1,EKO,P11,EKO,P11,Blue,ID:805,3,5,1,False,Loss
2977799,1,EKO,P11,EKO,P11,Blue,Wukong,4,8,2,False,Loss
2977799,1,EKO,P11,EKO,P11,Blue,Lee Sin,5,10,2,False,Loss
2977799,1,EKO,P11,P11,EKO,Red,Seraphine,1,2,1,False,Loss
2977799,1,EKO,P11,P11,EKO,Red,Ziggs,2,4,1,False,Loss
2977799,1,EKO,P11,P11,EKO,Red,Olaf,3,6,1,False,Loss
2977799,1,EKO,P11,P11,EKO,Red,Orianna,4,7,2,False,Loss
2977799,1,EKO,P11,P11,EKO,Red,Gwen,5,9,2,False,Loss
2977800,1,ZENA,ATA,ZENA,ATA,Blue,Cassiopeia,1,1,1,False,Loss
2977800,1,ZENA,ATA,ZENA,ATA,Blue,Naafiri,2,3,1,False,Loss
2977800,1,ZENA,ATA,ZENA,ATA,Blue,Seraphine,3,5,1,False,Loss
2977800,1,ZENA,ATA,ZENA,ATA,Blue,Rakan,4,8,2,False,Loss
2977800,1,ZENA,ATA,ZENA,ATA,Blue,Alistar,5,10,2,False,Loss
2977800,1,ZENA,ATA,ATA,ZENA,Red,Jarvan IV,1,2,1,True,Win
2977800,1,ZENA,ATA,ATA,ZENA,Red,Lee Sin,2,4,1,True,Win
2977800,1,ZENA,ATA,ATA,ZENA,Red,ID:805,3,6,1,True,Win
2977800,1,ZENA,ATA,ATA,ZENA,Red,Akali,4,7,2,True,Win
2977800,1,ZENA,ATA,ATA,ZENA,Red,Aurora,5,9,2,True,Win
2977801,1,GMB,TTS,GMB,TTS,Blue,Lissandra,1,1,1,True,Win
2977801,1,GMB,TTS,GMB,TTS,Blue,Poppy,2,3,1,True,Win
2977801,1,GMB,TTS,GMB,TTS,Blue,Nocturne,3,5,1,True,Win
2977801,1,GMB,TTS,GMB,TTS,Blue,Karma,4,8,2,True,Win
2977801,1,GMB,TTS,GMB,TTS,Blue,Lee Sin,5,10,2,True,Win
2977801,1,GMB,TTS,TTS,GMB,Red,ID:805,1,2,1,False,Loss
2977801,1,GMB,TTS,TTS,GMB,Red,Aurora,2,4,1,False,Loss
2977801,1,GMB,TTS,TTS,GMB,Red,Leona,3,6,1,False,Loss
2977801,1,GMB,TTS,TTS,GMB,Red,Ziggs,4,7,2,False,Loss
2977801,1,GMB,TTS,TTS,GMB,Red,Ashe,5,9,2,False,Loss
2977802,1,CG,HMB,CG,HMB,Blue,Nocturne,1,1,1,False,Loss
2977802,1,CG,HMB,CG,HMB,Blue,Camille,2,3,1,False,Loss
2977802,1,CG,HMB,CG,HMB,Blue,Poppy,3,5,1,False,Loss
2977802,1,CG,HMB,CG,HMB,Blue,Ezreal,4,8,2,False,Loss
2977802,1,CG,HMB,CG,HMB,Blue,Caitlyn,5,10,2,False,Loss
2977802,1,CG,HMB,HMB,CG,Red,Naafiri,1,2,1,True,Win
2977802,1,CG,HMB,HMB,CG,Red,ID:805,2,4,1,True,Win
2977802,1,CG,HMB,HMB,CG,Red,Cassiopeia,3,6,1,True,Win
2977802,1,CG,HMB,HMB,CG,Red,Draven,4,7,2,True,Win
2977802,1,CG,HMB,HMB,CG,Red,Zeri,5,9,2,True,Win
2977803,1,GMB,P11,GMB,P11,Blue,Poppy,1,1,1,True,Win
2977803,1,GMB,P11,GMB,P11,Blue,ID:805,2,3,1,True,Win
2977803,1,GMB,P11,GMB,P11,Blue,Viktor,3,5,1,True,Win
2977803,1,GMB,P11,GMB,P11,Blue,Karma,4,8,2,True,Win
2977803,1,GMB,P11,GMB,P11,Blue,Wukong,5,10,2,True,Win
2977803,1,GMB,P11,P11,GMB,Red,Jarvan IV,1,2,1,False,Loss
2977803,1,GMB,P11,P11,GMB,Red,Aurora,2,4,1,False,Loss
2977803,1,GMB,P11,P11,GMB,Red,Syndra,3,6,1,False,Loss
2977803,1,GMB,P11,P11,GMB,Red,Vi,4,7,2,False,Loss
2977803,1,GMB,P11,P11,GMB,Red,Camille,5,9,2,False,Loss
2977804,1,CG,TTS,CG,TTS,Blue,Lissandra,1,1,1,True,Win
2977804,1,CG,TTS,CG,TTS,Blue,Nocturne,2,3,1,True,Win
2977804,1,CG,TTS,CG,TTS,Blue,Poppy,3,5,1,True,Win
2977804,1,CG,TTS,CG,TTS,Blue,Ezreal,4,8,2,True,Win
2977804,1,CG,TTS,TTS,CG,Red,ID:805,1,2,1,False,Loss
2977804,1,CG,TTS,TTS,CG,Red,Aurora,2,4,1,False,Loss
2977804,1,CG,TTS,TTS,CG,Red,Naafiri,3,6,1,False,Loss
2977804,1,CG,TTS,TTS,CG,Red,Caitlyn,4,7,2,False,Loss
2977804,1,CG,TTS,TTS,CG,Red,Lucian,5,9,2,False,Loss
2977805,1,ZENA,HMB,ZENA,HMB,Blue,Nocturne,1,1,1,False,Loss
2977805,1,ZENA,HMB,ZENA,HMB,Blue,Poppy,2,3,1,False,Loss
2977805,1,ZENA,HMB,ZENA,HMB,Blue,Syndra,3,5,1,False,Loss
2977805,1,ZENA,HMB,ZENA,HMB,Blue,Galio,4,8,2,False,Loss
2977805,1,ZENA,HMB,ZENA,HMB,Blue,Ambessa,5,10,2,False,Loss
2977805,1,ZENA,HMB,HMB,ZENA,Red,Orianna,1,2,1,True,Win
2977805,1,ZENA,HMB,HMB,ZENA,Red,ID:805,2,4,1,True,Win
2977805,1,ZENA,HMB,HMB,ZENA,Red,Jarvan IV,3,6,1,True,Win
2977805,1,ZENA,HMB,HMB,ZENA,Red,Leona,4,7,2,True,Win
2977805,1,ZENA,HMB,HMB,ZENA,Red,Rell,5,9,2,True,Win
2977806,1,ATA,EKO,ATA,EKO,Blue,Poppy,1,1,1,False,Loss
2977806,1,ATA,EKO,ATA,EKO,Blue,Olaf,2,3,1,False,Loss
2977806,1,ATA,EKO,ATA,EKO,Blue,ID:805,3,5,1,False,Loss
2977806,1,ATA,EKO,ATA,EKO,Blue,Orianna,4,8,2,False,Loss
2977806,1,ATA,EKO,ATA,EKO,Blue,Rumble,5,10,2,False,Loss
2977806,1,ATA,EKO,EKO,ATA,Red,Naafiri,1,2,1,True,Win
2977806,1,ATA,EKO,EKO,ATA,Red,Syndra,2,4,1,True,Win
2977806,1,ATA,EKO,EKO,ATA,Red,Varus,3,6,1,True,Win
2977806,1,ATA,EKO,EKO,ATA,Red,Ambessa,4,7,2,True,Win
2977806,1,ATA,EKO,EKO,ATA,Red,Ryze,5,9,2,True,Win
2977809,1,HMB,TTS,HMB,TTS,Blue,Ezreal,1,1,1,True,Win
2977809,1,HMB,TTS,HMB,TTS,Blue,Nocturne,2,3,1,True,Win
2977809,1,HMB,TTS,HMB,TTS,Blue,Lee Sin,3,5,1,True,Win
2977809,1,HMB,TTS,HMB,TTS,Blue,Malphite,4,8,2,True,Win
2977809,1,HMB,TTS,HMB,TTS,Blue,Vayne,5,10,2,True,Win
2977809,1,HMB,TTS,TTS,HMB,Red,Cassiopeia,1,2,1,False,Loss
2977809,1,HMB,TTS,TTS,HMB,Red,Poppy,2,4,1,False,Loss
2977809,1,HMB,TTS,TTS,HMB,Red,ID:805,3,6,1,False,Loss
2977809,1,HMB,TTS,TTS,HMB,Red,Rumble,4,7,2,False,Loss
2977809,1,HMB,TTS,TTS,HMB,Red,Jayce,5,9,2,False,Loss
2977810,1,GMB,ATA,GMB,ATA,Blue,Nocturne,1,1,1,False,Loss
2977810,1,GMB,ATA,GMB,ATA,Blue,Naafiri,2,3,1,False,Loss
2977810,1,GMB,ATA,GMB,ATA,Blue,ID:805,3,5,1,False,Loss
2977810,1,GMB,ATA,GMB,ATA,Blue,Syndra,4,8,2,False,Loss
2977810,1,GMB,ATA,GMB,ATA,Blue,Seraphine,5,10,2,False,Loss
2977810,1,GMB,ATA,ATA,GMB,Red,Vi,1,2,1,True,Win
2977810,1,GMB,ATA,ATA,GMB,Red,Aurora,2,4,1,True,Win
2977810,1,GMB,ATA,ATA,GMB,Red,Ziggs,3,6,1,True,Win
2977810,1,GMB,ATA,ATA,GMB,Red,Poppy,4,7,2,True,Win
2977810,1,GMB,ATA,ATA,GMB,Red,Nautilus,5,9,2,True,Win
2977811,1,P11,CG,P11,CG,Blue,Ambessa,1,1,1,False,Loss
2977811,1,P11,CG,P11,CG,Blue,Vi,2,3,1,False,Loss
2977811,1,P11,CG,P11,CG,Blue,Orianna,3,5,1,False,Loss
2977811,1,P11,CG,P11,CG,Blue,Kai'Sa,4,8,2,False,Loss
2977811,1,P11,CG,P11,CG,Blue,Sivir,5,10,2,False,Loss
2977811,1,P11,CG,CG,P11,Red,ID:805,1,2,1,True,Win
2977811,1,P11,CG,CG,P11,Red,Syndra,2,4,1,True,Win
2977811,1,P11,CG,CG,P11,Red,Ornn,3,6,1,True,Win
2977811,1,P11,CG,CG,P11,Red,Bard,4,7,2,True,Win
2977811,1,P11,CG,CG,P11,Red,Poppy,5,9,2,True,Win
2977812,1,ZENA,EKO,ZENA,EKO,Blue,Lux,1,1,1,True,Win
2977812,1,ZENA,EKO,ZENA,EKO,Blue,Poppy,2,3,1,True,Win
2977812,1,ZENA,EKO,ZENA,EKO,Blue,Renekton,3,5,1,True,Win
2977812,1,ZENA,EKO,ZENA,EKO,Blue,Nautilus,4,8,2,True,Win
2977812,1,ZENA,EKO,ZENA,EKO,Blue,Syndra,5,10,2,True,Win
2977812,1,ZENA,EKO,EKO,ZENA,Red,ID:805,1,2,1,False,Loss
2977812,1,ZENA,EKO,EKO,ZENA,Red,Orianna,2,4,1,False,Loss
2977812,1,ZENA,EKO,EKO,ZENA,Red,Jarvan IV,3,6,1,False,Loss
2977812,1,ZENA,EKO,EKO,ZENA,Red,Rell,4,7,2,False,Loss
2977812,1,ZENA,EKO,EKO,ZENA,Red,Ziggs,5,9,2,False,Loss
2977813,1,GMB,EKO,GMB,EKO,Blue,Ambessa,1,1,1,True,Win
2977813,1,GMB,EKO,GMB,EKO,Blue,Seraphine,2,3,1,True,Win
2977813,1,GMB,EKO,GMB,EKO,Blue,Poppy,3,5,1,True,Win
2977813,1,GMB,EKO,GMB,EKO,Blue,Malphite,4,8,2,True,Win
2977813,1,GMB,EKO,GMB,EKO,Blue,Zilean,5,10,2,True,Win
2977813,1,GMB,EKO,EKO,GMB,Red,Aurora,1,2,1,False,Loss
2977813,1,GMB,EKO,EKO,GMB,Red,Syndra,2,4,1,False,Loss
2977813,1,GMB,EKO,EKO,GMB,Red,Yone,3,6,1,False,Loss
2977813,1,GMB,EKO,EKO,GMB,Red,K'Sante,4,7,2,False,Loss
2977813,1,GMB,EKO,EKO,GMB,Red,Aatrox,5,9,2,False,Loss
2977814,1,P11,HMB,P11,HMB,Blue,Rumble,1,1,1,False,Loss
2977814,1,P11,HMB,P11,HMB,Blue,Camille,2,3,1,False,Loss
2977814,1,P11,HMB,P11,HMB,Blue,Vi,3,5,1,False,Loss
2977814,1,P11,HMB,P11,HMB,Blue,Varus,4,8,2,False,Loss
2977814,1,P11,HMB,P11,HMB,Blue,Ambessa,5,10,2,False,Loss
2977814,1,P11,HMB,HMB,P11,Red,Poppy,1,2,1,True,Win
2977814,1,P11,HMB,HMB,P11,Red,Nocturne,2,4,1,True,Win
2977814,1,P11,HMB,HMB,P11,Red,ID:805,3,6,1,True,Win
2977814,1,P11,HMB,HMB,P11,Red,Renekton,4,7,2,True,Win
2977814,1,P11,HMB,HMB,P11,Red,Qiyana,5,9,2,True,Win
2977815,1,CG,ATA,CG,ATA,Blue,Syndra,1,1,1,False,Loss
2977815,1,CG,ATA,CG,ATA,Blue,Naafiri,2,3,1,False,Loss
2977815,1,CG,ATA,CG,ATA,Blue,Ambessa,3,5,1,False,Loss
2977815,1,CG,ATA,CG,ATA,Blue,Lee Sin,4,8,2,False,Loss
2977815,1,CG,ATA,CG,ATA,Blue,Xin Zhao,5,10,2,False,Loss
2977815,1,CG,ATA,ATA,CG,Red,ID:805,1,2,1,True,Win
2977815,1,CG,ATA,ATA,CG,Red,Jarvan IV,2,4,1,True,Win
2977815,1,CG,ATA,ATA,CG,Red,Vi,3,6,1,True,Win
2977815,1,CG,ATA,ATA,CG,Red,Nocturne,4,7,2,True,Win
2977815,1,CG,ATA,ATA,CG,Red,Pantheon,5,9,2,True,Win
2977816,1,ZENA,TTS,ZENA,TTS,Blue,Renekton,1,1,1,True,Win
2977816,1,ZENA,TTS,ZENA,TTS,Blue,Lissandra,2,3,1,True,Win
2977816,1,ZENA,TTS,ZENA,TTS,Blue,Naafiri,3,5,1,True,Win
2977816,1,ZENA,TTS,ZENA,TTS,Blue,Kalista,4,8,2,True,Win
2977816,1,ZENA,TTS,ZENA,TTS,Blue,Ezreal,5,10,2,True,Win
2977816,1,ZENA,TTS,TTS,ZENA,Red,Cassiopeia,1,2,1,False,Loss
2977816,1,ZENA,TTS,TTS,ZENA,Red,Nocturne,2,4,1,False,Loss
2977816,1,ZENA,TTS,TTS,ZENA,Red,ID:805,3,6,1,False,Loss
2977816,1,ZENA,TTS,TTS,ZENA,Red,Jarvan IV,4,7,2,False,Loss
2977816,1,ZENA,TTS,TTS,ZENA,Red,Ziggs,5,9,2,False,Loss
2977818,1,HMB,ATA,HMB,ATA,Blue,Orianna,1,1,1,True,Win
2977818,1,HMB,ATA,HMB,ATA,Blue,Nocturne,2,3,1,True,Win
2977818,1,HMB,ATA,HMB,ATA,Blue,Naafiri,3,5,1,True,Win
2977818,1,HMB,ATA,HMB,ATA,Blue,Zeri,4,8,2,True,Win
2977818,1,HMB,ATA,HMB,ATA,Blue,Lee Sin,5,10,2,True,Win
2977818,1,HMB,ATA,ATA,HMB,Red,Camille,1,2,1,False,Loss
2977818,1,HMB,ATA,ATA,HMB,Red,Jarvan IV,2,4,1,False,Loss
2977818,1,HMB,ATA,ATA,HMB,Red,Vi,3,6,1,False,Loss
2977818,1,HMB,ATA,ATA,HMB,Red,Pantheon,4,7,2,False,Loss
2977818,1,HMB,ATA,ATA,HMB,Red,Ezreal,5,9,2,False,Loss
2977819,1,EKO,CG,EKO,CG,Blue,Cassiopeia,1,1,1,True,Win
2977819,1,EKO,CG,EKO,CG,Blue,Jayce,2,3,1,True,Win
2977819,1,EKO,CG,EKO,CG,Blue,Ambessa,3,5,1,True,Win
2977819,1,EKO,CG,EKO,CG,Blue,Ahri,4,8,2,True,Win
2977819,1,EKO,CG,EKO,CG,Blue,Akali,5,10,2,True,Win
2977819,1,EKO,CG,CG,EKO,Red,Poppy,1,2,1,False,Loss
2977819,1,EKO,CG,CG,EKO,Red,Seraphine,2,4,1,False,Loss
2977819,1,EKO,CG,CG,EKO,Red,Jarvan IV,3,6,1,False,Loss
2977819,1,EKO,CG,CG,EKO,Red,Gnar,4,7,2,False,Loss
2977819,1,EKO,CG,CG,EKO,Red,Olaf,5,9,2,False,Loss
2977820,1,ZENA,GMB,ZENA,GMB,Blue,Aurora,1,1,1,False,Loss
2977820,1,ZENA,GMB,ZENA,GMB,Blue,Viktor,2,3,1,False,Loss
2977820,1,ZENA,GMB,ZENA,GMB,Blue,Jarvan IV,3,5,1,False,Loss
2977820,1,ZENA,GMB,ZENA,GMB,Blue,Cassiopeia,4,8,2,False,Loss
2977820,1,ZENA,GMB,ZENA,GMB,Blue,Ziggs,5,10,2,False,Loss
2977820,1,ZENA,GMB,GMB,ZENA,Red,Nocturne,1,2,1,True,Win
2977820,1,ZENA,GMB,GMB,ZENA,Red,Camille,2,4,1,True,Win
2977820,1,ZENA,GMB,GMB,ZENA,Red,Syndra,3,6,1,True,Win
2977820,1,ZENA,GMB,GMB,ZENA,Red,Malphite,4,7,2,True,Win
2977820,1,ZENA,GMB,GMB,ZENA,Red,Irelia,5,9,2,True,Win
2977821,1,P11,TTS,P11,TTS,Blue,Nocturne,1,1,1,False,Loss
2977821,1,P11,TTS,P11,TTS,Blue,Tristana,2,3,1,False,Loss
2977821,1,P11,TTS,P11,TTS,Blue,Poppy,3,5,1,False,Loss
2977821,1,P11,TTS,P11,TTS,Blue,Kalista,4,8,2,False,Loss
2977821,1,P11,TTS,P11,TTS,Blue,Olaf,5,10,2,False,Loss
2977821,1,P11,TTS,TTS,P11,Red,Cassiopeia,1,2,1,True,Win
2977821,1,P11,TTS,TTS,P11,Red,Ornn,2,4,1,True,Win
2977821,1,P11,TTS,TTS,P11,Red,Jarvan IV,3,6,1,True,Win
2977821,1,P11,TTS,TTS,P11,Red,Ziggs,4,7,2,True,Win
2977821,1,P11,TTS,TTS,P11,Red,Sylas,5,9,2,True,Win
2977822,1,ATA,TTS,ATA,TTS,Blue,Camille,2,3,1,True,Win
2977822,1,ATA,TTS,ATA,TTS,Blue,Lee Sin,3,5,1,True,Win
2977822,1,ATA,TTS,ATA,TTS,Blue,Yone,4,8,2,True,Win
2977822,1,ATA,TTS,ATA,TTS,Blue,Darius,5,10,2,True,Win
2977822,1,ATA,TTS,TTS,ATA,Red,Ambessa,1,2,1,False,Loss
2977822,1,ATA,TTS,TTS,ATA,Red,Naafiri,2,4,1,False,Loss
2977822,1,ATA,TTS,TTS,ATA,Red,Nocturne,3,6,1,False,Loss
2977822,1,ATA,TTS,TTS,ATA,Red,Rumble,4,7,2,False,Loss
2977822,1,ATA,TTS,TTS,ATA,Red,Zeri,5,9,2,False,Loss
2977823,1,P11,ZENA,P11,ZENA,Blue,Graves,1,1,1,False,Loss
2977823,1,P11,ZENA,P11,ZENA,Blue,Ambessa,2,3,1,False,Loss
2977823,1,P11,ZENA,P11,ZENA,Blue,Poppy,3,5,1,False,Loss
2977823,1,P11,ZENA,P11,ZENA,Blue,Camille,4,8,2,False,Loss
2977823,1,P11,ZENA,P11,ZENA,Blue,Kai'Sa,5,10,2,False,Loss
2977823,1,P11,ZENA,ZENA,P11,Red,Ryze,1,2,1,True,Win
2977823,1,P11,ZENA,ZENA,P11,Red,Nautilus,2,4,1,True,Win
2977823,1,P11,ZENA,ZENA,P11,Red,Ezreal,3,6,1,True,Win
2977823,1,P11,ZENA,ZENA,P11,Red,Rell,4,7,2,True,Win
2977823,1,P11,ZENA,ZENA,P11,Red,Yunara,5,9,2,True,Win
2977824,1,EKO,HMB,EKO,HMB,Blue,Cassiopeia,1,1,1,False,Loss
2977824,1,EKO,HMB,EKO,HMB,Blue,Camille,2,3,1,False,Loss
2977824,1,EKO,HMB,EKO,HMB,Blue,Yasuo,3,5,1,False,Loss
2977824,1,EKO,HMB,EKO,HMB,Blue,Orianna,4,8,2,False,Loss
2977824,1,EKO,HMB,EKO,HMB,Blue,Yone,5,10,2,False,Loss
2977824,1,EKO,HMB,HMB,EKO,Red,Poppy,1,2,1,True,Win
2977824,1,EKO,HMB,HMB,EKO,Red,Jarvan IV,2,4,1,True,Win
2977824,1,EKO,HMB,HMB,EKO,Red,Seraphine,3,6,1,True,Win
2977824,1,EKO,HMB,HMB,EKO,Red,Olaf,4,7,2,True,Win
2977824,1,EKO,HMB,HMB,EKO,Red,Wukong,5,9,2,True,Win
2977825,1,CG,GMB,CG,GMB,Blue,Aurora,1,1,1,True,Win
2977825,1,CG,GMB,CG,GMB,Blue,Syndra,2,3,1,True,Win
2977825,1,CG,GMB,CG,GMB,Blue,Jarvan IV,3,5,1,True,Win
2977825,1,CG,GMB,CG,GMB,Blue,Rumble,4,8,2,True,Win
2977825,1,CG,GMB,CG,GMB,Blue,Renekton,5,10,2,True,Win
2977825,1,CG,GMB,GMB,CG,Red,Jayce,1,2,1,False,Loss
2977825,1,CG,GMB,GMB,CG,Red,Cassiopeia,2,4,1,False,Loss
2977825,1,CG,GMB,GMB,CG,Red,Nocturne,3,6,1,False,Loss
2977825,1,CG,GMB,GMB,CG,Red,Wukong,4,7,2,False,Loss
2977825,1,CG,GMB,GMB,CG,Red,Qiyana,5,9,2,False,Loss
2977829,1,P11,TTS,P11,TTS,Blue,Lissandra,1,1,1,False,Loss
2977829,1,P11,TTS,P11,TTS,Blue,Nocturne,2,3,1,False,Loss
2977829,1,P11,TTS,P11,TTS,Blue,Darius,3,5,1,False,Loss
2977829,1,P11,TTS,P11,TTS,Blue,Olaf,4,8,2,False,Loss
2977829,1,P11,TTS,P11,TTS,Blue,Sett,5,10,2,False,Loss
2977829,1,P11,TTS,TTS,P11,Red,Orianna,1,2,1,True,Win
2977829,1,P11,TTS,TTS,P11,Red,Ziggs,2,4,1,True,Win
2977829,1,P11,TTS,TTS,P11,Red,Rumble,3,6,1,True,Win
2977829,1,P11,TTS,TTS,P11,Red,Leona,4,7,2,True,Win
2977829,1,P11,TTS,TTS,P11,Red,Rell,5,9,2,True,Win
2977829,2,TTS,P11,TTS,P11,Blue,Orianna,1,1,1,True,Win
2977829,2,TTS,P11,TTS,P11,Blue,Rumble,2,3,1,True,Win
2977829,2,TTS,P11,TTS,P11,Blue,Syndra,3,5,1,True,Win
2977829,2,TTS,P11,TTS,P11,Blue,Sion,4,8,2,True,Win
2977829,2,TTS,P11,TTS,P11,Blue,Aurora,5,10,2,True,Win
2977829,2,TTS,P11,P11,TTS,Red,Lissandra,1,2,1,False,Loss
2977829,2,TTS,P11,P11,TTS,Red,Nocturne,2,4,1,False,Loss
2977829,2,TTS,P11,P11,TTS,Red,Poppy,3,6,1,False,Loss
2977829,2,TTS,P11,P11,TTS,Red,Darius,4,7,2,False,Loss
2977829,2,TTS,P11,P11,TTS,Red,Anivia,5,9,2,False,Loss
2977829,3,TTS,P11,TTS,P11,Blue,Orianna,1,1,1,True,Win
2977829,3,TTS,P11,TTS,P11,Blue,Rumble,2,3,1,True,Win
2977829,3,TTS,P11,TTS,P11,Blue,Syndra,3,5,1,True,Win
2977829,3,TTS,P11,TTS,P11,Blue,Veigar,4,8,2,True,Win
2977829,3,TTS,P11,TTS,P11,Blue,Sion,5,10,2,True,Win
2977829,3,TTS,P11,P11,TTS,Red,Lissandra,1,2,1,False,Loss
2977829,3,TTS,P11,P11,TTS,Red,Bard,2,4,1,False,Loss
2977829,3,TTS,P11,P11,TTS,Red,Nocturne,3,6,1,False,Loss
2977829,3,TTS,P11,P11,TTS,Red,Anivia,4,7,2,False,Loss
2977829,3,TTS,P11,P11,TTS,Red,Darius,5,9,2,False,Loss
2977831,1,GMB,HMB,GMB,HMB,Blue,Nocturne,1,1,1,False,Loss
2977831,1,GMB,HMB,GMB,HMB,Blue,Cassiopeia,2,3,1,False,Loss
2977831,1,GMB,HMB,GMB,HMB,Blue,Jayce,3,5,1,False,Loss
2977831,1,GMB,HMB,GMB,HMB,Blue,Ryze,4,8,2,False,Loss
2977831,1,GMB,HMB,GMB,HMB,Blue,Naafiri,5,10,2,False,Loss
2977831,1,GMB,HMB,HMB,GMB,Red,Jarvan IV,1,2,1,True,Win
2977831,1,GMB,HMB,HMB,GMB,Red,Viktor,2,4,1,True,Win
2977831,1,GMB,HMB,HMB,GMB,Red,Leona,3,6,1,True,Win
2977831,1,GMB,HMB,HMB,GMB,Red,Yone,4,7,2,True,Win
2977831,1,GMB,HMB,HMB,GMB,Red,Qiyana,5,9,2,True,Win
2977831,2,HMB,GMB,HMB,GMB,Blue,Jarvan IV,1,1,1,True,Win
2977831,2,HMB,GMB,HMB,GMB,Blue,Viktor,2,3,1,True,Win
2977831,2,HMB,GMB,HMB,GMB,Blue,Vi,3,5,1,True,Win
2977831,2,HMB,GMB,HMB,GMB,Blue,Camille,4,8,2,True,Win
2977831,2,HMB,GMB,HMB,GMB,Blue,Vayne,5,10,2,True,Win
2977831,2,HMB,GMB,GMB,HMB,Red,Nocturne,1,2,1,False,Loss
2977831,2,HMB,GMB,GMB,HMB,Red,Cassiopeia,2,4,1,False,Loss
2977831,2,HMB,GMB,GMB,HMB,Red,Yorick,3,6,1,False,Loss
2977831,2,HMB,GMB,GMB,HMB,Red,Skarner,4,7,2,False,Loss
2977831,2,HMB,GMB,GMB,HMB,Red,Pantheon,5,9,2,False,Loss
2977831,3,HMB,GMB,HMB,GMB,Blue,Jarvan IV,1,1,1,True,Win
2977831,3,HMB,GMB,HMB,GMB,Blue,Yone,2,3,1,True,Win
2977831,3,HMB,GMB,HMB,GMB,Blue,Akali,3,5,1,True,Win
2977831,3,HMB,GMB,HMB,GMB,Blue,Camille,4,8,2,True,Win
2977831,3,HMB,GMB,HMB,GMB,Blue,Gnar,5,10,2,True,Win
2977831,3,HMB,GMB,GMB,HMB,Red,Nocturne,1,2,1,False,Loss
2977831,3,HMB,GMB,GMB,HMB,Red,Cassiopeia,2,4,1,False,Loss
2977831,3,HMB,GMB,GMB,HMB,Red,Ziggs,3,6,1,False,Loss
2977831,3,HMB,GMB,GMB,HMB,Red,Vayne,4,7,2,False,Loss
2977831,3,HMB,GMB,GMB,HMB,Red,Sylas,5,9,2,False,Loss
2977832,1,CG,ATA,CG,ATA,Blue,Jarvan IV,1,1,1,False,Loss
2977832,1,CG,ATA,CG,ATA,Blue,Nautilus,2,3,1,False,Loss
2977832,1,CG,ATA,CG,ATA,Blue,Wukong,3,5,1,False,Loss
2977832,1,CG,ATA,CG,ATA,Blue,Kai'Sa,4,8,2,False,Loss
2977832,1,CG,ATA,CG,ATA,Blue,Corki,5,10,2,False,Loss
2977832,1,CG,ATA,ATA,CG,Red,Cassiopeia,1,2,1,True,Win
2977832,1,CG,ATA,ATA,CG,Red,Vi,2,4,1,True,Win
2977832,1,CG,ATA,ATA,CG,Red,Nocturne,3,6,1,True,Win
2977832,1,CG,ATA,ATA,CG,Red,Jayce,4,7,2,True,Win
2977832,1,CG,ATA,ATA,CG,Red,Renekton,5,9,2,True,Win
2977832,2,CG,ATA,CG,ATA,Blue,Jarvan IV,1,1,1,True,Win
2977832,2,CG,ATA,CG,ATA,Blue,Nautilus,2,3,1,True,Win
2977832,2,CG,ATA,CG,ATA,Blue,Wukong,3,5,1,True,Win
2977832,2,CG,ATA,CG,ATA,Blue,Lee Sin,4,8,2,True,Win
2977832,2,CG,ATA,CG,ATA,Blue,Pantheon,5,10,2,True,Win
2977832,2,CG,ATA,ATA,CG,Red,Cassiopeia,1,2,1,False,Loss
2977832,2,CG,ATA,ATA,CG,Red,Vi,2,4,1,False,Loss
2977832,2,CG,ATA,ATA,CG,Red,Nocturne,3,6,1,False,Loss
2977832,2,CG,ATA,ATA,CG,Red,Anivia,4,7,2,False,Loss
2977832,2,CG,ATA,ATA,CG,Red,Syndra,5,9,2,False,Loss
2977832,3,CG,ATA,CG,ATA,Blue,Wukong,1,1,1,True,Win
2977832,3,CG,ATA,CG,ATA,Blue,Nautilus,2,3,1,True,Win
2977832,3,CG,ATA,CG,ATA,Blue,Lee Sin,3,5,1,True,Win
2977832,3,CG,ATA,CG,ATA,Blue,Jax,4,8,2,True,Win
2977832,3,CG,ATA,CG,ATA,Blue,Kled,5,10,2,True,Win
2977832,3,CG,ATA,ATA,CG,Red,Cassiopeia,1,2,1,False,Loss
2977832,3,CG,ATA,ATA,CG,Red,Vi,2,4,1,False,Loss
2977832,3,CG,ATA,ATA,CG,Red,Jarvan IV,3,6,1,False,Loss
2977832,3,CG,ATA,ATA,CG,Red,Akali,4,7,2,False,Loss
2977832,3,CG,ATA,ATA,CG,Red,Ahri,5,9,2,False,Loss
2977832,4,CG,ATA,CG,ATA,Blue,Wukong,1,1,1,True,Win
2977832,4,CG,ATA,CG,ATA,Blue,Lee Sin,2,3,1,True,Win
2977832,4,CG,ATA,CG,ATA,Blue,Anivia,3,5,1,True,Win
2977832,4,CG,ATA,CG,ATA,Blue,K'Sante,4,8,2,True,Win
2977832,4,CG,ATA,CG,ATA,Blue,Jax,5,10,2,True,Win
2977832,4,CG,ATA,ATA,CG,Red,Cassiopeia,1,2,1,False,Loss
2977832,4,CG,ATA,ATA,CG,Red,Vi,2,4,1,False,Loss
2977832,4,CG,ATA,ATA,CG,Red,Jarvan IV,3,6,1,False,Loss
2977832,4,CG,ATA,ATA,CG,Red,Tristana,4,7,2,False,Loss
2977832,4,CG,ATA,ATA,CG,Red,Draven,5,9,2,False,Loss
2977833,1,TTS,EKO,TTS,EKO,Blue,Ziggs,1,1,1,True,Win
2977833,1,TTS,EKO,TTS,EKO,Blue,Seraphine,2,3,1,True,Win
2977833,1,TTS,EKO,TTS,EKO,Blue,Jarvan IV,3,5,1,True,Win
2977833,1,TTS,EKO,TTS,EKO,Blue,Leona,4,8,2,True,Win
2977833,1,TTS,EKO,TTS,EKO,Blue,Nautilus,5,10,2,True,Win
2977833,1,TTS,EKO,EKO,TTS,Red,Hwei,1,2,1,False,Loss
2977833,1,TTS,EKO,EKO,TTS,Red,Lissandra,2,4,1,False,Loss
2977833,1,TTS,EKO,EKO,TTS,Red,Nocturne,3,6,1,False,Loss
2977833,1,TTS,EKO,EKO,TTS,Red,Kai'Sa,4,7,2,False,Loss
2977833,1,TTS,EKO,EKO,TTS,Red,Sivir,5,9,2,False,Loss
2977833,2,TTS,EKO,TTS,EKO,Blue,Ziggs,1,1,1,True,Win
2977833,2,TTS,EKO,TTS,EKO,Blue,Seraphine,2,3,1,True,Win
2977833,2,TTS,EKO,TTS,EKO,Blue,Jarvan IV,3,5,1,True,Win
2977833,2,TTS,EKO,TTS,EKO,Blue,Kha'Zix,4,8,2,True,Win
2977833,2,TTS,EKO,TTS,EKO,Blue,Lee Sin,5,10,2,True,Win
2977833,2,TTS,EKO,EKO,TTS,Red,Hwei,1,2,1,False,Loss
2977833,2,TTS,EKO,EKO,TTS,Red,Nocturne,2,4,1,False,Loss
2977833,2,TTS,EKO,EKO,TTS,Red,Viktor,3,6,1,False,Loss
2977833,2,TTS,EKO,EKO,TTS,Red,Nautilus,4,7,2,False,Loss
2977833,2,TTS,EKO,EKO,TTS,Red,Braum,5,9,2,False,Loss
2977833,3,TTS,EKO,TTS,EKO,Blue,Seraphine,1,1,1,True,Win
2977833,3,TTS,EKO,TTS,EKO,Blue,Ziggs,2,3,1,True,Win
2977833,3,TTS,EKO,TTS,EKO,Blue,Jarvan IV,3,5,1,True,Win
2977833,3,TTS,EKO,TTS,EKO,Blue,Vi,4,8,2,True,Win
2977833,3,TTS,EKO,TTS,EKO,Blue,Xin Zhao,5,10,2,True,Win
2977833,3,TTS,EKO,EKO,TTS,Red,Nocturne,1,2,1,False,Loss
2977833,3,TTS,EKO,EKO,TTS,Red,Hwei,2,4,1,False,Loss
2977833,3,TTS,EKO,EKO,TTS,Red,Naafiri,3,6,1,False,Loss
2977833,3,TTS,EKO,EKO,TTS,Red,Yone,4,7,2,False,Loss
2977833,3,TTS,EKO,EKO,TTS,Red,Darius,5,9,2,False,Loss
2977835,1,TTS,ZENA,TTS,ZENA,Blue,Orianna,1,1,1,False,Loss
2977835,1,TTS,ZENA,TTS,ZENA,Blue,Ambessa,2,3,1,False,Loss
2977835,1,TTS,ZENA,TTS,ZENA,Blue,Cassiopeia,3,5,1,False,Loss
2977835,1,TTS,ZENA,TTS,ZENA,Blue,Kai'Sa,4,8,2,False,Loss
2977835,1,TTS,ZENA,TTS,ZENA,Blue,Viktor,5,10,2,False,Loss
2977835,1,TTS,ZENA,ZENA,TTS,Red,Lissandra,1,2,1,True,Win
2977835,1,TTS,ZENA,ZENA,TTS,Red,Syndra,2,4,1,True,Win
2977835,1,TTS,ZENA,ZENA,TTS,Red,Hwei,3,6,1,True,Win
2977835,1,TTS,ZENA,ZENA,TTS,Red,Wukong,4,7,2,True,Win
2977835,1,TTS,ZENA,ZENA,TTS,Red,Vi,5,9,2,True,Win
2977835,2,ZENA,TTS,ZENA,TTS,Blue,Lissandra,1,1,1,True,Win
2977835,2,ZENA,TTS,ZENA,TTS,Blue,Hwei,2,3,1,True,Win
2977835,2,ZENA,TTS,ZENA,TTS,Blue,Lucian,3,5,1,True,Win
2977835,2,ZENA,TTS,ZENA,TTS,Blue,Sivir,4,8,2,True,Win
2977835,2,ZENA,TTS,ZENA,TTS,Blue,Kai'Sa,5,10,2,True,Win
2977835,2,ZENA,TTS,TTS,ZENA,Red,Orianna,1,2,1,False,Loss
2977835,2,ZENA,TTS,TTS,ZENA,Red,Ambessa,2,4,1,False,Loss
2977835,2,ZENA,TTS,TTS,ZENA,Red,Graves,3,6,1,False,Loss
2977835,2,ZENA,TTS,TTS,ZENA,Red,Ezreal,4,7,2,False,Loss
2977835,2,ZENA,TTS,TTS,ZENA,Red,Caitlyn,5,9,2,False,Loss
2977835,3,ZENA,TTS,ZENA,TTS,Blue,Lissandra,1,1,1,True,Win
2977835,3,ZENA,TTS,ZENA,TTS,Blue,Lucian,2,3,1,True,Win
2977835,3,ZENA,TTS,ZENA,TTS,Blue,Hwei,3,5,1,True,Win
2977835,3,ZENA,TTS,ZENA,TTS,Blue,Xayah,4,8,2,True,Win
2977835,3,ZENA,TTS,ZENA,TTS,Blue,Ezreal,5,10,2,True,Win
2977835,3,ZENA,TTS,TTS,ZENA,Red,Orianna,1,2,1,False,Loss
2977835,3,ZENA,TTS,TTS,ZENA,Red,Ambessa,2,4,1,False,Loss
2977835,3,ZENA,TTS,TTS,ZENA,Red,Graves,3,6,1,False,Loss
2977835,3,ZENA,TTS,TTS,ZENA,Red,Camille,4,7,2,False,Loss
2977835,3,ZENA,TTS,TTS,ZENA,Red,Neeko,5,9,2,False,Loss
2977837,1,CG,HMB,CG,HMB,Blue,Ezreal,1,1,1,False,Loss
2977837,1,CG,HMB,CG,HMB,Blue,Akali,2,3,1,False,Loss
2977837,1,CG,HMB,CG,HMB,Blue,ID:805,3,5,1,False,Loss
2977837,1,CG,HMB,CG,HMB,Blue,Xin Zhao,4,8,2,False,Loss
2977837,1,CG,HMB,CG,HMB,Blue,Pantheon,5,10,2,False,Loss
2977837,1,CG,HMB,HMB,CG,Red,Cassiopeia,1,2,1,True,Win
2977837,1,CG,HMB,HMB,CG,Red,Nocturne,2,4,1,True,Win
2977837,1,CG,HMB,HMB,CG,Red,Orianna,3,6,1,True,Win
2977837,1,CG,HMB,HMB,CG,Red,Nautilus,4,7,2,True,Win
2977837,1,CG,HMB,HMB,CG,Red,Bard,5,9,2,True,Win
2977837,2,CG,HMB,CG,HMB,Blue,Ezreal,1,1,1,False,Loss
2977837,2,CG,HMB,CG,HMB,Blue,Anivia,2,3,1,False,Loss
2977837,2,CG,HMB,CG,HMB,Blue,Akali,3,5,1,False,Loss
2977837,2,CG,HMB,CG,HMB,Blue,Ziggs,4,8,2,False,Loss
2977837,2,CG,HMB,CG,HMB,Blue,Bard,5,10,2,False,Loss
2977837,2,CG,HMB,HMB,CG,Red,Cassiopeia,1,2,1,True,Win
2977837,2,CG,HMB,HMB,CG,Red,Nocturne,2,4,1,True,Win
2977837,2,CG,HMB,HMB,CG,Red,Orianna,3,6,1,True,Win
2977837,2,CG,HMB,HMB,CG,Red,Nautilus,4,7,2,True,Win
2977837,2,CG,HMB,HMB,CG,Red,Rell,5,9,2,True,Win
2977837,3,CG,HMB,CG,HMB,Blue,Ezreal,1,1,1,False,Loss
2977837,3,CG,HMB,CG,HMB,Blue,Akali,2,3,1,False,Loss
2977837,3,CG,HMB,CG,HMB,Blue,ID:805,3,5,1,False,Loss
2977837,3,CG,HMB,CG,HMB,Blue,Bard,4,8,2,False,Loss
2977837,3,CG,HMB,CG,HMB,Blue,Caitlyn,5,10,2,False,Loss
2977837,3,CG,HMB,HMB,CG,Red,Cassiopeia,1,2,1,True,Win
2977837,3,CG,HMB,HMB,CG,Red,Nocturne,2,4,1,True,Win
2977837,3,CG,HMB,HMB,CG,Red,Orianna,3,6,1,True,Win
2977837,3,CG,HMB,HMB,CG,Red,Olaf,4,7,2,True,Win
2977837,3,CG,HMB,HMB,CG,Red,Lee Sin,5,9,2,True,Win
2977839,1,ZENA,GMB,ZENA,GMB,Blue,Jarvan IV,1,1,1,True,Win
2977839,1,ZENA,GMB,ZENA,GMB,Blue,Viktor,2,3,1,True,Win
2977839,1,ZENA,GMB,ZENA,GMB,Blue,Ryze,3,5,1,True,Win
2977839,1,ZENA,GMB,ZENA,GMB,Blue,Leona,4,8,2,True,Win
2977839,1,ZENA,GMB,ZENA,GMB,Blue,Karma,5,10,2,True,Win
2977839,1,ZENA,GMB,GMB,ZENA,Red,Lee Sin,1,2,1,False,Loss
2977839,1,ZENA,GMB,GMB,ZENA,Red,Sylas,2,4,1,False,Loss
2977839,1,ZENA,GMB,GMB,ZENA,Red,Cassiopeia,3,6,1,False,Loss
2977839,1,ZENA,GMB,GMB,ZENA,Red,Nautilus,4,7,2,False,Loss
2977839,1,ZENA,GMB,GMB,ZENA,Red,Rakan,5,9,2,False,Loss
2977839,2,ZENA,GMB,ZENA,GMB,Blue,Jarvan IV,1,1,1,True,Win
2977839,2,ZENA,GMB,ZENA,GMB,Blue,Viktor,2,3,1,True,Win
2977839,2,ZENA,GMB,ZENA,GMB,Blue,Lucian,3,5,1,True,Win
2977839,2,ZENA,GMB,ZENA,GMB,Blue,Qiyana,4,8,2,True,Win
2977839,2,ZENA,GMB,ZENA,GMB,Blue,Camille,5,10,2,True,Win
2977839,2,ZENA,GMB,GMB,ZENA,Red,Lee Sin,1,2,1,False,Loss
2977839,2,ZENA,GMB,GMB,ZENA,Red,Sylas,2,4,1,False,Loss
2977839,2,ZENA,GMB,GMB,ZENA,Red,Vi,3,6,1,False,Loss
2977839,2,ZENA,GMB,GMB,ZENA,Red,Braum,4,7,2,False,Loss
2977839,2,ZENA,GMB,GMB,ZENA,Red,Sion,5,9,2,False,Loss
2977839,3,ZENA,GMB,ZENA,GMB,Blue,Jarvan IV,1,1,1,False,Loss
2977839,3,ZENA,GMB,ZENA,GMB,Blue,Viktor,2,3,1,False,Loss
2977839,3,ZENA,GMB,ZENA,GMB,Blue,Ryze,3,5,1,False,Loss
2977839,3,ZENA,GMB,ZENA,GMB,Blue,Xin Zhao,4,8,2,False,Loss
2977839,3,ZENA,GMB,ZENA,GMB,Blue,Qiyana,5,10,2,False,Loss
2977839,3,ZENA,GMB,GMB,ZENA,Red,Sylas,1,2,1,True,Win
2977839,3,ZENA,GMB,GMB,ZENA,Red,Cassiopeia,2,4,1,True,Win
2977839,3,ZENA,GMB,GMB,ZENA,Red,Nautilus,3,6,1,True,Win
2977839,3,ZENA,GMB,GMB,ZENA,Red,Lee Sin,4,7,2,True,Win
2977839,3,ZENA,GMB,GMB,ZENA,Red,Galio,5,9,2,True,Win
2977839,4,GMB,ZENA,GMB,ZENA,Blue,Lee Sin,1,1,1,False,Loss
2977839,4,GMB,ZENA,GMB,ZENA,Blue,Sylas,2,3,1,False,Loss
2977839,4,GMB,ZENA,GMB,ZENA,Blue,Jayce,3,5,1,False,Loss
2977839,4,GMB,ZENA,GMB,ZENA,Blue,Kai'Sa,4,8,2,False,Loss
2977839,4,GMB,ZENA,GMB,ZENA,Blue,Nasus,5,10,2,False,Loss
2977839,4,GMB,ZENA,ZENA,GMB,Red,Jarvan IV,1,2,1,True,Win
2977839,4,GMB,ZENA,ZENA,GMB,Red,Viktor,2,4,1,True,Win
2977839,4,GMB,ZENA,ZENA,GMB,Red,Ryze,3,6,1,True,Win
2977839,4,GMB,ZENA,ZENA,GMB,Red,Skarner,4,7,2,True,Win
2977839,4,GMB,ZENA,ZENA,GMB,Red,Sion,5,9,2,True,Win
2977840,1,ZENA,LGC,ZENA,LGC,Blue,Aurora,1,1,1,False,Loss
2977840,1,ZENA,LGC,ZENA,LGC,Blue,Taliyah,2,3,1,False,Loss
2977840,1,ZENA,LGC,ZENA,LGC,Blue,Naafiri,3,5,1,False,Loss
2977840,1,ZENA,LGC,ZENA,LGC,Blue,Ezreal,4,8,2,False,Loss
2977840,1,ZENA,LGC,ZENA,LGC,Blue,Nautilus,5,10,2,False,Loss
2977840,1,ZENA,LGC,LGC,ZENA,Red,Lee Sin,1,2,1,True,Win
2977840,1,ZENA,LGC,LGC,ZENA,Red,Jarvan IV,2,4,1,True,Win
2977840,1,ZENA,LGC,LGC,ZENA,Red,Nocturne,3,6,1,True,Win
2977840,1,ZENA,LGC,LGC,ZENA,Red,Bard,4,7,2,True,Win
2977840,1,ZENA,LGC,LGC,ZENA,Red,Varus,5,9,2,True,Win
2977840,2,ZENA,LGC,ZENA,LGC,Blue,Taliyah,1,1,1,True,Win
2977840,2,ZENA,LGC,ZENA,LGC,Blue,Aurora,2,3,1,True,Win
2977840,2,ZENA,LGC,ZENA,LGC,Blue,Naafiri,3,5,1,True,Win
2977840,2,ZENA,LGC,ZENA,LGC,Blue,Bard,4,8,2,True,Win
2977840,2,ZENA,LGC,ZENA,LGC,Blue,Karma,5,10,2,True,Win
2977840,2,ZENA,LGC,LGC,ZENA,Red,Lee Sin,1,2,1,False,Loss
2977840,2,ZENA,LGC,LGC,ZENA,Red,Jarvan IV,2,4,1,False,Loss
2977840,2,ZENA,LGC,LGC,ZENA,Red,Nocturne,3,6,1,False,Loss
2977840,2,ZENA,LGC,LGC,ZENA,Red,Nautilus,4,7,2,False,Loss
2977840,2,ZENA,LGC,LGC,ZENA,Red,Rell,5,9,2,False,Loss
2977840,3,ZENA,LGC,ZENA,LGC,Blue,Aurora,1,1,1,True,Win
2977840,3,ZENA,LGC,ZENA,LGC,Blue,Taliyah,2,3,1,True,Win
2977840,3,ZENA,LGC,ZENA,LGC,Blue,Naafiri,3,5,1,True,Win
2977840,3,ZENA,LGC,ZENA,LGC,Blue,Fiora,4,8,2,True,Win
2977840,3,ZENA,LGC,ZENA,LGC,Blue,Zyra,5,10,2,True,Win
2977840,3,ZENA,LGC,LGC,ZENA,Red,Lee Sin,1,2,1,False,Loss
2977840,3,ZENA,LGC,LGC,ZENA,Red,Nocturne,2,4,1,False,Loss
2977840,3,ZENA,LGC,LGC,ZENA,Red,Bard,3,6,1,False,Loss
2977840,3,ZENA,LGC,LGC,ZENA,Red,Akali,4,7,2,False,Loss
2977840,3,ZENA,LGC,LGC,ZENA,Red,Jarvan IV,5,9,2,False,Loss
2977840,4,LGC,ZENA,LGC,ZENA,Blue,Lee Sin,1,1,1,True,Win
2977840,4,LGC,ZENA,LGC,ZENA,Blue,Nocturne,2,3,1,True,Win
2977840,4,LGC,ZENA,LGC,ZENA,Blue,Caitlyn,3,5,1,True,Win
2977840,4,LGC,ZENA,LGC,ZENA,Blue,Jarvan IV,4,8,2,True,Win
2977840,4,LGC,ZENA,LGC,ZENA,Blue,Jax,5,10,2,True,Win
2977840,4,LGC,ZENA,ZENA,LGC,Red,Taliyah,1,2,1,False,Loss
2977840,4,LGC,ZENA,ZENA,LGC,Red,Naafiri,2,4,1,False,Loss
2977840,4,LGC,ZENA,ZENA,LGC,Red,Malphite,3,6,1,False,Loss
2977840,4,LGC,ZENA,ZENA,LGC,Red,Fiora,4,7,2,False,Loss
2977840,4,LGC,ZENA,ZENA,LGC,Red,Olaf,5,9,2,False,Loss
2977840,5,ZENA,LGC,ZENA,LGC,Blue,Taliyah,1,1,1,False,Loss
2977840,5,ZENA,LGC,ZENA,LGC,Blue,Naafiri,2,3,1,False,Loss
2977840,5,ZENA,LGC,ZENA,LGC,Blue,Nocturne,3,5,1,False,Loss
2977840,5,ZENA,LGC,ZENA,LGC,Blue,Fiora,4,8,2,False,Loss
2977840,5,ZENA,LGC,ZENA,LGC,Blue,Trundle,5,10,2,False,Loss
2977840,5,ZENA,LGC,LGC,ZENA,Red,Lee Sin,1,2,1,True,Win
2977840,5,ZENA,LGC,LGC,ZENA,Red,Jayce,2,4,1,True,Win
2977840,5,ZENA,LGC,LGC,ZENA,Red,Jarvan IV,3,6,1,True,Win
2977840,5,ZENA,LGC,LGC,ZENA,Red,Jax,4,7,2,True,Win
2977840,5,ZENA,LGC,LGC,ZENA,Red,Olaf,5,9,2,True,Win
2977841,1,CG,TA,CG,TA,Blue,Syndra,1,1,1,True,Win
2977841,1,CG,TA,CG,TA,Blue,Xin Zhao,2,3,1,True,Win
2977841,1,CG,TA,CG,TA,Blue,Lee Sin,3,5,1,True,Win
2977841,1,CG,TA,CG,TA,Blue,Leona,4,8,2,True,Win
2977841,1,CG,TA,CG,TA,Blue,Lulu,5,10,2,True,Win
2977841,1,CG,TA,TA,CG,Red,Cassiopeia,1,2,1,False,Loss
2977841,1,CG,TA,TA,CG,Red,Rumble,2,4,1,False,Loss
2977841,1,CG,TA,TA,CG,Red,Nocturne,3,6,1,False,Loss
2977841,1,CG,TA,TA,CG,Red,Olaf,4,7,2,False,Loss
2977841,1,CG,TA,TA,CG,Red,Ambessa,5,9,2,False,Loss
2977841,2,CG,TA,CG,TA,Blue,Syndra,1,1,1,False,Loss
2977841,2,CG,TA,CG,TA,Blue,Xin Zhao,2,3,1,False,Loss
2977841,2,CG,TA,CG,TA,Blue,Lulu,3,5,1,False,Loss
2977841,2,CG,TA,CG,TA,Blue,Akali,4,8,2,False,Loss
2977841,2,CG,TA,CG,TA,Blue,Annie,5,10,2,False,Loss
2977841,2,CG,TA,TA,CG,Red,Cassiopeia,1,2,1,False,Loss
2977841,2,CG,TA,TA,CG,Red,Rumble,2,4,1,False,Loss
2977841,2,CG,TA,TA,CG,Red,Bard,3,6,1,False,Loss
2977841,2,CG,TA,TA,CG,Red,Gnar,4,7,2,False,Loss
2977841,2,CG,TA,TA,CG,Red,Jayce,5,9,2,False,Loss
2977841,3,CG,TA,CG,TA,Blue,Syndra,1,1,1,True,Win
2977841,3,CG,TA,CG,TA,Blue,Xin Zhao,2,3,1,True,Win
2977841,3,CG,TA,CG,TA,Blue,Lulu,3,5,1,True,Win
2977841,3,CG,TA,CG,TA,Blue,Akali,4,8,2,True,Win
2977841,3,CG,TA,CG,TA,Blue,Annie,5,10,2,True,Win
2977841,3,CG,TA,TA,CG,Red,Cassiopeia,1,2,1,False,Loss
2977841,3,CG,TA,TA,CG,Red,Rumble,2,4,1,False,Loss
2977841,3,CG,TA,TA,CG,Red,Bard,3,6,1,False,Loss
2977841,3,CG,TA,TA,CG,Red,Gnar,4,7,2,False,Loss
2977841,3,CG,TA,TA,CG,Red,Jayce,5,9,2,False,Loss
2977841,4,CG,TA,CG,TA,Blue,Xin Zhao,1,1,1,True,Win
2977841,4,CG,TA,CG,TA,Blue,Cassiopeia,2,3,1,True,Win
2977841,4,CG,TA,CG,TA,Blue,Syndra,3,5,1,True,Win
2977841,4,CG,TA,CG,TA,Blue,Annie,4,8,2,True,Win
2977841,4,CG,TA,CG,TA,Blue,Taliyah,5,10,2,True,Win
2977841,4,CG,TA,TA,CG,Red,Rumble,1,2,1,False,Loss
2977841,4,CG,TA,TA,CG,Red,Bard,2,4,1,False,Loss
2977841,4,CG,TA,TA,CG,Red,Nautilus,3,6,1,False,Loss
2977841,4,CG,TA,TA,CG,Red,Sylas,4,7,2,False,Loss
2977841,4,CG,TA,TA,CG,Red,Olaf,5,9,2,False,Loss
2972328,1,FLK,LUA,FLK,LUA,Blue,Bard,1,1,1,False,Loss
2972328,1,FLK,LUA,FLK,LUA,Blue,Orianna,2,3,1,False,Loss
2972328,1,FLK,LUA,FLK,LUA,Blue,Nocturne,3,5,1,False,Loss
2972328,1,FLK,LUA,FLK,LUA,Blue,Vi,4,8,2,False,Loss
2972328,1,FLK,LUA,FLK,LUA,Blue,Skarner,5,10,2,False,Loss
2972328,1,FLK,LUA,LUA,FLK,Red,Jayce,1,2,1,True,Win
2972328,1,FLK,LUA,LUA,FLK,Red,Jarvan IV,2,4,1,True,Win
2972328,1,FLK,LUA,LUA,FLK,Red,Pantheon,3,6,1,True,Win
2972328,1,FLK,LUA,LUA,FLK,Red,Camille,4,7,2,True,Win
2972328,1,FLK,LUA,LUA,FLK,Red,Nautilus,5,9,2,True,Win
2972328,2,LUA,FLK,LUA,FLK,Blue,Jayce,1,1,1,False,Loss
2972328,2,LUA,FLK,LUA,FLK,Blue,Nocturne,2,3,1,False,Loss
2972328,2,LUA,FLK,LUA,FLK,Blue,Ziggs,3,5,1,False,Loss
2972328,2,LUA,FLK,LUA,FLK,Blue,Annie,4,8,2,False,Loss
2972328,2,LUA,FLK,LUA,FLK,Blue,Lissandra,5,10,2,False,Loss
2972328,2,LUA,FLK,FLK,LUA,Red,Bard,1,2,1,True,Win
2972328,2,LUA,FLK,FLK,LUA,Red,Orianna,2,4,1,True,Win
2972328,2,LUA,FLK,FLK,LUA,Red,Ryze,3,6,1,True,Win
2972328,2,LUA,FLK,FLK,LUA,Red,Kai'Sa,4,7,2,True,Win
2972328,2,LUA,FLK,FLK,LUA,Red,Kalista,5,9,2,True,Win
2972328,3,LUA,FLK,LUA,FLK,Blue,Jayce,1,1,1,True,Win
2972328,3,LUA,FLK,LUA,FLK,Blue,Poppy,2,3,1,True,Win
2972328,3,LUA,FLK,LUA,FLK,Blue,Naafiri,3,5,1,True,Win
2972328,3,LUA,FLK,LUA,FLK,Blue,Mel,4,8,2,True,Win
2972328,3,LUA,FLK,LUA,FLK,Blue,Jhin,5,10,2,True,Win
2972328,3,LUA,FLK,FLK,LUA,Red,Bard,1,2,1,False,Loss
2972328,3,LUA,FLK,FLK,LUA,Red,Orianna,2,4,1,False,Loss
2972328,3,LUA,FLK,FLK,LUA,Red,Camille,3,6,1,False,Loss
2972328,3,LUA,FLK,FLK,LUA,Red,Akali,4,7,2,False,Loss
2972328,3,LUA,FLK,FLK,LUA,Red,Annie,5,9,2,False,Loss
2972329,1,UCAM,HRTS,UCAM,HRTS,Blue,Varus,1,1,1,True,Win
2972329,1,UCAM,HRTS,UCAM,HRTS,Blue,Poppy,2,3,1,True,Win
2972329,1,UCAM,HRTS,UCAM,HRTS,Blue,Nocturne,3,5,1,True,Win
2972329,1,UCAM,HRTS,UCAM,HRTS,Blue,Anivia,4,8,2,True,Win
2972329,1,UCAM,HRTS,UCAM,HRTS,Blue,Vayne,5,10,2,True,Win
2972329,1,UCAM,HRTS,HRTS,UCAM,Red,Orianna,1,2,1,False,Loss
2972329,1,UCAM,HRTS,HRTS,UCAM,Red,Pyke,2,4,1,False,Loss
2972329,1,UCAM,HRTS,HRTS,UCAM,Red,Jayce,3,6,1,False,Loss
2972329,1,UCAM,HRTS,HRTS,UCAM,Red,Kalista,4,7,2,False,Loss
2972329,1,UCAM,HRTS,HRTS,UCAM,Red,Ezreal,5,9,2,False,Loss
2972329,2,HRTS,UCAM,HRTS,UCAM,Blue,Nautilus,1,1,1,False,Loss
2972329,2,HRTS,UCAM,HRTS,UCAM,Blue,Pyke,2,3,1,False,Loss
2972329,2,HRTS,UCAM,HRTS,UCAM,Blue,Jayce,3,5,1,False,Loss
2972329,2,HRTS,UCAM,HRTS,UCAM,Blue,Leona,4,8,2,False,Loss
2972329,2,HRTS,UCAM,HRTS,UCAM,Blue,Alistar,5,10,2,False,Loss
2972329,2,HRTS,UCAM,UCAM,HRTS,Red,Orianna,1,2,1,True,Win
2972329,2,HRTS,UCAM,UCAM,HRTS,Red,Bard,2,4,1,True,Win
2972329,2,HRTS,UCAM,UCAM,HRTS,Red,Nocturne,3,6,1,True,Win
2972329,2,HRTS,UCAM,UCAM,HRTS,Red,Anivia,4,7,2,True,Win
2972329,2,HRTS,UCAM,UCAM,HRTS,Red,Ahri,5,9,2,True,Win
2972330,1,UB,GX,UB,GX,Blue,Bard,1,1,1,False,Loss
2972330,1,UB,GX,UB,GX,Blue,Poppy,2,3,1,False,Loss
2972330,1,UB,GX,UB,GX,Blue,Orianna,3,5,1,False,Loss
2972330,1,UB,GX,UB,GX,Blue,Nautilus,4,8,2,False,Loss
2972330,1,UB,GX,UB,GX,Blue,Leona,5,10,2,False,Loss
2972330,1,UB,GX,GX,UB,Red,K'Sante,1,2,1,True,Win
2972330,1,UB,GX,GX,UB,Red,Ziggs,2,4,1,True,Win
2972330,1,UB,GX,GX,UB,Red,Akali,3,6,1,True,Win
2972330,1,UB,GX,GX,UB,Red,Pyke,4,7,2,True,Win
2972330,1,UB,GX,GX,UB,Red,Anivia,5,9,2,True,Win
2972330,2,UB,GX,UB,GX,Blue,Bard,1,1,1,False,Loss
2972330,2,UB,GX,UB,GX,Blue,Poppy,2,3,1,False,Loss
2972330,2,UB,GX,UB,GX,Blue,Orianna,3,5,1,False,Loss
2972330,2,UB,GX,UB,GX,Blue,Rakan,4,8,2,False,Loss
2972330,2,UB,GX,UB,GX,Blue,Rell,5,10,2,False,Loss
2972330,2,UB,GX,GX,UB,Red,K'Sante,1,2,1,True,Win
2972330,2,UB,GX,GX,UB,Red,Ziggs,2,4,1,True,Win
2972330,2,UB,GX,GX,UB,Red,Akali,3,6,1,True,Win
2972330,2,UB,GX,GX,UB,Red,Nautilus,4,7,2,True,Win
2972330,2,UB,GX,GX,UB,Red,Elise,5,9,2,True,Win
2972332,1,FLK,UCAM,FLK,UCAM,Blue,Pyke,1,1,1,False,Loss
2972332,1,FLK,UCAM,FLK,UCAM,Blue,Orianna,2,3,1,False,Loss
2972332,1,FLK,UCAM,FLK,UCAM,Blue,Cassiopeia,3,5,1,False,Loss
2972332,1,FLK,UCAM,FLK,UCAM,Blue,Ezreal,4,8,2,False,Loss
2972332,1,FLK,UCAM,FLK,UCAM,Blue,Kalista,5,10,2,False,Loss
2972332,1,FLK,UCAM,UCAM,FLK,Red,Varus,1,2,1,True,Win
2972332,1,FLK,UCAM,UCAM,FLK,Red,Pantheon,2,4,1,True,Win
2972332,1,FLK,UCAM,UCAM,FLK,Red,Nocturne,3,6,1,True,Win
2972332,1,FLK,UCAM,UCAM,FLK,Red,Olaf,4,7,2,True,Win
2972332,1,FLK,UCAM,UCAM,FLK,Red,Yorick,5,9,2,True,Win
2972332,2,FLK,UCAM,FLK,UCAM,Blue,Pyke,1,1,1,False,Loss
2972332,2,FLK,UCAM,FLK,UCAM,Blue,Nocturne,2,3,1,False,Loss
2972332,2,FLK,UCAM,FLK,UCAM,Blue,Viktor,3,5,1,False,Loss
2972332,2,FLK,UCAM,FLK,UCAM,Blue,Kai'Sa,4,8,2,False,Loss
2972332,2,FLK,UCAM,FLK,UCAM,Blue,Ambessa,5,10,2,False,Loss
2972332,2,FLK,UCAM,UCAM,FLK,Red,Pantheon,1,2,1,True,Win
2972332,2,FLK,UCAM,UCAM,FLK,Red,Orianna,2,4,1,True,Win
2972332,2,FLK,UCAM,UCAM,FLK,Red,Cassiopeia,3,6,1,True,Win
2972332,2,FLK,UCAM,UCAM,FLK,Red,Sylas,4,7,2,True,Win
2972332,2,FLK,UCAM,UCAM,FLK,Red,Galio,5,9,2,True,Win
2972333,1,BAR,HRTS,BAR,HRTS,Blue,Nocturne,1,1,1,False,Loss
2972333,1,BAR,HRTS,BAR,HRTS,Blue,Bard,2,3,1,False,Loss
2972333,1,BAR,HRTS,BAR,HRTS,Blue,Vi,3,5,1,False,Loss
2972333,1,BAR,HRTS,BAR,HRTS,Blue,Ezreal,4,8,2,False,Loss
2972333,1,BAR,HRTS,BAR,HRTS,Blue,Jhin,5,10,2,False,Loss
2972333,1,BAR,HRTS,HRTS,BAR,Red,Nautilus,1,2,1,True,Win
2972333,1,BAR,HRTS,HRTS,BAR,Red,Poppy,2,4,1,True,Win
2972333,1,BAR,HRTS,HRTS,BAR,Red,Aurora,3,6,1,True,Win
2972333,1,BAR,HRTS,HRTS,BAR,Red,Syndra,4,7,2,True,Win
2972333,1,BAR,HRTS,HRTS,BAR,Red,Lux,5,9,2,True,Win
2972333,2,BAR,HRTS,BAR,HRTS,Blue,Bard,1,1,1,True,Win
2972333,2,BAR,HRTS,BAR,HRTS,Blue,Nocturne,2,3,1,True,Win
2972333,2,BAR,HRTS,BAR,HRTS,Blue,Poppy,3,5,1,True,Win
2972333,2,BAR,HRTS,BAR,HRTS,Blue,Sylas,4,8,2,True,Win
2972333,2,BAR,HRTS,BAR,HRTS,Blue,Akali,5,10,2,True,Win
2972333,2,BAR,HRTS,HRTS,BAR,Red,Jarvan IV,1,2,1,False,Loss
2972333,2,BAR,HRTS,HRTS,BAR,Red,Aurora,2,4,1,False,Loss
2972333,2,BAR,HRTS,HRTS,BAR,Red,Wukong,3,6,1,False,Loss
2972333,2,BAR,HRTS,HRTS,BAR,Red,Sivir,4,7,2,False,Loss
2972333,2,BAR,HRTS,HRTS,BAR,Red,Caitlyn,5,9,2,False,Loss
2972333,3,HRTS,BAR,HRTS,BAR,Blue,Poppy,1,1,1,True,Win
2972333,3,HRTS,BAR,HRTS,BAR,Blue,Aurora,2,3,1,True,Win
2972333,3,HRTS,BAR,HRTS,BAR,Blue,Annie,3,5,1,True,Win
2972333,3,HRTS,BAR,HRTS,BAR,Blue,Viktor,4,8,2,True,Win
2972333,3,HRTS,BAR,HRTS,BAR,Blue,Karma,5,10,2,True,Win
2972333,3,HRTS,BAR,BAR,HRTS,Red,Bard,1,2,1,False,Loss
2972333,3,HRTS,BAR,BAR,HRTS,Red,Nocturne,2,4,1,False,Loss
2972333,3,HRTS,BAR,BAR,HRTS,Red,Jarvan IV,3,6,1,False,Loss
2972333,3,HRTS,BAR,BAR,HRTS,Red,Lucian,4,7,2,False,Loss
2972333,3,HRTS,BAR,BAR,HRTS,Red,Lulu,5,9,2,False,Loss
2972334,1,LUA,UB,LUA,UB,Blue,Anivia,1,1,1,True,Win
2972334,1,LUA,UB,LUA,UB,Blue,Syndra,2,3,1,True,Win
2972334,1,LUA,UB,LUA,UB,Blue,Jarvan IV,3,5,1,True,Win
2972334,1,LUA,UB,LUA,UB,Blue,Nautilus,4,8,2,True,Win
2972334,1,LUA,UB,LUA,UB,Blue,Rakan,5,10,2,True,Win
2972334,1,LUA,UB,UB,LUA,Red,Bard,1,2,1,False,Loss
2972334,1,LUA,UB,UB,LUA,Red,Nocturne,2,4,1,False,Loss
2972334,1,LUA,UB,UB,LUA,Red,Orianna,3,6,1,False,Loss
2972334,1,LUA,UB,UB,LUA,Red,Karma,4,7,2,False,Loss
2972334,1,LUA,UB,UB,LUA,Red,Viktor,5,9,2,False,Loss
2972334,2,LUA,UB,LUA,UB,Blue,Anivia,1,1,1,True,Win
2972334,2,LUA,UB,LUA,UB,Blue,Syndra,2,3,1,True,Win
2972334,2,LUA,UB,LUA,UB,Blue,Vi,3,5,1,True,Win
2972334,2,LUA,UB,LUA,UB,Blue,Ryze,4,8,2,True,Win
2972334,2,LUA,UB,LUA,UB,Blue,Viktor,5,10,2,True,Win
2972334,2,LUA,UB,UB,LUA,Red,Bard,1,2,1,False,Loss
2972334,2,LUA,UB,UB,LUA,Red,Nocturne,2,4,1,False,Loss
2972334,2,LUA,UB,UB,LUA,Red,Orianna,3,6,1,False,Loss
2972334,2,LUA,UB,UB,LUA,Red,Poppy,4,7,2,False,Loss
2972334,2,LUA,UB,UB,LUA,Red,Leona,5,9,2,False,Loss
2972335,1,MKF,GX,MKF,GX,Blue,Lux,1,1,1,True,Win
2972335,1,MKF,GX,MKF,GX,Blue,Shen,2,3,1,True,Win
2972335,1,MKF,GX,MKF,GX,Blue,Yorick,3,5,1,True,Win
2972335,1,MKF,GX,MKF,GX,Blue,Sivir,4,8,2,True,Win
2972335,1,MKF,GX,MKF,GX,Blue,Trundle,5,10,2,True,Win
2972335,1,MKF,GX,GX,MKF,Red,Nocturne,1,2,1,False,Loss
2972335,1,MKF,GX,GX,MKF,Red,Orianna,2,4,1,False,Loss
2972335,1,MKF,GX,GX,MKF,Red,Camille,3,6,1,False,Loss
2972335,1,MKF,GX,GX,MKF,Red,Sylas,4,7,2,False,Loss
2972335,1,MKF,GX,GX,MKF,Red,Nautilus,5,9,2,False,Loss
2972335,2,MKF,GX,MKF,GX,Blue,Shen,1,1,1,True,Win
2972335,2,MKF,GX,MKF,GX,Blue,Orianna,2,3,1,True,Win
2972335,2,MKF,GX,MKF,GX,Blue,Vayne,3,5,1,True,Win
2972335,2,MKF,GX,MKF,GX,Blue,Rell,4,8,2,True,Win
2972335,2,MKF,GX,MKF,GX,Blue,Rakan,5,10,2,True,Win
2972335,2,MKF,GX,GX,MKF,Red,Cassiopeia,1,2,1,False,Loss
2972335,2,MKF,GX,GX,MKF,Red,Camille,2,4,1,False,Loss
2972335,2,MKF,GX,GX,MKF,Red,Ambessa,3,6,1,False,Loss
2972335,2,MKF,GX,GX,MKF,Red,Naafiri,4,7,2,False,Loss
2972335,2,MKF,GX,GX,MKF,Red,Vi,5,9,2,False,Loss
2972336,1,UB,FLK,UB,FLK,Blue,Jayce,1,1,1,True,Win
2972336,1,UB,FLK,UB,FLK,Blue,Nocturne,2,3,1,True,Win
2972336,1,UB,FLK,UB,FLK,Blue,ID:805,3,5,1,True,Win
2972336,1,UB,FLK,UB,FLK,Blue,Karma,4,8,2,True,Win
2972336,1,UB,FLK,FLK,UB,Red,Ziggs,1,2,1,False,Loss
2972336,1,UB,FLK,FLK,UB,Red,K'Sante,2,4,1,False,Loss
2972336,1,UB,FLK,FLK,UB,Red,Syndra,3,6,1,False,Loss
2972336,1,UB,FLK,FLK,UB,Red,Pyke,4,7,2,False,Loss
2972336,1,UB,FLK,FLK,UB,Red,Nautilus,5,9,2,False,Loss
2972336,2,FLK,UB,FLK,UB,Blue,Ziggs,1,1,1,False,Loss
2972336,2,FLK,UB,FLK,UB,Blue,K'Sante,2,3,1,False,Loss
2972336,2,FLK,UB,FLK,UB,Blue,Syndra,3,5,1,False,Loss
2972336,2,FLK,UB,FLK,UB,Blue,Pyke,4,8,2,False,Loss
2972336,2,FLK,UB,FLK,UB,Blue,Sivir,5,10,2,False,Loss
2972336,2,FLK,UB,UB,FLK,Red,Jayce,1,2,1,True,Win
2972336,2,FLK,UB,UB,FLK,Red,Nocturne,2,4,1,True,Win
2972336,2,FLK,UB,UB,FLK,Red,ID:805,3,6,1,True,Win
2972336,2,FLK,UB,UB,FLK,Red,Jhin,4,7,2,True,Win
2972336,2,FLK,UB,UB,FLK,Red,Varus,5,9,2,True,Win
2972338,1,BAR,UCAM,BAR,UCAM,Blue,Shen,1,1,1,False,Loss
2972338,1,BAR,UCAM,BAR,UCAM,Blue,Nocturne,2,3,1,False,Loss
2972338,1,BAR,UCAM,BAR,UCAM,Blue,Poppy,3,5,1,False,Loss
2972338,1,BAR,UCAM,BAR,UCAM,Blue,Pyke,4,8,2,False,Loss
2972338,1,BAR,UCAM,BAR,UCAM,Blue,Leona,5,10,2,False,Loss
2972338,1,BAR,UCAM,UCAM,BAR,Red,Varus,1,2,1,True,Win
2972338,1,BAR,UCAM,UCAM,BAR,Red,ID:805,2,4,1,True,Win
2972338,1,BAR,UCAM,UCAM,BAR,Red,Lux,3,6,1,True,Win
2972338,1,BAR,UCAM,UCAM,BAR,Red,Vi,4,7,2,True,Win
2972338,1,BAR,UCAM,UCAM,BAR,Red,Naafiri,5,9,2,True,Win
2972338,2,BAR,UCAM,BAR,UCAM,Blue,Nocturne,1,1,1,False,Loss
2972338,2,BAR,UCAM,BAR,UCAM,Blue,Viktor,2,3,1,False,Loss
2972338,2,BAR,UCAM,BAR,UCAM,Blue,Poppy,3,5,1,False,Loss
2972338,2,BAR,UCAM,BAR,UCAM,Blue,Lux,4,8,2,False,Loss
2972338,2,BAR,UCAM,BAR,UCAM,Blue,Ziggs,5,10,2,False,Loss
2972338,2,BAR,UCAM,UCAM,BAR,Red,Varus,1,2,1,True,Win
2972338,2,BAR,UCAM,UCAM,BAR,Red,ID:805,2,4,1,True,Win
2972338,2,BAR,UCAM,UCAM,BAR,Red,Naafiri,3,6,1,True,Win
2972338,2,BAR,UCAM,UCAM,BAR,Red,Nautilus,4,7,2,True,Win
2972338,2,BAR,UCAM,UCAM,BAR,Red,Bard,5,9,2,True,Win
2972339,1,LUA,MKF,LUA,MKF,Blue,Nocturne,1,1,1,False,Loss
2972339,1,LUA,MKF,LUA,MKF,Blue,ID:805,2,3,1,False,Loss
2972339,1,LUA,MKF,LUA,MKF,Blue,Jayce,3,5,1,False,Loss
2972339,1,LUA,MKF,LUA,MKF,Blue,Gnar,4,8,2,False,Loss
2972339,1,LUA,MKF,LUA,MKF,Blue,Kai'Sa,5,10,2,False,Loss
2972339,1,LUA,MKF,MKF,LUA,Red,Bard,1,2,1,True,Win
2972339,1,LUA,MKF,MKF,LUA,Red,Shen,2,4,1,True,Win
2972339,1,LUA,MKF,MKF,LUA,Red,K'Sante,3,6,1,True,Win
2972339,1,LUA,MKF,MKF,LUA,Red,Leona,4,7,2,True,Win
2972339,1,LUA,MKF,MKF,LUA,Red,Nautilus,5,9,2,True,Win
2972339,2,MKF,LUA,MKF,LUA,Blue,Bard,1,1,1,True,Win
2972339,2,MKF,LUA,MKF,LUA,Blue,K'Sante,2,3,1,True,Win
2972339,2,MKF,LUA,MKF,LUA,Blue,Xin Zhao,3,5,1,True,Win
2972339,2,MKF,LUA,MKF,LUA,Blue,Lucian,4,8,2,True,Win
2972339,2,MKF,LUA,MKF,LUA,Blue,Lulu,5,10,2,True,Win
2972339,2,MKF,LUA,LUA,MKF,Red,Nocturne,1,2,1,False,Loss
2972339,2,MKF,LUA,LUA,MKF,Red,ID:805,2,4,1,False,Loss
2972339,2,MKF,LUA,LUA,MKF,Red,Jayce,3,6,1,False,Loss
2972339,2,MKF,LUA,LUA,MKF,Red,Nautilus,4,7,2,False,Loss
2972339,2,MKF,LUA,LUA,MKF,Red,Pyke,5,9,2,False,Loss
2972340,1,GX,HRTS,GX,HRTS,Blue,Akali,1,1,1,False,Loss
2972340,1,GX,HRTS,GX,HRTS,Blue,Camille,2,3,1,False,Loss
2972340,1,GX,HRTS,GX,HRTS,Blue,Jayce,3,5,1,False,Loss
2972340,1,GX,HRTS,GX,HRTS,Blue,Vayne,4,8,2,False,Loss
2972340,1,GX,HRTS,GX,HRTS,Blue,Olaf,5,10,2,False,Loss
2972340,1,GX,HRTS,HRTS,GX,Red,ID:805,1,2,1,True,Win
2972340,1,GX,HRTS,HRTS,GX,Red,Nocturne,2,4,1,True,Win
2972340,1,GX,HRTS,HRTS,GX,Red,Poppy,3,6,1,True,Win
2972340,1,GX,HRTS,HRTS,GX,Red,Nautilus,4,7,2,True,Win
2972340,1,GX,HRTS,HRTS,GX,Red,Karma,5,9,2,True,Win
2972340,2,GX,HRTS,GX,HRTS,Blue,Akali,1,1,1,False,Loss
2972340,2,GX,HRTS,GX,HRTS,Blue,Camille,2,3,1,False,Loss
2972340,2,GX,HRTS,GX,HRTS,Blue,Wukong,3,5,1,False,Loss
2972340,2,GX,HRTS,GX,HRTS,Blue,Nautilus,4,8,2,False,Loss
2972340,2,GX,HRTS,GX,HRTS,Blue,Cassiopeia,5,10,2,False,Loss
2972340,2,GX,HRTS,HRTS,GX,Red,Nocturne,1,2,1,True,Win
2972340,2,GX,HRTS,HRTS,GX,Red,ID:805,2,4,1,True,Win
2972340,2,GX,HRTS,HRTS,GX,Red,Lux,3,6,1,True,Win
2972340,2,GX,HRTS,HRTS,GX,Red,Anivia,4,7,2,True,Win
2972340,2,GX,HRTS,HRTS,GX,Red,Hwei,5,9,2,True,Win
2972341,1,UB,UCAM,UB,UCAM,Blue,Nocturne,1,1,1,False,Loss
2972341,1,UB,UCAM,UB,UCAM,Blue,Jayce,2,3,1,False,Loss
2972341,1,UB,UCAM,UB,UCAM,Blue,Poppy,3,5,1,False,Loss
2972341,1,UB,UCAM,UB,UCAM,Blue,Vayne,4,8,2,False,Loss
2972341,1,UB,UCAM,UB,UCAM,Blue,Gnar,5,10,2,False,Loss
2972341,1,UB,UCAM,UCAM,UB,Red,K'Sante,1,2,1,True,Win
2972341,1,UB,UCAM,UCAM,UB,Red,Viktor,2,4,1,True,Win
2972341,1,UB,UCAM,UCAM,UB,Red,Anivia,3,6,1,True,Win
2972341,1,UB,UCAM,UCAM,UB,Red,Renekton,4,7,2,True,Win
2972341,1,UB,UCAM,UCAM,UB,Red,Ambessa,5,9,2,True,Win
2972341,2,UB,UCAM,UB,UCAM,Blue,Nocturne,1,1,1,False,Loss
2972341,2,UB,UCAM,UB,UCAM,Blue,Jayce,2,3,1,False,Loss
2972341,2,UB,UCAM,UB,UCAM,Blue,Poppy,3,5,1,False,Loss
2972341,2,UB,UCAM,UB,UCAM,Blue,Pyke,4,8,2,False,Loss
2972341,2,UB,UCAM,UB,UCAM,Blue,Xayah,5,10,2,False,Loss
2972341,2,UB,UCAM,UCAM,UB,Red,K'Sante,1,2,1,True,Win
2972341,2,UB,UCAM,UCAM,UB,Red,Viktor,2,4,1,True,Win
2972341,2,UB,UCAM,UCAM,UB,Red,Anivia,3,6,1,True,Win
2972341,2,UB,UCAM,UCAM,UB,Red,Ezreal,4,7,2,True,Win
2972341,2,UB,UCAM,UCAM,UB,Red,Kalista,5,9,2,True,Win
2972342,1,GX,BAR,GX,BAR,Blue,Cassiopeia,1,1,1,False,Loss
2972342,1,GX,BAR,GX,BAR,Blue,Vi,2,3,1,False,Loss
2972342,1,GX,BAR,GX,BAR,Blue,Lux,3,5,1,False,Loss
2972342,1,GX,BAR,GX,BAR,Blue,Kai'Sa,4,8,2,False,Loss
2972342,1,GX,BAR,GX,BAR,Blue,Ziggs,5,10,2,False,Loss
2972342,1,GX,BAR,BAR,GX,Red,Poppy,1,2,1,True,Win
2972342,1,GX,BAR,BAR,GX,Red,Nocturne,2,4,1,True,Win
2972342,1,GX,BAR,BAR,GX,Red,Jayce,3,6,1,True,Win
2972342,1,GX,BAR,BAR,GX,Red,Wukong,4,7,2,True,Win
2972342,1,GX,BAR,BAR,GX,Red,Naafiri,5,9,2,True,Win
2972342,2,GX,BAR,GX,BAR,Blue,Cassiopeia,1,1,1,True,Win
2972342,2,GX,BAR,GX,BAR,Blue,Lucian,2,3,1,True,Win
2972342,2,GX,BAR,GX,BAR,Blue,Vi,3,5,1,True,Win
2972342,2,GX,BAR,GX,BAR,Blue,Kai'Sa,4,8,2,True,Win
2972342,2,GX,BAR,GX,BAR,Blue,Tristana,5,10,2,True,Win
2972342,2,GX,BAR,BAR,GX,Red,Poppy,1,2,1,False,Loss
2972342,2,GX,BAR,BAR,GX,Red,Nocturne,2,4,1,False,Loss
2972342,2,GX,BAR,BAR,GX,Red,Jayce,3,6,1,False,Loss
2972342,2,GX,BAR,BAR,GX,Red,Sion,4,7,2,False,Loss
2972342,2,GX,BAR,BAR,GX,Red,Dr. Mundo,5,9,2,False,Loss
2972342,3,GX,BAR,GX,BAR,Blue,Cassiopeia,1,1,1,False,Loss
2972342,3,GX,BAR,GX,BAR,Blue,Lucian,2,3,1,False,Loss
2972342,3,GX,BAR,GX,BAR,Blue,Vi,3,5,1,False,Loss
2972342,3,GX,BAR,GX,BAR,Blue,Kai'Sa,4,8,2,False,Loss
2972342,3,GX,BAR,GX,BAR,Blue,Tristana,5,10,2,False,Loss
2972342,3,GX,BAR,BAR,GX,Red,Jayce,1,2,1,True,Win
2972342,3,GX,BAR,BAR,GX,Red,Nocturne,2,4,1,True,Win
2972342,3,GX,BAR,BAR,GX,Red,Poppy,3,6,1,True,Win
2972342,3,GX,BAR,BAR,GX,Red,Wukong,4,7,2,True,Win
2972342,3,GX,BAR,BAR,GX,Red,Skarner,5,9,2,True,Win
2972343,1,LUA,HRTS,LUA,HRTS,Blue,Jayce,1,1,1,False,Loss
2972343,1,LUA,HRTS,LUA,HRTS,Blue,Camille,2,3,1,False,Loss
2972343,1,LUA,HRTS,LUA,HRTS,Blue,Olaf,3,5,1,False,Loss
2972343,1,LUA,HRTS,LUA,HRTS,Blue,Gnar,4,8,2,False,Loss
2972343,1,LUA,HRTS,LUA,HRTS,Blue,Varus,5,10,2,False,Loss
2972343,1,LUA,HRTS,HRTS,LUA,Red,ID:805,1,2,1,True,Win
2972343,1,LUA,HRTS,HRTS,LUA,Red,Nocturne,2,4,1,True,Win
2972343,1,LUA,HRTS,HRTS,LUA,Red,Poppy,3,6,1,True,Win
2972343,1,LUA,HRTS,HRTS,LUA,Red,Vayne,4,7,2,True,Win
2972343,1,LUA,HRTS,HRTS,LUA,Red,Renekton,5,9,2,True,Win
2972343,2,LUA,HRTS,LUA,HRTS,Blue,Jayce,1,1,1,False,Loss
2972343,2,LUA,HRTS,LUA,HRTS,Blue,Camille,2,3,1,False,Loss
2972343,2,LUA,HRTS,LUA,HRTS,Blue,Olaf,3,5,1,False,Loss
2972343,2,LUA,HRTS,LUA,HRTS,Blue,Gnar,4,8,2,False,Loss
2972343,2,LUA,HRTS,LUA,HRTS,Blue,LeBlanc,5,10,2,False,Loss
2972343,2,LUA,HRTS,HRTS,LUA,Red,ID:805,1,2,1,True,Win
2972343,2,LUA,HRTS,HRTS,LUA,Red,Nocturne,2,4,1,True,Win
2972343,2,LUA,HRTS,HRTS,LUA,Red,Poppy,3,6,1,True,Win
2972343,2,LUA,HRTS,HRTS,LUA,Red,Vayne,4,7,2,True,Win
2972343,2,LUA,HRTS,HRTS,LUA,Red,Rumble,5,9,2,True,Win
2972344,1,MKOI,FLK,MKOI,FLK,Blue,Pantheon,1,1,1,True,Win
2972344,1,MKOI,FLK,MKOI,FLK,Blue,Poppy,2,3,1,True,Win
2972344,1,MKOI,FLK,MKOI,FLK,Blue,Jayce,3,5,1,True,Win
2972344,1,MKOI,FLK,MKOI,FLK,Blue,Olaf,4,8,2,True,Win
2972344,1,MKOI,FLK,MKOI,FLK,Blue,K'Sante,5,10,2,True,Win
2972344,1,MKOI,FLK,FLK,MKOI,Red,ID:805,1,2,1,False,Loss
2972344,1,MKOI,FLK,FLK,MKOI,Red,Nocturne,2,4,1,False,Loss
2972344,1,MKOI,FLK,FLK,MKOI,Red,Jarvan IV,3,6,1,False,Loss
2972344,1,MKOI,FLK,FLK,MKOI,Red,Gnar,4,7,2,False,Loss
2972344,1,MKOI,FLK,FLK,MKOI,Red,Zaahen,5,9,2,False,Loss
2972344,2,MKOI,FLK,MKOI,FLK,Blue,Pantheon,1,1,1,True,Win
2972344,2,MKOI,FLK,MKOI,FLK,Blue,Poppy,2,3,1,True,Win
2972344,2,MKOI,FLK,MKOI,FLK,Blue,Jarvan IV,3,5,1,True,Win
2972344,2,MKOI,FLK,MKOI,FLK,Blue,Olaf,4,8,2,True,Win
2972344,2,MKOI,FLK,MKOI,FLK,Blue,Ryze,5,10,2,True,Win
2972344,2,MKOI,FLK,FLK,MKOI,Red,ID:805,1,2,1,False,Loss
2972344,2,MKOI,FLK,FLK,MKOI,Red,Nocturne,2,4,1,False,Loss
2972344,2,MKOI,FLK,FLK,MKOI,Red,Orianna,3,6,1,False,Loss
2972344,2,MKOI,FLK,FLK,MKOI,Red,Vi,4,7,2,False,Loss
2972344,2,MKOI,FLK,FLK,MKOI,Red,Naafiri,5,9,2,False,Loss
2972345,1,LUA,BAR,LUA,BAR,Blue,Jayce,1,1,1,False,Loss
2972345,1,LUA,BAR,LUA,BAR,Blue,Camille,2,3,1,False,Loss
2972345,1,LUA,BAR,LUA,BAR,Blue,Gnar,3,5,1,False,Loss
2972345,1,LUA,BAR,LUA,BAR,Blue,Tristana,4,8,2,False,Loss
2972345,1,LUA,BAR,LUA,BAR,Blue,Ambessa,5,10,2,False,Loss
2972345,1,LUA,BAR,BAR,LUA,Red,Poppy,1,2,1,True,Win
2972345,1,LUA,BAR,BAR,LUA,Red,Nocturne,2,4,1,True,Win
2972345,1,LUA,BAR,BAR,LUA,Red,Milio,3,6,1,True,Win
2972345,1,LUA,BAR,BAR,LUA,Red,K'Sante,4,7,2,True,Win
2972345,1,LUA,BAR,BAR,LUA,Red,Sion,5,9,2,True,Win
2972345,2,LUA,BAR,LUA,BAR,Blue,Jayce,1,1,1,False,Loss
2972345,2,LUA,BAR,LUA,BAR,Blue,Camille,2,3,1,False,Loss
2972345,2,LUA,BAR,LUA,BAR,Blue,Cassiopeia,3,5,1,False,Loss
2972345,2,LUA,BAR,LUA,BAR,Blue,Tristana,4,8,2,False,Loss
2972345,2,LUA,BAR,LUA,BAR,Blue,Akali,5,10,2,False,Loss
2972345,2,LUA,BAR,BAR,LUA,Red,Poppy,1,2,1,True,Win
2972345,2,LUA,BAR,BAR,LUA,Red,Nocturne,2,4,1,True,Win
2972345,2,LUA,BAR,BAR,LUA,Red,Milio,3,6,1,True,Win
2972345,2,LUA,BAR,BAR,LUA,Red,Orianna,4,7,2,True,Win
2972345,2,LUA,BAR,BAR,LUA,Red,Viktor,5,9,2,True,Win
2972346,1,HRTS,FLK,HRTS,FLK,Blue,Poppy,1,1,1,True,Win
2972346,1,HRTS,FLK,HRTS,FLK,Blue,Jarvan IV,2,3,1,True,Win
2972346,1,HRTS,FLK,HRTS,FLK,Blue,Zaahen,3,5,1,True,Win
2972346,1,HRTS,FLK,HRTS,FLK,Blue,K'Sante,4,8,2,True,Win
2972346,1,HRTS,FLK,HRTS,FLK,Blue,Sion,5,10,2,True,Win
2972346,1,HRTS,FLK,FLK,HRTS,Red,Bard,1,2,1,False,Loss
2972346,1,HRTS,FLK,FLK,HRTS,Red,Nocturne,2,4,1,False,Loss
2972346,1,HRTS,FLK,FLK,HRTS,Red,ID:805,3,6,1,False,Loss
2972346,1,HRTS,FLK,FLK,HRTS,Red,Gnar,4,7,2,False,Loss
2972346,1,HRTS,FLK,FLK,HRTS,Red,Ambessa,5,9,2,False,Loss
2972346,2,FLK,HRTS,FLK,HRTS,Blue,Bard,1,1,1,False,Loss
2972346,2,FLK,HRTS,FLK,HRTS,Blue,Nocturne,2,3,1,False,Loss
2972346,2,FLK,HRTS,FLK,HRTS,Blue,ID:805,3,5,1,False,Loss
2972346,2,FLK,HRTS,FLK,HRTS,Blue,Renekton,4,8,2,False,Loss
2972346,2,FLK,HRTS,FLK,HRTS,Blue,Gnar,5,10,2,False,Loss
2972346,2,FLK,HRTS,HRTS,FLK,Red,Poppy,1,2,1,True,Win
2972346,2,FLK,HRTS,HRTS,FLK,Red,Jarvan IV,2,4,1,True,Win
2972346,2,FLK,HRTS,HRTS,FLK,Red,Akali,3,6,1,True,Win
2972346,2,FLK,HRTS,HRTS,FLK,Red,Vayne,4,7,2,True,Win
2972346,2,FLK,HRTS,HRTS,FLK,Red,Pyke,5,9,2,True,Win
2972347,1,MKOI,UB,MKOI,UB,Blue,K'Sante,1,1,1,True,Win
2972347,1,MKOI,UB,MKOI,UB,Blue,Poppy,2,3,1,True,Win
2972347,1,MKOI,UB,MKOI,UB,Blue,Anivia,3,5,1,True,Win
2972347,1,MKOI,UB,MKOI,UB,Blue,Nautilus,4,8,2,True,Win
2972347,1,MKOI,UB,MKOI,UB,Blue,Akali,5,10,2,True,Win
2972347,1,MKOI,UB,UB,MKOI,Red,Jayce,1,2,1,False,Loss
2972347,1,MKOI,UB,UB,MKOI,Red,Nocturne,2,4,1,False,Loss
2972347,1,MKOI,UB,UB,MKOI,Red,Camille,3,6,1,False,Loss
2972347,1,MKOI,UB,UB,MKOI,Red,Zeri,4,7,2,False,Loss
2972347,1,MKOI,UB,UB,MKOI,Red,Ezreal,5,9,2,False,Loss
2972347,2,MKOI,UB,MKOI,UB,Blue,K'Sante,1,1,1,True,Win
2972347,2,MKOI,UB,MKOI,UB,Blue,Poppy,2,3,1,True,Win
2972347,2,MKOI,UB,MKOI,UB,Blue,Cassiopeia,3,5,1,True,Win
2972347,2,MKOI,UB,MKOI,UB,Blue,Kai'Sa,4,8,2,True,Win
2972347,2,MKOI,UB,MKOI,UB,Blue,Ziggs,5,10,2,True,Win
2972347,2,MKOI,UB,UB,MKOI,Red,Jayce,1,2,1,False,Loss
2972347,2,MKOI,UB,UB,MKOI,Red,Nocturne,2,4,1,False,Loss
2972347,2,MKOI,UB,UB,MKOI,Red,Camille,3,6,1,False,Loss
2972347,2,MKOI,UB,UB,MKOI,Red,Naafiri,4,7,2,False,Loss
2972347,2,MKOI,UB,UB,MKOI,Red,Wukong,5,9,2,False,Loss
2972348,1,UCAM,GX,UCAM,GX,Blue,Nocturne,1,1,1,True,Win
2972348,1,UCAM,GX,UCAM,GX,Blue,Lee Sin,2,3,1,True,Win
2972348,1,UCAM,GX,UCAM,GX,Blue,Bard,3,5,1,True,Win
2972348,1,UCAM,GX,UCAM,GX,Blue,Nautilus,4,8,2,True,Win
2972348,1,UCAM,GX,UCAM,GX,Blue,Leona,5,10,2,True,Win
2972348,1,UCAM,GX,GX,UCAM,Red,Poppy,1,2,1,False,Loss
2972348,1,UCAM,GX,GX,UCAM,Red,Shen,2,4,1,False,Loss
2972348,1,UCAM,GX,GX,UCAM,Red,Vi,3,6,1,False,Loss
2972348,1,UCAM,GX,GX,UCAM,Red,Ezreal,4,7,2,False,Loss
2972348,1,UCAM,GX,GX,UCAM,Red,Syndra,5,9,2,False,Loss
2972348,2,GX,UCAM,GX,UCAM,Blue,Poppy,1,1,1,False,Loss
2972348,2,GX,UCAM,GX,UCAM,Blue,Ryze,2,3,1,False,Loss
2972348,2,GX,UCAM,GX,UCAM,Blue,Shen,3,5,1,False,Loss
2972348,2,GX,UCAM,GX,UCAM,Blue,Vayne,4,8,2,False,Loss
2972348,2,GX,UCAM,GX,UCAM,Blue,LeBlanc,5,10,2,False,Loss
2972348,2,GX,UCAM,UCAM,GX,Red,Nocturne,1,2,1,True,Win
2972348,2,GX,UCAM,UCAM,GX,Red,Lee Sin,2,4,1,True,Win
2972348,2,GX,UCAM,UCAM,GX,Red,Orianna,3,6,1,True,Win
2972348,2,GX,UCAM,UCAM,GX,Red,Renekton,4,7,2,True,Win
2972348,2,GX,UCAM,UCAM,GX,Red,Olaf,5,9,2,True,Win
2972349,1,GX,LUA,GX,LUA,Blue,Nocturne,1,1,1,False,Loss
2972349,1,GX,LUA,GX,LUA,Blue,ID:805,2,3,1,False,Loss
2972349,1,GX,LUA,GX,LUA,Blue,Akali,3,5,1,False,Loss
2972349,1,GX,LUA,GX,LUA,Blue,Ahri,4,8,2,False,Loss
2972349,1,GX,LUA,GX,LUA,Blue,K'Sante,5,10,2,False,Loss
2972349,1,GX,LUA,LUA,GX,Red,Lee Sin,1,2,1,True,Win
2972349,1,GX,LUA,LUA,GX,Red,Camille,2,4,1,True,Win
2972349,1,GX,LUA,LUA,GX,Red,Syndra,3,6,1,True,Win
2972349,1,GX,LUA,LUA,GX,Red,Gnar,4,7,2,True,Win
2972349,1,GX,LUA,LUA,GX,Red,Yorick,5,9,2,True,Win
2972349,2,GX,LUA,GX,LUA,Blue,Poppy,1,1,1,True,Win
2972349,2,GX,LUA,GX,LUA,Blue,Akali,2,3,1,True,Win
2972349,2,GX,LUA,GX,LUA,Blue,ID:805,3,5,1,True,Win
2972349,2,GX,LUA,GX,LUA,Blue,Zeri,4,8,2,True,Win
2972349,2,GX,LUA,GX,LUA,Blue,Kai'Sa,5,10,2,True,Win
2972349,2,GX,LUA,LUA,GX,Red,Lee Sin,1,2,1,False,Loss
2972349,2,GX,LUA,LUA,GX,Red,Camille,2,4,1,False,Loss
2972349,2,GX,LUA,LUA,GX,Red,Nocturne,3,6,1,False,Loss
2972349,2,GX,LUA,LUA,GX,Red,Gnar,4,7,2,False,Loss
2972349,2,GX,LUA,LUA,GX,Red,Vayne,5,9,2,False,Loss
2972349,3,GX,LUA,GX,LUA,Blue,Akali,1,1,1,True,Win
2972349,3,GX,LUA,GX,LUA,Blue,ID:805,2,3,1,True,Win
2972349,3,GX,LUA,GX,LUA,Blue,Ambessa,3,5,1,True,Win
2972349,3,GX,LUA,GX,LUA,Blue,Taliyah,4,8,2,True,Win
2972349,3,GX,LUA,GX,LUA,Blue,Zeri,5,10,2,True,Win
2972349,3,GX,LUA,LUA,GX,Red,Lee Sin,1,2,1,False,Loss
2972349,3,GX,LUA,LUA,GX,Red,Camille,2,4,1,False,Loss
2972349,3,GX,LUA,LUA,GX,Red,Nocturne,3,6,1,False,Loss
2972349,3,GX,LUA,LUA,GX,Red,Sivir,4,7,2,False,Loss
2972349,3,GX,LUA,LUA,GX,Red,Caitlyn,5,9,2,False,Loss
2972350,1,MKOI,UCAM,MKOI,UCAM,Blue,Jayce,1,1,1,True,Win
2972350,1,MKOI,UCAM,MKOI,UCAM,Blue,Nocturne,2,3,1,True,Win
2972350,1,MKOI,UCAM,MKOI,UCAM,Blue,Cassiopeia,3,5,1,True,Win
2972350,1,MKOI,UCAM,MKOI,UCAM,Blue,Vayne,4,8,2,True,Win
2972350,1,MKOI,UCAM,MKOI,UCAM,Blue,Olaf,5,10,2,True,Win
2972350,1,MKOI,UCAM,UCAM,MKOI,Red,Poppy,1,2,1,False,Loss
2972350,1,MKOI,UCAM,UCAM,MKOI,Red,ID:805,2,4,1,False,Loss
2972350,1,MKOI,UCAM,UCAM,MKOI,Red,Akali,3,6,1,False,Loss
2972350,1,MKOI,UCAM,UCAM,MKOI,Red,Ezreal,4,7,2,False,Loss
2972350,1,MKOI,UCAM,UCAM,MKOI,Red,Gnar,5,9,2,False,Loss
2972350,2,MKOI,UCAM,MKOI,UCAM,Blue,Poppy,1,1,1,False,Loss
2972350,2,MKOI,UCAM,MKOI,UCAM,Blue,Vayne,2,3,1,False,Loss
2972350,2,MKOI,UCAM,MKOI,UCAM,Blue,Cassiopeia,3,5,1,False,Loss
2972350,2,MKOI,UCAM,MKOI,UCAM,Blue,Galio,4,8,2,False,Loss
2972350,2,MKOI,UCAM,MKOI,UCAM,Blue,Sylas,5,10,2,False,Loss
2972350,2,MKOI,UCAM,UCAM,MKOI,Red,Nocturne,1,2,1,True,Win
2972350,2,MKOI,UCAM,UCAM,MKOI,Red,Ryze,2,4,1,True,Win
2972350,2,MKOI,UCAM,UCAM,MKOI,Red,Jayce,3,6,1,True,Win
2972350,2,MKOI,UCAM,UCAM,MKOI,Red,Kai'Sa,4,7,2,True,Win
2972350,2,MKOI,UCAM,UCAM,MKOI,Red,Zeri,5,9,2,True,Win
2972350,3,MKOI,UCAM,MKOI,UCAM,Blue,Poppy,1,1,1,False,Loss
2972350,3,MKOI,UCAM,MKOI,UCAM,Blue,Galio,2,3,1,False,Loss
2972350,3,MKOI,UCAM,MKOI,UCAM,Blue,Vayne,3,5,1,False,Loss
2972350,3,MKOI,UCAM,MKOI,UCAM,Blue,Kalista,4,8,2,False,Loss
2972350,3,MKOI,UCAM,MKOI,UCAM,Blue,Ryze,5,10,2,False,Loss
2972350,3,MKOI,UCAM,UCAM,MKOI,Red,Nocturne,1,2,1,False,Loss
2972350,3,MKOI,UCAM,UCAM,MKOI,Red,ID:805,2,4,1,False,Loss
2972350,3,MKOI,UCAM,UCAM,MKOI,Red,Lucian,3,6,1,False,Loss
2972350,3,MKOI,UCAM,UCAM,MKOI,Red,Aurora,4,7,2,False,Loss
2972350,3,MKOI,UCAM,UCAM,MKOI,Red,Akali,5,9,2,False,Loss
2972351,1,UB,HRTS,UB,HRTS,Blue,Jayce,1,1,1,False,Loss
2972351,1,UB,HRTS,UB,HRTS,Blue,Nocturne,2,3,1,False,Loss
2972351,1,UB,HRTS,UB,HRTS,Blue,Lee Sin,3,5,1,False,Loss
2972351,1,UB,HRTS,UB,HRTS,Blue,Vayne,4,8,2,False,Loss
2972351,1,UB,HRTS,UB,HRTS,Blue,Camille,5,10,2,False,Loss
2972351,1,UB,HRTS,HRTS,UB,Red,Jarvan IV,1,2,1,True,Win
2972351,1,UB,HRTS,HRTS,UB,Red,Akali,2,4,1,True,Win
2972351,1,UB,HRTS,HRTS,UB,Red,Cassiopeia,3,6,1,True,Win
2972351,1,UB,HRTS,HRTS,UB,Red,Shen,4,7,2,True,Win
2972351,1,UB,HRTS,HRTS,UB,Red,Pyke,5,9,2,True,Win
2972351,2,UB,HRTS,UB,HRTS,Blue,Jayce,1,1,1,True,Win
2972351,2,UB,HRTS,UB,HRTS,Blue,Nocturne,2,3,1,True,Win
2972351,2,UB,HRTS,UB,HRTS,Blue,Syndra,3,5,1,True,Win
2972351,2,UB,HRTS,UB,HRTS,Blue,Skarner,4,8,2,True,Win
2972351,2,UB,HRTS,UB,HRTS,Blue,Olaf,5,10,2,True,Win
2972351,2,UB,HRTS,HRTS,UB,Red,Jarvan IV,1,2,1,False,Loss
2972351,2,UB,HRTS,HRTS,UB,Red,Akali,2,4,1,False,Loss
2972351,2,UB,HRTS,HRTS,UB,Red,Cassiopeia,3,6,1,False,Loss
2972351,2,UB,HRTS,HRTS,UB,Red,Nautilus,4,7,2,False,Loss
2972351,2,UB,HRTS,HRTS,UB,Red,Pyke,5,9,2,False,Loss
2972351,3,UB,HRTS,UB,HRTS,Blue,Jayce,1,1,1,False,Loss
2972351,3,UB,HRTS,UB,HRTS,Blue,Nocturne,2,3,1,False,Loss
2972351,3,UB,HRTS,UB,HRTS,Blue,Syndra,3,5,1,False,Loss
2972351,3,UB,HRTS,UB,HRTS,Blue,Karma,4,8,2,False,Loss
2972351,3,UB,HRTS,UB,HRTS,Blue,Olaf,5,10,2,False,Loss
2972351,3,UB,HRTS,HRTS,UB,Red,Jarvan IV,1,2,1,True,Win
2972351,3,UB,HRTS,HRTS,UB,Red,Akali,2,4,1,True,Win
2972351,3,UB,HRTS,HRTS,UB,Red,Ziggs,3,6,1,True,Win
2972351,3,UB,HRTS,HRTS,UB,Red,Sivir,4,7,2,True,Win
2972351,3,UB,HRTS,HRTS,UB,Red,Vayne,5,9,2,True,Win
2972352,1,FLK,BAR,FLK,BAR,Blue,Bard,1,1,1,False,Loss
2972352,1,FLK,BAR,FLK,BAR,Blue,Lee Sin,2,3,1,False,Loss
2972352,1,FLK,BAR,FLK,BAR,Blue,Syndra,3,5,1,False,Loss
2972352,1,FLK,BAR,FLK,BAR,Blue,Alistar,4,8,2,False,Loss
2972352,1,FLK,BAR,FLK,BAR,Blue,Camille,5,10,2,False,Loss
2972352,1,FLK,BAR,BAR,FLK,Red,Poppy,1,2,1,True,Win
2972352,1,FLK,BAR,BAR,FLK,Red,Nocturne,2,4,1,True,Win
2972352,1,FLK,BAR,BAR,FLK,Red,Jarvan IV,3,6,1,True,Win
2972352,1,FLK,BAR,BAR,FLK,Red,Vayne,4,7,2,True,Win
2972352,1,FLK,BAR,BAR,FLK,Red,Jayce,5,9,2,True,Win
2972352,2,FLK,BAR,FLK,BAR,Blue,Bard,1,1,1,False,Loss
2972352,2,FLK,BAR,FLK,BAR,Blue,Lee Sin,2,3,1,False,Loss
2972352,2,FLK,BAR,FLK,BAR,Blue,Syndra,3,5,1,False,Loss
2972352,2,FLK,BAR,FLK,BAR,Blue,Vayne,4,8,2,False,Loss
2972352,2,FLK,BAR,FLK,BAR,Blue,Orianna,5,10,2,False,Loss
2972352,2,FLK,BAR,BAR,FLK,Red,Poppy,1,2,1,True,Win
2972352,2,FLK,BAR,BAR,FLK,Red,Nocturne,2,4,1,True,Win
2972352,2,FLK,BAR,BAR,FLK,Red,Wukong,3,6,1,True,Win
2972352,2,FLK,BAR,BAR,FLK,Red,Yone,4,7,2,True,Win
2972352,2,FLK,BAR,BAR,FLK,Red,Taliyah,5,9,2,True,Win
2972353,1,UB,BAR,UB,BAR,Blue,Jayce,1,1,1,False,Loss
2972353,1,UB,BAR,UB,BAR,Blue,Olaf,2,3,1,False,Loss
2972353,1,UB,BAR,UB,BAR,Blue,Nocturne,3,5,1,False,Loss
2972353,1,UB,BAR,UB,BAR,Blue,Vayne,4,8,2,False,Loss
2972353,1,UB,BAR,UB,BAR,Blue,Varus,5,10,2,False,Loss
2972353,1,UB,BAR,BAR,UB,Red,Anivia,1,2,1,True,Win
2972353,1,UB,BAR,BAR,UB,Red,Poppy,2,4,1,True,Win
2972353,1,UB,BAR,BAR,UB,Red,K'Sante,3,6,1,True,Win
2972353,1,UB,BAR,BAR,UB,Red,Akali,4,7,2,True,Win
2972353,1,UB,BAR,BAR,UB,Red,Sion,5,9,2,True,Win
2972353,2,UB,BAR,UB,BAR,Blue,Jayce,1,1,1,False,Loss
2972353,2,UB,BAR,UB,BAR,Blue,Nocturne,2,3,1,False,Loss
2972353,2,UB,BAR,UB,BAR,Blue,Cassiopeia,3,5,1,False,Loss
2972353,2,UB,BAR,UB,BAR,Blue,Vayne,4,8,2,False,Loss
2972353,2,UB,BAR,UB,BAR,Blue,Varus,5,10,2,False,Loss
2972353,2,UB,BAR,BAR,UB,Red,Anivia,1,2,1,True,Win
2972353,2,UB,BAR,BAR,UB,Red,Poppy,2,4,1,True,Win
2972353,2,UB,BAR,BAR,UB,Red,K'Sante,3,6,1,True,Win
2972353,2,UB,BAR,BAR,UB,Red,Alistar,4,7,2,True,Win
2972353,2,UB,BAR,BAR,UB,Red,Sylas,5,9,2,True,Win
2972354,1,UCAM,LUA,UCAM,LUA,Blue,Lucian,1,1,1,True,Win
2972354,1,UCAM,LUA,UCAM,LUA,Blue,Akali,2,3,1,True,Win
2972354,1,UCAM,LUA,UCAM,LUA,Blue,K'Sante,3,5,1,True,Win
2972354,1,UCAM,LUA,UCAM,LUA,Blue,Cassiopeia,4,8,2,True,Win
2972354,1,UCAM,LUA,UCAM,LUA,Blue,Orianna,5,10,2,True,Win
2972354,1,UCAM,LUA,LUA,UCAM,Red,Nocturne,1,2,1,False,Loss
2972354,1,UCAM,LUA,LUA,UCAM,Red,Jayce,2,4,1,False,Loss
2972354,1,UCAM,LUA,LUA,UCAM,Red,Camille,3,6,1,False,Loss
2972354,1,UCAM,LUA,LUA,UCAM,Red,Gnar,4,7,2,False,Loss
2972354,1,UCAM,LUA,LUA,UCAM,Red,Vayne,5,9,2,False,Loss
2972354,2,LUA,UCAM,LUA,UCAM,Blue,Nocturne,1,1,1,False,Loss
2972354,2,LUA,UCAM,LUA,UCAM,Blue,Jayce,2,3,1,False,Loss
2972354,2,LUA,UCAM,LUA,UCAM,Blue,Camille,3,5,1,False,Loss
2972354,2,LUA,UCAM,LUA,UCAM,Blue,Alistar,4,8,2,False,Loss
2972354,2,LUA,UCAM,LUA,UCAM,Blue,Rell,5,10,2,False,Loss
2972354,2,LUA,UCAM,UCAM,LUA,Red,Lucian,1,2,1,True,Win
2972354,2,LUA,UCAM,UCAM,LUA,Red,Akali,2,4,1,True,Win
2972354,2,LUA,UCAM,UCAM,LUA,Red,Orianna,3,6,1,True,Win
2972354,2,LUA,UCAM,UCAM,LUA,Red,Leona,4,7,2,True,Win
2972354,2,LUA,UCAM,UCAM,LUA,Red,Varus,5,9,2,True,Win
2972355,1,GX,FLK,GX,FLK,Blue,Poppy,1,1,1,True,Win
2972355,1,GX,FLK,GX,FLK,Blue,Jayce,2,3,1,True,Win
2972355,1,GX,FLK,GX,FLK,Blue,ID:805,3,5,1,True,Win
2972355,1,GX,FLK,GX,FLK,Blue,Nautilus,4,8,2,True,Win
2972355,1,GX,FLK,GX,FLK,Blue,Ambessa,5,10,2,True,Win
2972355,1,GX,FLK,FLK,GX,Red,Lee Sin,1,2,1,False,Loss
2972355,1,GX,FLK,FLK,GX,Red,Nocturne,2,4,1,False,Loss
2972355,1,GX,FLK,FLK,GX,Red,Bard,3,6,1,False,Loss
2972355,1,GX,FLK,FLK,GX,Red,Viktor,4,7,2,False,Loss
2972355,1,GX,FLK,FLK,GX,Red,Orianna,5,9,2,False,Loss
2972355,2,GX,FLK,GX,FLK,Blue,Jayce,1,1,1,True,Win
2972355,2,GX,FLK,GX,FLK,Blue,ID:805,2,3,1,True,Win
2972355,2,GX,FLK,GX,FLK,Blue,Poppy,3,5,1,True,Win
2972355,2,GX,FLK,GX,FLK,Blue,K'Sante,4,8,2,True,Win
2972355,2,GX,FLK,GX,FLK,Blue,Ambessa,5,10,2,True,Win
2972355,2,GX,FLK,FLK,GX,Red,Lee Sin,1,2,1,False,Loss
2972355,2,GX,FLK,FLK,GX,Red,Nocturne,2,4,1,False,Loss
2972355,2,GX,FLK,FLK,GX,Red,Bard,3,6,1,False,Loss
2972355,2,GX,FLK,FLK,GX,Red,Vayne,4,7,2,False,Loss
2972355,2,GX,FLK,FLK,GX,Red,Corki,5,9,2,False,Loss
2972356,1,MKOI,HRTS,MKOI,HRTS,Blue,Nocturne,1,1,1,False,Loss
2972356,1,MKOI,HRTS,MKOI,HRTS,Blue,ID:805,2,3,1,False,Loss
2972356,1,MKOI,HRTS,MKOI,HRTS,Blue,Jayce,3,5,1,False,Loss
2972356,1,MKOI,HRTS,MKOI,HRTS,Blue,Vayne,4,8,2,False,Loss
2972356,1,MKOI,HRTS,MKOI,HRTS,Blue,Olaf,5,10,2,False,Loss
2972356,1,MKOI,HRTS,HRTS,MKOI,Red,Lee Sin,1,2,1,True,Win
2972356,1,MKOI,HRTS,HRTS,MKOI,Red,Camille,2,4,1,True,Win
2972356,1,MKOI,HRTS,HRTS,MKOI,Red,Vi,3,6,1,True,Win
2972356,1,MKOI,HRTS,HRTS,MKOI,Red,Ezreal,4,7,2,True,Win
2972356,1,MKOI,HRTS,HRTS,MKOI,Red,Corki,5,9,2,True,Win
2972356,2,MKOI,HRTS,MKOI,HRTS,Blue,ID:805,1,1,1,True,Win
2972356,2,MKOI,HRTS,MKOI,HRTS,Blue,Bard,2,3,1,True,Win
2972356,2,MKOI,HRTS,MKOI,HRTS,Blue,Olaf,3,5,1,True,Win
2972356,2,MKOI,HRTS,MKOI,HRTS,Blue,Akali,4,8,2,True,Win
2972356,2,MKOI,HRTS,MKOI,HRTS,Blue,Vayne,5,10,2,True,Win
2972356,2,MKOI,HRTS,HRTS,MKOI,Red,Camille,1,2,1,False,Loss
2972356,2,MKOI,HRTS,HRTS,MKOI,Red,Nocturne,2,4,1,False,Loss
2972356,2,MKOI,HRTS,HRTS,MKOI,Red,Jayce,3,6,1,False,Loss
2972356,2,MKOI,HRTS,HRTS,MKOI,Red,Sivir,4,7,2,False,Loss
2972356,2,MKOI,HRTS,HRTS,MKOI,Red,Corki,5,9,2,False,Loss
2972356,3,MKOI,HRTS,MKOI,HRTS,Blue,Nocturne,1,1,1,True,Win
2972356,3,MKOI,HRTS,MKOI,HRTS,Blue,ID:805,2,3,1,True,Win
2972356,3,MKOI,HRTS,MKOI,HRTS,Blue,Orianna,3,5,1,True,Win
2972356,3,MKOI,HRTS,MKOI,HRTS,Blue,Braum,4,8,2,True,Win
2972356,3,MKOI,HRTS,MKOI,HRTS,Blue,Alistar,5,10,2,True,Win
2972356,3,MKOI,HRTS,HRTS,MKOI,Red,Camille,1,2,1,False,Loss
2972356,3,MKOI,HRTS,HRTS,MKOI,Red,Vayne,2,4,1,False,Loss
2972356,3,MKOI,HRTS,HRTS,MKOI,Red,Vi,3,6,1,False,Loss
2972356,3,MKOI,HRTS,HRTS,MKOI,Red,Mel,4,7,2,False,Loss
2972356,3,MKOI,HRTS,HRTS,MKOI,Red,Annie,5,9,2,False,Loss
2972357,1,MKOI,BAR,MKOI,BAR,Blue,Poppy,1,1,1,False,Loss
2972357,1,MKOI,BAR,MKOI,BAR,Blue,Lucian,2,3,1,False,Loss
2972357,1,MKOI,BAR,MKOI,BAR,Blue,Nocturne,3,5,1,False,Loss
2972357,1,MKOI,BAR,MKOI,BAR,Blue,Vi,4,8,2,False,Loss
2972357,1,MKOI,BAR,MKOI,BAR,Blue,Jarvan IV,5,10,2,False,Loss
2972357,1,MKOI,BAR,BAR,MKOI,Red,Orianna,1,2,1,False,Loss
2972357,1,MKOI,BAR,BAR,MKOI,Red,Lee Sin,2,4,1,False,Loss
2972357,1,MKOI,BAR,BAR,MKOI,Red,Syndra,3,6,1,False,Loss
2972357,1,MKOI,BAR,BAR,MKOI,Red,Qiyana,4,7,2,False,Loss
2972357,1,MKOI,BAR,BAR,MKOI,Red,Skarner,5,9,2,False,Loss
2972357,2,MKOI,BAR,MKOI,BAR,Blue,Poppy,1,1,1,True,Win
2972357,2,MKOI,BAR,MKOI,BAR,Blue,Lucian,2,3,1,True,Win
2972357,2,MKOI,BAR,MKOI,BAR,Blue,Nocturne,3,5,1,True,Win
2972357,2,MKOI,BAR,MKOI,BAR,Blue,Vi,4,8,2,True,Win
2972357,2,MKOI,BAR,MKOI,BAR,Blue,Jarvan IV,5,10,2,True,Win
2972357,2,MKOI,BAR,BAR,MKOI,Red,Orianna,1,2,1,False,Loss
2972357,2,MKOI,BAR,BAR,MKOI,Red,Lee Sin,2,4,1,False,Loss
2972357,2,MKOI,BAR,BAR,MKOI,Red,Syndra,3,6,1,False,Loss
2972357,2,MKOI,BAR,BAR,MKOI,Red,Qiyana,4,7,2,False,Loss
2972357,2,MKOI,BAR,BAR,MKOI,Red,Skarner,5,9,2,False,Loss
2972357,3,MKOI,BAR,MKOI,BAR,Blue,Lucian,1,1,1,True,Win
2972357,3,MKOI,BAR,MKOI,BAR,Blue,Lee Sin,2,3,1,True,Win
2972357,3,MKOI,BAR,MKOI,BAR,Blue,Nocturne,3,5,1,True,Win
2972357,3,MKOI,BAR,MKOI,BAR,Blue,Tristana,4,8,2,True,Win
2972357,3,MKOI,BAR,MKOI,BAR,Blue,Varus,5,10,2,True,Win
2972357,3,MKOI,BAR,BAR,MKOI,Red,Qiyana,1,2,1,False,Loss
2972357,3,MKOI,BAR,BAR,MKOI,Red,Poppy,2,4,1,False,Loss
2972357,3,MKOI,BAR,BAR,MKOI,Red,Orianna,3,6,1,False,Loss
2972357,3,MKOI,BAR,BAR,MKOI,Red,Vayne,4,7,2,False,Loss
2972357,3,MKOI,BAR,BAR,MKOI,Red,Ambessa,5,9,2,False,Loss
2972357,4,MKOI,BAR,MKOI,BAR,Blue,Lucian,1,1,1,True,Win
2972357,4,MKOI,BAR,MKOI,BAR,Blue,Lee Sin,2,3,1,True,Win
2972357,4,MKOI,BAR,MKOI,BAR,Blue,Varus,3,5,1,True,Win
2972357,4,MKOI,BAR,MKOI,BAR,Blue,Renekton,4,8,2,True,Win
2972357,4,MKOI,BAR,MKOI,BAR,Blue,Vayne,5,10,2,True,Win
2972357,4,MKOI,BAR,BAR,MKOI,Red,Qiyana,1,2,1,False,Loss
2972357,4,MKOI,BAR,BAR,MKOI,Red,Poppy,2,4,1,False,Loss
2972357,4,MKOI,BAR,BAR,MKOI,Red,Bard,3,6,1,False,Loss
2972357,4,MKOI,BAR,BAR,MKOI,Red,Shyvana,4,7,2,False,Loss
2972357,4,MKOI,BAR,BAR,MKOI,Red,Sylas,5,9,2,False,Loss
2972358,1,UCAM,HRTS,UCAM,HRTS,Blue,Nocturne,1,1,1,False,Loss
2972358,1,UCAM,HRTS,UCAM,HRTS,Blue,Cassiopeia,2,3,1,False,Loss
2972358,1,UCAM,HRTS,UCAM,HRTS,Blue,Jayce,3,5,1,False,Loss
2972358,1,UCAM,HRTS,UCAM,HRTS,Blue,Vayne,4,8,2,False,Loss
2972358,1,UCAM,HRTS,UCAM,HRTS,Blue,Olaf,5,10,2,False,Loss
2972358,1,UCAM,HRTS,HRTS,UCAM,Red,Camille,1,2,1,True,Win
2972358,1,UCAM,HRTS,HRTS,UCAM,Red,Poppy,2,4,1,True,Win
2972358,1,UCAM,HRTS,HRTS,UCAM,Red,Nautilus,3,6,1,True,Win
2972358,1,UCAM,HRTS,HRTS,UCAM,Red,Lucian,4,7,2,True,Win
2972358,1,UCAM,HRTS,HRTS,UCAM,Red,Ezreal,5,9,2,True,Win
2972358,2,UCAM,HRTS,UCAM,HRTS,Blue,Akali,1,1,1,False,Loss
2972358,2,UCAM,HRTS,UCAM,HRTS,Blue,ID:805,2,3,1,False,Loss
2972358,2,UCAM,HRTS,UCAM,HRTS,Blue,Cassiopeia,3,5,1,False,Loss
2972358,2,UCAM,HRTS,UCAM,HRTS,Blue,Vi,4,8,2,False,Loss
2972358,2,UCAM,HRTS,UCAM,HRTS,Blue,Pantheon,5,10,2,False,Loss
2972358,2,UCAM,HRTS,HRTS,UCAM,Red,Camille,1,2,1,True,Win
2972358,2,UCAM,HRTS,HRTS,UCAM,Red,Nocturne,2,4,1,True,Win
2972358,2,UCAM,HRTS,HRTS,UCAM,Red,Orianna,3,6,1,True,Win
2972358,2,UCAM,HRTS,HRTS,UCAM,Red,Kalista,4,7,2,True,Win
2972358,2,UCAM,HRTS,HRTS,UCAM,Red,Kai'Sa,5,9,2,True,Win
2972358,3,HRTS,UCAM,HRTS,UCAM,Blue,Camille,1,1,1,True,Win
2972358,3,HRTS,UCAM,HRTS,UCAM,Blue,Pyke,2,3,1,True,Win
2972358,3,HRTS,UCAM,HRTS,UCAM,Blue,Vi,3,5,1,True,Win
2972358,3,HRTS,UCAM,HRTS,UCAM,Blue,Vayne,4,8,2,True,Win
2972358,3,HRTS,UCAM,HRTS,UCAM,Blue,Ornn,5,10,2,True,Win
2972358,3,HRTS,UCAM,UCAM,HRTS,Red,Nocturne,1,2,1,False,Loss
2972358,3,HRTS,UCAM,UCAM,HRTS,Red,Bard,2,4,1,False,Loss
2972358,3,HRTS,UCAM,UCAM,HRTS,Red,Cassiopeia,3,6,1,False,Loss
2972358,3,HRTS,UCAM,UCAM,HRTS,Red,Dr. Mundo,4,7,2,False,Loss
2972358,3,HRTS,UCAM,UCAM,HRTS,Red,Naafiri,5,9,2,False,Loss
2972359,1,UCAM,BAR,UCAM,BAR,Blue,Lee Sin,1,1,1,True,Win
2972359,1,UCAM,BAR,UCAM,BAR,Blue,Lucian,2,3,1,True,Win
2972359,1,UCAM,BAR,UCAM,BAR,Blue,Nocturne,3,5,1,True,Win
2972359,1,UCAM,BAR,UCAM,BAR,Blue,Olaf,4,8,2,True,Win
2972359,1,UCAM,BAR,UCAM,BAR,Blue,Yorick,5,10,2,True,Win
2972359,1,UCAM,BAR,BAR,UCAM,Red,Poppy,1,2,1,False,Loss
2972359,1,UCAM,BAR,BAR,UCAM,Red,Orianna,2,4,1,False,Loss
2972359,1,UCAM,BAR,BAR,UCAM,Red,Gnar,3,6,1,False,Loss
2972359,1,UCAM,BAR,BAR,UCAM,Red,Viktor,4,7,2,False,Loss
2972359,1,UCAM,BAR,BAR,UCAM,Red,Cassiopeia,5,9,2,False,Loss
2972359,2,BAR,UCAM,BAR,UCAM,Blue,Poppy,1,1,1,True,Win
2972359,2,BAR,UCAM,BAR,UCAM,Blue,Orianna,2,3,1,True,Win
2972359,2,BAR,UCAM,BAR,UCAM,Blue,Nocturne,3,5,1,True,Win
2972359,2,BAR,UCAM,BAR,UCAM,Blue,Anivia,4,8,2,True,Win
2972359,2,BAR,UCAM,BAR,UCAM,Blue,Kalista,5,10,2,True,Win
2972359,2,BAR,UCAM,UCAM,BAR,Red,Lee Sin,1,2,1,False,Loss
2972359,2,BAR,UCAM,UCAM,BAR,Red,Lucian,2,4,1,False,Loss
2972359,2,BAR,UCAM,UCAM,BAR,Red,Varus,3,6,1,False,Loss
2972359,2,BAR,UCAM,UCAM,BAR,Red,Vayne,4,7,2,False,Loss
2972359,2,BAR,UCAM,UCAM,BAR,Red,Renekton,5,9,2,False,Loss
2972359,3,BAR,UCAM,BAR,UCAM,Blue,Poppy,1,1,1,True,Win
2972359,3,BAR,UCAM,BAR,UCAM,Blue,Orianna,2,3,1,True,Win
2972359,3,BAR,UCAM,BAR,UCAM,Blue,Galio,3,5,1,True,Win
2972359,3,BAR,UCAM,BAR,UCAM,Blue,Jax,4,8,2,True,Win
2972359,3,BAR,UCAM,BAR,UCAM,Blue,Anivia,5,10,2,True,Win
2972359,3,BAR,UCAM,UCAM,BAR,Red,Lee Sin,1,2,1,False,Loss
2972359,3,BAR,UCAM,UCAM,BAR,Red,Lucian,2,4,1,False,Loss
2972359,3,BAR,UCAM,UCAM,BAR,Red,Nocturne,3,6,1,False,Loss
2972359,3,BAR,UCAM,UCAM,BAR,Red,Corki,4,7,2,False,Loss
2972359,3,BAR,UCAM,UCAM,BAR,Red,Zeri,5,9,2,False,Loss
2972360,1,MKOI,HRTS,MKOI,HRTS,Blue,Poppy,1,1,1,False,Loss
2972360,1,MKOI,HRTS,MKOI,HRTS,Blue,Bard,2,3,1,False,Loss
2972360,1,MKOI,HRTS,MKOI,HRTS,Blue,Olaf,3,5,1,False,Loss
2972360,1,MKOI,HRTS,MKOI,HRTS,Blue,Ezreal,4,8,2,False,Loss
2972360,1,MKOI,HRTS,MKOI,HRTS,Blue,Akali,5,10,2,False,Loss
2972360,1,MKOI,HRTS,HRTS,MKOI,Red,Camille,1,2,1,True,Win
2972360,1,MKOI,HRTS,HRTS,MKOI,Red,Vi,2,4,1,True,Win
2972360,1,MKOI,HRTS,HRTS,MKOI,Red,Jayce,3,6,1,True,Win
2972360,1,MKOI,HRTS,HRTS,MKOI,Red,Orianna,4,7,2,True,Win
2972360,1,MKOI,HRTS,HRTS,MKOI,Red,Vayne,5,9,2,True,Win
2972360,2,MKOI,HRTS,MKOI,HRTS,Blue,Bard,1,1,1,True,Win
2972360,2,MKOI,HRTS,MKOI,HRTS,Blue,Akali,2,3,1,True,Win
2972360,2,MKOI,HRTS,MKOI,HRTS,Blue,Olaf,3,5,1,True,Win
2972360,2,MKOI,HRTS,MKOI,HRTS,Blue,Jarvan IV,4,8,2,True,Win
2972360,2,MKOI,HRTS,MKOI,HRTS,Blue,Vayne,5,10,2,True,Win
2972360,2,MKOI,HRTS,HRTS,MKOI,Red,Camille,1,2,1,False,Loss
2972360,2,MKOI,HRTS,HRTS,MKOI,Red,Nautilus,2,4,1,False,Loss
2972360,2,MKOI,HRTS,HRTS,MKOI,Red,Jayce,3,6,1,False,Loss
2972360,2,MKOI,HRTS,HRTS,MKOI,Red,Vi,4,7,2,False,Loss
2972360,2,MKOI,HRTS,HRTS,MKOI,Red,Wukong,5,9,2,False,Loss
2972360,3,MKOI,HRTS,MKOI,HRTS,Blue,Bard,1,1,1,True,Win
2972360,3,MKOI,HRTS,MKOI,HRTS,Blue,Akali,2,3,1,True,Win
2972360,3,MKOI,HRTS,MKOI,HRTS,Blue,Jayce,3,5,1,True,Win
2972360,3,MKOI,HRTS,MKOI,HRTS,Blue,Sylas,4,8,2,True,Win
2972360,3,MKOI,HRTS,MKOI,HRTS,Blue,Rumble,5,10,2,True,Win
2972360,3,MKOI,HRTS,HRTS,MKOI,Red,Camille,1,2,1,False,Loss
2972360,3,MKOI,HRTS,HRTS,MKOI,Red,Nautilus,2,4,1,False,Loss
2972360,3,MKOI,HRTS,HRTS,MKOI,Red,Olaf,3,6,1,False,Loss
2972360,3,MKOI,HRTS,HRTS,MKOI,Red,Vayne,4,7,2,False,Loss
2972360,3,MKOI,HRTS,HRTS,MKOI,Red,Gnar,5,9,2,False,Loss
2972360,4,MKOI,HRTS,MKOI,HRTS,Blue,Bard,1,1,1,False,Loss
2972360,4,MKOI,HRTS,MKOI,HRTS,Blue,Akali,2,3,1,False,Loss
2972360,4,MKOI,HRTS,MKOI,HRTS,Blue,Vayne,3,5,1,False,Loss
2972360,4,MKOI,HRTS,MKOI,HRTS,Blue,Yone,4,8,2,False,Loss
2972360,4,MKOI,HRTS,MKOI,HRTS,Blue,Trundle,5,10,2,False,Loss
2972360,4,MKOI,HRTS,HRTS,MKOI,Red,Camille,1,2,1,True,Win
2972360,4,MKOI,HRTS,HRTS,MKOI,Red,Nautilus,2,4,1,True,Win
2972360,4,MKOI,HRTS,HRTS,MKOI,Red,Tristana,3,6,1,True,Win
2972360,4,MKOI,HRTS,HRTS,MKOI,Red,Vi,4,7,2,True,Win
2972360,4,MKOI,HRTS,HRTS,MKOI,Red,Skarner,5,9,2,True,Win
2972360,5,HRTS,MKOI,HRTS,MKOI,Blue,Camille,1,1,1,False,Loss
2972360,5,HRTS,MKOI,HRTS,MKOI,Blue,Tristana,2,3,1,False,Loss
2972360,5,HRTS,MKOI,HRTS,MKOI,Blue,Jayce,3,5,1,False,Loss
2972360,5,HRTS,MKOI,HRTS,MKOI,Blue,Xayah,4,8,2,False,Loss
2972360,5,HRTS,MKOI,HRTS,MKOI,Blue,Corki,5,10,2,False,Loss
2972360,5,HRTS,MKOI,MKOI,HRTS,Red,Bard,1,2,1,True,Win
2972360,5,HRTS,MKOI,MKOI,HRTS,Red,Akali,2,4,1,True,Win
2972360,5,HRTS,MKOI,MKOI,HRTS,Red,Vayne,3,6,1,True,Win
2972360,5,HRTS,MKOI,MKOI,HRTS,Red,Rumble,4,7,2,True,Win
2972360,5,HRTS,MKOI,MKOI,HRTS,Red,Yone,5,9,2,True,Win
2977842,1,CG,HMB,CG,HMB,Blue,Syndra,1,1,1,False,Loss
2977842,1,CG,HMB,CG,HMB,Blue,Yone,2,3,1,False,Loss
2977842,1,CG,HMB,CG,HMB,Blue,Vi,3,5,1,False,Loss
2977842,1,CG,HMB,CG,HMB,Blue,Anivia,4,8,2,False,Loss
2977842,1,CG,HMB,CG,HMB,Blue,Viktor,5,10,2,False,Loss
2977842,1,CG,HMB,HMB,CG,Red,Nocturne,1,2,1,True,Win
2977842,1,CG,HMB,HMB,CG,Red,Jarvan IV,2,4,1,True,Win
2977842,1,CG,HMB,HMB,CG,Red,Cassiopeia,3,6,1,True,Win
2977842,1,CG,HMB,HMB,CG,Red,Skarner,4,7,2,True,Win
2977842,1,CG,HMB,HMB,CG,Red,Camille,5,9,2,True,Win
2977842,2,CG,HMB,CG,HMB,Blue,Cassiopeia,1,1,1,False,Loss
2977842,2,CG,HMB,CG,HMB,Blue,Kalista,2,3,1,False,Loss
2977842,2,CG,HMB,CG,HMB,Blue,Nocturne,3,5,1,False,Loss
2977842,2,CG,HMB,CG,HMB,Blue,Maokai,4,8,2,False,Loss
2977842,2,CG,HMB,CG,HMB,Blue,Lee Sin,5,10,2,False,Loss
2977842,2,CG,HMB,HMB,CG,Red,Jarvan IV,1,2,1,True,Win
2977842,2,CG,HMB,HMB,CG,Red,Akali,2,4,1,True,Win
2977842,2,CG,HMB,HMB,CG,Red,Olaf,3,6,1,True,Win
2977842,2,CG,HMB,HMB,CG,Red,Ahri,4,7,2,True,Win
2977842,2,CG,HMB,HMB,CG,Red,Orianna,5,9,2,True,Win
2977842,3,CG,HMB,CG,HMB,Blue,Cassiopeia,1,1,1,False,Loss
2977842,3,CG,HMB,CG,HMB,Blue,Nocturne,2,3,1,False,Loss
2977842,3,CG,HMB,CG,HMB,Blue,Kalista,3,5,1,False,Loss
2977842,3,CG,HMB,CG,HMB,Blue,Aurora,4,8,2,False,Loss
2977842,3,CG,HMB,CG,HMB,Blue,Syndra,5,10,2,False,Loss
2977842,3,CG,HMB,HMB,CG,Red,Jarvan IV,1,2,1,True,Win
2977842,3,CG,HMB,HMB,CG,Red,Akali,2,4,1,True,Win
2977842,3,CG,HMB,HMB,CG,Red,Olaf,3,6,1,True,Win
2977842,3,CG,HMB,HMB,CG,Red,Draven,4,7,2,True,Win
2977842,3,CG,HMB,HMB,CG,Red,Kennen,5,9,2,True,Win
3008205,1,SC,AP,SC,AP,Blue,Nocturne,1,2,1,True,Win
3008205,1,SC,AP,SC,AP,Blue,ID:805,2,4,1,True,Win
3008205,1,SC,AP,SC,AP,Blue,Kai'Sa,3,6,1,True,Win
3008205,1,SC,AP,SC,AP,Blue,Syndra,4,7,2,True,Win
3008205,1,SC,AP,SC,AP,Blue,Yone,5,9,2,True,Win
3008205,1,SC,AP,AP,SC,Red,Draven,1,1,1,False,Loss
3008205,1,SC,AP,AP,SC,Red,Nautilus,2,3,1,False,Loss
3008205,1,SC,AP,AP,SC,Red,Leona,3,5,1,False,Loss
3008205,1,SC,AP,AP,SC,Red,Rell,4,8,2,False,Loss
3008205,1,SC,AP,AP,SC,Red,Rumble,5,10,2,False,Loss
3008205,2,SC,AP,SC,AP,Blue,Yone,1,1,1,False,Loss
3008205,2,SC,AP,SC,AP,Blue,ID:805,2,3,1,False,Loss
3008205,2,SC,AP,SC,AP,Blue,Lee Sin,3,5,1,False,Loss
3008205,2,SC,AP,SC,AP,Blue,Jhin,4,8,2,False,Loss
3008205,2,SC,AP,SC,AP,Blue,Ambessa,5,10,2,False,Loss
3008205,2,SC,AP,AP,SC,Red,Draven,1,2,1,True,Win
3008205,2,SC,AP,AP,SC,Red,Nocturne,2,4,1,True,Win
3008205,2,SC,AP,AP,SC,Red,Jarvan IV,3,6,1,True,Win
3008205,2,SC,AP,AP,SC,Red,Kai'Sa,4,7,2,True,Win
3008205,2,SC,AP,AP,SC,Red,Renekton,5,9,2,True,Win
3008205,3,SC,AP,SC,AP,Blue,Seraphine,1,2,1,True,Win
3008205,3,SC,AP,SC,AP,Blue,Karma,2,4,1,True,Win
3008205,3,SC,AP,SC,AP,Blue,Milio,3,6,1,True,Win
3008205,3,SC,AP,SC,AP,Blue,Renekton,4,7,2,True,Win
3008205,3,SC,AP,SC,AP,Blue,Jax,5,9,2,True,Win
3008205,3,SC,AP,AP,SC,Red,Draven,1,1,1,False,Loss
3008205,3,SC,AP,AP,SC,Red,Leona,2,3,1,False,Loss
3008205,3,SC,AP,AP,SC,Red,Kalista,3,5,1,False,Loss
3008205,3,SC,AP,AP,SC,Red,Ryze,4,8,2,False,Loss
3008205,3,SC,AP,AP,SC,Red,Azir,5,10,2,False,Loss
3008206,1,USE,OTS,USE,OTS,Blue,Rumble,1,1,1,True,Win
3008206,1,USE,OTS,USE,OTS,Blue,Ryze,2,3,1,True,Win
3008206,1,USE,OTS,USE,OTS,Blue,Syndra,3,5,1,True,Win
3008206,1,USE,OTS,USE,OTS,Blue,Xayah,4,8,2,True,Win
3008206,1,USE,OTS,USE,OTS,Blue,Lucian,5,10,2,True,Win
3008206,1,USE,OTS,OTS,USE,Red,Lee Sin,1,2,1,False,Loss
3008206,1,USE,OTS,OTS,USE,Red,Vi,2,4,1,False,Loss
3008206,1,USE,OTS,OTS,USE,Red,Nocturne,3,6,1,False,Loss
3008206,1,USE,OTS,OTS,USE,Red,Olaf,4,7,2,False,Loss
3008206,1,USE,OTS,OTS,USE,Red,Wukong,5,9,2,False,Loss
3008206,2,USE,OTS,USE,OTS,Blue,Rumble,1,2,1,True,Win
3008206,2,USE,OTS,USE,OTS,Blue,Ryze,2,4,1,True,Win
3008206,2,USE,OTS,USE,OTS,Blue,Syndra,3,6,1,True,Win
3008206,2,USE,OTS,USE,OTS,Blue,Viktor,5,9,2,True,Win
3008206,2,USE,OTS,OTS,USE,Red,Vi,1,1,1,False,Loss
3008206,2,USE,OTS,OTS,USE,Red,Olaf,2,3,1,False,Loss
3008206,2,USE,OTS,OTS,USE,Red,Lee Sin,3,5,1,False,Loss
3008206,2,USE,OTS,OTS,USE,Red,Tristana,4,8,2,False,Loss
3008206,2,USE,OTS,OTS,USE,Red,Yone,5,10,2,False,Loss
3008207,1,SU,VER,SU,VER,Blue,Syndra,1,1,1,True,Win
3008207,1,SU,VER,SU,VER,Blue,Skarner,2,3,1,True,Win
3008207,1,SU,VER,SU,VER,Blue,Gangplank,3,5,1,True,Win
3008207,1,SU,VER,SU,VER,Blue,Xin Zhao,4,8,2,True,Win
3008207,1,SU,VER,SU,VER,Blue,Renekton,5,10,2,True,Win
3008207,1,SU,VER,VER,SU,Red,Cassiopeia,1,2,1,False,Loss
3008207,1,SU,VER,VER,SU,Red,Nocturne,2,4,1,False,Loss
3008207,1,SU,VER,VER,SU,Red,Jarvan IV,3,6,1,False,Loss
3008207,1,SU,VER,VER,SU,Red,Orianna,4,7,2,False,Loss
3008207,1,SU,VER,VER,SU,Red,Ahri,5,9,2,False,Loss
3008207,2,VER,SU,VER,SU,Blue,Cassiopeia,1,2,1,False,Loss
3008207,2,VER,SU,VER,SU,Blue,Nocturne,2,4,1,False,Loss
3008207,2,VER,SU,VER,SU,Blue,Tristana,3,6,1,False,Loss
3008207,2,VER,SU,VER,SU,Blue,Gnar,4,7,2,False,Loss
3008207,2,VER,SU,VER,SU,Blue,Gwen,5,9,2,False,Loss
3008207,2,VER,SU,SU,VER,Red,Syndra,1,1,1,True,Win
3008207,2,VER,SU,SU,VER,Red,Skarner,2,3,1,True,Win
3008207,2,VER,SU,SU,VER,Red,Gangplank,3,5,1,True,Win
3008207,2,VER,SU,SU,VER,Red,Ahri,4,8,2,True,Win
3008207,2,VER,SU,SU,VER,Red,K'Sante,5,10,2,True,Win
3008208,1,BBK,BAR,BBK,BAR,Blue,Lee Sin,1,2,1,False,Loss
3008208,1,BBK,BAR,BBK,BAR,Blue,Cassiopeia,2,4,1,False,Loss
3008208,1,BBK,BAR,BBK,BAR,Blue,Jarvan IV,3,6,1,False,Loss
3008208,1,BBK,BAR,BBK,BAR,Blue,Vi,4,7,2,False,Loss
3008208,1,BBK,BAR,BBK,BAR,Blue,Pantheon,5,9,2,False,Loss
3008208,1,BBK,BAR,BAR,BBK,Red,Seraphine,1,1,1,True,Win
3008208,1,BBK,BAR,BAR,BBK,Red,Jayce,2,3,1,True,Win
3008208,1,BBK,BAR,BAR,BBK,Red,Nocturne,3,5,1,True,Win
3008208,1,BBK,BAR,BAR,BBK,Red,Shen,4,8,2,True,Win
3008208,1,BBK,BAR,BAR,BBK,Red,Orianna,5,10,2,True,Win
3008208,2,BBK,BAR,BBK,BAR,Blue,Lee Sin,1,1,1,True,Win
3008208,2,BBK,BAR,BBK,BAR,Blue,Jarvan IV,2,3,1,True,Win
3008208,2,BBK,BAR,BBK,BAR,Blue,Taliyah,3,5,1,True,Win
3008208,2,BBK,BAR,BBK,BAR,Blue,Olaf,4,8,2,True,Win
3008208,2,BBK,BAR,BBK,BAR,Blue,Aurora,5,10,2,True,Win
3008208,2,BBK,BAR,BAR,BBK,Red,Jayce,1,2,1,False,Loss
3008208,2,BBK,BAR,BAR,BBK,Red,Seraphine,2,4,1,False,Loss
3008208,2,BBK,BAR,BAR,BBK,Red,Nocturne,3,6,1,False,Loss
3008208,2,BBK,BAR,BAR,BBK,Red,Karma,4,7,2,False,Loss
3008208,2,BBK,BAR,BAR,BBK,Red,Leona,5,9,2,False,Loss
3008208,3,BAR,BBK,BAR,BBK,Blue,Seraphine,1,1,1,True,Win
3008208,3,BAR,BBK,BAR,BBK,Blue,Jayce,2,3,1,True,Win
3008208,3,BAR,BBK,BAR,BBK,Blue,Ryze,3,5,1,True,Win
3008208,3,BAR,BBK,BAR,BBK,Blue,Corki,4,8,2,True,Win
3008208,3,BAR,BBK,BAR,BBK,Blue,Jhin,5,10,2,True,Win
3008208,3,BAR,BBK,BBK,BAR,Red,Lee Sin,1,2,1,False,Loss
3008208,3,BAR,BBK,BBK,BAR,Red,Taliyah,2,4,1,False,Loss
3008208,3,BAR,BBK,BBK,BAR,Red,Aurora,3,6,1,False,Loss
3008208,3,BAR,BBK,BBK,BAR,Red,Alistar,4,7,2,False,Loss
3008208,3,BAR,BBK,BBK,BAR,Red,Rell,5,9,2,False,Loss
3008209,1,P4,LDS,P4,LDS,Blue,Syndra,1,2,1,False,Loss
3008209,1,P4,LDS,P4,LDS,Blue,Ezreal,2,4,1,False,Loss
3008209,1,P4,LDS,P4,LDS,Blue,Nocturne,3,6,1,False,Loss
3008209,1,P4,LDS,P4,LDS,Blue,Jayce,4,7,2,False,Loss
3008209,1,P4,LDS,P4,LDS,Blue,Xin Zhao,5,9,2,False,Loss
3008209,1,P4,LDS,LDS,P4,Red,Ahri,1,1,1,True,Win
3008209,1,P4,LDS,LDS,P4,Red,Jarvan IV,2,3,1,True,Win
3008209,1,P4,LDS,LDS,P4,Red,Olaf,3,5,1,True,Win
3008209,1,P4,LDS,LDS,P4,Red,Gnar,4,8,2,True,Win
3008209,1,P4,LDS,LDS,P4,Red,Ambessa,5,10,2,True,Win
3008209,2,LDS,P4,LDS,P4,Blue,Ahri,1,2,1,True,Win
3008209,2,LDS,P4,LDS,P4,Blue,Nocturne,2,4,1,True,Win
3008209,2,LDS,P4,LDS,P4,Blue,Ryze,3,6,1,True,Win
3008209,2,LDS,P4,LDS,P4,Blue,Galio,4,7,2,True,Win
3008209,2,LDS,P4,LDS,P4,Blue,Akali,5,9,2,True,Win
3008209,2,LDS,P4,P4,LDS,Red,Ezreal,1,1,1,False,Loss
3008209,2,LDS,P4,P4,LDS,Red,Syndra,2,3,1,False,Loss
3008209,2,LDS,P4,P4,LDS,Red,Orianna,3,5,1,False,Loss
3008209,2,LDS,P4,P4,LDS,Red,Aurora,4,8,2,False,Loss
3008209,2,LDS,P4,P4,LDS,Red,Jayce,5,10,2,False,Loss
3008210,1,CKZ,TA,CKZ,TA,Blue,Naafiri,1,2,1,True,Win
3008210,1,CKZ,TA,CKZ,TA,Blue,Lee Sin,2,4,1,True,Win
3008210,1,CKZ,TA,CKZ,TA,Blue,Hwei,3,6,1,True,Win
3008210,1,CKZ,TA,CKZ,TA,Blue,Renekton,4,7,2,True,Win
3008210,1,CKZ,TA,CKZ,TA,Blue,Karma,5,9,2,True,Win
3008210,1,CKZ,TA,TA,CKZ,Red,Olaf,1,1,1,False,Loss
3008210,1,CKZ,TA,TA,CKZ,Red,Jarvan IV,2,3,1,False,Loss
3008210,1,CKZ,TA,TA,CKZ,Red,Orianna,3,5,1,False,Loss
3008210,1,CKZ,TA,TA,CKZ,Red,Nautilus,4,8,2,False,Loss
3008210,1,CKZ,TA,TA,CKZ,Red,Ambessa,5,10,2,False,Loss
3008210,2,CKZ,TA,CKZ,TA,Blue,Naafiri,1,1,1,False,Loss
3008210,2,CKZ,TA,CKZ,TA,Blue,Lee Sin,2,3,1,False,Loss
3008210,2,CKZ,TA,CKZ,TA,Blue,ID:805,3,5,1,False,Loss
3008210,2,CKZ,TA,CKZ,TA,Blue,Jarvan IV,4,8,2,False,Loss
3008210,2,CKZ,TA,CKZ,TA,Blue,Yorick,5,10,2,False,Loss
3008210,2,CKZ,TA,TA,CKZ,Red,Nocturne,1,2,1,True,Win
3008210,2,CKZ,TA,TA,CKZ,Red,Ryze,2,4,1,True,Win
3008210,2,CKZ,TA,TA,CKZ,Red,Nautilus,3,6,1,True,Win
3008210,2,CKZ,TA,TA,CKZ,Red,Poppy,4,7,2,True,Win
3008210,2,CKZ,TA,TA,CKZ,Red,Olaf,5,9,2,True,Win
3008210,3,CKZ,TA,CKZ,TA,Blue,Naafiri,1,2,1,True,Win
3008210,3,CKZ,TA,CKZ,TA,Blue,Lee Sin,2,4,1,True,Win
3008210,3,CKZ,TA,CKZ,TA,Blue,Nautilus,3,6,1,True,Win
3008210,3,CKZ,TA,CKZ,TA,Blue,Trundle,4,7,2,True,Win
3008210,3,CKZ,TA,CKZ,TA,Blue,Lillia,5,9,2,True,Win
3008210,3,CKZ,TA,TA,CKZ,Red,Jarvan IV,1,1,1,False,Loss
3008210,3,CKZ,TA,TA,CKZ,Red,Orianna,2,3,1,False,Loss
3008210,3,CKZ,TA,TA,CKZ,Red,Ryze,3,5,1,False,Loss
3008210,3,CKZ,TA,TA,CKZ,Red,Olaf,4,8,2,False,Loss
3008210,3,CKZ,TA,TA,CKZ,Red,Sylas,5,10,2,False,Loss
3008211,1,UCAM,MCON,UCAM,MCON,Blue,Mel,1,1,1,True,Win
3008211,1,UCAM,MCON,UCAM,MCON,Blue,Heimerdinger,2,3,1,True,Win
3008211,1,UCAM,MCON,UCAM,MCON,Blue,Olaf,3,5,1,True,Win
3008211,1,UCAM,MCON,UCAM,MCON,Blue,Swain,4,8,2,True,Win
3008211,1,UCAM,MCON,UCAM,MCON,Blue,Ziggs,5,10,2,True,Win
3008211,1,UCAM,MCON,MCON,UCAM,Red,Ezreal,1,2,1,False,Loss
3008211,1,UCAM,MCON,MCON,UCAM,Red,Sivir,2,4,1,False,Loss
3008211,1,UCAM,MCON,MCON,UCAM,Red,Cassiopeia,3,6,1,False,Loss
3008211,1,UCAM,MCON,MCON,UCAM,Red,Kalista,4,7,2,False,Loss
3008211,1,UCAM,MCON,MCON,UCAM,Red,Lucian,5,9,2,False,Loss
3008211,2,UCAM,MCON,UCAM,MCON,Blue,Mel,1,2,1,True,Win
3008211,2,UCAM,MCON,UCAM,MCON,Blue,Heimerdinger,2,4,1,True,Win
3008211,2,UCAM,MCON,UCAM,MCON,Blue,Cassiopeia,3,6,1,True,Win
3008211,2,UCAM,MCON,UCAM,MCON,Blue,Pyke,4,7,2,True,Win
3008211,2,UCAM,MCON,UCAM,MCON,Blue,Olaf,5,9,2,True,Win
3008211,2,UCAM,MCON,MCON,UCAM,Red,Ezreal,1,1,1,False,Loss
3008211,2,UCAM,MCON,MCON,UCAM,Red,Sivir,2,3,1,False,Loss
3008211,2,UCAM,MCON,MCON,UCAM,Red,Syndra,3,5,1,False,Loss
3008211,2,UCAM,MCON,MCON,UCAM,Red,Ryze,4,8,2,False,Loss
3008211,2,UCAM,MCON,MCON,UCAM,Red,Ambessa,5,10,2,False,Loss
3008212,1,GSMC,OTF,GSMC,OTF,Blue,Nocturne,1,2,1,True,Win
3008212,1,GSMC,OTF,GSMC,OTF,Blue,Syndra,2,4,1,True,Win
3008212,1,GSMC,OTF,GSMC,OTF,Blue,Ashe,3,6,1,True,Win
3008212,1,GSMC,OTF,GSMC,OTF,Blue,Renekton,4,7,2,True,Win
3008212,1,GSMC,OTF,GSMC,OTF,Blue,Olaf,5,9,2,True,Win
3008212,1,GSMC,OTF,OTF,GSMC,Red,Cassiopeia,1,1,1,False,Loss
3008212,1,GSMC,OTF,OTF,GSMC,Red,Rumble,2,3,1,False,Loss
3008212,1,GSMC,OTF,OTF,GSMC,Red,Jayce,3,5,1,False,Loss
3008212,1,GSMC,OTF,OTF,GSMC,Red,Ahri,4,8,2,False,Loss
3008212,1,GSMC,OTF,OTF,GSMC,Red,Ambessa,5,10,2,False,Loss
3008212,2,GSMC,OTF,GSMC,OTF,Blue,Ashe,1,1,1,True,Win
3008212,2,GSMC,OTF,GSMC,OTF,Blue,Jarvan IV,2,3,1,True,Win
3008212,2,GSMC,OTF,GSMC,OTF,Blue,Anivia,3,5,1,True,Win
3008212,2,GSMC,OTF,GSMC,OTF,Blue,Skarner,4,8,2,True,Win
3008212,2,GSMC,OTF,GSMC,OTF,Blue,Xin Zhao,5,10,2,True,Win
3008212,2,GSMC,OTF,OTF,GSMC,Red,Cassiopeia,1,2,1,False,Loss
3008212,2,GSMC,OTF,OTF,GSMC,Red,Syndra,2,4,1,False,Loss
3008212,2,GSMC,OTF,OTF,GSMC,Red,Nocturne,3,6,1,False,Loss
3008212,2,GSMC,OTF,OTF,GSMC,Red,Nautilus,4,7,2,False,Loss
3008212,2,GSMC,OTF,OTF,GSMC,Red,Rell,5,9,2,False,Loss
3008213,1,LDS,SC,LDS,SC,Blue,Draven,1,1,1,True,Win
3008213,1,LDS,SC,LDS,SC,Blue,Jarvan IV,2,3,1,True,Win
3008213,1,LDS,SC,LDS,SC,Blue,Viktor,3,5,1,True,Win
3008213,1,LDS,SC,LDS,SC,Blue,Rumble,4,8,2,True,Win
3008213,1,LDS,SC,LDS,SC,Blue,Ahri,5,10,2,True,Win
3008213,1,LDS,SC,SC,LDS,Red,Nocturne,1,2,1,False,Loss
3008213,1,LDS,SC,SC,LDS,Red,Karma,2,4,1,False,Loss
3008213,1,LDS,SC,SC,LDS,Red,Syndra,3,6,1,False,Loss
3008213,1,LDS,SC,SC,LDS,Red,Galio,4,7,2,False,Loss
3008213,1,LDS,SC,SC,LDS,Red,Cassiopeia,5,9,2,False,Loss
3008213,2,LDS,SC,LDS,SC,Blue,Draven,1,2,1,False,Loss
3008213,2,LDS,SC,LDS,SC,Blue,Viktor,2,4,1,False,Loss
3008213,2,LDS,SC,LDS,SC,Blue,Nocturne,3,6,1,False,Loss
3008213,2,LDS,SC,LDS,SC,Blue,Qiyana,4,7,2,False,Loss
3008213,2,LDS,SC,LDS,SC,Blue,Wukong,5,9,2,False,Loss
3008213,2,LDS,SC,SC,LDS,Red,Karma,1,1,1,True,Win
3008213,2,LDS,SC,SC,LDS,Red,Lee Sin,2,3,1,True,Win
3008213,2,LDS,SC,SC,LDS,Red,Akali,3,5,1,True,Win
3008213,2,LDS,SC,SC,LDS,Red,Ahri,4,8,2,True,Win
3008213,2,LDS,SC,SC,LDS,Red,Ambessa,5,10,2,True,Win
3008213,3,SC,LDS,SC,LDS,Blue,Nocturne,1,2,1,False,Loss
3008213,3,SC,LDS,SC,LDS,Blue,Karma,2,4,1,False,Loss
3008213,3,SC,LDS,SC,LDS,Blue,Seraphine,3,6,1,False,Loss
3008213,3,SC,LDS,SC,LDS,Blue,Cassiopeia,4,7,2,False,Loss
3008213,3,SC,LDS,SC,LDS,Blue,Akali,5,9,2,False,Loss
3008213,3,SC,LDS,LDS,SC,Red,Draven,1,1,1,True,Win
3008213,3,SC,LDS,LDS,SC,Red,Viktor,2,3,1,True,Win
3008213,3,SC,LDS,LDS,SC,Red,Kalista,3,5,1,True,Win
3008213,3,SC,LDS,LDS,SC,Red,Ahri,4,8,2,True,Win
3008213,3,SC,LDS,LDS,SC,Red,Aurora,5,10,2,True,Win
3008214,1,CKZ,USE,CKZ,USE,Blue,Cassiopeia,1,2,1,False,Loss
3008214,1,CKZ,USE,CKZ,USE,Blue,Lee Sin,2,4,1,False,Loss
3008214,1,CKZ,USE,CKZ,USE,Blue,Kalista,3,6,1,False,Loss
3008214,1,CKZ,USE,CKZ,USE,Blue,Lucian,4,7,2,False,Loss
3008214,1,CKZ,USE,CKZ,USE,Blue,Yunara,5,9,2,False,Loss
3008214,1,CKZ,USE,USE,CKZ,Red,Nautilus,1,1,1,True,Win
3008214,1,CKZ,USE,USE,CKZ,Red,Poppy,2,3,1,True,Win
3008214,1,CKZ,USE,USE,CKZ,Red,Orianna,3,5,1,True,Win
3008214,1,CKZ,USE,USE,CKZ,Red,Ezreal,4,8,2,True,Win
3008214,1,CKZ,USE,USE,CKZ,Red,Xayah,5,10,2,True,Win
3008214,2,USE,CKZ,USE,CKZ,Blue,Nautilus,1,1,1,True,Win
3008214,2,USE,CKZ,USE,CKZ,Blue,Orianna,2,3,1,True,Win
3008214,2,USE,CKZ,USE,CKZ,Blue,Olaf,3,5,1,True,Win
3008214,2,USE,CKZ,USE,CKZ,Blue,Viktor,4,8,2,True,Win
3008214,2,USE,CKZ,USE,CKZ,Blue,Gragas,5,10,2,True,Win
3008214,2,USE,CKZ,CKZ,USE,Red,Cassiopeia,1,2,1,False,Loss
3008214,2,USE,CKZ,CKZ,USE,Red,Lee Sin,2,4,1,False,Loss
3008214,2,USE,CKZ,CKZ,USE,Red,Jayce,3,6,1,False,Loss
3008214,2,USE,CKZ,CKZ,USE,Red,Cho'Gath,4,7,2,False,Loss
3008214,2,USE,CKZ,CKZ,USE,Red,Qiyana,5,9,2,False,Loss
3008215,1,SU,UCAM,SU,UCAM,Blue,Poppy,1,1,1,False,Loss
3008215,1,SU,UCAM,SU,UCAM,Blue,Jayce,2,3,1,False,Loss
3008215,1,SU,UCAM,SU,UCAM,Blue,Ryze,3,5,1,False,Loss
3008215,1,SU,UCAM,SU,UCAM,Blue,Wukong,4,8,2,False,Loss
3008215,1,SU,UCAM,SU,UCAM,Blue,K'Sante,5,10,2,False,Loss
3008215,1,SU,UCAM,UCAM,SU,Red,Nocturne,1,2,1,True,Win
3008215,1,SU,UCAM,UCAM,SU,Red,Ezreal,2,4,1,True,Win
3008215,1,SU,UCAM,UCAM,SU,Red,Cassiopeia,3,6,1,True,Win
3008215,1,SU,UCAM,UCAM,SU,Red,Akali,4,7,2,True,Win
3008215,1,SU,UCAM,UCAM,SU,Red,Ambessa,5,9,2,True,Win
3008215,2,UCAM,SU,UCAM,SU,Blue,Nocturne,1,2,1,True,Win
3008215,2,UCAM,SU,UCAM,SU,Blue,Cassiopeia,2,4,1,True,Win
3008215,2,UCAM,SU,UCAM,SU,Blue,Qiyana,3,6,1,True,Win
3008215,2,UCAM,SU,UCAM,SU,Blue,Akali,4,7,2,True,Win
3008215,2,UCAM,SU,UCAM,SU,Blue,LeBlanc,5,9,2,True,Win
3008215,2,UCAM,SU,SU,UCAM,Red,Poppy,1,1,1,False,Loss
3008215,2,UCAM,SU,SU,UCAM,Red,Jayce,2,3,1,False,Loss
3008215,2,UCAM,SU,SU,UCAM,Red,Ryze,3,5,1,False,Loss
3008215,2,UCAM,SU,SU,UCAM,Red,Karma,4,8,2,False,Loss
3008215,2,UCAM,SU,SU,UCAM,Red,Nautilus,5,10,2,False,Loss
3008216,1,GSMC,BAR,GSMC,BAR,Blue,Nocturne,1,2,1,False,Loss
3008216,1,GSMC,BAR,GSMC,BAR,Blue,Lucian,2,4,1,False,Loss
3008216,1,GSMC,BAR,GSMC,BAR,Blue,Nautilus,3,6,1,False,Loss
3008216,1,GSMC,BAR,GSMC,BAR,Blue,Lee Sin,4,7,2,False,Loss
3008216,1,GSMC,BAR,GSMC,BAR,Blue,Poppy,5,9,2,False,Loss
3008216,1,GSMC,BAR,BAR,GSMC,Red,Ryze,1,1,1,True,Win
3008216,1,GSMC,BAR,BAR,GSMC,Red,Vi,2,3,1,True,Win
3008216,1,GSMC,BAR,BAR,GSMC,Red,Caitlyn,3,5,1,True,Win
3008216,1,GSMC,BAR,BAR,GSMC,Red,Pantheon,4,8,2,True,Win
3008216,1,GSMC,BAR,BAR,GSMC,Red,Wukong,5,10,2,True,Win
3008216,2,GSMC,BAR,GSMC,BAR,Blue,Lucian,1,1,1,False,Loss
3008216,2,GSMC,BAR,GSMC,BAR,Blue,Vi,2,3,1,False,Loss
3008216,2,GSMC,BAR,GSMC,BAR,Blue,Taliyah,3,5,1,False,Loss
3008216,2,GSMC,BAR,GSMC,BAR,Blue,Xayah,4,8,2,False,Loss
3008216,2,GSMC,BAR,GSMC,BAR,Blue,Sivir,5,10,2,False,Loss
3008216,2,GSMC,BAR,BAR,GSMC,Red,Bard,1,2,1,True,Win
3008216,2,GSMC,BAR,BAR,GSMC,Red,Ryze,2,4,1,True,Win
3008216,2,GSMC,BAR,BAR,GSMC,Red,Cassiopeia,3,6,1,True,Win
3008216,2,GSMC,BAR,BAR,GSMC,Red,Seraphine,4,7,2,True,Win
3008216,2,GSMC,BAR,BAR,GSMC,Red,Ziggs,5,9,2,True,Win
3008217,1,AP,P4,AP,P4,Blue,Nocturne,1,2,1,False,Loss
3008217,1,AP,P4,AP,P4,Blue,Nautilus,2,4,1,False,Loss
3008217,1,AP,P4,AP,P4,Blue,Ahri,3,6,1,False,Loss
3008217,1,AP,P4,AP,P4,Blue,Olaf,4,7,2,False,Loss
3008217,1,AP,P4,AP,P4,Blue,Vi,5,9,2,False,Loss
3008217,1,AP,P4,P4,AP,Red,Lee Sin,1,1,1,True,Win
3008217,1,AP,P4,P4,AP,Red,Qiyana,2,3,1,True,Win
3008217,1,AP,P4,P4,AP,Red,Akali,3,5,1,True,Win
3008217,1,AP,P4,P4,AP,Red,Lulu,4,8,2,True,Win
3008217,1,AP,P4,P4,AP,Red,Yuumi,5,10,2,True,Win
3008217,2,AP,P4,AP,P4,Blue,Nocturne,1,2,1,True,Win
3008217,2,AP,P4,AP,P4,Blue,Ahri,2,4,1,True,Win
3008217,2,AP,P4,AP,P4,Blue,Nautilus,3,6,1,True,Win
3008217,2,AP,P4,AP,P4,Blue,Olaf,4,7,2,True,Win
3008217,2,AP,P4,AP,P4,Blue,Ambessa,5,9,2,True,Win
3008217,2,AP,P4,P4,AP,Red,Lee Sin,1,1,1,False,Loss
3008217,2,AP,P4,P4,AP,Red,Qiyana,2,3,1,False,Loss
3008217,2,AP,P4,P4,AP,Red,Orianna,3,5,1,False,Loss
3008217,2,AP,P4,P4,AP,Red,Sylas,4,8,2,False,Loss
3008217,2,AP,P4,P4,AP,Red,Akali,5,10,2,False,Loss
3008217,3,P4,AP,P4,AP,Blue,Lee Sin,1,1,1,True,Win
3008217,3,P4,AP,P4,AP,Blue,Orianna,2,3,1,True,Win
3008217,3,P4,AP,P4,AP,Blue,Zeri,3,5,1,True,Win
3008217,3,P4,AP,P4,AP,Blue,Rell,4,8,2,True,Win
3008217,3,P4,AP,P4,AP,Blue,Rakan,5,10,2,True,Win
3008217,3,P4,AP,AP,P4,Red,Nocturne,1,2,1,False,Loss
3008217,3,P4,AP,AP,P4,Red,Olaf,2,4,1,False,Loss
3008217,3,P4,AP,AP,P4,Red,Ahri,3,6,1,False,Loss
3008217,3,P4,AP,AP,P4,Red,Alistar,4,7,2,False,Loss
3008217,3,P4,AP,AP,P4,Red,Nautilus,5,9,2,False,Loss
3008218,1,OTS,TA,OTS,TA,Blue,Akali,1,2,1,True,Win
3008218,1,OTS,TA,OTS,TA,Blue,Lee Sin,2,4,1,True,Win
3008218,1,OTS,TA,OTS,TA,Blue,Naafiri,3,6,1,True,Win
3008218,1,OTS,TA,OTS,TA,Blue,Fiora,4,7,2,True,Win
3008218,1,OTS,TA,OTS,TA,Blue,Leona,5,9,2,True,Win
3008218,1,OTS,TA,TA,OTS,Red,Rumble,1,1,1,False,Loss
3008218,1,OTS,TA,TA,OTS,Red,Jarvan IV,2,3,1,False,Loss
3008218,1,OTS,TA,TA,OTS,Red,Bard,3,5,1,False,Loss
3008218,1,OTS,TA,TA,OTS,Red,Milio,4,8,2,False,Loss
3008218,1,OTS,TA,TA,OTS,Red,Nautilus,5,10,2,False,Loss
3008218,2,TA,OTS,TA,OTS,Blue,Rumble,1,2,1,False,Loss
3008218,2,TA,OTS,TA,OTS,Blue,Nocturne,2,4,1,False,Loss
3008218,2,TA,OTS,TA,OTS,Blue,Vi,3,6,1,False,Loss
3008218,2,TA,OTS,TA,OTS,Blue,Nautilus,4,7,2,False,Loss
3008218,2,TA,OTS,TA,OTS,Blue,Milio,5,9,2,False,Loss
3008218,2,TA,OTS,OTS,TA,Red,Akali,1,1,1,True,Win
3008218,2,TA,OTS,OTS,TA,Red,Naafiri,2,3,1,True,Win
3008218,2,TA,OTS,OTS,TA,Red,Lee Sin,3,5,1,True,Win
3008218,2,TA,OTS,OTS,TA,Red,Lulu,4,8,2,True,Win
3008218,2,TA,OTS,OTS,TA,Red,Seraphine,5,10,2,True,Win
3008219,1,MCON,VER,MCON,VER,Blue,Nocturne,1,2,1,False,Loss
3008219,1,MCON,VER,MCON,VER,Blue,Cassiopeia,2,4,1,False,Loss
3008219,1,MCON,VER,MCON,VER,Blue,Gangplank,3,6,1,False,Loss
3008219,1,MCON,VER,MCON,VER,Blue,Poppy,4,7,2,False,Loss
3008219,1,MCON,VER,MCON,VER,Blue,Vi,5,9,2,False,Loss
3008219,1,MCON,VER,VER,MCON,Red,Heimerdinger,1,1,1,True,Win
3008219,1,MCON,VER,VER,MCON,Red,Mel,2,3,1,True,Win
3008219,1,MCON,VER,VER,MCON,Red,Syndra,3,5,1,True,Win
3008219,1,MCON,VER,VER,MCON,Red,Renekton,4,8,2,True,Win
3008219,1,MCON,VER,VER,MCON,Red,Olaf,5,10,2,True,Win
3008219,2,MCON,VER,MCON,VER,Blue,Nocturne,1,2,1,False,Loss
3008219,2,MCON,VER,MCON,VER,Blue,Cassiopeia,2,4,1,False,Loss
3008219,2,MCON,VER,MCON,VER,Blue,Gangplank,3,6,1,False,Loss
3008219,2,MCON,VER,MCON,VER,Blue,Yunara,4,7,2,False,Loss
3008219,2,MCON,VER,MCON,VER,Blue,Sivir,5,9,2,False,Loss
3008219,2,MCON,VER,VER,MCON,Red,Heimerdinger,1,1,1,True,Win
3008219,2,MCON,VER,VER,MCON,Red,Mel,2,3,1,True,Win
3008219,2,MCON,VER,VER,MCON,Red,Lee Sin,3,5,1,True,Win
3008219,2,MCON,VER,VER,MCON,Red,Jax,4,8,2,True,Win
3008219,2,MCON,VER,VER,MCON,Red,Darius,5,10,2,True,Win
3008220,1,BBK,OTF,BBK,OTF,Blue,Orianna,1,1,1,False,Loss
3008220,1,BBK,OTF,BBK,OTF,Blue,Seraphine,2,3,1,False,Loss
3008220,1,BBK,OTF,BBK,OTF,Blue,Yunara,3,5,1,False,Loss
3008220,1,BBK,OTF,BBK,OTF,Blue,Caitlyn,4,8,2,False,Loss
3008220,1,BBK,OTF,BBK,OTF,Blue,Corki,5,10,2,False,Loss
3008220,1,BBK,OTF,OTF,BBK,Red,Cassiopeia,1,2,1,True,Win
3008220,1,BBK,OTF,OTF,BBK,Red,Syndra,2,4,1,True,Win
3008220,1,BBK,OTF,OTF,BBK,Red,Nocturne,3,6,1,True,Win
3008220,1,BBK,OTF,OTF,BBK,Red,Akali,4,7,2,True,Win
3008220,1,BBK,OTF,OTF,BBK,Red,Ahri,5,9,2,True,Win
3008220,2,OTF,BBK,OTF,BBK,Blue,Cassiopeia,1,2,1,True,Win
3008220,2,OTF,BBK,OTF,BBK,Blue,Syndra,2,4,1,True,Win
3008220,2,OTF,BBK,OTF,BBK,Blue,Nocturne,3,6,1,True,Win
3008220,2,OTF,BBK,OTF,BBK,Blue,Caitlyn,4,7,2,True,Win
3008220,2,OTF,BBK,OTF,BBK,Blue,Ezreal,5,9,2,True,Win
3008220,2,OTF,BBK,BBK,OTF,Red,Orianna,1,1,1,False,Loss
3008220,2,OTF,BBK,BBK,OTF,Red,Seraphine,2,3,1,False,Loss
3008220,2,OTF,BBK,BBK,OTF,Red,Yunara,3,5,1,False,Loss
3008220,2,OTF,BBK,BBK,OTF,Red,K'Sante,4,8,2,False,Loss
3008220,2,OTF,BBK,BBK,OTF,Red,Aatrox,5,10,2,False,Loss
3008221,1,P4,SC,P4,SC,Blue,Draven,1,2,1,False,Loss
3008221,1,P4,SC,P4,SC,Blue,Nocturne,2,4,1,False,Loss
3008221,1,P4,SC,P4,SC,Blue,Jarvan IV,3,6,1,False,Loss
3008221,1,P4,SC,P4,SC,Blue,Gnar,4,7,2,False,Loss
3008221,1,P4,SC,P4,SC,Blue,Ambessa,5,9,2,False,Loss
3008221,1,P4,SC,SC,P4,Red,Rengar,1,1,1,True,Win
3008221,1,P4,SC,SC,P4,Red,Akali,2,3,1,True,Win
3008221,1,P4,SC,SC,P4,Red,Ahri,3,5,1,True,Win
3008221,1,P4,SC,SC,P4,Red,Seraphine,4,8,2,True,Win
3008221,1,P4,SC,SC,P4,Red,Lucian,5,10,2,True,Win
3008221,2,SC,P4,SC,P4,Blue,Nocturne,1,2,1,True,Win
3008221,2,SC,P4,SC,P4,Blue,Caitlyn,2,4,1,True,Win
3008221,2,SC,P4,SC,P4,Blue,Nautilus,3,6,1,True,Win
3008221,2,SC,P4,SC,P4,Blue,Akali,4,7,2,True,Win
3008221,2,SC,P4,SC,P4,Blue,LeBlanc,5,9,2,True,Win
3008221,2,SC,P4,P4,SC,Red,Draven,1,1,1,False,Loss
3008221,2,SC,P4,P4,SC,Red,Viktor,2,3,1,False,Loss
3008221,2,SC,P4,P4,SC,Red,Jarvan IV,3,5,1,False,Loss
3008221,2,SC,P4,P4,SC,Red,Vi,4,8,2,False,Loss
3008221,2,SC,P4,P4,SC,Red,Wukong,5,10,2,False,Loss
3008222,1,CKZ,OTS,CKZ,OTS,Blue,Qiyana,1,2,1,True,Win
3008222,1,CKZ,OTS,CKZ,OTS,Blue,Rumble,2,4,1,True,Win
3008222,1,CKZ,OTS,CKZ,OTS,Blue,Jarvan IV,3,6,1,True,Win
3008222,1,CKZ,OTS,CKZ,OTS,Blue,Bard,4,7,2,True,Win
3008222,1,CKZ,OTS,CKZ,OTS,Blue,Lulu,5,9,2,True,Win
3008222,1,CKZ,OTS,OTS,CKZ,Red,Vi,1,1,1,False,Loss
3008222,1,CKZ,OTS,OTS,CKZ,Red,Nocturne,2,3,1,False,Loss
3008222,1,CKZ,OTS,OTS,CKZ,Red,Wukong,3,5,1,False,Loss
3008222,1,CKZ,OTS,OTS,CKZ,Red,Lucian,4,8,2,False,Loss
3008222,1,CKZ,OTS,OTS,CKZ,Red,Ezreal,5,10,2,False,Loss
3008222,2,CKZ,OTS,CKZ,OTS,Blue,Qiyana,1,2,1,False,Loss
3008222,2,CKZ,OTS,CKZ,OTS,Blue,Caitlyn,2,4,1,False,Loss
3008222,2,CKZ,OTS,CKZ,OTS,Blue,Rumble,3,6,1,False,Loss
3008222,2,CKZ,OTS,CKZ,OTS,Blue,Ashe,4,7,2,False,Loss
3008222,2,CKZ,OTS,CKZ,OTS,Blue,Jayce,5,9,2,False,Loss
3008222,2,CKZ,OTS,OTS,CKZ,Red,Vi,1,1,1,True,Win
3008222,2,CKZ,OTS,OTS,CKZ,Red,Nocturne,2,3,1,True,Win
3008222,2,CKZ,OTS,OTS,CKZ,Red,Lucian,3,5,1,True,Win
3008222,2,CKZ,OTS,OTS,CKZ,Red,Viktor,4,8,2,True,Win
3008222,2,CKZ,OTS,OTS,CKZ,Red,Akali,5,10,2,True,Win
3008222,3,CKZ,OTS,CKZ,OTS,Blue,Qiyana,1,2,1,False,Loss
3008222,3,CKZ,OTS,CKZ,OTS,Blue,Caitlyn,2,4,1,False,Loss
3008222,3,CKZ,OTS,CKZ,OTS,Blue,Rumble,3,6,1,False,Loss
3008222,3,CKZ,OTS,CKZ,OTS,Blue,Xin Zhao,4,7,2,False,Loss
3008222,3,CKZ,OTS,CKZ,OTS,Blue,Wukong,5,9,2,False,Loss
3008222,3,CKZ,OTS,OTS,CKZ,Red,Vi,1,1,1,True,Win
3008222,3,CKZ,OTS,OTS,CKZ,Red,Nocturne,2,3,1,True,Win
3008222,3,CKZ,OTS,OTS,CKZ,Red,Lucian,3,5,1,True,Win
3008222,3,CKZ,OTS,OTS,CKZ,Red,Maokai,4,8,2,True,Win
3008222,3,CKZ,OTS,OTS,CKZ,Red,Olaf,5,10,2,True,Win
3008223,1,SU,VER,SU,VER,Blue,Wukong,1,1,1,False,Loss
3008223,1,SU,VER,SU,VER,Blue,Nautilus,2,3,1,False,Loss
3008223,1,SU,VER,SU,VER,Blue,Ryze,3,5,1,False,Loss
3008223,1,SU,VER,SU,VER,Blue,Xin Zhao,4,8,2,False,Loss
3008223,1,SU,VER,SU,VER,Blue,Renekton,5,10,2,False,Loss
3008223,1,SU,VER,VER,SU,Red,Cassiopeia,1,2,1,True,Win
3008223,1,SU,VER,VER,SU,Red,Nocturne,2,4,1,True,Win
3008223,1,SU,VER,VER,SU,Red,Olaf,3,6,1,True,Win
3008223,1,SU,VER,VER,SU,Red,Akali,4,7,2,True,Win
3008223,1,SU,VER,VER,SU,Red,Ahri,5,9,2,True,Win
3008223,2,SU,VER,SU,VER,Blue,Ryze,1,1,1,True,Win
3008223,2,SU,VER,SU,VER,Blue,Viktor,2,3,1,True,Win
3008223,2,SU,VER,SU,VER,Blue,Nautilus,3,5,1,True,Win
3008223,2,SU,VER,SU,VER,Blue,Bard,4,8,2,True,Win
3008223,2,SU,VER,SU,VER,Blue,Olaf,5,10,2,True,Win
3008223,2,SU,VER,VER,SU,Red,Nocturne,1,2,1,False,Loss
3008223,2,SU,VER,VER,SU,Red,Cassiopeia,2,4,1,False,Loss
3008223,2,SU,VER,VER,SU,Red,Lulu,3,6,1,False,Loss
3008223,2,SU,VER,VER,SU,Red,Akali,4,7,2,False,Loss
3008223,2,SU,VER,VER,SU,Red,Twisted Fate,5,9,2,False,Loss
3008223,3,VER,SU,VER,SU,Blue,Qiyana,1,1,1,False,Loss
3008223,3,VER,SU,VER,SU,Blue,Nautilus,2,3,1,False,Loss
3008223,3,VER,SU,VER,SU,Blue,Wukong,3,5,1,False,Loss
3008223,3,VER,SU,VER,SU,Blue,Pantheon,4,8,2,False,Loss
3008223,3,VER,SU,VER,SU,Blue,Xin Zhao,5,10,2,False,Loss
3008223,3,VER,SU,SU,VER,Red,Ryze,1,2,1,True,Win
3008223,3,VER,SU,SU,VER,Red,Nocturne,2,4,1,True,Win
3008223,3,VER,SU,SU,VER,Red,Viktor,3,6,1,True,Win
3008223,3,VER,SU,SU,VER,Red,Ezreal,4,7,2,True,Win
3008223,3,VER,SU,SU,VER,Red,Olaf,5,9,2,True,Win
3008224,1,GSMC,OTF,GSMC,OTF,Blue,Nocturne,1,2,1,True,Win
3008224,1,GSMC,OTF,GSMC,OTF,Blue,Ashe,2,4,1,True,Win
3008224,1,GSMC,OTF,GSMC,OTF,Blue,Nautilus,3,6,1,True,Win
3008224,1,GSMC,OTF,GSMC,OTF,Blue,K'Sante,4,7,2,True,Win
3008224,1,GSMC,OTF,GSMC,OTF,Blue,Sion,5,9,2,True,Win
3008224,1,GSMC,OTF,OTF,GSMC,Red,Cassiopeia,1,1,1,False,Loss
3008224,1,GSMC,OTF,OTF,GSMC,Red,Caitlyn,2,3,1,False,Loss
3008224,1,GSMC,OTF,OTF,GSMC,Red,Gnar,3,5,1,False,Loss
3008224,1,GSMC,OTF,OTF,GSMC,Red,Vi,4,8,2,False,Loss
3008224,1,GSMC,OTF,OTF,GSMC,Red,Orianna,5,10,2,False,Loss
3008224,2,GSMC,OTF,GSMC,OTF,Blue,Nocturne,1,1,1,True,Win
3008224,2,GSMC,OTF,GSMC,OTF,Blue,Ashe,2,3,1,True,Win
3008224,2,GSMC,OTF,GSMC,OTF,Blue,Karma,3,5,1,True,Win
3008224,2,GSMC,OTF,GSMC,OTF,Blue,Tristana,4,8,2,True,Win
3008224,2,GSMC,OTF,GSMC,OTF,Blue,Caitlyn,5,10,2,True,Win
3008224,2,GSMC,OTF,OTF,GSMC,Red,Cassiopeia,1,2,1,False,Loss
3008224,2,GSMC,OTF,OTF,GSMC,Red,Ryze,2,4,1,False,Loss
3008224,2,GSMC,OTF,OTF,GSMC,Red,Gnar,3,6,1,False,Loss
3008224,2,GSMC,OTF,OTF,GSMC,Red,Ezreal,4,7,2,False,Loss
3008224,2,GSMC,OTF,OTF,GSMC,Red,Kai'Sa,5,9,2,False,Loss
2968574,1,DRM,GOB,DRM,GOB,Blue,Akali,1,1,1,False,Loss
2968574,1,DRM,GOB,DRM,GOB,Blue,Lee Sin,2,3,1,False,Loss
2968574,1,DRM,GOB,DRM,GOB,Blue,Rumble,3,5,1,False,Loss
2968574,1,DRM,GOB,DRM,GOB,Blue,Poppy,4,8,2,False,Loss
2968574,1,DRM,GOB,DRM,GOB,Blue,Ambessa,5,10,2,False,Loss
2968574,1,DRM,GOB,GOB,DRM,Red,Syndra,1,2,1,True,Win
2968574,1,DRM,GOB,GOB,DRM,Red,Ziggs,2,4,1,True,Win
2968574,1,DRM,GOB,GOB,DRM,Red,Jarvan IV,3,6,1,True,Win
2968574,1,DRM,GOB,GOB,DRM,Red,Shen,4,7,2,True,Win
2968574,1,DRM,GOB,GOB,DRM,Red,Sion,5,9,2,True,Win
2968576,1,FCN,WG,FCN,WG,Blue,Irelia,1,1,1,True,Win
2968576,1,FCN,WG,FCN,WG,Blue,Karma,2,3,1,True,Win
2968576,1,FCN,WG,FCN,WG,Blue,Caitlyn,3,5,1,True,Win
2968576,1,FCN,WG,FCN,WG,Blue,Rell,4,8,2,True,Win
2968576,1,FCN,WG,FCN,WG,Blue,Rakan,5,10,2,True,Win
2968576,1,FCN,WG,WG,FCN,Red,Lee Sin,1,2,1,False,Loss
2968576,1,FCN,WG,WG,FCN,Red,Riven,2,4,1,False,Loss
2968576,1,FCN,WG,WG,FCN,Red,Bard,3,6,1,False,Loss
2968576,1,FCN,WG,WG,FCN,Red,Ambessa,4,7,2,False,Loss
2968576,1,FCN,WG,WG,FCN,Red,Poppy,5,9,2,False,Loss
2968577,1,BBK,NGE,BBK,NGE,Blue,Jarvan IV,1,1,1,False,Loss
2968577,1,BBK,NGE,BBK,NGE,Blue,Thresh,2,3,1,False,Loss
2968577,1,BBK,NGE,BBK,NGE,Blue,ID:805,3,5,1,False,Loss
2968577,1,BBK,NGE,BBK,NGE,Blue,Ryze,4,8,2,False,Loss
2968577,1,BBK,NGE,BBK,NGE,Blue,Ahri,5,10,2,False,Loss
2968577,1,BBK,NGE,NGE,BBK,Red,Draven,1,2,1,True,Win
2968577,1,BBK,NGE,NGE,BBK,Red,Shen,2,4,1,True,Win
2968577,1,BBK,NGE,NGE,BBK,Red,Orianna,3,6,1,True,Win
2968577,1,BBK,NGE,NGE,BBK,Red,Kai'Sa,4,7,2,True,Win
2968577,1,BBK,NGE,NGE,BBK,Red,Tristana,5,9,2,True,Win
2968578,1,CE,EXS,CE,EXS,Blue,Udyr,1,1,1,True,Win
2968578,1,CE,EXS,CE,EXS,Blue,Ahri,2,3,1,True,Win
2968578,1,CE,EXS,CE,EXS,Blue,Nocturne,3,5,1,True,Win
2968578,1,CE,EXS,CE,EXS,Blue,Wukong,4,8,2,True,Win
2968578,1,CE,EXS,CE,EXS,Blue,Alistar,5,10,2,True,Win
2968578,1,CE,EXS,EXS,CE,Red,Bard,1,2,1,False,Loss
2968578,1,CE,EXS,EXS,CE,Red,Jarvan IV,2,4,1,False,Loss
2968578,1,CE,EXS,EXS,CE,Red,ID:805,3,6,1,False,Loss
2968578,1,CE,EXS,EXS,CE,Red,Ziggs,4,7,2,False,Loss
2968578,1,CE,EXS,EXS,CE,Red,Mel,5,9,2,False,Loss
2968579,1,HYPE,TTB,HYPE,TTB,Blue,Akali,1,1,1,True,Win
2968579,1,HYPE,TTB,HYPE,TTB,Blue,ID:805,2,3,1,True,Win
2968579,1,HYPE,TTB,HYPE,TTB,Blue,Poppy,3,5,1,True,Win
2968579,1,HYPE,TTB,HYPE,TTB,Blue,Braum,4,8,2,True,Win
2968579,1,HYPE,TTB,HYPE,TTB,Blue,Ziggs,5,10,2,True,Win
2968579,1,HYPE,TTB,TTB,HYPE,Red,Ryze,1,2,1,False,Loss
2968579,1,HYPE,TTB,TTB,HYPE,Red,Karma,2,4,1,False,Loss
2968579,1,HYPE,TTB,TTB,HYPE,Red,Camille,3,6,1,False,Loss
2968579,1,HYPE,TTB,TTB,HYPE,Red,Ezreal,4,7,2,False,Loss
2968579,1,HYPE,TTB,TTB,HYPE,Red,Alistar,5,9,2,False,Loss
2968580,1,GDE,ZZG,GDE,ZZG,Blue,Ambessa,1,1,1,True,Win
2968580,1,GDE,ZZG,GDE,ZZG,Blue,Aurora,2,3,1,True,Win
2968580,1,GDE,ZZG,GDE,ZZG,Blue,Aatrox,3,5,1,True,Win
2968580,1,GDE,ZZG,GDE,ZZG,Blue,Varus,4,8,2,True,Win
2968580,1,GDE,ZZG,GDE,ZZG,Blue,Jinx,5,10,2,True,Win
2968580,1,GDE,ZZG,ZZG,GDE,Red,Sylas,1,2,1,False,Loss
2968580,1,GDE,ZZG,ZZG,GDE,Red,Bard,2,4,1,False,Loss
2968580,1,GDE,ZZG,ZZG,GDE,Red,Lee Sin,3,6,1,False,Loss
2968580,1,GDE,ZZG,ZZG,GDE,Red,Braum,4,7,2,False,Loss
2968580,1,GDE,ZZG,ZZG,GDE,Red,K'Sante,5,9,2,False,Loss
2968581,1,WD,RSW,WD,RSW,Blue,Soraka,1,1,1,True,Win
2968581,1,WD,RSW,WD,RSW,Blue,Draven,2,3,1,True,Win
2968581,1,WD,RSW,WD,RSW,Blue,Dr. Mundo,3,5,1,True,Win
2968581,1,WD,RSW,WD,RSW,Blue,Vayne,4,8,2,True,Win
2968581,1,WD,RSW,WD,RSW,Blue,Renekton,5,10,2,True,Win
2968581,1,WD,RSW,RSW,WD,Red,Rumble,1,2,1,False,Loss
2968581,1,WD,RSW,RSW,WD,Red,Syndra,2,4,1,False,Loss
2968581,1,WD,RSW,RSW,WD,Red,Sylas,3,6,1,False,Loss
2968581,1,WD,RSW,RSW,WD,Red,Malphite,4,7,2,False,Loss
2968581,1,WD,RSW,RSW,WD,Red,Gnar,5,9,2,False,Loss
2968582,1,WD,OTS,WD,OTS,Blue,Ryze,1,1,1,True,Win
2968582,1,WD,OTS,WD,OTS,Blue,Ziggs,2,3,1,True,Win
2968582,1,WD,OTS,WD,OTS,Blue,Camille,3,5,1,True,Win
2968582,1,WD,OTS,WD,OTS,Blue,Neeko,4,8,2,True,Win
2968582,1,WD,OTS,WD,OTS,Blue,Ezreal,5,10,2,True,Win
2968582,1,WD,OTS,OTS,WD,Red,Hwei,1,2,1,False,Loss
2968582,1,WD,OTS,OTS,WD,Red,Jarvan IV,2,4,1,False,Loss
2968582,1,WD,OTS,OTS,WD,Red,Syndra,3,6,1,False,Loss
2968582,1,WD,OTS,OTS,WD,Red,Lucian,4,7,2,False,Loss
2968582,1,WD,OTS,OTS,WD,Red,Kai'Sa,5,9,2,False,Loss
2968583,1,NGE,GDE,NGE,GDE,Blue,K'Sante,1,1,1,True,Win
2968583,1,NGE,GDE,NGE,GDE,Blue,Sylas,2,3,1,True,Win
2968583,1,NGE,GDE,NGE,GDE,Blue,Bard,3,5,1,True,Win
2968583,1,NGE,GDE,NGE,GDE,Blue,Yuumi,4,8,2,True,Win
2968583,1,NGE,GDE,NGE,GDE,Blue,Akali,5,10,2,True,Win
2968583,1,NGE,GDE,GDE,NGE,Red,ID:805,1,2,1,False,Loss
2968583,1,NGE,GDE,GDE,NGE,Red,Syndra,2,4,1,False,Loss
2968583,1,NGE,GDE,GDE,NGE,Red,Xerath,3,6,1,False,Loss
2968583,1,NGE,GDE,GDE,NGE,Red,Renekton,4,7,2,False,Loss
2968583,1,NGE,GDE,GDE,NGE,Red,Darius,5,9,2,False,Loss
2968584,1,CE,GOB,CE,GOB,Blue,Cassiopeia,1,1,1,False,Loss
2968584,1,CE,GOB,CE,GOB,Blue,Akali,2,3,1,False,Loss
2968584,1,CE,GOB,CE,GOB,Blue,Tristana,3,5,1,False,Loss
2968584,1,CE,GOB,CE,GOB,Blue,Lucian,4,8,2,False,Loss
2968584,1,CE,GOB,CE,GOB,Blue,Ezreal,5,10,2,False,Loss
2968584,1,CE,GOB,GOB,CE,Red,Bard,1,2,1,True,Win
2968584,1,CE,GOB,GOB,CE,Red,Syndra,2,4,1,True,Win
2968584,1,CE,GOB,GOB,CE,Red,Orianna,3,6,1,True,Win
2968584,1,CE,GOB,GOB,CE,Red,Xayah,4,7,2,True,Win
2968584,1,CE,GOB,GOB,CE,Red,Kai'Sa,5,9,2,True,Win
2968585,1,HYPE,FCN,HYPE,FCN,Blue,Riven,1,1,1,True,Win
2968585,1,HYPE,FCN,HYPE,FCN,Blue,ID:805,2,3,1,True,Win
2968585,1,HYPE,FCN,HYPE,FCN,Blue,Orianna,3,5,1,True,Win
2968585,1,HYPE,FCN,HYPE,FCN,Blue,Ambessa,4,8,2,True,Win
2968585,1,HYPE,FCN,HYPE,FCN,Blue,Sett,5,10,2,True,Win
2968585,1,HYPE,FCN,FCN,HYPE,Red,Rumble,1,2,1,False,Loss
2968585,1,HYPE,FCN,FCN,HYPE,Red,Ryze,2,4,1,False,Loss
2968585,1,HYPE,FCN,FCN,HYPE,Red,Ahri,3,6,1,False,Loss
2968585,1,HYPE,FCN,FCN,HYPE,Red,Kai'Sa,4,7,2,False,Loss
2968585,1,HYPE,FCN,FCN,HYPE,Red,Ezreal,5,9,2,False,Loss
2968586,1,EXS,BBK,EXS,BBK,Blue,Draven,1,1,1,False,Loss
2968586,1,EXS,BBK,EXS,BBK,Blue,Shen,2,3,1,False,Loss
2968586,1,EXS,BBK,EXS,BBK,Blue,Orianna,3,5,1,False,Loss
2968586,1,EXS,BBK,EXS,BBK,Blue,Ambessa,4,8,2,False,Loss
2968586,1,EXS,BBK,EXS,BBK,Blue,K'Sante,5,10,2,False,Loss
2968586,1,EXS,BBK,BBK,EXS,Red,Ziggs,2,4,1,True,Win
2968586,1,EXS,BBK,BBK,EXS,Red,ID:805,3,6,1,True,Win
2968587,1,TTB,DRM,TTB,DRM,Blue,Jinx,1,1,1,False,Loss
2968587,1,TTB,DRM,TTB,DRM,Blue,Ziggs,2,3,1,False,Loss
2968587,1,TTB,DRM,TTB,DRM,Blue,Camille,3,5,1,False,Loss
2968587,1,TTB,DRM,TTB,DRM,Blue,Braum,4,8,2,False,Loss
2968587,1,TTB,DRM,TTB,DRM,Blue,Nautilus,5,10,2,False,Loss
2968587,1,TTB,DRM,DRM,TTB,Red,Rumble,1,2,1,True,Win
2968587,1,TTB,DRM,DRM,TTB,Red,Akali,2,4,1,True,Win
2968587,1,TTB,DRM,DRM,TTB,Red,ID:805,3,6,1,True,Win
2968587,1,TTB,DRM,DRM,TTB,Red,Kai'Sa,4,7,2,True,Win
2968587,1,TTB,DRM,DRM,TTB,Red,Aphelios,5,9,2,True,Win
2968588,1,ZZG,WG,ZZG,WG,Blue,Irelia,1,1,1,False,Loss
2968588,1,ZZG,WG,ZZG,WG,Blue,Ziggs,2,3,1,False,Loss
2968588,1,ZZG,WG,ZZG,WG,Blue,Syndra,3,5,1,False,Loss
2968588,1,ZZG,WG,ZZG,WG,Blue,Nautilus,4,8,2,False,Loss
2968588,1,ZZG,WG,ZZG,WG,Blue,Rakan,5,10,2,False,Loss
2968588,1,ZZG,WG,WG,ZZG,Red,Ambessa,1,2,1,True,Win
2968588,1,ZZG,WG,WG,ZZG,Red,Aatrox,2,4,1,True,Win
2968588,1,ZZG,WG,WG,ZZG,Red,Aurora,3,6,1,True,Win
2968588,1,ZZG,WG,WG,ZZG,Red,Gnar,4,7,2,True,Win
2968588,1,ZZG,WG,WG,ZZG,Red,Jinx,5,9,2,True,Win
2968589,1,RSW,LHC,RSW,LHC,Blue,Seraphine,1,1,1,True,Win
2968589,1,RSW,LHC,RSW,LHC,Blue,Sylas,2,3,1,True,Win
2968589,1,RSW,LHC,RSW,LHC,Blue,ID:805,3,5,1,True,Win
2968589,1,RSW,LHC,RSW,LHC,Blue,Caitlyn,4,8,2,True,Win
2968589,1,RSW,LHC,RSW,LHC,Blue,Volibear,5,10,2,True,Win
2968589,1,RSW,LHC,LHC,RSW,Red,Soraka,2,4,1,False,Loss
2968589,1,RSW,LHC,LHC,RSW,Red,Ambessa,3,6,1,False,Loss
2968590,1,CE,WG,CE,WG,Blue,Akali,1,1,1,True,Win
2968590,1,CE,WG,CE,WG,Blue,Irelia,2,3,1,True,Win
2968590,1,CE,WG,CE,WG,Blue,Ziggs,3,5,1,True,Win
2968590,1,CE,WG,CE,WG,Blue,Riven,4,8,2,True,Win
2968590,1,CE,WG,CE,WG,Blue,Ezreal,5,10,2,True,Win
2968590,1,CE,WG,WG,CE,Red,Bard,1,2,1,False,Loss
2968590,1,CE,WG,WG,CE,Red,ID:805,2,4,1,False,Loss
2968590,1,CE,WG,WG,CE,Red,Zed,3,6,1,False,Loss
2968590,1,CE,WG,WG,CE,Red,Jayce,4,7,2,False,Loss
2968590,1,CE,WG,WG,CE,Red,Varus,5,9,2,False,Loss
2968591,1,GDE,DRM,GDE,DRM,Blue,Ziggs,1,1,1,False,Loss
2968591,1,GDE,DRM,GDE,DRM,Blue,Shen,2,3,1,False,Loss
2968591,1,GDE,DRM,GDE,DRM,Blue,LeBlanc,3,5,1,False,Loss
2968591,1,GDE,DRM,GDE,DRM,Blue,Nautilus,4,8,2,False,Loss
2968591,1,GDE,DRM,GDE,DRM,Blue,Rakan,5,10,2,False,Loss
2968591,1,GDE,DRM,DRM,GDE,Red,Sylas,1,2,1,True,Win
2968591,1,GDE,DRM,DRM,GDE,Red,K'Sante,2,4,1,True,Win
2968591,1,GDE,DRM,DRM,GDE,Red,Orianna,3,6,1,True,Win
2968591,1,GDE,DRM,DRM,GDE,Red,Ambessa,4,7,2,True,Win
2968591,1,GDE,DRM,DRM,GDE,Red,Bard,5,9,2,True,Win
2968592,1,RSW,OTS,RSW,OTS,Blue,Ryze,1,1,1,False,Loss
2968592,1,RSW,OTS,RSW,OTS,Blue,Anivia,2,3,1,False,Loss
2968592,1,RSW,OTS,RSW,OTS,Blue,Bard,3,5,1,False,Loss
2968592,1,RSW,OTS,RSW,OTS,Blue,Jayce,4,8,2,False,Loss
2968592,1,RSW,OTS,RSW,OTS,Blue,Rumble,5,10,2,False,Loss
2968592,1,RSW,OTS,OTS,RSW,Red,Ashe,1,2,1,True,Win
2968592,1,RSW,OTS,OTS,RSW,Red,Naafiri,2,4,1,True,Win
2968592,1,RSW,OTS,OTS,RSW,Red,Aatrox,3,6,1,True,Win
2968592,1,RSW,OTS,OTS,RSW,Red,Shyvana,4,7,2,True,Win
2968592,1,RSW,OTS,OTS,RSW,Red,Wukong,5,9,2,True,Win
2968593,1,FCN,BBK,FCN,BBK,Blue,Shen,1,1,1,False,Loss
2968593,1,FCN,BBK,FCN,BBK,Blue,Orianna,2,3,1,False,Loss
2968593,1,FCN,BBK,FCN,BBK,Blue,Tristana,3,5,1,False,Loss
2968593,1,FCN,BBK,FCN,BBK,Blue,Volibear,4,8,2,False,Loss
2968593,1,FCN,BBK,FCN,BBK,Blue,Renekton,5,10,2,False,Loss
2968593,1,FCN,BBK,BBK,FCN,Red,Lee Sin,1,2,1,True,Win
2968593,1,FCN,BBK,BBK,FCN,Red,Ziggs,2,4,1,True,Win
2968593,1,FCN,BBK,BBK,FCN,Red,ID:805,3,6,1,True,Win
2968593,1,FCN,BBK,BBK,FCN,Red,Jayce,4,7,2,True,Win
2968593,1,FCN,BBK,BBK,FCN,Red,Fiora,5,9,2,True,Win
2968594,1,HYPE,GOB,HYPE,GOB,Blue,ID:805,1,1,1,True,Win
2968594,1,HYPE,GOB,HYPE,GOB,Blue,Nocturne,2,3,1,True,Win
2968594,1,HYPE,GOB,HYPE,GOB,Blue,Jarvan IV,3,5,1,True,Win
2968594,1,HYPE,GOB,HYPE,GOB,Blue,Sylas,4,8,2,True,Win
2968594,1,HYPE,GOB,HYPE,GOB,Blue,Akali,5,10,2,True,Win
2968594,1,HYPE,GOB,GOB,HYPE,Red,Lee Sin,1,2,1,False,Loss
2968594,1,HYPE,GOB,GOB,HYPE,Red,Syndra,2,4,1,False,Loss
2968594,1,HYPE,GOB,GOB,HYPE,Red,Ryze,3,6,1,False,Loss
2968594,1,HYPE,GOB,GOB,HYPE,Red,Braum,4,7,2,False,Loss
2968594,1,HYPE,GOB,GOB,HYPE,Red,Ahri,5,9,2,False,Loss
2968594,2,HYPE,GOB,HYPE,GOB,Blue,ID:805,1,1,1,False,Loss
2968594,2,HYPE,GOB,HYPE,GOB,Blue,Ezreal,2,3,1,False,Loss
2968594,2,HYPE,GOB,HYPE,GOB,Blue,Jarvan IV,3,5,1,False,Loss
2968594,2,HYPE,GOB,HYPE,GOB,Blue,Shen,4,8,2,False,Loss
2968594,2,HYPE,GOB,HYPE,GOB,Blue,Leona,5,10,2,False,Loss
2968594,2,HYPE,GOB,GOB,HYPE,Red,Lee Sin,1,2,1,True,Win
2968594,2,HYPE,GOB,GOB,HYPE,Red,Syndra,2,4,1,True,Win
2968594,2,HYPE,GOB,GOB,HYPE,Red,Orianna,3,6,1,True,Win
2968594,2,HYPE,GOB,GOB,HYPE,Red,Bard,4,7,2,True,Win
2968594,2,HYPE,GOB,GOB,HYPE,Red,Kai'Sa,5,9,2,True,Win
2968594,3,GOB,HYPE,GOB,HYPE,Blue,Lee Sin,1,1,1,False,Loss
2968594,3,GOB,HYPE,GOB,HYPE,Blue,Syndra,2,3,1,False,Loss
2968594,3,GOB,HYPE,GOB,HYPE,Blue,Orianna,3,5,1,False,Loss
2968594,3,GOB,HYPE,GOB,HYPE,Blue,Bard,4,8,2,False,Loss
2968594,3,GOB,HYPE,GOB,HYPE,Blue,Ahri,5,10,2,False,Loss
2968594,3,GOB,HYPE,HYPE,GOB,Red,ID:805,1,2,1,True,Win
2968594,3,GOB,HYPE,HYPE,GOB,Red,Ezreal,2,4,1,True,Win
2968594,3,GOB,HYPE,HYPE,GOB,Red,Nocturne,3,6,1,True,Win
2968594,3,GOB,HYPE,HYPE,GOB,Red,Sylas,4,7,2,True,Win
2968594,3,GOB,HYPE,HYPE,GOB,Red,Mel,5,9,2,True,Win
2968595,1,WD,NGE,WD,NGE,Blue,Orianna,1,1,1,True,Win
2968595,1,WD,NGE,WD,NGE,Blue,Bard,2,3,1,True,Win
2968595,1,WD,NGE,WD,NGE,Blue,ID:805,3,5,1,True,Win
2968595,1,WD,NGE,WD,NGE,Blue,Cassiopeia,4,8,2,True,Win
2968595,1,WD,NGE,WD,NGE,Blue,Renekton,5,10,2,True,Win
2968595,1,WD,NGE,NGE,WD,Red,Syndra,1,2,1,False,Loss
2968595,1,WD,NGE,NGE,WD,Red,Sylas,2,4,1,False,Loss
2968595,1,WD,NGE,NGE,WD,Red,Akali,3,6,1,False,Loss
2968595,1,WD,NGE,NGE,WD,Red,Galio,4,7,2,False,Loss
2968595,1,WD,NGE,NGE,WD,Red,Mel,5,9,2,False,Loss
2968595,2,WD,NGE,WD,NGE,Blue,ID:805,1,1,1,True,Win
2968595,2,WD,NGE,WD,NGE,Blue,Bard,2,3,1,True,Win
2968595,2,WD,NGE,WD,NGE,Blue,Orianna,3,5,1,True,Win
2968595,2,WD,NGE,WD,NGE,Blue,Darius,4,8,2,True,Win
2968595,2,WD,NGE,WD,NGE,Blue,Renekton,5,10,2,True,Win
2968595,2,WD,NGE,NGE,WD,Red,Syndra,1,2,1,False,Loss
2968595,2,WD,NGE,NGE,WD,Red,Jarvan IV,2,4,1,False,Loss
2968595,2,WD,NGE,NGE,WD,Red,Sylas,3,6,1,False,Loss
2968595,2,WD,NGE,NGE,WD,Red,Karma,4,7,2,False,Loss
2968595,2,WD,NGE,NGE,WD,Red,Leona,5,9,2,False,Loss
2968596,1,ZZG,EXS,ZZG,EXS,Blue,Udyr,1,1,1,False,Loss
2968596,1,ZZG,EXS,ZZG,EXS,Blue,Rek'Sai,2,3,1,False,Loss
2968596,1,ZZG,EXS,ZZG,EXS,Blue,Vi,3,5,1,False,Loss
2968596,1,ZZG,EXS,ZZG,EXS,Blue,Poppy,4,8,2,False,Loss
2968596,1,ZZG,EXS,ZZG,EXS,Blue,Nautilus,5,10,2,False,Loss
2968596,1,ZZG,EXS,EXS,ZZG,Red,Rumble,1,2,1,True,Win
2968596,1,ZZG,EXS,EXS,ZZG,Red,Jayce,2,4,1,True,Win
2968596,1,ZZG,EXS,EXS,ZZG,Red,Orianna,3,6,1,True,Win
2968596,1,ZZG,EXS,EXS,ZZG,Red,Jinx,4,7,2,True,Win
2968596,1,ZZG,EXS,EXS,ZZG,Red,Xayah,5,9,2,True,Win
2968596,2,EXS,ZZG,EXS,ZZG,Blue,Rumble,1,1,1,False,Loss
2968596,2,EXS,ZZG,EXS,ZZG,Blue,Jayce,2,3,1,False,Loss
2968596,2,EXS,ZZG,EXS,ZZG,Blue,Orianna,3,5,1,False,Loss
2968596,2,EXS,ZZG,EXS,ZZG,Blue,Gnar,4,8,2,False,Loss
2968596,2,EXS,ZZG,EXS,ZZG,Blue,Vayne,5,10,2,False,Loss
2968596,2,EXS,ZZG,ZZG,EXS,Red,Udyr,1,2,1,True,Win
2968596,2,EXS,ZZG,ZZG,EXS,Red,Rek'Sai,2,4,1,True,Win
2968596,2,EXS,ZZG,ZZG,EXS,Red,Varus,3,6,1,True,Win
2968596,2,EXS,ZZG,ZZG,EXS,Red,Ryze,4,7,2,True,Win
2968596,2,EXS,ZZG,ZZG,EXS,Red,Akali,5,9,2,True,Win
2968596,3,ZZG,EXS,ZZG,EXS,Blue,Udyr,1,1,1,True,Win
2968596,3,ZZG,EXS,ZZG,EXS,Blue,Rek'Sai,2,3,1,True,Win
2968596,3,ZZG,EXS,ZZG,EXS,Blue,Varus,3,5,1,True,Win
2968596,3,ZZG,EXS,ZZG,EXS,Blue,Pantheon,4,8,2,True,Win
2968596,3,ZZG,EXS,ZZG,EXS,Blue,Poppy,5,10,2,True,Win
2968596,3,ZZG,EXS,EXS,ZZG,Red,Rumble,1,2,1,False,Loss
2968596,3,ZZG,EXS,EXS,ZZG,Red,Orianna,2,4,1,False,Loss
2968596,3,ZZG,EXS,EXS,ZZG,Red,Sylas,3,6,1,False,Loss
2968596,3,ZZG,EXS,EXS,ZZG,Red,Sion,4,7,2,False,Loss
2968596,3,ZZG,EXS,EXS,ZZG,Red,Jayce,5,9,2,False,Loss
2968597,1,TTB,LHC,TTB,LHC,Blue,Qiyana,1,1,1,True,Win
2968597,1,TTB,LHC,TTB,LHC,Blue,Talon,2,3,1,True,Win
2968597,1,TTB,LHC,TTB,LHC,Blue,Anivia,3,5,1,True,Win
2968597,1,TTB,LHC,TTB,LHC,Blue,Volibear,4,8,2,True,Win
2968597,1,TTB,LHC,TTB,LHC,Blue,Mordekaiser,5,10,2,True,Win
2968597,1,TTB,LHC,LHC,TTB,Red,Poppy,1,2,1,False,Loss
2968597,1,TTB,LHC,LHC,TTB,Red,Rumble,2,4,1,False,Loss
2968597,1,TTB,LHC,LHC,TTB,Red,Akali,3,6,1,False,Loss
2968597,1,TTB,LHC,LHC,TTB,Red,Camille,4,7,2,False,Loss
2968597,1,TTB,LHC,LHC,TTB,Red,Nautilus,5,9,2,False,Loss
2968597,2,LHC,TTB,LHC,TTB,Blue,Poppy,1,1,1,True,Win
2968597,2,LHC,TTB,LHC,TTB,Blue,Rumble,2,3,1,True,Win
2968597,2,LHC,TTB,LHC,TTB,Blue,Akali,3,5,1,True,Win
2968597,2,LHC,TTB,LHC,TTB,Blue,Olaf,4,8,2,True,Win
2968597,2,LHC,TTB,LHC,TTB,Blue,Malphite,5,10,2,True,Win
2968597,2,LHC,TTB,TTB,LHC,Red,Qiyana,1,2,1,False,Loss
2968597,2,LHC,TTB,TTB,LHC,Red,Talon,2,4,1,False,Loss
2968597,2,LHC,TTB,TTB,LHC,Red,Anivia,3,6,1,False,Loss
2968597,2,LHC,TTB,TTB,LHC,Red,Leona,4,7,2,False,Loss
2968597,2,LHC,TTB,TTB,LHC,Red,Braum,5,9,2,False,Loss
2968597,3,TTB,LHC,TTB,LHC,Blue,Qiyana,1,1,1,True,Win
2968597,3,TTB,LHC,TTB,LHC,Blue,Anivia,2,3,1,True,Win
2968597,3,TTB,LHC,TTB,LHC,Blue,Talon,3,5,1,True,Win
2968597,3,TTB,LHC,TTB,LHC,Blue,Volibear,4,8,2,True,Win
2968597,3,TTB,LHC,TTB,LHC,Blue,Urgot,5,10,2,True,Win
2968597,3,TTB,LHC,LHC,TTB,Red,Poppy,1,2,1,False,Loss
2968597,3,TTB,LHC,LHC,TTB,Red,Rumble,2,4,1,False,Loss
2968597,3,TTB,LHC,LHC,TTB,Red,Akali,3,6,1,False,Loss
2968597,3,TTB,LHC,LHC,TTB,Red,Olaf,4,7,2,False,Loss
2968597,3,TTB,LHC,LHC,TTB,Red,Cassiopeia,5,9,2,False,Loss
2968598,1,CE,DRM,CE,DRM,Blue,Camille,1,1,1,True,Win
2968598,1,CE,DRM,CE,DRM,Blue,Syndra,2,3,1,True,Win
2968598,1,CE,DRM,CE,DRM,Blue,Jarvan IV,3,5,1,True,Win
2968598,1,CE,DRM,CE,DRM,Blue,Ezreal,4,8,2,True,Win
2968598,1,CE,DRM,CE,DRM,Blue,Caitlyn,5,10,2,True,Win
2968598,1,CE,DRM,DRM,CE,Red,Bard,1,2,1,False,Loss
2968598,1,CE,DRM,DRM,CE,Red,Jayce,2,4,1,False,Loss
2968598,1,CE,DRM,DRM,CE,Red,Orianna,3,6,1,False,Loss
2968598,1,CE,DRM,DRM,CE,Red,Mel,4,7,2,False,Loss
2968598,1,CE,DRM,DRM,CE,Red,Sylas,5,9,2,False,Loss
2968598,2,DRM,CE,DRM,CE,Blue,Jayce,1,1,1,True,Win
2968598,2,DRM,CE,DRM,CE,Blue,Bard,2,3,1,True,Win
2968598,2,DRM,CE,DRM,CE,Blue,Akali,3,5,1,True,Win
2968598,2,DRM,CE,DRM,CE,Blue,ID:805,4,8,2,True,Win
2968598,2,DRM,CE,DRM,CE,Blue,Galio,5,10,2,True,Win
2968598,2,DRM,CE,CE,DRM,Red,Camille,1,2,1,False,Loss
2968598,2,DRM,CE,CE,DRM,Red,Syndra,2,4,1,False,Loss
2968598,2,DRM,CE,CE,DRM,Red,Jarvan IV,3,6,1,False,Loss
2968598,2,DRM,CE,CE,DRM,Red,Nautilus,4,7,2,False,Loss
2968598,2,DRM,CE,CE,DRM,Red,Rell,5,9,2,False,Loss
2968598,3,CE,DRM,CE,DRM,Blue,Camille,1,1,1,False,Loss
2968598,3,CE,DRM,CE,DRM,Blue,Jarvan IV,2,3,1,False,Loss
2968598,3,CE,DRM,CE,DRM,Blue,Cassiopeia,3,5,1,False,Loss
2968598,3,CE,DRM,CE,DRM,Blue,K'Sante,4,8,2,False,Loss
2968598,3,CE,DRM,CE,DRM,Blue,Rumble,5,10,2,False,Loss
2968598,3,CE,DRM,DRM,CE,Red,Bard,1,2,1,True,Win
2968598,3,CE,DRM,DRM,CE,Red,Jayce,2,4,1,True,Win
2968598,3,CE,DRM,DRM,CE,Red,Syndra,3,6,1,True,Win
2968598,3,CE,DRM,DRM,CE,Red,Vayne,4,7,2,True,Win
2968598,3,CE,DRM,DRM,CE,Red,Anivia,5,9,2,True,Win
2968599,1,GOB,BBK,GOB,BBK,Blue,Shen,1,1,1,True,Win
2968599,1,GOB,BBK,GOB,BBK,Blue,Leona,2,3,1,True,Win
2968599,1,GOB,BBK,GOB,BBK,Blue,Orianna,3,5,1,True,Win
2968599,1,GOB,BBK,GOB,BBK,Blue,Rakan,4,8,2,True,Win
2968599,1,GOB,BBK,GOB,BBK,Blue,Rell,5,10,2,True,Win
2968599,1,GOB,BBK,BBK,GOB,Red,ID:805,1,2,1,False,Loss
2968599,1,GOB,BBK,BBK,GOB,Red,Ziggs,2,4,1,False,Loss
2968599,1,GOB,BBK,BBK,GOB,Red,Vi,3,6,1,False,Loss
2968599,1,GOB,BBK,BBK,GOB,Red,Alistar,4,7,2,False,Loss
2968599,1,GOB,BBK,BBK,GOB,Red,Corki,5,9,2,False,Loss
2968600,1,OTS,NGE,OTS,NGE,Blue,Nidalee,2,3,1,False,Loss
2968600,1,OTS,NGE,OTS,NGE,Blue,Olaf,3,5,1,False,Loss
2968600,1,OTS,NGE,NGE,OTS,Red,Camille,1,2,1,True,Win
2968600,1,OTS,NGE,NGE,OTS,Red,Orianna,2,4,1,True,Win
2968600,1,OTS,NGE,NGE,OTS,Red,Jayce,3,6,1,True,Win
2968600,1,OTS,NGE,NGE,OTS,Red,Ezreal,4,7,2,True,Win
2968600,1,OTS,NGE,NGE,OTS,Red,Corki,5,9,2,True,Win
2968600,2,NGE,OTS,NGE,OTS,Blue,Camille,1,1,1,False,Loss
2968600,2,NGE,OTS,NGE,OTS,Blue,Jarvan IV,2,3,1,False,Loss
2968600,2,NGE,OTS,NGE,OTS,Blue,Jayce,3,5,1,False,Loss
2968600,2,NGE,OTS,NGE,OTS,Blue,Sion,4,8,2,False,Loss
2968600,2,NGE,OTS,NGE,OTS,Blue,Jax,5,10,2,False,Loss
2968600,2,NGE,OTS,OTS,NGE,Red,Nidalee,1,2,1,True,Win
2968600,2,NGE,OTS,OTS,NGE,Red,Olaf,2,4,1,True,Win
2968600,2,NGE,OTS,OTS,NGE,Red,Darius,3,6,1,True,Win
2968600,2,NGE,OTS,OTS,NGE,Red,Kai'Sa,4,7,2,True,Win
2968600,2,NGE,OTS,OTS,NGE,Red,Jhin,5,9,2,True,Win
2968600,3,OTS,NGE,OTS,NGE,Blue,Nidalee,1,1,1,True,Win
2968600,3,OTS,NGE,OTS,NGE,Blue,Olaf,2,3,1,True,Win
2968600,3,OTS,NGE,OTS,NGE,Blue,Darius,3,5,1,True,Win
2968600,3,OTS,NGE,OTS,NGE,Blue,Vi,4,8,2,True,Win
2968600,3,OTS,NGE,OTS,NGE,Blue,Ahri,5,10,2,True,Win
2968600,3,OTS,NGE,NGE,OTS,Red,Camille,1,2,1,False,Loss
2968600,3,OTS,NGE,NGE,OTS,Red,Jayce,2,4,1,False,Loss
2968600,3,OTS,NGE,NGE,OTS,Red,Kai'Sa,3,6,1,False,Loss
2968600,3,OTS,NGE,NGE,OTS,Red,Mel,4,7,2,False,Loss
2968600,3,OTS,NGE,NGE,OTS,Red,Ryze,5,9,2,False,Loss
2968601,1,RSW,ZZG,RSW,ZZG,Blue,Viktor,1,1,1,False,Loss
2968601,1,RSW,ZZG,RSW,ZZG,Blue,Ryze,2,3,1,False,Loss
2968601,1,RSW,ZZG,RSW,ZZG,Blue,Ambessa,3,5,1,False,Loss
2968601,1,RSW,ZZG,RSW,ZZG,Blue,Kai'Sa,4,8,2,False,Loss
2968601,1,RSW,ZZG,RSW,ZZG,Blue,Tristana,5,10,2,False,Loss
2968601,1,RSW,ZZG,ZZG,RSW,Red,Lulu,1,2,1,True,Win
2968601,1,RSW,ZZG,ZZG,RSW,Red,Poppy,2,4,1,True,Win
2968601,1,RSW,ZZG,ZZG,RSW,Red,Ashe,3,6,1,True,Win
2968601,1,RSW,ZZG,ZZG,RSW,Red,Yunara,4,7,2,True,Win
2968601,1,RSW,ZZG,ZZG,RSW,Red,Lucian,5,9,2,True,Win
2968601,2,ZZG,RSW,ZZG,RSW,Blue,Vi,1,1,1,True,Win
2968601,2,ZZG,RSW,ZZG,RSW,Blue,Poppy,2,3,1,True,Win
2968601,2,ZZG,RSW,ZZG,RSW,Blue,Ashe,3,5,1,True,Win
2968601,2,ZZG,RSW,ZZG,RSW,Blue,Naafiri,4,8,2,True,Win
2968601,2,ZZG,RSW,ZZG,RSW,Blue,Shyvana,5,10,2,True,Win
2968601,2,ZZG,RSW,RSW,ZZG,Red,Viktor,1,2,1,False,Loss
2968601,2,ZZG,RSW,RSW,ZZG,Red,Ryze,2,4,1,False,Loss
2968601,2,ZZG,RSW,RSW,ZZG,Red,Ambessa,3,6,1,False,Loss
2968601,2,ZZG,RSW,RSW,ZZG,Red,Zaahen,4,7,2,False,Loss
2968601,2,ZZG,RSW,RSW,ZZG,Red,Xin Zhao,5,9,2,False,Loss
2968602,1,GDE,FCN,GDE,FCN,Blue,Camille,1,1,1,False,Loss
2968602,1,GDE,FCN,GDE,FCN,Blue,Ziggs,2,3,1,False,Loss
2968602,1,GDE,FCN,GDE,FCN,Blue,Akali,3,5,1,False,Loss
2968602,1,GDE,FCN,GDE,FCN,Blue,Ryze,4,8,2,False,Loss
2968602,1,GDE,FCN,GDE,FCN,Blue,Gnar,5,10,2,False,Loss
2968602,1,GDE,FCN,FCN,GDE,Red,Bard,1,2,1,True,Win
2968602,1,GDE,FCN,FCN,GDE,Red,K'Sante,2,4,1,True,Win
2968602,1,GDE,FCN,FCN,GDE,Red,Orianna,3,6,1,True,Win
2968602,1,GDE,FCN,FCN,GDE,Red,Alistar,4,7,2,True,Win
2968602,1,GDE,FCN,FCN,GDE,Red,Nautilus,5,9,2,True,Win
2968602,2,FCN,GDE,FCN,GDE,Blue,Bard,1,1,1,True,Win
2968602,2,FCN,GDE,FCN,GDE,Blue,K'Sante,2,3,1,True,Win
2968602,2,FCN,GDE,FCN,GDE,Blue,Orianna,3,5,1,True,Win
2968602,2,FCN,GDE,FCN,GDE,Blue,Lucian,4,8,2,True,Win
2968602,2,FCN,GDE,FCN,GDE,Blue,Sivir,5,10,2,True,Win
2968602,2,FCN,GDE,GDE,FCN,Red,Camille,1,2,1,False,Loss
2968602,2,FCN,GDE,GDE,FCN,Red,Ziggs,2,4,1,False,Loss
2968602,2,FCN,GDE,GDE,FCN,Red,Poppy,3,6,1,False,Loss
2968602,2,FCN,GDE,GDE,FCN,Red,Nautilus,4,7,2,False,Loss
2968602,2,FCN,GDE,GDE,FCN,Red,Zeri,5,9,2,False,Loss
2968603,1,WG,TTB,WG,TTB,Blue,Rumble,1,1,1,False,Loss
2968603,1,WG,TTB,WG,TTB,Blue,Neeko,2,3,1,False,Loss
2968603,1,WG,TTB,WG,TTB,Blue,Akali,3,5,1,False,Loss
2968603,1,WG,TTB,WG,TTB,Blue,Alistar,4,8,2,False,Loss
2968603,1,WG,TTB,WG,TTB,Blue,Poppy,5,10,2,False,Loss
2968603,1,WG,TTB,TTB,WG,Red,Irelia,1,2,1,True,Win
2968603,1,WG,TTB,TTB,WG,Red,Viktor,2,4,1,True,Win
2968603,1,WG,TTB,TTB,WG,Red,Wukong,3,6,1,True,Win
2968603,1,WG,TTB,TTB,WG,Red,Caitlyn,4,7,2,True,Win
2968603,1,WG,TTB,TTB,WG,Red,Rell,5,9,2,True,Win
2968603,2,TTB,WG,TTB,WG,Blue,Irelia,1,1,1,True,Win
2968603,2,TTB,WG,TTB,WG,Blue,Viktor,2,3,1,True,Win
2968603,2,TTB,WG,TTB,WG,Blue,Wukong,3,5,1,True,Win
2968603,2,TTB,WG,TTB,WG,Blue,Olaf,4,8,2,True,Win
2968603,2,TTB,WG,TTB,WG,Blue,Poppy,5,10,2,True,Win
2968603,2,TTB,WG,WG,TTB,Red,Rumble,1,2,1,False,Loss
2968603,2,TTB,WG,WG,TTB,Red,Neeko,2,4,1,False,Loss
2968603,2,TTB,WG,WG,TTB,Red,Jarvan IV,3,6,1,False,Loss
2968603,2,TTB,WG,WG,TTB,Red,Lulu,4,7,2,False,Loss
2968603,2,TTB,WG,WG,TTB,Red,Alistar,5,9,2,False,Loss
2968604,1,CE,BBK,CE,BBK,Blue,Shen,1,1,1,True,Win
2968604,1,CE,BBK,CE,BBK,Blue,Leona,2,3,1,True,Win
2968604,1,CE,BBK,CE,BBK,Blue,Syndra,3,5,1,True,Win
2968604,1,CE,BBK,CE,BBK,Blue,Ezreal,5,10,2,True,Win
2968604,1,CE,BBK,BBK,CE,Red,Jarvan IV,1,2,1,False,Loss
2968604,1,CE,BBK,BBK,CE,Red,Orianna,2,4,1,False,Loss
2968604,1,CE,BBK,BBK,CE,Red,Xin Zhao,3,6,1,False,Loss
2968604,1,CE,BBK,BBK,CE,Red,Nautilus,4,7,2,False,Loss
2968604,1,CE,BBK,BBK,CE,Red,Kai'Sa,5,9,2,False,Loss
2968604,2,BBK,CE,BBK,CE,Blue,Jarvan IV,1,1,1,True,Win
2968604,2,BBK,CE,BBK,CE,Blue,Xin Zhao,2,3,1,True,Win
2968604,2,BBK,CE,BBK,CE,Blue,Syndra,3,5,1,True,Win
2968604,2,BBK,CE,BBK,CE,Blue,Braum,4,8,2,True,Win
2968604,2,BBK,CE,BBK,CE,Blue,Gnar,5,10,2,True,Win
2968604,2,BBK,CE,CE,BBK,Red,Shen,1,2,1,False,Loss
2968604,2,BBK,CE,CE,BBK,Red,Orianna,2,4,1,False,Loss
2968604,2,BBK,CE,CE,BBK,Red,Leona,3,6,1,False,Loss
2968604,2,BBK,CE,CE,BBK,Red,Nautilus,5,9,2,False,Loss
2968604,3,BBK,CE,BBK,CE,Blue,Jarvan IV,1,1,1,True,Win
2968604,3,BBK,CE,BBK,CE,Blue,Xin Zhao,2,3,1,True,Win
2968604,3,BBK,CE,BBK,CE,Blue,Orianna,3,5,1,True,Win
2968604,3,BBK,CE,BBK,CE,Blue,Ezreal,4,8,2,True,Win
2968604,3,BBK,CE,BBK,CE,Blue,Hwei,5,10,2,True,Win
2968604,3,BBK,CE,CE,BBK,Red,Shen,1,2,1,False,Loss
2968604,3,BBK,CE,CE,BBK,Red,Leona,2,4,1,False,Loss
2968604,3,BBK,CE,CE,BBK,Red,Syndra,3,6,1,False,Loss
2968604,3,BBK,CE,CE,BBK,Red,Malphite,5,9,2,False,Loss
2968605,1,TTB,NGE,TTB,NGE,Blue,Nidalee,1,1,1,False,Loss
2968605,1,TTB,NGE,TTB,NGE,Blue,Viktor,2,3,1,False,Loss
2968605,1,TTB,NGE,TTB,NGE,Blue,Sylas,3,5,1,False,Loss
2968605,1,TTB,NGE,TTB,NGE,Blue,Olaf,4,8,2,False,Loss
2968605,1,TTB,NGE,TTB,NGE,Blue,Darius,5,10,2,False,Loss
2968605,1,TTB,NGE,NGE,TTB,Red,Nocturne,1,2,1,True,Win
2968605,1,TTB,NGE,NGE,TTB,Red,Neeko,2,4,1,True,Win
2968605,1,TTB,NGE,NGE,TTB,Red,Orianna,3,6,1,True,Win
2968605,1,TTB,NGE,NGE,TTB,Red,Poppy,4,7,2,True,Win
2968605,1,TTB,NGE,NGE,TTB,Red,Lulu,5,9,2,True,Win
2968605,2,NGE,TTB,NGE,TTB,Blue,Nocturne,1,1,1,False,Loss
2968605,2,NGE,TTB,NGE,TTB,Blue,Neeko,2,3,1,False,Loss
2968605,2,NGE,TTB,NGE,TTB,Blue,Jarvan IV,3,5,1,False,Loss
2968605,2,NGE,TTB,NGE,TTB,Blue,Aphelios,4,8,2,False,Loss
2968605,2,NGE,TTB,NGE,TTB,Blue,Rell,5,10,2,False,Loss
2968605,2,NGE,TTB,TTB,NGE,Red,Nidalee,1,2,1,True,Win
2968605,2,NGE,TTB,TTB,NGE,Red,Viktor,2,4,1,True,Win
2968605,2,NGE,TTB,TTB,NGE,Red,Orianna,3,6,1,True,Win
2968605,2,NGE,TTB,TTB,NGE,Red,Lulu,4,7,2,True,Win
2968605,2,NGE,TTB,TTB,NGE,Red,Yorick,5,9,2,True,Win
2968605,3,TTB,NGE,TTB,NGE,Blue,Nidalee,1,1,1,True,Win
2968605,3,TTB,NGE,TTB,NGE,Blue,Viktor,2,3,1,True,Win
2968605,3,TTB,NGE,TTB,NGE,Blue,ID:805,3,5,1,True,Win
2968605,3,TTB,NGE,TTB,NGE,Blue,Ezreal,4,8,2,True,Win
2968605,3,TTB,NGE,TTB,NGE,Blue,Sivir,5,10,2,True,Win
2968605,3,TTB,NGE,NGE,TTB,Red,Neeko,1,2,1,False,Loss
2968605,3,TTB,NGE,NGE,TTB,Red,Nocturne,2,4,1,False,Loss
2968605,3,TTB,NGE,NGE,TTB,Red,Jarvan IV,3,6,1,False,Loss
2968605,3,TTB,NGE,NGE,TTB,Red,Pyke,4,7,2,False,Loss
2968605,3,TTB,NGE,NGE,TTB,Red,Rell,5,9,2,False,Loss
2968606,1,FCN,ZZG,FCN,ZZG,Blue,Skarner,1,1,1,True,Win
2968606,1,FCN,ZZG,FCN,ZZG,Blue,Ambessa,2,3,1,True,Win
2968606,1,FCN,ZZG,FCN,ZZG,Blue,Aurora,3,5,1,True,Win
2968606,1,FCN,ZZG,FCN,ZZG,Blue,Akali,4,8,2,True,Win
2968606,1,FCN,ZZG,FCN,ZZG,Blue,Lucian,5,10,2,True,Win
2968606,1,FCN,ZZG,ZZG,FCN,Red,Vi,1,2,1,False,Loss
2968606,1,FCN,ZZG,ZZG,FCN,Red,Cassiopeia,2,4,1,False,Loss
2968606,1,FCN,ZZG,ZZG,FCN,Red,Orianna,3,6,1,False,Loss
2968606,1,FCN,ZZG,ZZG,FCN,Red,Bard,4,7,2,False,Loss
2968606,1,FCN,ZZG,ZZG,FCN,Red,Nautilus,5,9,2,False,Loss
2968606,2,FCN,ZZG,FCN,ZZG,Blue,Skarner,1,1,1,True,Win
2968606,2,FCN,ZZG,FCN,ZZG,Blue,Ambessa,2,3,1,True,Win
2968606,2,FCN,ZZG,FCN,ZZG,Blue,Cassiopeia,3,5,1,True,Win
2968606,2,FCN,ZZG,FCN,ZZG,Blue,Karma,4,8,2,True,Win
2968606,2,FCN,ZZG,FCN,ZZG,Blue,Lux,5,10,2,True,Win
2968606,2,FCN,ZZG,ZZG,FCN,Red,Vi,1,2,1,False,Loss
2968606,2,FCN,ZZG,ZZG,FCN,Red,Nautilus,2,4,1,False,Loss
2968606,2,FCN,ZZG,ZZG,FCN,Red,Ziggs,3,6,1,False,Loss
2968606,2,FCN,ZZG,ZZG,FCN,Red,Irelia,4,7,2,False,Loss
2968606,2,FCN,ZZG,ZZG,FCN,Red,Jhin,5,9,2,False,Loss
2968608,1,BBK,HYPE,BBK,HYPE,Blue,Jarvan IV,1,1,1,False,Loss
2968608,1,BBK,HYPE,BBK,HYPE,Blue,Syndra,2,3,1,False,Loss
2968608,1,BBK,HYPE,BBK,HYPE,Blue,Anivia,3,5,1,False,Loss
2968608,1,BBK,HYPE,BBK,HYPE,Blue,Nautilus,4,8,2,False,Loss
2968608,1,BBK,HYPE,BBK,HYPE,Blue,Bard,5,10,2,False,Loss
2968608,1,BBK,HYPE,HYPE,BBK,Red,Cassiopeia,1,2,1,True,Win
2968608,1,BBK,HYPE,HYPE,BBK,Red,Vi,2,4,1,True,Win
2968608,1,BBK,HYPE,HYPE,BBK,Red,Nocturne,3,6,1,True,Win
2968608,1,BBK,HYPE,HYPE,BBK,Red,Caitlyn,4,7,2,True,Win
2968608,1,BBK,HYPE,HYPE,BBK,Red,Ezreal,5,9,2,True,Win
2968608,2,BBK,HYPE,BBK,HYPE,Blue,Poppy,1,1,1,True,Win
2968608,2,BBK,HYPE,BBK,HYPE,Blue,Jarvan IV,2,3,1,True,Win
2968608,2,BBK,HYPE,BBK,HYPE,Blue,Ambessa,3,5,1,True,Win
2968608,2,BBK,HYPE,BBK,HYPE,Blue,Sivir,4,8,2,True,Win
2968608,2,BBK,HYPE,BBK,HYPE,Blue,Nautilus,5,10,2,True,Win
2968608,2,BBK,HYPE,HYPE,BBK,Red,Cassiopeia,1,2,1,False,Loss
2968608,2,BBK,HYPE,HYPE,BBK,Red,Vi,2,4,1,False,Loss
2968608,2,BBK,HYPE,HYPE,BBK,Red,Nocturne,3,6,1,False,Loss
2968608,2,BBK,HYPE,HYPE,BBK,Red,Ashe,4,7,2,False,Loss
2968608,2,BBK,HYPE,HYPE,BBK,Red,Yunara,5,9,2,False,Loss
2968608,3,BBK,HYPE,BBK,HYPE,Blue,Jarvan IV,1,1,1,True,Win
2968608,3,BBK,HYPE,BBK,HYPE,Blue,Ambessa,2,3,1,True,Win
2968608,3,BBK,HYPE,BBK,HYPE,Blue,Vi,3,5,1,True,Win
2968608,3,BBK,HYPE,BBK,HYPE,Blue,Olaf,4,8,2,True,Win
2968608,3,BBK,HYPE,BBK,HYPE,Blue,Renekton,5,10,2,True,Win
2968608,3,BBK,HYPE,HYPE,BBK,Red,Cassiopeia,1,2,1,False,Loss
2968608,3,BBK,HYPE,HYPE,BBK,Red,Nocturne,2,4,1,False,Loss
2968608,3,BBK,HYPE,HYPE,BBK,Red,Wukong,3,6,1,False,Loss
2968608,3,BBK,HYPE,HYPE,BBK,Red,Alistar,4,7,2,False,Loss
2968608,3,BBK,HYPE,HYPE,BBK,Red,Rell,5,9,2,False,Loss
2968608,4,BBK,HYPE,BBK,HYPE,Blue,Renekton,1,1,1,True,Win
2968608,4,BBK,HYPE,BBK,HYPE,Blue,Poppy,2,3,1,True,Win
2968608,4,BBK,HYPE,BBK,HYPE,Blue,Orianna,3,5,1,True,Win
2968608,4,BBK,HYPE,BBK,HYPE,Blue,Viktor,4,8,2,True,Win
2968608,4,BBK,HYPE,BBK,HYPE,Blue,Ahri,5,10,2,True,Win
2968608,4,BBK,HYPE,HYPE,BBK,Red,Cassiopeia,1,2,1,False,Loss
2968608,4,BBK,HYPE,HYPE,BBK,Red,Vi,2,4,1,False,Loss
2968608,4,BBK,HYPE,HYPE,BBK,Red,Jarvan IV,3,6,1,False,Loss
2968608,4,BBK,HYPE,HYPE,BBK,Red,Wukong,4,7,2,False,Loss
2968608,4,BBK,HYPE,HYPE,BBK,Red,Nocturne,5,9,2,False,Loss
2968610,1,WD,TTB,WD,TTB,Blue,Neeko,1,1,1,True,Win
2968610,1,WD,TTB,WD,TTB,Blue,Nocturne,2,3,1,True,Win
2968610,1,WD,TTB,WD,TTB,Blue,Yunara,3,5,1,True,Win
2968610,1,WD,TTB,WD,TTB,Blue,Akali,4,8,2,True,Win
2968610,1,WD,TTB,WD,TTB,Blue,Ahri,5,10,2,True,Win
2968610,1,WD,TTB,TTB,WD,Red,Syndra,1,2,1,False,Loss
2968610,1,WD,TTB,TTB,WD,Red,Sylas,2,4,1,False,Loss
2968610,1,WD,TTB,TTB,WD,Red,Ezreal,3,6,1,False,Loss
2968610,1,WD,TTB,TTB,WD,Red,Tristana,4,7,2,False,Loss
2968610,1,WD,TTB,TTB,WD,Red,Orianna,5,9,2,False,Loss
2968610,2,TTB,WD,TTB,WD,Blue,Syndra,1,1,1,False,Loss
2968610,2,TTB,WD,TTB,WD,Blue,Sylas,2,3,1,False,Loss
2968610,2,TTB,WD,TTB,WD,Blue,Ezreal,3,5,1,False,Loss
2968610,2,TTB,WD,TTB,WD,Blue,Milio,4,8,2,False,Loss
2968610,2,TTB,WD,TTB,WD,Blue,Caitlyn,5,10,2,False,Loss
2968610,2,TTB,WD,WD,TTB,Red,Neeko,1,2,1,True,Win
2968610,2,TTB,WD,WD,TTB,Red,Nocturne,2,4,1,True,Win
2968610,2,TTB,WD,WD,TTB,Red,Akali,3,6,1,True,Win
2968610,2,TTB,WD,WD,TTB,Red,Poppy,4,7,2,True,Win
2968610,2,TTB,WD,WD,TTB,Red,Renekton,5,9,2,True,Win
2968610,3,WD,TTB,WD,TTB,Blue,Neeko,1,1,1,True,Win
2968610,3,WD,TTB,WD,TTB,Blue,Akali,2,3,1,True,Win
2968610,3,WD,TTB,WD,TTB,Blue,Jarvan IV,3,5,1,True,Win
2968610,3,WD,TTB,WD,TTB,Blue,ID:805,4,8,2,True,Win
2968610,3,WD,TTB,WD,TTB,Blue,LeBlanc,5,10,2,True,Win
2968610,3,WD,TTB,TTB,WD,Red,Syndra,1,2,1,False,Loss
2968610,3,WD,TTB,TTB,WD,Red,Sylas,2,4,1,False,Loss
2968610,3,WD,TTB,TTB,WD,Red,Nocturne,3,6,1,False,Loss
2968610,3,WD,TTB,TTB,WD,Red,Ryze,4,7,2,False,Loss
2968610,3,WD,TTB,TTB,WD,Red,Orianna,5,9,2,False,Loss
2968611,1,GOB,DRM,GOB,DRM,Blue,LeBlanc,1,1,1,True,Win
2968611,1,GOB,DRM,GOB,DRM,Blue,Jarvan IV,2,3,1,True,Win
2968611,1,GOB,DRM,GOB,DRM,Blue,Akali,3,5,1,True,Win
2968611,1,GOB,DRM,GOB,DRM,Blue,Rakan,4,8,2,True,Win
2968611,1,GOB,DRM,GOB,DRM,Blue,Bard,5,10,2,True,Win
2968611,1,GOB,DRM,DRM,GOB,Red,Vi,1,2,1,False,Loss
2968611,1,GOB,DRM,DRM,GOB,Red,Cassiopeia,2,4,1,False,Loss
2968611,1,GOB,DRM,DRM,GOB,Red,Nocturne,3,6,1,False,Loss
2968611,1,GOB,DRM,DRM,GOB,Red,Leona,4,7,2,False,Loss
2968611,1,GOB,DRM,DRM,GOB,Red,Rell,5,9,2,False,Loss
2968611,2,GOB,DRM,GOB,DRM,Blue,LeBlanc,1,1,1,True,Win
2968611,2,GOB,DRM,GOB,DRM,Blue,Akali,2,3,1,True,Win
2968611,2,GOB,DRM,GOB,DRM,Blue,Jarvan IV,3,5,1,True,Win
2968611,2,GOB,DRM,GOB,DRM,Blue,Rell,4,8,2,True,Win
2968611,2,GOB,DRM,GOB,DRM,Blue,Leona,5,10,2,True,Win
2968611,2,GOB,DRM,DRM,GOB,Red,Vi,1,2,1,False,Loss
2968611,2,GOB,DRM,DRM,GOB,Red,Cassiopeia,2,4,1,False,Loss
2968611,2,GOB,DRM,DRM,GOB,Red,Nocturne,3,6,1,False,Loss
2968611,2,GOB,DRM,DRM,GOB,Red,Lucian,4,7,2,False,Loss
2968611,2,GOB,DRM,DRM,GOB,Red,Ashe,5,9,2,False,Loss
2968611,3,DRM,GOB,DRM,GOB,Blue,Vi,1,1,1,True,Win
2968611,3,DRM,GOB,DRM,GOB,Blue,Cassiopeia,2,3,1,True,Win
2968611,3,DRM,GOB,DRM,GOB,Blue,ID:805,3,5,1,True,Win
2968611,3,DRM,GOB,DRM,GOB,Blue,Ziggs,4,8,2,True,Win
2968611,3,DRM,GOB,DRM,GOB,Blue,Rakan,5,10,2,True,Win
2968611,3,DRM,GOB,GOB,DRM,Red,LeBlanc,1,2,1,False,Loss
2968611,3,DRM,GOB,GOB,DRM,Red,Jarvan IV,2,4,1,False,Loss
2968611,3,DRM,GOB,GOB,DRM,Red,Akali,3,6,1,False,Loss
2968611,3,DRM,GOB,GOB,DRM,Red,Ryze,4,7,2,False,Loss
2968611,3,DRM,GOB,GOB,DRM,Red,Annie,5,9,2,False,Loss
2968611,4,DRM,GOB,DRM,GOB,Blue,Vi,1,1,1,False,Loss
2968611,4,DRM,GOB,DRM,GOB,Blue,ID:805,2,3,1,False,Loss
2968611,4,DRM,GOB,DRM,GOB,Blue,Cassiopeia,3,5,1,False,Loss
2968611,4,DRM,GOB,DRM,GOB,Blue,Sylas,4,8,2,False,Loss
2968611,4,DRM,GOB,DRM,GOB,Blue,Mordekaiser,5,10,2,False,Loss
2968611,4,DRM,GOB,GOB,DRM,Red,LeBlanc,1,2,1,True,Win
2968611,4,DRM,GOB,GOB,DRM,Red,Akali,2,4,1,True,Win
2968611,4,DRM,GOB,GOB,DRM,Red,Jarvan IV,3,6,1,True,Win
2968611,4,DRM,GOB,GOB,DRM,Red,Galio,4,7,2,True,Win
2968611,4,DRM,GOB,GOB,DRM,Red,Ryze,5,9,2,True,Win
2968612,1,OTS,BBK,OTS,BBK,Blue,Vi,1,1,1,False,Loss
2968612,1,OTS,BBK,OTS,BBK,Blue,Hwei,2,3,1,False,Loss
2968612,1,OTS,BBK,OTS,BBK,Blue,Syndra,3,5,1,False,Loss
2968612,1,OTS,BBK,OTS,BBK,Blue,Ornn,4,8,2,False,Loss
2968612,1,OTS,BBK,OTS,BBK,Blue,Bard,5,10,2,False,Loss
2968612,1,OTS,BBK,BBK,OTS,Red,Nocturne,1,2,1,True,Win
2968612,1,OTS,BBK,BBK,OTS,Red,Orianna,2,4,1,True,Win
2968612,1,OTS,BBK,BBK,OTS,Red,Cassiopeia,3,6,1,True,Win
2968612,1,OTS,BBK,BBK,OTS,Red,Kai'Sa,4,7,2,True,Win
2968612,1,OTS,BBK,BBK,OTS,Red,Yunara,5,9,2,True,Win
2968612,2,BBK,OTS,BBK,OTS,Blue,Orianna,1,1,1,False,Loss
2968612,2,BBK,OTS,BBK,OTS,Blue,Lee Sin,2,3,1,False,Loss
2968612,2,BBK,OTS,BBK,OTS,Blue,Bard,3,5,1,False,Loss
2968612,2,BBK,OTS,BBK,OTS,Blue,Gnar,4,8,2,False,Loss
2968612,2,BBK,OTS,BBK,OTS,Blue,K'Sante,5,10,2,False,Loss
2968612,2,BBK,OTS,OTS,BBK,Red,Vi,1,2,1,True,Win
2968612,2,BBK,OTS,OTS,BBK,Red,Cassiopeia,2,4,1,True,Win
2968612,2,BBK,OTS,OTS,BBK,Red,Syndra,3,6,1,True,Win
2968612,2,BBK,OTS,OTS,BBK,Red,Sylas,4,7,2,True,Win
2968612,2,BBK,OTS,OTS,BBK,Red,Lillia,5,9,2,True,Win
2968612,3,OTS,BBK,OTS,BBK,Blue,Vi,1,1,1,True,Win
2968612,3,OTS,BBK,OTS,BBK,Blue,Nocturne,2,3,1,True,Win
2968612,3,OTS,BBK,OTS,BBK,Blue,Hwei,3,5,1,True,Win
2968612,3,OTS,BBK,OTS,BBK,Blue,Sion,4,8,2,True,Win
2968612,3,OTS,BBK,OTS,BBK,Blue,Shen,5,10,2,True,Win
2968612,3,OTS,BBK,BBK,OTS,Red,Orianna,1,2,1,False,Loss
2968612,3,OTS,BBK,BBK,OTS,Red,Cassiopeia,2,4,1,False,Loss
2968612,3,OTS,BBK,BBK,OTS,Red,Syndra,3,6,1,False,Loss
2968612,3,OTS,BBK,BBK,OTS,Red,Tristana,4,7,2,False,Loss
2968612,3,OTS,BBK,BBK,OTS,Red,LeBlanc,5,9,2,False,Loss
2968612,4,OTS,BBK,OTS,BBK,Blue,Vi,1,1,1,True,Win
2968612,4,OTS,BBK,OTS,BBK,Blue,Nocturne,2,3,1,True,Win
2968612,4,OTS,BBK,OTS,BBK,Blue,Hwei,3,5,1,True,Win
2968612,4,OTS,BBK,OTS,BBK,Blue,Ambessa,4,8,2,True,Win
2968612,4,OTS,BBK,OTS,BBK,Blue,Wukong,5,10,2,True,Win
2968612,4,OTS,BBK,BBK,OTS,Red,Bard,1,2,1,False,Loss
2968612,4,OTS,BBK,BBK,OTS,Red,Yunara,2,4,1,False,Loss
2968612,4,OTS,BBK,BBK,OTS,Red,Lucian,3,6,1,False,Loss
2968612,4,OTS,BBK,BBK,OTS,Red,Viego,4,7,2,False,Loss
2968612,4,OTS,BBK,BBK,OTS,Red,Qiyana,5,9,2,False,Loss
2968613,1,WD,GOB,WD,GOB,Blue,Yunara,1,1,1,True,Win
2968613,1,WD,GOB,WD,GOB,Blue,Cassiopeia,2,3,1,True,Win
2968613,1,WD,GOB,WD,GOB,Blue,Vi,3,5,1,True,Win
2968613,1,WD,GOB,WD,GOB,Blue,Gnar,4,8,2,True,Win
2968613,1,WD,GOB,WD,GOB,Blue,Ornn,5,10,2,True,Win
2968613,1,WD,GOB,GOB,WD,Red,Syndra,1,2,1,False,Loss
2968613,1,WD,GOB,GOB,WD,Red,Orianna,2,4,1,False,Loss
2968613,1,WD,GOB,GOB,WD,Red,Lee Sin,3,6,1,False,Loss
2968613,1,WD,GOB,GOB,WD,Red,Ambessa,4,7,2,False,Loss
2968613,1,WD,GOB,GOB,WD,Red,Akali,5,9,2,False,Loss
2968613,2,WD,GOB,WD,GOB,Blue,Yunara,1,1,1,True,Win
2968613,2,WD,GOB,WD,GOB,Blue,Trundle,2,3,1,True,Win
2968613,2,WD,GOB,WD,GOB,Blue,Cassiopeia,3,5,1,True,Win
2968613,2,WD,GOB,WD,GOB,Blue,Sivir,4,8,2,True,Win
2968613,2,WD,GOB,WD,GOB,Blue,Xayah,5,10,2,True,Win
2968613,2,WD,GOB,GOB,WD,Red,Syndra,1,2,1,False,Loss
2968613,2,WD,GOB,GOB,WD,Red,Orianna,2,4,1,False,Loss
2968613,2,WD,GOB,GOB,WD,Red,Olaf,3,6,1,False,Loss
2968613,2,WD,GOB,GOB,WD,Red,Kai'Sa,4,7,2,False,Loss
2968613,2,WD,GOB,GOB,WD,Red,Seraphine,5,9,2,False,Loss
2968613,3,WD,GOB,WD,GOB,Blue,Yunara,1,1,1,True,Win
2968613,3,WD,GOB,WD,GOB,Blue,Vi,2,3,1,True,Win
2968613,3,WD,GOB,WD,GOB,Blue,Cassiopeia,3,5,1,True,Win
2968613,3,WD,GOB,WD,GOB,Blue,Nautilus,4,8,2,True,Win
2968613,3,WD,GOB,WD,GOB,Blue,Leona,5,10,2,True,Win
2968613,3,WD,GOB,GOB,WD,Red,Syndra,1,2,1,False,Loss
2968613,3,WD,GOB,GOB,WD,Red,Orianna,2,4,1,False,Loss
2968613,3,WD,GOB,GOB,WD,Red,Jarvan IV,3,6,1,False,Loss
2968613,3,WD,GOB,GOB,WD,Red,Olaf,4,7,2,False,Loss
2968613,3,WD,GOB,GOB,WD,Red,Wukong,5,9,2,False,Loss
2968614,1,WD,OTS,WD,OTS,Blue,Cassiopeia,1,1,1,True,Win
2968614,1,WD,OTS,WD,OTS,Blue,Ryze,2,3,1,True,Win
2968614,1,WD,OTS,WD,OTS,Blue,Rumble,3,5,1,True,Win
2968614,1,WD,OTS,WD,OTS,Blue,Skarner,4,8,2,True,Win
2968614,1,WD,OTS,WD,OTS,Blue,Gnar,5,10,2,True,Win
2968614,1,WD,OTS,OTS,WD,Red,Nocturne,1,2,1,False,Loss
2968614,1,WD,OTS,OTS,WD,Red,Syndra,2,4,1,False,Loss
2968614,1,WD,OTS,OTS,WD,Red,Xin Zhao,3,6,1,False,Loss
2968614,1,WD,OTS,OTS,WD,Red,Hwei,4,7,2,False,Loss
2968614,1,WD,OTS,OTS,WD,Red,Orianna,5,9,2,False,Loss
2968614,2,OTS,WD,OTS,WD,Blue,Nocturne,1,1,1,False,Loss
2968614,2,OTS,WD,OTS,WD,Blue,Hwei,2,3,1,False,Loss
2968614,2,OTS,WD,OTS,WD,Blue,Xin Zhao,3,5,1,False,Loss
2968614,2,OTS,WD,OTS,WD,Blue,Galio,4,8,2,False,Loss
2968614,2,OTS,WD,OTS,WD,Blue,Sion,5,10,2,False,Loss
2968614,2,OTS,WD,WD,OTS,Red,Ryze,1,2,1,True,Win
2968614,2,OTS,WD,WD,OTS,Red,Rumble,2,4,1,True,Win
2968614,2,OTS,WD,WD,OTS,Red,Kai'Sa,3,6,1,True,Win
2968614,2,OTS,WD,WD,OTS,Red,Lee Sin,4,7,2,True,Win
2968614,2,OTS,WD,WD,OTS,Red,Naafiri,5,9,2,True,Win
2968614,3,OTS,WD,OTS,WD,Blue,Nocturne,1,1,1,False,Loss
2968614,3,OTS,WD,OTS,WD,Blue,Xin Zhao,2,3,1,False,Loss
2968614,3,OTS,WD,OTS,WD,Blue,Hwei,3,5,1,False,Loss
2968614,3,OTS,WD,OTS,WD,Blue,Aurora,4,8,2,False,Loss
2968614,3,OTS,WD,OTS,WD,Blue,LeBlanc,5,10,2,False,Loss
2968614,3,OTS,WD,WD,OTS,Red,Ryze,1,2,1,True,Win
2968614,3,OTS,WD,WD,OTS,Red,Cassiopeia,2,4,1,True,Win
2968614,3,OTS,WD,WD,OTS,Red,Rumble,3,6,1,True,Win
2968614,3,OTS,WD,WD,OTS,Red,Skarner,4,7,2,True,Win
2968614,3,OTS,WD,WD,OTS,Red,Qiyana,5,9,2,True,Win
2972331,1,MKF,BAR,MKF,BAR,Blue,Poppy,1,1,1,True,Win
2972331,1,MKF,BAR,MKF,BAR,Blue,Lee Sin,2,3,1,True,Win
2972331,1,MKF,BAR,MKF,BAR,Blue,Shen,3,5,1,True,Win
2972331,1,MKF,BAR,MKF,BAR,Blue,Syndra,4,8,2,True,Win
2972331,1,MKF,BAR,MKF,BAR,Blue,Renekton,5,10,2,True,Win
2972331,1,MKF,BAR,BAR,MKF,Red,Orianna,1,2,1,False,Loss
2972331,1,MKF,BAR,BAR,MKF,Red,Jarvan IV,2,4,1,False,Loss
2972331,1,MKF,BAR,BAR,MKF,Red,Ezreal,3,6,1,False,Loss
2972331,1,MKF,BAR,BAR,MKF,Red,Jayce,4,7,2,False,Loss
2972331,1,MKF,BAR,BAR,MKF,Red,Vayne,5,9,2,False,Loss
2972331,2,MKF,BAR,MKF,BAR,Blue,Lux,1,1,1,True,Win
2972331,2,MKF,BAR,MKF,BAR,Blue,Lucian,2,3,1,True,Win
2972331,2,MKF,BAR,MKF,BAR,Blue,Mel,3,5,1,True,Win
2972331,2,MKF,BAR,MKF,BAR,Blue,Syndra,5,10,2,True,Win
2972331,2,MKF,BAR,BAR,MKF,Red,Poppy,1,2,1,False,Loss
2972331,2,MKF,BAR,BAR,MKF,Red,Ezreal,2,4,1,False,Loss
2972331,2,MKF,BAR,BAR,MKF,Red,Orianna,3,6,1,False,Loss
2972331,2,MKF,BAR,BAR,MKF,Red,Jayce,4,7,2,False,Loss
2972331,2,MKF,BAR,BAR,MKF,Red,Annie,5,9,2,False,Loss
2999024,1,BBK,GOB,BBK,GOB,Blue,Cassiopeia,1,1,1,False,Loss
2999024,1,BBK,GOB,BBK,GOB,Blue,Yunara,2,3,1,False,Loss
2999024,1,BBK,GOB,BBK,GOB,Blue,Orianna,3,5,1,False,Loss
2999024,1,BBK,GOB,BBK,GOB,Blue,Gnar,4,8,2,False,Loss
2999024,1,BBK,GOB,BBK,GOB,Blue,Jayce,5,10,2,False,Loss
2999024,1,BBK,GOB,GOB,BBK,Red,Syndra,1,2,1,True,Win
2999024,1,BBK,GOB,GOB,BBK,Red,Viktor,2,4,1,True,Win
2999024,1,BBK,GOB,GOB,BBK,Red,Nocturne,3,6,1,True,Win
2999024,1,BBK,GOB,GOB,BBK,Red,Rell,4,7,2,True,Win
2999024,1,BBK,GOB,GOB,BBK,Red,Leona,5,9,2,True,Win
2999024,2,GOB,BBK,GOB,BBK,Blue,Syndra,1,1,1,False,Loss
2999024,2,GOB,BBK,GOB,BBK,Blue,Viktor,2,3,1,False,Loss
2999024,2,GOB,BBK,GOB,BBK,Blue,Orianna,3,5,1,False,Loss
2999024,2,GOB,BBK,GOB,BBK,Blue,Skarner,4,8,2,False,Loss
2999024,2,GOB,BBK,GOB,BBK,Blue,Sejuani,5,10,2,False,Loss
2999024,2,GOB,BBK,BBK,GOB,Red,Cassiopeia,1,2,1,True,Win
2999024,2,GOB,BBK,BBK,GOB,Red,Jarvan IV,2,4,1,True,Win
2999024,2,GOB,BBK,BBK,GOB,Red,Kha'Zix,3,6,1,True,Win
2999024,2,GOB,BBK,BBK,GOB,Red,Olaf,4,7,2,True,Win
2999024,2,GOB,BBK,BBK,GOB,Red,Renekton,5,9,2,True,Win
2999024,3,BBK,GOB,BBK,GOB,Blue,Jarvan IV,1,1,1,False,Loss
2999024,3,BBK,GOB,BBK,GOB,Blue,Gnar,2,3,1,False,Loss
2999024,3,BBK,GOB,BBK,GOB,Blue,Olaf,3,5,1,False,Loss
2999024,3,BBK,GOB,BBK,GOB,Blue,Xayah,4,8,2,False,Loss
2999024,3,BBK,GOB,BBK,GOB,Blue,K'Sante,5,10,2,False,Loss
2999024,3,BBK,GOB,GOB,BBK,Red,Syndra,1,2,1,True,Win
2999024,3,BBK,GOB,GOB,BBK,Red,Orianna,2,4,1,True,Win
2999024,3,BBK,GOB,GOB,BBK,Red,Viktor,3,6,1,True,Win
2999024,3,BBK,GOB,GOB,BBK,Red,Caitlyn,4,7,2,True,Win
2999024,3,BBK,GOB,GOB,BBK,Red,Jhin,5,9,2,True,Win
2999024,4,GOB,BBK,GOB,BBK,Blue,Syndra,1,1,1,False,Loss
2999024,4,GOB,BBK,GOB,BBK,Blue,Orianna,2,3,1,False,Loss
2999024,4,GOB,BBK,GOB,BBK,Blue,Skarner,3,5,1,False,Loss
2999024,4,GOB,BBK,GOB,BBK,Blue,Hwei,4,8,2,False,Loss
2999024,4,GOB,BBK,GOB,BBK,Blue,Taliyah,5,10,2,False,Loss
2999024,4,GOB,BBK,BBK,GOB,Red,Jarvan IV,1,2,1,True,Win
2999024,4,GOB,BBK,BBK,GOB,Red,Gnar,2,4,1,True,Win
2999024,4,GOB,BBK,BBK,GOB,Red,Nidalee,3,6,1,True,Win
2999024,4,GOB,BBK,BBK,GOB,Red,Xayah,4,7,2,True,Win
2999024,4,GOB,BBK,BBK,GOB,Red,Jhin,5,9,2,True,Win
2999024,5,BBK,GOB,BBK,GOB,Blue,Jarvan IV,1,1,1,True,Win
2999024,5,BBK,GOB,BBK,GOB,Blue,Nidalee,2,3,1,True,Win
2999024,5,BBK,GOB,BBK,GOB,Blue,Viego,3,5,1,True,Win
2999024,5,BBK,GOB,BBK,GOB,Blue,Gnar,4,8,2,True,Win
2999024,5,BBK,GOB,BBK,GOB,Blue,Olaf,5,10,2,True,Win
2999024,5,BBK,GOB,GOB,BBK,Red,Syndra,1,2,1,False,Loss
2999024,5,BBK,GOB,GOB,BBK,Red,Orianna,2,4,1,False,Loss
2999024,5,BBK,GOB,GOB,BBK,Red,Skarner,3,6,1,False,Loss
2999024,5,BBK,GOB,GOB,BBK,Red,Shen,4,7,2,False,Loss
2999024,5,BBK,GOB,GOB,BBK,Red,Hwei,5,9,2,False,Loss
3001775,1,FCN,OTS,FCN,OTS,Blue,Pantheon,1,1,1,True,Win
3001775,1,FCN,OTS,FCN,OTS,Blue,Lucian,2,3,1,True,Win
3001775,1,FCN,OTS,FCN,OTS,Blue,Orianna,3,5,1,True,Win
3001775,1,FCN,OTS,FCN,OTS,Blue,Ezreal,4,8,2,True,Win
3001775,1,FCN,OTS,FCN,OTS,Blue,Seraphine,5,10,2,True,Win
3001775,1,FCN,OTS,OTS,FCN,Red,Vi,1,2,1,False,Loss
3001775,1,FCN,OTS,OTS,FCN,Red,Jarvan IV,2,4,1,False,Loss
3001775,1,FCN,OTS,OTS,FCN,Red,Bard,3,6,1,False,Loss
3001775,1,FCN,OTS,OTS,FCN,Red,Rell,4,7,2,False,Loss
3001775,1,FCN,OTS,OTS,FCN,Red,Alistar,5,9,2,False,Loss
3001775,2,FCN,OTS,FCN,OTS,Blue,Pantheon,1,1,1,False,Loss
3001775,2,FCN,OTS,FCN,OTS,Blue,Lucian,2,3,1,False,Loss
3001775,2,FCN,OTS,FCN,OTS,Blue,Orianna,3,5,1,False,Loss
3001775,2,FCN,OTS,FCN,OTS,Blue,Rakan,4,8,2,False,Loss
3001775,2,FCN,OTS,FCN,OTS,Blue,Jayce,5,10,2,False,Loss
3001775,2,FCN,OTS,OTS,FCN,Red,Jarvan IV,1,2,1,True,Win
3001775,2,FCN,OTS,OTS,FCN,Red,Bard,2,4,1,True,Win
3001775,2,FCN,OTS,OTS,FCN,Red,Hwei,3,6,1,True,Win
3001775,2,FCN,OTS,OTS,FCN,Red,Leona,4,7,2,True,Win
3001775,2,FCN,OTS,OTS,FCN,Red,Neeko,5,9,2,True,Win
3001775,3,OTS,FCN,OTS,FCN,Blue,Ziggs,1,1,1,True,Win
3001775,3,OTS,FCN,OTS,FCN,Blue,Jarvan IV,2,3,1,True,Win
3001775,3,OTS,FCN,OTS,FCN,Blue,Hwei,3,5,1,True,Win
3001775,3,OTS,FCN,OTS,FCN,Blue,Xin Zhao,4,8,2,True,Win
3001775,3,OTS,FCN,OTS,FCN,Blue,Wukong,5,10,2,True,Win
3001775,3,OTS,FCN,FCN,OTS,Red,Pantheon,1,2,1,False,Loss
3001775,3,OTS,FCN,FCN,OTS,Red,Orianna,2,4,1,False,Loss
3001775,3,OTS,FCN,FCN,OTS,Red,Lucian,3,6,1,False,Loss
3001775,3,OTS,FCN,FCN,OTS,Red,Viktor,4,7,2,False,Loss
3001775,3,OTS,FCN,FCN,OTS,Red,Qiyana,5,9,2,False,Loss
3001775,4,OTS,FCN,OTS,FCN,Blue,Ziggs,1,1,1,True,Win
3001775,4,OTS,FCN,OTS,FCN,Blue,Jarvan IV,2,3,1,True,Win
3001775,4,OTS,FCN,OTS,FCN,Blue,Hwei,3,5,1,True,Win
3001775,4,OTS,FCN,OTS,FCN,Blue,Lulu,4,8,2,True,Win
3001775,4,OTS,FCN,OTS,FCN,Blue,Seraphine,5,10,2,True,Win
3001775,4,OTS,FCN,FCN,OTS,Red,Pantheon,1,2,1,False,Loss
3001775,4,OTS,FCN,FCN,OTS,Red,Lucian,2,4,1,False,Loss
3001775,4,OTS,FCN,FCN,OTS,Red,Orianna,3,6,1,False,Loss
3001775,4,OTS,FCN,FCN,OTS,Red,Blitzcrank,4,7,2,False,Loss
3001775,4,OTS,FCN,FCN,OTS,Red,Leona,5,9,2,False,Loss
3008225,1,CG,SC,CG,SC,Blue,Draven,1,1,1,False,Loss
3008225,1,CG,SC,CG,SC,Blue,Viktor,2,3,1,False,Loss
3008225,1,CG,SC,CG,SC,Blue,Jarvan IV,3,5,1,False,Loss
3008225,1,CG,SC,CG,SC,Blue,Skarner,4,8,2,False,Loss
3008225,1,CG,SC,CG,SC,Blue,Xin Zhao,5,10,2,False,Loss
3008225,1,CG,SC,SC,CG,Red,Nocturne,1,2,1,True,Win
3008225,1,CG,SC,SC,CG,Red,Qiyana,2,4,1,True,Win
3008225,1,CG,SC,SC,CG,Red,Akali,3,6,1,True,Win
3008225,1,CG,SC,SC,CG,Red,Gnar,4,7,2,True,Win
3008225,1,CG,SC,SC,CG,Red,Naafiri,5,9,2,True,Win
3008226,1,VLR,LDS,VLR,LDS,Blue,Lulu,1,1,1,True,Win
3008226,1,VLR,LDS,VLR,LDS,Blue,Cassiopeia,2,3,1,True,Win
3008226,1,VLR,LDS,VLR,LDS,Blue,Orianna,3,5,1,True,Win
3008226,1,VLR,LDS,VLR,LDS,Blue,Qiyana,4,8,2,True,Win
3008226,1,VLR,LDS,VLR,LDS,Blue,Lee Sin,5,10,2,True,Win
3008226,1,VLR,LDS,LDS,VLR,Red,Jayce,1,2,1,False,Loss
3008226,1,VLR,LDS,LDS,VLR,Red,Nocturne,2,4,1,False,Loss
3008226,1,VLR,LDS,LDS,VLR,Red,Jarvan IV,3,6,1,False,Loss
3008226,1,VLR,LDS,LDS,VLR,Red,Skarner,4,7,2,False,Loss
3008226,1,VLR,LDS,LDS,VLR,Red,Vi,5,9,2,False,Loss
3008227,1,BIG,FEC,BIG,FEC,Blue,Vi,1,1,1,True,Win
3008227,1,BIG,FEC,BIG,FEC,Blue,Jarvan IV,2,3,1,True,Win
3008227,1,BIG,FEC,BIG,FEC,Blue,Karma,3,5,1,True,Win
3008227,1,BIG,FEC,BIG,FEC,Blue,Akali,4,8,2,True,Win
3008227,1,BIG,FEC,BIG,FEC,Blue,Ryze,5,10,2,True,Win
3008227,1,BIG,FEC,FEC,BIG,Red,Lee Sin,1,2,1,False,Loss
3008227,1,BIG,FEC,FEC,BIG,Red,Qiyana,2,4,1,False,Loss
3008227,1,BIG,FEC,FEC,BIG,Red,Orianna,3,6,1,False,Loss
3008227,1,BIG,FEC,FEC,BIG,Red,Naafiri,4,7,2,False,Loss
3008227,1,BIG,FEC,FEC,BIG,Red,Cassiopeia,5,9,2,False,Loss
3008228,1,JSK,BAR,JSK,BAR,Blue,Vi,1,2,1,True,Win
3008228,1,JSK,BAR,JSK,BAR,Blue,Nocturne,2,4,1,True,Win
3008228,1,JSK,BAR,JSK,BAR,Blue,Lee Sin,3,6,1,True,Win
3008228,1,JSK,BAR,JSK,BAR,Blue,Wukong,4,7,2,True,Win
3008228,1,JSK,BAR,JSK,BAR,Blue,Xin Zhao,5,9,2,True,Win
3008228,1,JSK,BAR,BAR,JSK,Red,Zoe,1,1,1,False,Loss
3008228,1,JSK,BAR,BAR,JSK,Red,Caitlyn,2,3,1,False,Loss
3008228,1,JSK,BAR,BAR,JSK,Red,Jarvan IV,3,5,1,False,Loss
3008228,1,JSK,BAR,BAR,JSK,Red,Naafiri,4,8,2,False,Loss
3008228,1,JSK,BAR,BAR,JSK,Red,Pantheon,5,10,2,False,Loss
3008229,1,RUD,KHK,RUD,KHK,Blue,Anivia,1,2,1,False,Loss
3008229,1,RUD,KHK,RUD,KHK,Blue,Vi,2,4,1,False,Loss
3008229,1,RUD,KHK,RUD,KHK,Blue,Cassiopeia,3,6,1,False,Loss
3008229,1,RUD,KHK,RUD,KHK,Blue,Gnar,4,7,2,False,Loss
3008229,1,RUD,KHK,RUD,KHK,Blue,Jayce,5,9,2,False,Loss
3008229,1,RUD,KHK,KHK,RUD,Red,Akali,1,1,1,True,Win
3008229,1,RUD,KHK,KHK,RUD,Red,Nocturne,2,3,1,True,Win
3008229,1,RUD,KHK,KHK,RUD,Red,Nautilus,3,5,1,True,Win
3008229,1,RUD,KHK,KHK,RUD,Red,Kalista,4,8,2,True,Win
3008229,1,RUD,KHK,KHK,RUD,Red,Rakan,5,10,2,True,Win
3008230,1,UCAM,HMB,UCAM,HMB,Blue,Nocturne,1,2,1,True,Win
3008230,1,UCAM,HMB,UCAM,HMB,Blue,Ezreal,2,4,1,True,Win
3008230,1,UCAM,HMB,UCAM,HMB,Blue,Cassiopeia,3,6,1,True,Win
3008230,1,UCAM,HMB,UCAM,HMB,Blue,Rell,4,7,2,True,Win
3008230,1,UCAM,HMB,UCAM,HMB,Blue,Lucian,5,9,2,True,Win
3008230,1,UCAM,HMB,HMB,UCAM,Red,Jarvan IV,1,1,1,False,Loss
3008230,1,UCAM,HMB,HMB,UCAM,Red,Syndra,2,3,1,False,Loss
3008230,1,UCAM,HMB,HMB,UCAM,Red,Olaf,3,5,1,False,Loss
3008230,1,UCAM,HMB,HMB,UCAM,Red,Nautilus,4,8,2,False,Loss
3008230,1,UCAM,HMB,HMB,UCAM,Red,Bard,5,10,2,False,Loss
3008231,1,TLNP,MGZ,TLNP,MGZ,Blue,Akali,1,2,1,True,Win
3008231,1,TLNP,MGZ,TLNP,MGZ,Blue,Qiyana,2,4,1,True,Win
3008231,1,TLNP,MGZ,TLNP,MGZ,Blue,Nocturne,3,6,1,True,Win
3008231,1,TLNP,MGZ,TLNP,MGZ,Blue,Kalista,4,7,2,True,Win
3008231,1,TLNP,MGZ,TLNP,MGZ,Blue,Ezreal,5,9,2,True,Win
3008231,1,TLNP,MGZ,MGZ,TLNP,Red,Ziggs,1,1,1,False,Loss
3008231,1,TLNP,MGZ,MGZ,TLNP,Red,Caitlyn,2,3,1,False,Loss
3008231,1,TLNP,MGZ,MGZ,TLNP,Red,Rumble,3,5,1,False,Loss
3008231,1,TLNP,MGZ,MGZ,TLNP,Red,Syndra,4,8,2,False,Loss
3008231,1,TLNP,MGZ,MGZ,TLNP,Red,K'Sante,5,10,2,False,Loss
3008232,1,SNSH,BW,SNSH,BW,Blue,Nocturne,1,2,1,True,Win
3008232,1,SNSH,BW,SNSH,BW,Blue,Seraphine,2,4,1,True,Win
3008232,1,SNSH,BW,SNSH,BW,Blue,Rumble,3,6,1,True,Win
3008232,1,SNSH,BW,SNSH,BW,Blue,Jhin,4,7,2,True,Win
3008232,1,SNSH,BW,SNSH,BW,Blue,Lulu,5,9,2,True,Win
3008232,1,SNSH,BW,BW,SNSH,Red,Kled,1,1,1,False,Loss
3008232,1,SNSH,BW,BW,SNSH,Red,Vi,2,3,1,False,Loss
3008232,1,SNSH,BW,BW,SNSH,Red,Syndra,3,5,1,False,Loss
3008232,1,SNSH,BW,BW,SNSH,Red,Karma,4,8,2,False,Loss
3008232,1,SNSH,BW,BW,SNSH,Red,Bard,5,10,2,False,Loss
3008233,1,FSK,G2N,FSK,G2N,Blue,Lee Sin,1,1,1,False,Loss
3008233,1,FSK,G2N,FSK,G2N,Blue,K'Sante,2,3,1,False,Loss
3008233,1,FSK,G2N,FSK,G2N,Blue,Qiyana,3,5,1,False,Loss
3008233,1,FSK,G2N,FSK,G2N,Blue,Ahri,4,8,2,False,Loss
3008233,1,FSK,G2N,FSK,G2N,Blue,Akali,5,10,2,False,Loss
3008233,1,FSK,G2N,G2N,FSK,Red,Cassiopeia,1,2,1,True,Win
3008233,1,FSK,G2N,G2N,FSK,Red,Vi,2,4,1,True,Win
3008233,1,FSK,G2N,G2N,FSK,Red,Jarvan IV,3,6,1,True,Win
3008233,1,FSK,G2N,G2N,FSK,Red,Sivir,4,7,2,True,Win
3008233,1,FSK,G2N,G2N,FSK,Red,Orianna,5,9,2,True,Win
3008234,1,ESB,HRTS,ESB,HRTS,Blue,Bard,1,2,1,False,Loss
3008234,1,ESB,HRTS,ESB,HRTS,Blue,Cassiopeia,2,4,1,False,Loss
3008234,1,ESB,HRTS,ESB,HRTS,Blue,Jayce,3,6,1,False,Loss
3008234,1,ESB,HRTS,ESB,HRTS,Blue,Pantheon,4,7,2,False,Loss
3008234,1,ESB,HRTS,ESB,HRTS,Blue,Jarvan IV,5,9,2,False,Loss
3008234,1,ESB,HRTS,HRTS,ESB,Red,Qiyana,1,1,1,True,Win
3008234,1,ESB,HRTS,HRTS,ESB,Red,Akali,2,3,1,True,Win
3008234,1,ESB,HRTS,HRTS,ESB,Red,Nocturne,3,5,1,True,Win
3008234,1,ESB,HRTS,HRTS,ESB,Red,Gnar,4,8,2,True,Win
3008234,1,ESB,HRTS,HRTS,ESB,Red,Vi,5,10,2,True,Win
3008236,1,TP,SU,TP,SU,Blue,Ahri,1,2,1,False,Loss
3008236,1,TP,SU,TP,SU,Blue,Lucian,2,4,1,False,Loss
3008236,1,TP,SU,TP,SU,Blue,Nautilus,3,6,1,False,Loss
3008236,1,TP,SU,TP,SU,Blue,LeBlanc,4,7,2,False,Loss
3008236,1,TP,SU,TP,SU,Blue,Akali,5,9,2,False,Loss
3008236,1,TP,SU,SU,TP,Red,Olaf,1,1,1,True,Win
3008236,1,TP,SU,SU,TP,Red,Seraphine,2,3,1,True,Win
3008236,1,TP,SU,SU,TP,Red,Shyvana,3,5,1,True,Win
3008236,1,TP,SU,SU,TP,Red,Syndra,4,8,2,True,Win
3008236,1,TP,SU,SU,TP,Red,Orianna,5,10,2,True,Win
3008237,1,NBS,OTS,NBS,OTS,Blue,Jarvan IV,1,1,1,True,Win
3008237,1,NBS,OTS,NBS,OTS,Blue,Rumble,2,3,1,True,Win
3008237,1,NBS,OTS,NBS,OTS,Blue,Ryze,3,5,1,True,Win
3008237,1,NBS,OTS,NBS,OTS,Blue,Xayah,4,8,2,True,Win
3008237,1,NBS,OTS,NBS,OTS,Blue,Ezreal,5,10,2,True,Win
3008237,1,NBS,OTS,OTS,NBS,Red,Lee Sin,1,2,1,False,Loss
3008237,1,NBS,OTS,OTS,NBS,Red,Olaf,2,4,1,False,Loss
3008237,1,NBS,OTS,OTS,NBS,Red,Kalista,3,6,1,False,Loss
3008237,1,NBS,OTS,OTS,NBS,Red,Yunara,4,7,2,False,Loss
3008237,1,NBS,OTS,OTS,NBS,Red,Lucian,5,9,2,False,Loss
3008238,1,USE,PCF,USE,PCF,Blue,Nautilus,1,1,1,True,Win
3008238,1,USE,PCF,USE,PCF,Blue,Akali,2,3,1,True,Win
3008238,1,USE,PCF,USE,PCF,Blue,Skarner,3,5,1,True,Win
3008238,1,USE,PCF,USE,PCF,Blue,Lucian,4,8,2,True,Win
3008238,1,USE,PCF,USE,PCF,Blue,Lulu,5,10,2,True,Win
3008238,1,USE,PCF,PCF,USE,Red,Vi,1,2,1,False,Loss
3008238,1,USE,PCF,PCF,USE,Red,Caitlyn,2,4,1,False,Loss
3008238,1,USE,PCF,PCF,USE,Red,Lee Sin,3,6,1,False,Loss
3008238,1,USE,PCF,PCF,USE,Red,Jhin,4,7,2,False,Loss
3008238,1,USE,PCF,PCF,USE,Red,Ezreal,5,9,2,False,Loss
3008239,1,TSC,ANB,TSC,ANB,Blue,Akali,1,1,1,False,Loss
3008239,1,TSC,ANB,TSC,ANB,Blue,Jarvan IV,2,3,1,False,Loss
3008239,1,TSC,ANB,TSC,ANB,Blue,Syndra,3,5,1,False,Loss
3008239,1,TSC,ANB,TSC,ANB,Blue,Ambessa,4,8,2,False,Loss
3008239,1,TSC,ANB,TSC,ANB,Blue,Skarner,5,10,2,False,Loss
3008239,1,TSC,ANB,ANB,TSC,Red,Nocturne,1,2,1,True,Win
3008239,1,TSC,ANB,ANB,TSC,Red,Vi,2,4,1,True,Win
3008239,1,TSC,ANB,ANB,TSC,Red,Xayah,3,6,1,True,Win
3008239,1,TSC,ANB,ANB,TSC,Red,Olaf,4,7,2,True,Win
3008239,1,TSC,ANB,ANB,TSC,Red,Wukong,5,9,2,True,Win
3008240,1,GSMC,BOOM,GSMC,BOOM,Blue,Seraphine,1,1,1,False,Loss
3008240,1,GSMC,BOOM,GSMC,BOOM,Blue,Syndra,2,3,1,False,Loss
3008240,1,GSMC,BOOM,GSMC,BOOM,Blue,Jayce,3,5,1,False,Loss
3008240,1,GSMC,BOOM,GSMC,BOOM,Blue,Anivia,4,8,2,False,Loss
3008240,1,GSMC,BOOM,GSMC,BOOM,Blue,Akali,5,10,2,False,Loss
3008240,1,GSMC,BOOM,BOOM,GSMC,Red,Vi,1,2,1,True,Win
3008240,1,GSMC,BOOM,BOOM,GSMC,Red,Orianna,2,4,1,True,Win
3008240,1,GSMC,BOOM,BOOM,GSMC,Red,Ryze,3,6,1,True,Win
3008240,1,GSMC,BOOM,BOOM,GSMC,Red,Nocturne,4,7,2,True,Win
3008240,1,GSMC,BOOM,BOOM,GSMC,Red,Pantheon,5,9,2,True,Win
2964122,1,BIG,EWI,BIG,EWI,Blue,Nocturne,1,1,1,True,Win
2964122,1,BIG,EWI,BIG,EWI,Blue,Nautilus,2,3,1,True,Win
2964122,1,BIG,EWI,BIG,EWI,Blue,Xin Zhao,3,5,1,True,Win
2964122,1,BIG,EWI,BIG,EWI,Blue,Ryze,4,8,2,True,Win
2964122,1,BIG,EWI,BIG,EWI,Blue,Akali,5,10,2,True,Win
2964122,1,BIG,EWI,EWI,BIG,Red,Cassiopeia,1,2,1,False,Loss
2964122,1,BIG,EWI,EWI,BIG,Red,Anivia,2,4,1,False,Loss
2964122,1,BIG,EWI,EWI,BIG,Red,Sylas,3,6,1,False,Loss
2964122,1,BIG,EWI,EWI,BIG,Red,Olaf,4,7,2,False,Loss
2964122,1,BIG,EWI,EWI,BIG,Red,Qiyana,5,9,2,False,Loss
2964123,1,USE,SGE,USE,SGE,Blue,Nautilus,1,1,1,True,Win
2964123,1,USE,SGE,USE,SGE,Blue,Jarvan IV,2,3,1,True,Win
2964123,1,USE,SGE,USE,SGE,Blue,Nocturne,3,5,1,True,Win
2964123,1,USE,SGE,USE,SGE,Blue,Xin Zhao,4,8,2,True,Win
2964123,1,USE,SGE,USE,SGE,Blue,Skarner,5,10,2,True,Win
2964123,1,USE,SGE,SGE,USE,Red,Orianna,1,2,1,False,Loss
2964123,1,USE,SGE,SGE,USE,Red,Cassiopeia,2,4,1,False,Loss
2964123,1,USE,SGE,SGE,USE,Red,Karma,3,6,1,False,Loss
2964123,1,USE,SGE,SGE,USE,Red,K'Sante,4,7,2,False,Loss
2964123,1,USE,SGE,SGE,USE,Red,Rumble,5,9,2,False,Loss
2964124,1,ROSS,G2N,ROSS,G2N,Blue,Orianna,1,1,1,True,Win
2964124,1,ROSS,G2N,ROSS,G2N,Blue,Jarvan IV,2,3,1,True,Win
2964124,1,ROSS,G2N,ROSS,G2N,Blue,Nocturne,3,5,1,True,Win
2964124,1,ROSS,G2N,ROSS,G2N,Blue,Vi,4,8,2,True,Win
2964124,1,ROSS,G2N,ROSS,G2N,Blue,Lee Sin,5,10,2,True,Win
2964124,1,ROSS,G2N,G2N,ROSS,Red,Bard,1,2,1,False,Loss
2964124,1,ROSS,G2N,G2N,ROSS,Red,Karma,2,4,1,False,Loss
2964124,1,ROSS,G2N,G2N,ROSS,Red,Cassiopeia,3,6,1,False,Loss
2964124,1,ROSS,G2N,G2N,ROSS,Red,Pantheon,4,7,2,False,Loss
2964124,1,ROSS,G2N,G2N,ROSS,Red,Viktor,5,9,2,False,Loss
2964125,1,TOG,VFB,TOG,VFB,Blue,Lee Sin,1,1,1,True,Win
2964125,1,TOG,VFB,TOG,VFB,Blue,Jarvan IV,2,3,1,True,Win
2964125,1,TOG,VFB,TOG,VFB,Blue,Naafiri,3,5,1,True,Win
2964125,1,TOG,VFB,TOG,VFB,Blue,Nautilus,4,8,2,True,Win
2964125,1,TOG,VFB,TOG,VFB,Blue,Pyke,5,10,2,True,Win
2964125,1,TOG,VFB,VFB,TOG,Red,Camille,1,2,1,False,Loss
2964125,1,TOG,VFB,VFB,TOG,Red,Karma,2,4,1,False,Loss
2964125,1,TOG,VFB,VFB,TOG,Red,Jayce,3,6,1,False,Loss
2964125,1,TOG,VFB,VFB,TOG,Red,Kai'Sa,4,7,2,False,Loss
2964125,1,TOG,VFB,VFB,TOG,Red,Lulu,5,9,2,False,Loss
2964126,1,KHK,EINS,KHK,EINS,Blue,Karma,1,1,1,True,Win
2964126,1,KHK,EINS,KHK,EINS,Blue,Nocturne,2,3,1,True,Win
2964126,1,KHK,EINS,KHK,EINS,Blue,Nautilus,3,5,1,True,Win
2964126,1,KHK,EINS,KHK,EINS,Blue,Skarner,4,8,2,True,Win
2964126,1,KHK,EINS,KHK,EINS,Blue,Sion,5,10,2,True,Win
2964126,1,KHK,EINS,EINS,KHK,Red,Jarvan IV,1,2,1,False,Loss
2964126,1,KHK,EINS,EINS,KHK,Red,Galio,2,4,1,False,Loss
2964126,1,KHK,EINS,EINS,KHK,Red,Pyke,3,6,1,False,Loss
2964126,1,KHK,EINS,EINS,KHK,Red,Jayce,4,7,2,False,Loss
2964126,1,KHK,EINS,EINS,KHK,Red,Akali,5,9,2,False,Loss
2964127,1,TOG,SGE,TOG,SGE,Blue,Nautilus,1,1,1,False,Loss
2964127,1,TOG,SGE,TOG,SGE,Blue,Jarvan IV,2,3,1,False,Loss
2964127,1,TOG,SGE,TOG,SGE,Blue,Ezreal,3,5,1,False,Loss
2964127,1,TOG,SGE,TOG,SGE,Blue,Gnar,4,8,2,False,Loss
2964127,1,TOG,SGE,TOG,SGE,Blue,Karma,5,10,2,False,Loss
2964127,1,TOG,SGE,SGE,TOG,Red,Camille,1,2,1,True,Win
2964127,1,TOG,SGE,SGE,TOG,Red,Orianna,2,4,1,True,Win
2964127,1,TOG,SGE,SGE,TOG,Red,Nocturne,3,6,1,True,Win
2964127,1,TOG,SGE,SGE,TOG,Red,Mel,4,7,2,True,Win
2964127,1,TOG,SGE,SGE,TOG,Red,Bard,5,9,2,True,Win
2964128,1,EWI,G2N,EWI,G2N,Blue,Lee Sin,1,1,1,False,Loss
2964128,1,EWI,G2N,EWI,G2N,Blue,Lucian,2,3,1,False,Loss
2964128,1,EWI,G2N,EWI,G2N,Blue,Rumble,3,5,1,False,Loss
2964128,1,EWI,G2N,EWI,G2N,Blue,Vayne,4,8,2,False,Loss
2964128,1,EWI,G2N,EWI,G2N,Blue,Akali,5,10,2,False,Loss
2964128,1,EWI,G2N,G2N,EWI,Red,Pyke,1,2,1,True,Win
2964128,1,EWI,G2N,G2N,EWI,Red,Nocturne,2,4,1,True,Win
2964128,1,EWI,G2N,G2N,EWI,Red,Ryze,3,6,1,True,Win
2964128,1,EWI,G2N,G2N,EWI,Red,Nautilus,4,7,2,True,Win
2964128,1,EWI,G2N,G2N,EWI,Red,Camille,5,9,2,True,Win
2964129,1,ROSS,EINS,ROSS,EINS,Blue,Orianna,1,1,1,True,Win
2964129,1,ROSS,EINS,ROSS,EINS,Blue,Nocturne,2,3,1,True,Win
2964129,1,ROSS,EINS,ROSS,EINS,Blue,Nautilus,3,5,1,True,Win
2964129,1,ROSS,EINS,ROSS,EINS,Blue,Jayce,4,8,2,True,Win
2964129,1,ROSS,EINS,ROSS,EINS,Blue,Sion,5,10,2,True,Win
2964129,1,ROSS,EINS,EINS,ROSS,Red,Akali,1,2,1,False,Loss
2964129,1,ROSS,EINS,EINS,ROSS,Red,Cassiopeia,2,4,1,False,Loss
2964129,1,ROSS,EINS,EINS,ROSS,Red,Aurora,3,6,1,False,Loss
2964129,1,ROSS,EINS,EINS,ROSS,Red,Malphite,4,7,2,False,Loss
2964129,1,ROSS,EINS,EINS,ROSS,Red,Anivia,5,9,2,False,Loss
2964130,1,USE,VFB,USE,VFB,Blue,Nautilus,1,1,1,True,Win
2964130,1,USE,VFB,USE,VFB,Blue,Jarvan IV,2,3,1,True,Win
2964130,1,USE,VFB,USE,VFB,Blue,Sylas,3,5,1,True,Win
2964130,1,USE,VFB,USE,VFB,Blue,Ornn,4,8,2,True,Win
2964130,1,USE,VFB,USE,VFB,Blue,Yorick,5,10,2,True,Win
2964130,1,USE,VFB,VFB,USE,Red,Pantheon,1,2,1,False,Loss
2964130,1,USE,VFB,VFB,USE,Red,Nocturne,2,4,1,False,Loss
2964130,1,USE,VFB,VFB,USE,Red,Camille,3,6,1,False,Loss
2964130,1,USE,VFB,VFB,USE,Red,Xin Zhao,4,7,2,False,Loss
2964130,1,USE,VFB,VFB,USE,Red,Wukong,5,9,2,False,Loss
2964131,1,BIG,KHK,BIG,KHK,Blue,Vi,1,1,1,True,Win
2964131,1,BIG,KHK,BIG,KHK,Blue,Jayce,2,3,1,True,Win
2964131,1,BIG,KHK,BIG,KHK,Blue,Nocturne,3,5,1,True,Win
2964131,1,BIG,KHK,BIG,KHK,Blue,Camille,4,8,2,True,Win
2964131,1,BIG,KHK,BIG,KHK,Blue,Lucian,5,10,2,True,Win
2964131,1,BIG,KHK,KHK,BIG,Red,Cassiopeia,1,2,1,False,Loss
2964131,1,BIG,KHK,KHK,BIG,Red,Sion,2,4,1,False,Loss
2964131,1,BIG,KHK,KHK,BIG,Red,Seraphine,3,6,1,False,Loss
2964131,1,BIG,KHK,KHK,BIG,Red,Nautilus,4,7,2,False,Loss
2964131,1,BIG,KHK,KHK,BIG,Red,Bard,5,9,2,False,Loss
2964132,1,SGE,ROSS,SGE,ROSS,Blue,Bard,1,1,1,False,Loss
2964132,1,SGE,ROSS,SGE,ROSS,Blue,Aurora,2,3,1,False,Loss
2964132,1,SGE,ROSS,SGE,ROSS,Blue,Jarvan IV,3,5,1,False,Loss
2964132,1,SGE,ROSS,SGE,ROSS,Blue,Akali,4,8,2,False,Loss
2964132,1,SGE,ROSS,SGE,ROSS,Blue,Ryze,5,10,2,False,Loss
2964132,1,SGE,ROSS,ROSS,SGE,Red,Jayce,1,2,1,True,Win
2964132,1,SGE,ROSS,ROSS,SGE,Red,Orianna,2,4,1,True,Win
2964132,1,SGE,ROSS,ROSS,SGE,Red,Cassiopeia,3,6,1,True,Win
2964132,1,SGE,ROSS,ROSS,SGE,Red,Anivia,4,7,2,True,Win
2964132,1,SGE,ROSS,ROSS,SGE,Red,Rumble,5,9,2,True,Win
2964133,1,KHK,EWI,KHK,EWI,Blue,Pyke,1,1,1,False,Loss
2964133,1,KHK,EWI,KHK,EWI,Blue,Sion,2,3,1,False,Loss
2964133,1,KHK,EWI,KHK,EWI,Blue,Nocturne,3,5,1,False,Loss
2964133,1,KHK,EWI,KHK,EWI,Blue,Rell,4,8,2,False,Loss
2964133,1,KHK,EWI,KHK,EWI,Blue,Leona,5,10,2,False,Loss
2964133,1,KHK,EWI,EWI,KHK,Red,Lucian,1,2,1,True,Win
2964133,1,KHK,EWI,EWI,KHK,Red,Ezreal,2,4,1,True,Win
2964133,1,KHK,EWI,EWI,KHK,Red,Caitlyn,3,6,1,True,Win
2964133,1,KHK,EWI,EWI,KHK,Red,Cassiopeia,4,7,2,True,Win
2964133,1,KHK,EWI,EWI,KHK,Red,Ahri,5,9,2,True,Win
2964134,1,EINS,TOG,EINS,TOG,Blue,Cassiopeia,1,1,1,True,Win
2964134,1,EINS,TOG,EINS,TOG,Blue,Jarvan IV,2,3,1,True,Win
2964134,1,EINS,TOG,EINS,TOG,Blue,Pyke,3,5,1,True,Win
2964134,1,EINS,TOG,EINS,TOG,Blue,Skarner,4,8,2,True,Win
2964134,1,EINS,TOG,EINS,TOG,Blue,Viktor,5,10,2,True,Win
2964134,1,EINS,TOG,TOG,EINS,Red,Poppy,1,2,1,False,Loss
2964134,1,EINS,TOG,TOG,EINS,Red,Nocturne,2,4,1,False,Loss
2964134,1,EINS,TOG,TOG,EINS,Red,Orianna,3,6,1,False,Loss
2964134,1,EINS,TOG,TOG,EINS,Red,Syndra,4,7,2,False,Loss
2964134,1,EINS,TOG,TOG,EINS,Red,Aatrox,5,9,2,False,Loss
2964135,1,VFB,G2N,VFB,G2N,Blue,Lee Sin,1,1,1,True,Win
2964135,1,VFB,G2N,VFB,G2N,Blue,Rumble,2,3,1,True,Win
2964135,1,VFB,G2N,VFB,G2N,Blue,Orianna,3,5,1,True,Win
2964135,1,VFB,G2N,VFB,G2N,Blue,Bard,4,8,2,True,Win
2964135,1,VFB,G2N,VFB,G2N,Blue,Braum,5,10,2,True,Win
2964135,1,VFB,G2N,G2N,VFB,Red,Pyke,1,2,1,False,Loss
2964135,1,VFB,G2N,G2N,VFB,Red,Nocturne,2,4,1,False,Loss
2964135,1,VFB,G2N,G2N,VFB,Red,Ziggs,3,6,1,False,Loss
2964135,1,VFB,G2N,G2N,VFB,Red,Lucian,4,7,2,False,Loss
2964135,1,VFB,G2N,G2N,VFB,Red,Lulu,5,9,2,False,Loss
2964136,1,BIG,USE,BIG,USE,Blue,Ahri,1,1,1,True,Win
2964136,1,BIG,USE,BIG,USE,Blue,Xin Zhao,2,3,1,True,Win
2964136,1,BIG,USE,BIG,USE,Blue,Varus,3,5,1,True,Win
2964136,1,BIG,USE,BIG,USE,Blue,Lucian,4,8,2,True,Win
2964136,1,BIG,USE,BIG,USE,Blue,Seraphine,5,10,2,True,Win
2964136,1,BIG,USE,USE,BIG,Red,Cassiopeia,1,2,1,False,Loss
2964136,1,BIG,USE,USE,BIG,Red,Nocturne,2,4,1,False,Loss
2964136,1,BIG,USE,USE,BIG,Red,Naafiri,3,6,1,False,Loss
2964136,1,BIG,USE,USE,BIG,Red,Caitlyn,4,7,2,False,Loss
2964136,1,BIG,USE,USE,BIG,Red,Anivia,5,9,2,False,Loss
2964138,1,EWI,TOG,EWI,TOG,Blue,Camille,1,1,1,False,Loss
2964138,1,EWI,TOG,EWI,TOG,Blue,Jayce,2,3,1,False,Loss
2964138,1,EWI,TOG,EWI,TOG,Blue,Jarvan IV,3,5,1,False,Loss
2964138,1,EWI,TOG,EWI,TOG,Blue,Vayne,4,8,2,False,Loss
2964138,1,EWI,TOG,EWI,TOG,Blue,Rumble,5,10,2,False,Loss
2964138,1,EWI,TOG,TOG,EWI,Red,Poppy,1,2,1,True,Win
2964138,1,EWI,TOG,TOG,EWI,Red,Nocturne,2,4,1,True,Win
2964138,1,EWI,TOG,TOG,EWI,Red,Pyke,3,6,1,True,Win
2964138,1,EWI,TOG,TOG,EWI,Red,Viego,4,7,2,True,Win
2964138,1,EWI,TOG,TOG,EWI,Red,Naafiri,5,9,2,True,Win
2964139,1,USE,EINS,USE,EINS,Blue,Bard,1,1,1,True,Win
2964139,1,USE,EINS,USE,EINS,Blue,Nocturne,2,3,1,True,Win
2964139,1,USE,EINS,USE,EINS,Blue,Poppy,3,5,1,True,Win
2964139,1,USE,EINS,USE,EINS,Blue,Ziggs,4,8,2,True,Win
2964139,1,USE,EINS,USE,EINS,Blue,Senna,5,10,2,True,Win
2964139,1,USE,EINS,EINS,USE,Red,Cassiopeia,1,2,1,False,Loss
2964139,1,USE,EINS,EINS,USE,Red,Pantheon,2,4,1,False,Loss
2964139,1,USE,EINS,EINS,USE,Red,Camille,3,6,1,False,Loss
2964139,1,USE,EINS,EINS,USE,Red,Rell,4,7,2,False,Loss
2964139,1,USE,EINS,EINS,USE,Red,Alistar,5,9,2,False,Loss
2964140,1,G2N,SGE,G2N,SGE,Blue,Jayce,1,1,1,True,Win
2964140,1,G2N,SGE,G2N,SGE,Blue,Ezreal,2,3,1,True,Win
2964140,1,G2N,SGE,G2N,SGE,Blue,Nocturne,3,5,1,True,Win
2964140,1,G2N,SGE,G2N,SGE,Blue,Vayne,4,8,2,True,Win
2964140,1,G2N,SGE,G2N,SGE,Blue,Gnar,5,10,2,True,Win
2964140,1,G2N,SGE,SGE,G2N,Red,Orianna,1,2,1,False,Loss
2964140,1,G2N,SGE,SGE,G2N,Red,Lee Sin,2,4,1,False,Loss
2964140,1,G2N,SGE,SGE,G2N,Red,Jarvan IV,3,6,1,False,Loss
2964140,1,G2N,SGE,SGE,G2N,Red,Qiyana,4,7,2,False,Loss
2964140,1,G2N,SGE,SGE,G2N,Red,Naafiri,5,9,2,False,Loss
2964141,1,ROSS,BIG,ROSS,BIG,Blue,Orianna,1,1,1,False,Loss
2964141,1,ROSS,BIG,ROSS,BIG,Blue,Ziggs,2,3,1,False,Loss
2964141,1,ROSS,BIG,ROSS,BIG,Blue,Lee Sin,3,5,1,False,Loss
2964141,1,ROSS,BIG,ROSS,BIG,Blue,Ezreal,4,8,2,False,Loss
2964141,1,ROSS,BIG,ROSS,BIG,Blue,Poppy,5,10,2,False,Loss
2964141,1,ROSS,BIG,BIG,ROSS,Red,Bard,1,2,1,True,Win
2964141,1,ROSS,BIG,BIG,ROSS,Red,Lucian,2,4,1,True,Win
2964141,1,ROSS,BIG,BIG,ROSS,Red,Jarvan IV,3,6,1,True,Win
2964141,1,ROSS,BIG,BIG,ROSS,Red,Ashe,4,7,2,True,Win
2964141,1,ROSS,BIG,BIG,ROSS,Red,Nautilus,5,9,2,True,Win
2964142,1,KHK,G2N,KHK,G2N,Blue,Cassiopeia,1,1,1,False,Loss
2964142,1,KHK,G2N,KHK,G2N,Blue,Orianna,2,3,1,False,Loss
2964142,1,KHK,G2N,KHK,G2N,Blue,Sion,3,5,1,False,Loss
2964142,1,KHK,G2N,KHK,G2N,Blue,Renekton,4,8,2,False,Loss
2964142,1,KHK,G2N,KHK,G2N,Blue,Ryze,5,10,2,False,Loss
2964142,1,KHK,G2N,G2N,KHK,Red,Jayce,1,2,1,True,Win
2964142,1,KHK,G2N,G2N,KHK,Red,Poppy,2,4,1,True,Win
2964142,1,KHK,G2N,G2N,KHK,Red,Nocturne,3,6,1,True,Win
2964142,1,KHK,G2N,G2N,KHK,Red,Galio,4,7,2,True,Win
2964142,1,KHK,G2N,G2N,KHK,Red,Ambessa,5,9,2,True,Win
2964143,1,EWI,ROSS,EWI,ROSS,Blue,Aatrox,1,1,1,True,Win
2964143,1,EWI,ROSS,EWI,ROSS,Blue,Lucian,2,3,1,True,Win
2964143,1,EWI,ROSS,EWI,ROSS,Blue,Bard,3,5,1,True,Win
2964143,1,EWI,ROSS,EWI,ROSS,Blue,Sivir,4,8,2,True,Win
2964143,1,EWI,ROSS,EWI,ROSS,Blue,Kalista,5,10,2,True,Win
2964143,1,EWI,ROSS,ROSS,EWI,Red,Orianna,1,2,1,False,Loss
2964143,1,EWI,ROSS,ROSS,EWI,Red,Ryze,2,4,1,False,Loss
2964143,1,EWI,ROSS,ROSS,EWI,Red,Pyke,3,6,1,False,Loss
2964143,1,EWI,ROSS,ROSS,EWI,Red,Wukong,4,7,2,False,Loss
2964143,1,EWI,ROSS,ROSS,EWI,Red,Leona,5,9,2,False,Loss
2964144,1,USE,G2N,USE,G2N,Blue,Nautilus,1,1,1,True,Win
2964144,1,USE,G2N,USE,G2N,Blue,Poppy,2,3,1,True,Win
2964144,1,USE,G2N,USE,G2N,Blue,Jarvan IV,3,5,1,True,Win
2964144,1,USE,G2N,USE,G2N,Blue,Anivia,4,8,2,True,Win
2964144,1,USE,G2N,USE,G2N,Blue,Gnar,5,10,2,True,Win
2964144,1,USE,G2N,G2N,USE,Red,Orianna,1,2,1,False,Loss
2964144,1,USE,G2N,G2N,USE,Red,Lee Sin,2,4,1,False,Loss
2964144,1,USE,G2N,G2N,USE,Red,Camille,3,6,1,False,Loss
2964144,1,USE,G2N,G2N,USE,Red,Ezreal,4,7,2,False,Loss
2964144,1,USE,G2N,G2N,USE,Red,Sivir,5,9,2,False,Loss
2964145,1,TOG,KHK,TOG,KHK,Blue,Pantheon,1,1,1,False,Loss
2964145,1,TOG,KHK,TOG,KHK,Blue,Jarvan IV,2,3,1,False,Loss
2964145,1,TOG,KHK,TOG,KHK,Blue,Lucian,3,5,1,False,Loss
2964145,1,TOG,KHK,TOG,KHK,Blue,Viktor,4,8,2,False,Loss
2964145,1,TOG,KHK,TOG,KHK,Blue,Ambessa,5,10,2,False,Loss
2964145,1,TOG,KHK,KHK,TOG,Red,Nocturne,1,2,1,True,Win
2964145,1,TOG,KHK,KHK,TOG,Red,Orianna,2,4,1,True,Win
2964145,1,TOG,KHK,KHK,TOG,Red,Cassiopeia,3,6,1,True,Win
2964145,1,TOG,KHK,KHK,TOG,Red,Nautilus,4,7,2,True,Win
2964145,1,TOG,KHK,KHK,TOG,Red,Jhin,5,9,2,True,Win
2964146,1,VFB,EINS,VFB,EINS,Blue,Nautilus,1,1,1,False,Loss
2964146,1,VFB,EINS,VFB,EINS,Blue,Pantheon,2,3,1,False,Loss
2964146,1,VFB,EINS,VFB,EINS,Blue,Orianna,3,5,1,False,Loss
2964146,1,VFB,EINS,VFB,EINS,Blue,Cassiopeia,4,8,2,False,Loss
2964146,1,VFB,EINS,VFB,EINS,Blue,Anivia,5,10,2,False,Loss
2964146,1,VFB,EINS,EINS,VFB,Red,Jarvan IV,1,2,1,True,Win
2964146,1,VFB,EINS,EINS,VFB,Red,Lee Sin,2,4,1,True,Win
2964146,1,VFB,EINS,EINS,VFB,Red,Nocturne,3,6,1,True,Win
2964146,1,VFB,EINS,EINS,VFB,Red,Yorick,4,7,2,True,Win
2964146,1,VFB,EINS,EINS,VFB,Red,Malphite,5,9,2,True,Win
2964147,1,BIG,SGE,BIG,SGE,Blue,Vi,1,1,1,True,Win
2964147,1,BIG,SGE,BIG,SGE,Blue,Nocturne,2,3,1,True,Win
2964147,1,BIG,SGE,BIG,SGE,Blue,Ezreal,3,5,1,True,Win
2964147,1,BIG,SGE,BIG,SGE,Blue,Jayce,4,8,2,True,Win
2964147,1,BIG,SGE,BIG,SGE,Blue,Rumble,5,10,2,True,Win
2964147,1,BIG,SGE,SGE,BIG,Red,Orianna,1,2,1,False,Loss
2964147,1,BIG,SGE,SGE,BIG,Red,Cassiopeia,2,4,1,False,Loss
2964147,1,BIG,SGE,SGE,BIG,Red,Aatrox,3,6,1,False,Loss
2964147,1,BIG,SGE,SGE,BIG,Red,Yorick,4,7,2,False,Loss
2964147,1,BIG,SGE,SGE,BIG,Red,Gnar,5,9,2,False,Loss
2964148,1,EWI,EINS,EWI,EINS,Blue,Bard,1,1,1,True,Win
2964148,1,EWI,EINS,EWI,EINS,Blue,Nocturne,2,3,1,True,Win
2964148,1,EWI,EINS,EWI,EINS,Blue,Aatrox,3,5,1,True,Win
2964148,1,EWI,EINS,EWI,EINS,Blue,Jayce,4,8,2,True,Win
2964148,1,EWI,EINS,EWI,EINS,Blue,Vayne,5,10,2,True,Win
2964148,1,EWI,EINS,EINS,EWI,Red,Orianna,1,2,1,False,Loss
2964148,1,EWI,EINS,EINS,EWI,Red,Pyke,2,4,1,False,Loss
2964148,1,EWI,EINS,EINS,EWI,Red,Leona,3,6,1,False,Loss
2964148,1,EWI,EINS,EINS,EWI,Red,Poppy,4,7,2,False,Loss
2964148,1,EWI,EINS,EINS,EWI,Red,Kennen,5,9,2,False,Loss
2964149,1,BIG,TOG,BIG,TOG,Blue,Vi,1,1,1,True,Win
2964149,1,BIG,TOG,BIG,TOG,Blue,Nocturne,2,3,1,True,Win
2964149,1,BIG,TOG,BIG,TOG,Blue,Pyke,3,5,1,True,Win
2964149,1,BIG,TOG,BIG,TOG,Blue,Poppy,4,8,2,True,Win
2964149,1,BIG,TOG,BIG,TOG,Blue,Wukong,5,10,2,True,Win
2964149,1,BIG,TOG,TOG,BIG,Red,Cassiopeia,1,2,1,False,Loss
2964149,1,BIG,TOG,TOG,BIG,Red,Aatrox,2,4,1,False,Loss
2964149,1,BIG,TOG,TOG,BIG,Red,Syndra,3,6,1,False,Loss
2964149,1,BIG,TOG,TOG,BIG,Red,Karma,4,7,2,False,Loss
2964149,1,BIG,TOG,TOG,BIG,Red,Rakan,5,9,2,False,Loss
2964150,1,ROSS,VFB,ROSS,VFB,Blue,Nocturne,1,1,1,True,Win
2964150,1,ROSS,VFB,ROSS,VFB,Blue,Ziggs,2,3,1,True,Win
2964150,1,ROSS,VFB,ROSS,VFB,Blue,Mel,3,5,1,True,Win
2964150,1,ROSS,VFB,ROSS,VFB,Blue,Nautilus,4,8,2,True,Win
2964150,1,ROSS,VFB,ROSS,VFB,Blue,Camille,5,10,2,True,Win
2964150,1,ROSS,VFB,VFB,ROSS,Red,Lucian,1,2,1,False,Loss
2964150,1,ROSS,VFB,VFB,ROSS,Red,Bard,2,4,1,False,Loss
2964150,1,ROSS,VFB,VFB,ROSS,Red,Poppy,3,6,1,False,Loss
2964150,1,ROSS,VFB,VFB,ROSS,Red,Braum,4,7,2,False,Loss
2964150,1,ROSS,VFB,VFB,ROSS,Red,Jhin,5,9,2,False,Loss
2964151,1,USE,KHK,USE,KHK,Blue,Varus,1,1,1,False,Loss
2964151,1,USE,KHK,USE,KHK,Blue,Vi,2,3,1,False,Loss
2964151,1,USE,KHK,USE,KHK,Blue,Nocturne,3,5,1,False,Loss
2964151,1,USE,KHK,USE,KHK,Blue,Naafiri,4,8,2,False,Loss
2964151,1,USE,KHK,USE,KHK,Blue,Pantheon,5,10,2,False,Loss
2964151,1,USE,KHK,KHK,USE,Red,Cassiopeia,1,2,1,True,Win
2964151,1,USE,KHK,KHK,USE,Red,Orianna,2,4,1,True,Win
2964151,1,USE,KHK,KHK,USE,Red,Yunara,3,6,1,True,Win
2964151,1,USE,KHK,KHK,USE,Red,Sion,4,7,2,True,Win
2964151,1,USE,KHK,KHK,USE,Red,Rumble,5,9,2,True,Win
2964152,1,VFB,SGE,VFB,SGE,Blue,Nautilus,1,1,1,True,Win
2964152,1,VFB,SGE,VFB,SGE,Blue,Nocturne,2,3,1,True,Win
2964152,1,VFB,SGE,VFB,SGE,Blue,Orianna,3,5,1,True,Win
2964152,1,VFB,SGE,VFB,SGE,Blue,Leona,4,8,2,True,Win
2964152,1,VFB,SGE,VFB,SGE,Blue,Blitzcrank,5,10,2,True,Win
2964152,1,VFB,SGE,SGE,VFB,Red,Ziggs,1,2,1,False,Loss
2964152,1,VFB,SGE,SGE,VFB,Red,Camille,2,4,1,False,Loss
2964152,1,VFB,SGE,SGE,VFB,Red,Pyke,3,6,1,False,Loss
2964152,1,VFB,SGE,SGE,VFB,Red,Swain,4,7,2,False,Loss
2964152,1,VFB,SGE,SGE,VFB,Red,Malphite,5,9,2,False,Loss
2964153,1,EWI,USE,EWI,USE,Blue,Annie,1,1,1,False,Loss
2964153,1,EWI,USE,EWI,USE,Blue,Lee Sin,2,3,1,False,Loss
2964153,1,EWI,USE,EWI,USE,Blue,Camille,3,5,1,False,Loss
2964153,1,EWI,USE,EWI,USE,Blue,Aatrox,4,8,2,False,Loss
2964153,1,EWI,USE,EWI,USE,Blue,Ambessa,5,10,2,False,Loss
2964153,1,EWI,USE,USE,EWI,Red,Cassiopeia,1,2,1,True,Win
2964153,1,EWI,USE,USE,EWI,Red,Poppy,2,4,1,True,Win
2964153,1,EWI,USE,USE,EWI,Red,Orianna,3,6,1,True,Win
2964153,1,EWI,USE,USE,EWI,Red,Naafiri,4,7,2,True,Win
2964153,1,EWI,USE,USE,EWI,Red,Viego,5,9,2,True,Win
2964154,1,SGE,KHK,SGE,KHK,Blue,Varus,1,1,1,False,Loss
2964154,1,SGE,KHK,SGE,KHK,Blue,Camille,2,3,1,False,Loss
2964154,1,SGE,KHK,SGE,KHK,Blue,Akali,3,5,1,False,Loss
2964154,1,SGE,KHK,SGE,KHK,Blue,Vayne,4,8,2,False,Loss
2964154,1,SGE,KHK,SGE,KHK,Blue,Olaf,5,10,2,False,Loss
2964154,1,SGE,KHK,KHK,SGE,Red,Nocturne,1,2,1,True,Win
2964154,1,SGE,KHK,KHK,SGE,Red,Ziggs,2,4,1,True,Win
2964154,1,SGE,KHK,KHK,SGE,Red,Orianna,3,6,1,True,Win
2964154,1,SGE,KHK,KHK,SGE,Red,Lee Sin,4,7,2,True,Win
2964154,1,SGE,KHK,KHK,SGE,Red,Skarner,5,9,2,True,Win
2964155,1,ROSS,TOG,ROSS,TOG,Blue,Orianna,1,1,1,False,Loss
2964155,1,ROSS,TOG,ROSS,TOG,Blue,Cassiopeia,2,3,1,False,Loss
2964155,1,ROSS,TOG,ROSS,TOG,Blue,Skarner,3,5,1,False,Loss
2964155,1,ROSS,TOG,ROSS,TOG,Blue,LeBlanc,4,8,2,False,Loss
2964155,1,ROSS,TOG,ROSS,TOG,Blue,Akali,5,10,2,False,Loss
2964155,1,ROSS,TOG,TOG,ROSS,Red,Lucian,1,2,1,True,Win
2964155,1,ROSS,TOG,TOG,ROSS,Red,Aatrox,2,4,1,True,Win
2964155,1,ROSS,TOG,TOG,ROSS,Red,Aurora,3,6,1,True,Win
2964155,1,ROSS,TOG,TOG,ROSS,Red,Bard,4,7,2,True,Win
2964155,1,ROSS,TOG,TOG,ROSS,Red,Neeko,5,9,2,True,Win
2964156,1,EWI,SGE,EWI,SGE,Blue,Nocturne,1,1,1,True,Win
2964156,1,EWI,SGE,EWI,SGE,Blue,Jayce,2,3,1,True,Win
2964156,1,EWI,SGE,EWI,SGE,Blue,Bard,3,5,1,True,Win
2964156,1,EWI,SGE,EWI,SGE,Blue,Syndra,4,8,2,True,Win
2964156,1,EWI,SGE,EWI,SGE,Blue,Anivia,5,10,2,True,Win
2964156,1,EWI,SGE,SGE,EWI,Red,Orianna,1,2,1,False,Loss
2964156,1,EWI,SGE,SGE,EWI,Red,Cassiopeia,2,4,1,False,Loss
2964156,1,EWI,SGE,SGE,EWI,Red,Poppy,3,6,1,False,Loss
2964156,1,EWI,SGE,SGE,EWI,Red,Dr. Mundo,4,7,2,False,Loss
2964156,1,EWI,SGE,SGE,EWI,Red,Viego,5,9,2,False,Loss
2964157,1,VFB,BIG,VFB,BIG,Blue,Rumble,1,1,1,False,Loss
2964157,1,VFB,BIG,VFB,BIG,Blue,Cassiopeia,2,3,1,False,Loss
2964157,1,VFB,BIG,VFB,BIG,Blue,Orianna,3,5,1,False,Loss
2964157,1,VFB,BIG,VFB,BIG,Blue,Camille,4,8,2,False,Loss
2964157,1,VFB,BIG,VFB,BIG,Blue,Ezreal,5,10,2,False,Loss
2964157,1,VFB,BIG,BIG,VFB,Red,Jayce,1,2,1,True,Win
2964157,1,VFB,BIG,BIG,VFB,Red,Nocturne,2,4,1,True,Win
2964157,1,VFB,BIG,BIG,VFB,Red,Ziggs,3,6,1,True,Win
2964157,1,VFB,BIG,BIG,VFB,Red,Vayne,4,7,2,True,Win
2964157,1,VFB,BIG,BIG,VFB,Red,Galio,5,9,2,True,Win
2964158,1,ROSS,KHK,ROSS,KHK,Blue,Varus,1,1,1,True,Win
2964158,1,ROSS,KHK,ROSS,KHK,Blue,Vayne,2,3,1,True,Win
2964158,1,ROSS,KHK,ROSS,KHK,Blue,Nocturne,3,5,1,True,Win
2964158,1,ROSS,KHK,ROSS,KHK,Blue,Poppy,4,8,2,True,Win
2964158,1,ROSS,KHK,ROSS,KHK,Blue,Camille,5,10,2,True,Win
2964158,1,ROSS,KHK,KHK,ROSS,Red,Sion,1,2,1,False,Loss
2964158,1,ROSS,KHK,KHK,ROSS,Red,Akali,2,4,1,False,Loss
2964158,1,ROSS,KHK,KHK,ROSS,Red,Jarvan IV,3,6,1,False,Loss
2964158,1,ROSS,KHK,KHK,ROSS,Red,Wukong,4,7,2,False,Loss
2964158,1,ROSS,KHK,KHK,ROSS,Red,Aatrox,5,9,2,False,Loss
2964159,1,G2N,TOG,G2N,TOG,Blue,Poppy,1,1,1,True,Win
2964159,1,G2N,TOG,G2N,TOG,Blue,Nocturne,2,3,1,True,Win
2964159,1,G2N,TOG,G2N,TOG,Blue,Vi,3,5,1,True,Win
2964159,1,G2N,TOG,G2N,TOG,Blue,Leona,4,8,2,True,Win
2964159,1,G2N,TOG,G2N,TOG,Blue,Shen,5,10,2,True,Win
2964159,1,G2N,TOG,TOG,G2N,Red,Ziggs,1,2,1,False,Loss
2964159,1,G2N,TOG,TOG,G2N,Red,Lee Sin,2,4,1,False,Loss
2964159,1,G2N,TOG,TOG,G2N,Red,Cassiopeia,3,6,1,False,Loss
2964159,1,G2N,TOG,TOG,G2N,Red,K'Sante,4,7,2,False,Loss
2964159,1,G2N,TOG,TOG,G2N,Red,Sion,5,9,2,False,Loss
2964160,1,VFB,KHK,VFB,KHK,Blue,Varus,1,1,1,False,Loss
2964160,1,VFB,KHK,VFB,KHK,Blue,Poppy,2,3,1,False,Loss
2964160,1,VFB,KHK,VFB,KHK,Blue,Nocturne,3,5,1,False,Loss
2964160,1,VFB,KHK,VFB,KHK,Blue,Vayne,4,8,2,False,Loss
2964160,1,VFB,KHK,VFB,KHK,Blue,Gnar,5,10,2,False,Loss
2964160,1,VFB,KHK,KHK,VFB,Red,Jayce,1,2,1,True,Win
2964160,1,VFB,KHK,KHK,VFB,Red,Caitlyn,2,4,1,True,Win
2964160,1,VFB,KHK,KHK,VFB,Red,Jarvan IV,3,6,1,True,Win
2964160,1,VFB,KHK,KHK,VFB,Red,Anivia,4,7,2,True,Win
2964160,1,VFB,KHK,KHK,VFB,Red,Viktor,5,9,2,True,Win
2964161,1,SGE,EINS,SGE,EINS,Blue,Bard,1,1,1,False,Loss
2964161,1,SGE,EINS,SGE,EINS,Blue,Syndra,2,3,1,False,Loss
2964161,1,SGE,EINS,SGE,EINS,Blue,Viktor,3,5,1,False,Loss
2964161,1,SGE,EINS,SGE,EINS,Blue,Vayne,4,8,2,False,Loss
2964161,1,SGE,EINS,SGE,EINS,Blue,Gnar,5,10,2,False,Loss
2964161,1,SGE,EINS,EINS,SGE,Red,Jarvan IV,1,2,1,True,Win
2964161,1,SGE,EINS,EINS,SGE,Red,Nocturne,2,4,1,True,Win
2964161,1,SGE,EINS,EINS,SGE,Red,Orianna,3,6,1,True,Win
2964161,1,SGE,EINS,EINS,SGE,Red,Jayce,4,7,2,True,Win
2964161,1,SGE,EINS,EINS,SGE,Red,Olaf,5,9,2,True,Win
2964162,1,USE,TOG,USE,TOG,Blue,Jarvan IV,1,1,1,True,Win
2964162,1,USE,TOG,USE,TOG,Blue,Nocturne,2,3,1,True,Win
2964162,1,USE,TOG,USE,TOG,Blue,Poppy,3,5,1,True,Win
2964162,1,USE,TOG,USE,TOG,Blue,Lulu,4,8,2,True,Win
2964162,1,USE,TOG,USE,TOG,Blue,Ryze,5,10,2,True,Win
2964162,1,USE,TOG,TOG,USE,Red,Cassiopeia,1,2,1,False,Loss
2964162,1,USE,TOG,TOG,USE,Red,Camille,2,4,1,False,Loss
2964162,1,USE,TOG,TOG,USE,Red,Lee Sin,3,6,1,False,Loss
2964162,1,USE,TOG,TOG,USE,Red,Annie,4,7,2,False,Loss
2964162,1,USE,TOG,TOG,USE,Red,Orianna,5,9,2,False,Loss
2964163,1,BIG,G2N,BIG,G2N,Blue,Vi,1,1,1,False,Loss
2964163,1,BIG,G2N,BIG,G2N,Blue,Poppy,2,3,1,False,Loss
2964163,1,BIG,G2N,BIG,G2N,Blue,Nocturne,3,5,1,False,Loss
2964163,1,BIG,G2N,BIG,G2N,Blue,Galio,4,8,2,False,Loss
2964163,1,BIG,G2N,BIG,G2N,Blue,Ryze,5,10,2,False,Loss
2964163,1,BIG,G2N,G2N,BIG,Red,Cassiopeia,1,2,1,True,Win
2964163,1,BIG,G2N,G2N,BIG,Red,Bard,2,4,1,True,Win
2964163,1,BIG,G2N,G2N,BIG,Red,Orianna,3,6,1,True,Win
2964163,1,BIG,G2N,G2N,BIG,Red,Leona,4,7,2,True,Win
2964163,1,BIG,G2N,G2N,BIG,Red,Nautilus,5,9,2,True,Win
2964164,1,BIG,EINS,BIG,EINS,Blue,Vi,1,1,1,False,Loss
2964164,1,BIG,EINS,BIG,EINS,Blue,Nocturne,2,3,1,False,Loss
2964164,1,BIG,EINS,BIG,EINS,Blue,Jayce,3,5,1,False,Loss
2964164,1,BIG,EINS,BIG,EINS,Blue,Caitlyn,4,8,2,False,Loss
2964164,1,BIG,EINS,BIG,EINS,Blue,Vayne,5,10,2,False,Loss
2964164,1,BIG,EINS,EINS,BIG,Red,Camille,1,2,1,True,Win
2964164,1,BIG,EINS,EINS,BIG,Red,Lee Sin,2,4,1,True,Win
2964164,1,BIG,EINS,EINS,BIG,Red,Gnar,3,6,1,True,Win
2964164,1,BIG,EINS,EINS,BIG,Red,Rumble,4,7,2,True,Win
2964164,1,BIG,EINS,EINS,BIG,Red,Cassiopeia,5,9,2,True,Win
2964165,1,G2N,EINS,G2N,EINS,Blue,Poppy,1,1,1,True,Win
2964165,1,G2N,EINS,G2N,EINS,Blue,Nocturne,2,3,1,True,Win
2964165,1,G2N,EINS,G2N,EINS,Blue,Dr. Mundo,3,5,1,True,Win
2964165,1,G2N,EINS,G2N,EINS,Blue,Vayne,4,8,2,True,Win
2964165,1,G2N,EINS,G2N,EINS,Blue,Jhin,5,10,2,True,Win
2964165,1,G2N,EINS,EINS,G2N,Red,Lee Sin,1,2,1,False,Loss
2964165,1,G2N,EINS,EINS,G2N,Red,Ambessa,2,4,1,False,Loss
2964165,1,G2N,EINS,EINS,G2N,Red,Akali,3,6,1,False,Loss
2964165,1,G2N,EINS,EINS,G2N,Red,Rumble,4,7,2,False,Loss
2964165,1,G2N,EINS,EINS,G2N,Red,Gnar,5,9,2,False,Loss
2964166,1,EWI,VFB,EWI,VFB,Blue,Nocturne,1,1,1,True,Win
2964166,1,EWI,VFB,EWI,VFB,Blue,Jarvan IV,2,3,1,True,Win
2964166,1,EWI,VFB,EWI,VFB,Blue,Lee Sin,3,5,1,True,Win
2964166,1,EWI,VFB,EWI,VFB,Blue,Ezreal,4,8,2,True,Win
2964166,1,EWI,VFB,EWI,VFB,Blue,Ziggs,5,10,2,True,Win
2964166,1,EWI,VFB,VFB,EWI,Red,Poppy,1,2,1,False,Loss
2964166,1,EWI,VFB,VFB,EWI,Red,Orianna,2,4,1,False,Loss
2964166,1,EWI,VFB,VFB,EWI,Red,Cassiopeia,3,6,1,False,Loss
2964166,1,EWI,VFB,VFB,EWI,Red,Dr. Mundo,4,7,2,False,Loss
2964166,1,EWI,VFB,VFB,EWI,Red,Wukong,5,9,2,False,Loss
2964167,1,USE,ROSS,USE,ROSS,Blue,Aatrox,1,1,1,True,Win
2964167,1,USE,ROSS,USE,ROSS,Blue,Jayce,2,3,1,True,Win
2964167,1,USE,ROSS,USE,ROSS,Blue,Jarvan IV,3,5,1,True,Win
2964167,1,USE,ROSS,USE,ROSS,Blue,Aurora,4,8,2,True,Win
2964167,1,USE,ROSS,USE,ROSS,Blue,Sylas,5,10,2,True,Win
2964167,1,USE,ROSS,ROSS,USE,Red,Orianna,1,2,1,False,Loss
2964167,1,USE,ROSS,ROSS,USE,Red,Cassiopeia,2,4,1,False,Loss
2964167,1,USE,ROSS,ROSS,USE,Red,Lee Sin,3,6,1,False,Loss
2964167,1,USE,ROSS,ROSS,USE,Red,Annie,4,7,2,False,Loss
2964167,1,USE,ROSS,ROSS,USE,Red,Renekton,5,9,2,False,Loss
2978251,1,SGE,EINS,SGE,EINS,Blue,Bard,1,1,1,False,Loss
2978251,1,SGE,EINS,SGE,EINS,Blue,Syndra,2,3,1,False,Loss
2978251,1,SGE,EINS,SGE,EINS,Blue,Viktor,3,5,1,False,Loss
2978251,1,SGE,EINS,SGE,EINS,Blue,Vayne,4,8,2,False,Loss
2978251,1,SGE,EINS,SGE,EINS,Blue,Renekton,5,10,2,False,Loss
2978251,1,SGE,EINS,EINS,SGE,Red,Nocturne,1,2,1,True,Win
2978251,1,SGE,EINS,EINS,SGE,Red,Jayce,2,4,1,True,Win
2978251,1,SGE,EINS,EINS,SGE,Red,Orianna,3,6,1,True,Win
2978251,1,SGE,EINS,EINS,SGE,Red,Skarner,4,7,2,True,Win
2978251,1,SGE,EINS,EINS,SGE,Red,Olaf,5,9,2,True,Win
2978251,2,EINS,SGE,EINS,SGE,Blue,Jayce,1,1,1,True,Win
2978251,2,EINS,SGE,EINS,SGE,Blue,Camille,2,3,1,True,Win
2978251,2,EINS,SGE,EINS,SGE,Blue,Lee Sin,3,5,1,True,Win
2978251,2,EINS,SGE,EINS,SGE,Blue,Viktor,4,8,2,True,Win
2978251,2,EINS,SGE,EINS,SGE,Blue,Olaf,5,10,2,True,Win
2978251,2,EINS,SGE,SGE,EINS,Red,Bard,1,2,1,False,Loss
2978251,2,EINS,SGE,SGE,EINS,Red,Orianna,2,4,1,False,Loss
2978251,2,EINS,SGE,SGE,EINS,Red,Nocturne,3,6,1,False,Loss
2978251,2,EINS,SGE,SGE,EINS,Red,Rell,4,7,2,False,Loss
2978251,2,EINS,SGE,SGE,EINS,Red,Alistar,5,9,2,False,Loss
2978252,1,BIG,EWI,BIG,EWI,Blue,Nocturne,1,1,1,True,Win
2978252,1,BIG,EWI,BIG,EWI,Blue,Poppy,2,3,1,True,Win
2978252,1,BIG,EWI,BIG,EWI,Blue,Naafiri,3,5,1,True,Win
2978252,1,BIG,EWI,BIG,EWI,Blue,Pyke,4,8,2,True,Win
2978252,1,BIG,EWI,BIG,EWI,Blue,Viktor,5,10,2,True,Win
2978252,1,BIG,EWI,EWI,BIG,Red,Cassiopeia,1,2,1,False,Loss
2978252,1,BIG,EWI,EWI,BIG,Red,Orianna,2,4,1,False,Loss
2978252,1,BIG,EWI,EWI,BIG,Red,ID:805,3,6,1,False,Loss
2978252,1,BIG,EWI,EWI,BIG,Red,Nautilus,4,7,2,False,Loss
2978252,1,BIG,EWI,EWI,BIG,Red,Camille,5,9,2,False,Loss
2978252,2,EWI,BIG,EWI,BIG,Blue,Aatrox,1,1,1,True,Win
2978252,2,EWI,BIG,EWI,BIG,Blue,Naafiri,2,3,1,True,Win
2978252,2,EWI,BIG,EWI,BIG,Blue,Cassiopeia,3,5,1,True,Win
2978252,2,EWI,BIG,EWI,BIG,Blue,Akali,4,8,2,True,Win
2978252,2,EWI,BIG,EWI,BIG,Blue,Anivia,5,10,2,True,Win
2978252,2,EWI,BIG,BIG,EWI,Red,Nocturne,1,2,1,False,Loss
2978252,2,EWI,BIG,BIG,EWI,Red,Poppy,2,4,1,False,Loss
2978252,2,EWI,BIG,BIG,EWI,Red,Orianna,3,6,1,False,Loss
2978252,2,EWI,BIG,BIG,EWI,Red,Nautilus,4,7,2,False,Loss
2978252,2,EWI,BIG,BIG,EWI,Red,Kennen,5,9,2,False,Loss
2978252,3,EWI,BIG,EWI,BIG,Blue,Aatrox,1,1,1,False,Loss
2978252,3,EWI,BIG,EWI,BIG,Blue,Jarvan IV,2,3,1,False,Loss
2978252,3,EWI,BIG,EWI,BIG,Blue,Naafiri,3,5,1,False,Loss
2978252,3,EWI,BIG,EWI,BIG,Blue,Viktor,4,8,2,False,Loss
2978252,3,EWI,BIG,EWI,BIG,Blue,LeBlanc,5,10,2,False,Loss
2978252,3,EWI,BIG,BIG,EWI,Red,Nocturne,1,2,1,True,Win
2978252,3,EWI,BIG,BIG,EWI,Red,Poppy,2,4,1,True,Win
2978252,3,EWI,BIG,BIG,EWI,Red,Varus,3,6,1,True,Win
2978252,3,EWI,BIG,BIG,EWI,Red,Rell,4,7,2,True,Win
2978252,3,EWI,BIG,BIG,EWI,Red,Nautilus,5,9,2,True,Win
2978253,1,TOG,G2N,TOG,G2N,Blue,Ziggs,1,1,1,False,Loss
2978253,1,TOG,G2N,TOG,G2N,Blue,Jarvan IV,2,3,1,False,Loss
2978253,1,TOG,G2N,TOG,G2N,Blue,Cassiopeia,3,5,1,False,Loss
2978253,1,TOG,G2N,TOG,G2N,Blue,Leona,4,8,2,False,Loss
2978253,1,TOG,G2N,TOG,G2N,Blue,Bard,5,10,2,False,Loss
2978253,1,TOG,G2N,G2N,TOG,Red,Nocturne,1,2,1,True,Win
2978253,1,TOG,G2N,G2N,TOG,Red,ID:805,2,4,1,True,Win
2978253,1,TOG,G2N,G2N,TOG,Red,Syndra,3,6,1,True,Win
2978253,1,TOG,G2N,G2N,TOG,Red,Jayce,4,7,2,True,Win
2978253,1,TOG,G2N,G2N,TOG,Red,Yone,5,9,2,True,Win
2978253,2,TOG,G2N,TOG,G2N,Blue,Ziggs,1,1,1,False,Loss
2978253,2,TOG,G2N,TOG,G2N,Blue,Jarvan IV,2,3,1,False,Loss
2978253,2,TOG,G2N,TOG,G2N,Blue,Naafiri,3,5,1,False,Loss
2978253,2,TOG,G2N,TOG,G2N,Blue,Ambessa,4,8,2,False,Loss
2978253,2,TOG,G2N,TOG,G2N,Blue,Gwen,5,10,2,False,Loss
2978253,2,TOG,G2N,G2N,TOG,Red,ID:805,1,2,1,True,Win
2978253,2,TOG,G2N,G2N,TOG,Red,Syndra,2,4,1,True,Win
2978253,2,TOG,G2N,G2N,TOG,Red,Vi,3,6,1,True,Win
2978253,2,TOG,G2N,G2N,TOG,Red,Poppy,4,7,2,True,Win
2978253,2,TOG,G2N,G2N,TOG,Red,Malphite,5,9,2,True,Win
2978254,1,KHK,USE,KHK,USE,Blue,Jarvan IV,1,1,1,False,Loss
2978254,1,KHK,USE,KHK,USE,Blue,Cassiopeia,2,3,1,False,Loss
2978254,1,KHK,USE,KHK,USE,Blue,Annie,3,5,1,False,Loss
2978254,1,KHK,USE,KHK,USE,Blue,Sion,4,8,2,False,Loss
2978254,1,KHK,USE,KHK,USE,Blue,Renekton,5,10,2,False,Loss
2978254,1,KHK,USE,USE,KHK,Red,ID:805,1,2,1,True,Win
2978254,1,KHK,USE,USE,KHK,Red,Nocturne,2,4,1,True,Win
2978254,1,KHK,USE,USE,KHK,Red,Ziggs,3,6,1,True,Win
2978254,1,KHK,USE,USE,KHK,Red,Ezreal,4,7,2,True,Win
2978254,1,KHK,USE,USE,KHK,Red,Gnar,5,9,2,True,Win
2978254,2,USE,KHK,USE,KHK,Blue,Varus,1,1,1,True,Win
2978254,2,USE,KHK,USE,KHK,Blue,Jarvan IV,2,3,1,True,Win
2978254,2,USE,KHK,USE,KHK,Blue,Jayce,3,5,1,True,Win
2978254,2,USE,KHK,USE,KHK,Blue,Lucian,4,8,2,True,Win
2978254,2,USE,KHK,USE,KHK,Blue,Kai'Sa,5,10,2,True,Win
2978254,2,USE,KHK,KHK,USE,Red,Cassiopeia,1,2,1,False,Loss
2978254,2,USE,KHK,KHK,USE,Red,Ryze,2,4,1,False,Loss
2978254,2,USE,KHK,KHK,USE,Red,Naafiri,3,6,1,False,Loss
2978254,2,USE,KHK,KHK,USE,Red,Lulu,4,7,2,False,Loss
2978254,2,USE,KHK,KHK,USE,Red,Rakan,5,9,2,False,Loss
2978256,1,SGE,BIG,SGE,BIG,Blue,Cassiopeia,1,1,1,True,Win
2978256,1,SGE,BIG,SGE,BIG,Blue,Naafiri,2,3,1,True,Win
2978256,1,SGE,BIG,SGE,BIG,Blue,Bard,3,5,1,True,Win
2978256,1,SGE,BIG,SGE,BIG,Blue,Anivia,4,8,2,True,Win
2978256,1,SGE,BIG,SGE,BIG,Blue,Rumble,5,10,2,True,Win
2978256,1,SGE,BIG,BIG,SGE,Red,Nocturne,1,2,1,False,Loss
2978256,1,SGE,BIG,BIG,SGE,Red,ID:805,2,4,1,False,Loss
2978256,1,SGE,BIG,BIG,SGE,Red,Vi,3,6,1,False,Loss
2978256,1,SGE,BIG,BIG,SGE,Red,Ezreal,4,7,2,False,Loss
2978256,1,SGE,BIG,BIG,SGE,Red,Syndra,5,9,2,False,Loss
2978256,2,BIG,SGE,BIG,SGE,Blue,Nocturne,1,1,1,True,Win
2978256,2,BIG,SGE,BIG,SGE,Blue,Vi,2,3,1,True,Win
2978256,2,BIG,SGE,BIG,SGE,Blue,Ezreal,3,5,1,True,Win
2978256,2,BIG,SGE,BIG,SGE,Blue,Akali,4,8,2,True,Win
2978256,2,BIG,SGE,BIG,SGE,Blue,LeBlanc,5,10,2,True,Win
2978256,2,BIG,SGE,SGE,BIG,Red,Naafiri,1,2,1,False,Loss
2978256,2,BIG,SGE,SGE,BIG,Red,Cassiopeia,2,4,1,False,Loss
2978256,2,BIG,SGE,SGE,BIG,Red,ID:805,3,6,1,False,Loss
2978256,2,BIG,SGE,SGE,BIG,Red,Bard,4,7,2,False,Loss
2978256,2,BIG,SGE,SGE,BIG,Red,Kai'Sa,5,9,2,False,Loss
2978256,3,BIG,SGE,BIG,SGE,Blue,Nocturne,1,1,1,True,Win
2978256,3,BIG,SGE,BIG,SGE,Blue,Vi,2,3,1,True,Win
2978256,3,BIG,SGE,BIG,SGE,Blue,Gnar,3,5,1,True,Win
2978256,3,BIG,SGE,BIG,SGE,Blue,Rell,4,8,2,True,Win
2978256,3,BIG,SGE,BIG,SGE,Blue,Pyke,5,10,2,True,Win
2978256,3,BIG,SGE,SGE,BIG,Red,Naafiri,1,2,1,False,Loss
2978256,3,BIG,SGE,SGE,BIG,Red,Cassiopeia,2,4,1,False,Loss
2978256,3,BIG,SGE,SGE,BIG,Red,ID:805,3,6,1,False,Loss
2978256,3,BIG,SGE,SGE,BIG,Red,Qiyana,4,7,2,False,Loss
2978256,3,BIG,SGE,SGE,BIG,Red,Skarner,5,9,2,False,Loss
2978257,1,EWI,ROSS,EWI,ROSS,Blue,Aatrox,1,1,1,True,Win
2978257,1,EWI,ROSS,EWI,ROSS,Blue,Lucian,2,3,1,True,Win
2978257,1,EWI,ROSS,EWI,ROSS,Blue,Akali,3,5,1,True,Win
2978257,1,EWI,ROSS,EWI,ROSS,Blue,Jayce,4,8,2,True,Win
2978257,1,EWI,ROSS,EWI,ROSS,Blue,Rumble,5,10,2,True,Win
2978257,1,EWI,ROSS,ROSS,EWI,Red,Orianna,1,2,1,False,Loss
2978257,1,EWI,ROSS,ROSS,EWI,Red,Pyke,2,4,1,False,Loss
2978257,1,EWI,ROSS,ROSS,EWI,Red,ID:805,3,6,1,False,Loss
2978257,1,EWI,ROSS,ROSS,EWI,Red,Sion,4,7,2,False,Loss
2978257,1,EWI,ROSS,ROSS,EWI,Red,Kennen,5,9,2,False,Loss
2978257,2,ROSS,EWI,ROSS,EWI,Blue,Orianna,1,1,1,True,Win
2978257,2,ROSS,EWI,ROSS,EWI,Blue,Pyke,2,3,1,True,Win
2978257,2,ROSS,EWI,ROSS,EWI,Blue,Viego,3,5,1,True,Win
2978257,2,ROSS,EWI,ROSS,EWI,Blue,Xin Zhao,4,8,2,True,Win
2978257,2,ROSS,EWI,ROSS,EWI,Blue,Qiyana,5,10,2,True,Win
2978257,2,ROSS,EWI,EWI,ROSS,Red,Aatrox,1,2,1,False,Loss
2978257,2,ROSS,EWI,EWI,ROSS,Red,Lucian,2,4,1,False,Loss
2978257,2,ROSS,EWI,EWI,ROSS,Red,ID:805,3,6,1,False,Loss
2978257,2,ROSS,EWI,EWI,ROSS,Red,Olaf,4,7,2,False,Loss
2978257,2,ROSS,EWI,EWI,ROSS,Red,Aurora,5,9,2,False,Loss
2978257,3,EWI,ROSS,EWI,ROSS,Blue,Aatrox,1,1,1,False,Loss
2978257,3,EWI,ROSS,EWI,ROSS,Blue,Lucian,2,3,1,False,Loss
2978257,3,EWI,ROSS,EWI,ROSS,Blue,Bard,3,5,1,False,Loss
2978257,3,EWI,ROSS,EWI,ROSS,Blue,Aphelios,4,8,2,False,Loss
2978257,3,EWI,ROSS,EWI,ROSS,Blue,Caitlyn,5,10,2,False,Loss
2978257,3,EWI,ROSS,ROSS,EWI,Red,Orianna,1,2,1,True,Win
2978257,3,EWI,ROSS,ROSS,EWI,Red,Pyke,2,4,1,True,Win
2978257,3,EWI,ROSS,ROSS,EWI,Red,ID:805,3,6,1,True,Win
2978257,3,EWI,ROSS,ROSS,EWI,Red,Jhin,4,7,2,True,Win
2978257,3,EWI,ROSS,ROSS,EWI,Red,Seraphine,5,9,2,True,Win
2978261,1,VFB,G2N,VFB,G2N,Blue,Orianna,1,1,1,False,Loss
2978261,1,VFB,G2N,VFB,G2N,Blue,Camille,2,3,1,False,Loss
2978261,1,VFB,G2N,VFB,G2N,Blue,Lee Sin,3,5,1,False,Loss
2978261,1,VFB,G2N,VFB,G2N,Blue,Rell,4,8,2,False,Loss
2978261,1,VFB,G2N,VFB,G2N,Blue,Gnar,5,10,2,False,Loss
2978261,1,VFB,G2N,G2N,VFB,Red,ID:805,1,2,1,True,Win
2978261,1,VFB,G2N,G2N,VFB,Red,Caitlyn,2,4,1,True,Win
2978261,1,VFB,G2N,G2N,VFB,Red,Jayce,3,6,1,True,Win
2978261,1,VFB,G2N,G2N,VFB,Red,Akali,4,7,2,True,Win
2978261,1,VFB,G2N,G2N,VFB,Red,Sion,5,9,2,True,Win
2978261,2,G2N,VFB,G2N,VFB,Blue,Poppy,1,1,1,True,Win
2978261,2,G2N,VFB,G2N,VFB,Blue,Galio,2,3,1,True,Win
2978261,2,G2N,VFB,G2N,VFB,Blue,Jayce,3,5,1,True,Win
2978261,2,G2N,VFB,G2N,VFB,Blue,Sylas,4,8,2,True,Win
2978261,2,G2N,VFB,G2N,VFB,Blue,Yone,5,10,2,True,Win
2978261,2,G2N,VFB,VFB,G2N,Red,Orianna,1,2,1,False,Loss
2978261,2,G2N,VFB,VFB,G2N,Red,Lee Sin,2,4,1,False,Loss
2978261,2,G2N,VFB,VFB,G2N,Red,ID:805,3,6,1,False,Loss
2978261,2,G2N,VFB,VFB,G2N,Red,Kai'Sa,4,7,2,False,Loss
2978261,2,G2N,VFB,VFB,G2N,Red,Akali,5,9,2,False,Loss
2978262,1,USE,TOG,USE,TOG,Blue,Jarvan IV,1,1,1,True,Win
2978262,1,USE,TOG,USE,TOG,Blue,Nocturne,2,3,1,True,Win
2978262,1,USE,TOG,USE,TOG,Blue,Poppy,3,5,1,True,Win
2978262,1,USE,TOG,USE,TOG,Blue,Bard,4,8,2,True,Win
2978262,1,USE,TOG,USE,TOG,Blue,Ezreal,5,10,2,True,Win
2978262,1,USE,TOG,TOG,USE,Red,Cassiopeia,1,2,1,False,Loss
2978262,1,USE,TOG,TOG,USE,Red,Ziggs,2,4,1,False,Loss
2978262,1,USE,TOG,TOG,USE,Red,ID:805,3,6,1,False,Loss
2978262,1,USE,TOG,TOG,USE,Red,Ambessa,4,7,2,False,Loss
2978262,1,USE,TOG,TOG,USE,Red,Mel,5,9,2,False,Loss
2978262,2,USE,TOG,USE,TOG,Blue,Poppy,1,1,1,False,Loss
2978262,2,USE,TOG,USE,TOG,Blue,Jarvan IV,2,3,1,False,Loss
2978262,2,USE,TOG,USE,TOG,Blue,Orianna,3,5,1,False,Loss
2978262,2,USE,TOG,USE,TOG,Blue,Kai'Sa,4,8,2,False,Loss
2978262,2,USE,TOG,USE,TOG,Blue,Sivir,5,10,2,False,Loss
2978262,2,USE,TOG,TOG,USE,Red,Cassiopeia,1,2,1,True,Win
2978262,2,USE,TOG,TOG,USE,Red,Ziggs,2,4,1,True,Win
2978262,2,USE,TOG,TOG,USE,Red,ID:805,3,6,1,True,Win
2978262,2,USE,TOG,TOG,USE,Red,Annie,4,7,2,True,Win
2978262,2,USE,TOG,TOG,USE,Red,Twisted Fate,5,9,2,True,Win
2978262,3,USE,TOG,USE,TOG,Blue,Xin Zhao,1,1,1,True,Win
2978262,3,USE,TOG,USE,TOG,Blue,Nocturne,2,3,1,True,Win
2978262,3,USE,TOG,USE,TOG,Blue,Caitlyn,3,5,1,True,Win
2978262,3,USE,TOG,USE,TOG,Blue,Lulu,4,8,2,True,Win
2978262,3,USE,TOG,USE,TOG,Blue,Poppy,5,10,2,True,Win
2978262,3,USE,TOG,TOG,USE,Red,Ziggs,1,2,1,False,Loss
2978262,3,USE,TOG,TOG,USE,Red,Cassiopeia,2,4,1,False,Loss
2978262,3,USE,TOG,TOG,USE,Red,ID:805,3,6,1,False,Loss
2978262,3,USE,TOG,TOG,USE,Red,Annie,4,7,2,False,Loss
2978262,3,USE,TOG,TOG,USE,Red,Naafiri,5,9,2,False,Loss
2978263,1,ROSS,EINS,ROSS,EINS,Blue,Poppy,1,1,1,True,Win
2978263,1,ROSS,EINS,ROSS,EINS,Blue,Nocturne,2,3,1,True,Win
2978263,1,ROSS,EINS,ROSS,EINS,Blue,Orianna,3,5,1,True,Win
2978263,1,ROSS,EINS,ROSS,EINS,Blue,Vayne,4,8,2,True,Win
2978263,1,ROSS,EINS,ROSS,EINS,Blue,Cassiopeia,5,10,2,True,Win
2978263,1,ROSS,EINS,EINS,ROSS,Red,ID:805,1,2,1,False,Loss
2978263,1,ROSS,EINS,EINS,ROSS,Red,Lucian,2,4,1,False,Loss
2978263,1,ROSS,EINS,EINS,ROSS,Red,Naafiri,3,6,1,False,Loss
2978263,1,ROSS,EINS,EINS,ROSS,Red,Irelia,4,7,2,False,Loss
2978263,1,ROSS,EINS,EINS,ROSS,Red,Rumble,5,9,2,False,Loss
2978263,2,EINS,ROSS,EINS,ROSS,Blue,ID:805,1,1,1,True,Win
2978263,2,EINS,ROSS,EINS,ROSS,Blue,Poppy,2,3,1,True,Win
2978263,2,EINS,ROSS,EINS,ROSS,Blue,Jarvan IV,3,5,1,True,Win
2978263,2,EINS,ROSS,EINS,ROSS,Blue,Akali,4,8,2,True,Win
2978263,2,EINS,ROSS,EINS,ROSS,Blue,LeBlanc,5,10,2,True,Win
2978263,2,EINS,ROSS,ROSS,EINS,Red,Orianna,1,2,1,False,Loss
2978263,2,EINS,ROSS,ROSS,EINS,Red,Cassiopeia,2,4,1,False,Loss
2978263,2,EINS,ROSS,ROSS,EINS,Red,Nocturne,3,6,1,False,Loss
2978263,2,EINS,ROSS,ROSS,EINS,Red,Vayne,4,7,2,False,Loss
2978263,2,EINS,ROSS,ROSS,EINS,Red,Varus,5,9,2,False,Loss
2978263,3,ROSS,EINS,ROSS,EINS,Blue,Orianna,1,1,1,False,Loss
2978263,3,ROSS,EINS,ROSS,EINS,Blue,Anivia,2,3,1,False,Loss
2978263,3,ROSS,EINS,ROSS,EINS,Blue,Nocturne,3,5,1,False,Loss
2978263,3,ROSS,EINS,ROSS,EINS,Blue,LeBlanc,4,8,2,False,Loss
2978263,3,ROSS,EINS,ROSS,EINS,Blue,Rumble,5,10,2,False,Loss
2978263,3,ROSS,EINS,EINS,ROSS,Red,ID:805,1,2,1,True,Win
2978263,3,ROSS,EINS,EINS,ROSS,Red,Cassiopeia,2,4,1,True,Win
2978263,3,ROSS,EINS,EINS,ROSS,Red,Camille,3,6,1,True,Win
2978263,3,ROSS,EINS,EINS,ROSS,Red,Akali,4,7,2,True,Win
2978263,3,ROSS,EINS,EINS,ROSS,Red,Ambessa,5,9,2,True,Win
2978264,1,KHK,VFB,KHK,VFB,Blue,Jarvan IV,1,1,1,False,Loss
2978264,1,KHK,VFB,KHK,VFB,Blue,Caitlyn,2,3,1,False,Loss
2978264,1,KHK,VFB,KHK,VFB,Blue,Jayce,3,5,1,False,Loss
2978264,1,KHK,VFB,KHK,VFB,Blue,Renekton,4,8,2,False,Loss
2978264,1,KHK,VFB,KHK,VFB,Blue,Galio,5,10,2,False,Loss
2978264,1,KHK,VFB,VFB,KHK,Red,Orianna,1,2,1,True,Win
2978264,1,KHK,VFB,VFB,KHK,Red,ID:805,2,4,1,True,Win
2978264,1,KHK,VFB,VFB,KHK,Red,Camille,3,6,1,True,Win
2978264,1,KHK,VFB,VFB,KHK,Red,Vayne,4,7,2,True,Win
2978264,1,KHK,VFB,VFB,KHK,Red,Gnar,5,9,2,True,Win
2978264,2,VFB,KHK,VFB,KHK,Blue,Camille,1,1,1,False,Loss
2978264,2,VFB,KHK,VFB,KHK,Blue,Nautilus,2,3,1,False,Loss
2978264,2,VFB,KHK,VFB,KHK,Blue,Orianna,3,5,1,False,Loss
2978264,2,VFB,KHK,VFB,KHK,Blue,Vayne,4,8,2,False,Loss
2978264,2,VFB,KHK,VFB,KHK,Blue,Gnar,5,10,2,False,Loss
2978264,2,VFB,KHK,KHK,VFB,Red,Jayce,1,2,1,True,Win
2978264,2,VFB,KHK,KHK,VFB,Red,Jarvan IV,2,4,1,True,Win
2978264,2,VFB,KHK,KHK,VFB,Red,Bard,3,6,1,True,Win
2978264,2,VFB,KHK,KHK,VFB,Red,Alistar,4,7,2,True,Win
2978264,2,VFB,KHK,KHK,VFB,Red,Poppy,5,9,2,True,Win
2978264,3,KHK,VFB,KHK,VFB,Blue,Bard,1,1,1,True,Win
2978264,3,KHK,VFB,KHK,VFB,Blue,Poppy,2,3,1,True,Win
2978264,3,KHK,VFB,KHK,VFB,Blue,Jayce,3,5,1,True,Win
2978264,3,KHK,VFB,KHK,VFB,Blue,Renekton,4,8,2,True,Win
2978264,3,KHK,VFB,KHK,VFB,Blue,Kennen,5,10,2,True,Win
2978264,3,KHK,VFB,VFB,KHK,Red,Orianna,1,2,1,False,Loss
2978264,3,KHK,VFB,VFB,KHK,Red,Camille,2,4,1,False,Loss
2978264,3,KHK,VFB,VFB,KHK,Red,Gnar,3,6,1,False,Loss
2978264,3,KHK,VFB,VFB,KHK,Red,Annie,4,7,2,False,Loss
2978264,3,KHK,VFB,VFB,KHK,Red,LeBlanc,5,9,2,False,Loss
2978266,1,BIG,EINS,BIG,EINS,Blue,Nocturne,1,1,1,False,Loss
2978266,1,BIG,EINS,BIG,EINS,Blue,Poppy,2,3,1,False,Loss
2978266,1,BIG,EINS,BIG,EINS,Blue,Bard,3,5,1,False,Loss
2978266,1,BIG,EINS,BIG,EINS,Blue,Vi,4,8,2,False,Loss
2978266,1,BIG,EINS,BIG,EINS,Blue,Naafiri,5,10,2,False,Loss
2978266,1,BIG,EINS,EINS,BIG,Red,Lee Sin,1,2,1,True,Win
2978266,1,BIG,EINS,EINS,BIG,Red,Camille,2,4,1,True,Win
2978266,1,BIG,EINS,EINS,BIG,Red,Lucian,3,6,1,True,Win
2978266,1,BIG,EINS,EINS,BIG,Red,Rumble,4,7,2,True,Win
2978266,1,BIG,EINS,EINS,BIG,Red,Olaf,5,9,2,True,Win
2978266,2,BIG,EINS,BIG,EINS,Blue,Nocturne,1,1,1,True,Win
2978266,2,BIG,EINS,BIG,EINS,Blue,Vi,2,3,1,True,Win
2978266,2,BIG,EINS,BIG,EINS,Blue,Bard,3,5,1,True,Win
2978266,2,BIG,EINS,BIG,EINS,Blue,Vayne,4,8,2,True,Win
2978266,2,BIG,EINS,BIG,EINS,Blue,Jayce,5,10,2,True,Win
2978266,2,BIG,EINS,EINS,BIG,Red,Lee Sin,1,2,1,False,Loss
2978266,2,BIG,EINS,EINS,BIG,Red,Orianna,2,4,1,False,Loss
2978266,2,BIG,EINS,EINS,BIG,Red,Lucian,3,6,1,False,Loss
2978266,2,BIG,EINS,EINS,BIG,Red,Ambessa,4,7,2,False,Loss
2978266,2,BIG,EINS,EINS,BIG,Red,Rumble,5,9,2,False,Loss
2978266,3,EINS,BIG,EINS,BIG,Blue,Lucian,1,1,1,False,Loss
2978266,3,EINS,BIG,EINS,BIG,Blue,Camille,2,3,1,False,Loss
2978266,3,EINS,BIG,EINS,BIG,Blue,Vi,3,5,1,False,Loss
2978266,3,EINS,BIG,EINS,BIG,Blue,Seraphine,4,8,2,False,Loss
2978266,3,EINS,BIG,EINS,BIG,Blue,Lulu,5,10,2,False,Loss
2978266,3,EINS,BIG,BIG,EINS,Red,Nocturne,1,2,1,False,Loss
2978266,3,EINS,BIG,BIG,EINS,Red,Bard,2,4,1,False,Loss
2978266,3,EINS,BIG,BIG,EINS,Red,Orianna,3,6,1,False,Loss
2978266,3,EINS,BIG,BIG,EINS,Red,Vayne,4,7,2,False,Loss
2978266,3,EINS,BIG,BIG,EINS,Red,Jayce,5,9,2,False,Loss
2978267,1,USE,VFB,USE,VFB,Blue,Poppy,1,1,1,True,Win
2978267,1,USE,VFB,USE,VFB,Blue,Jarvan IV,2,3,1,True,Win
2978267,1,USE,VFB,USE,VFB,Blue,Nocturne,3,5,1,True,Win
2978267,1,USE,VFB,USE,VFB,Blue,Jayce,4,8,2,True,Win
2978267,1,USE,VFB,USE,VFB,Blue,Swain,5,10,2,True,Win
2978267,1,USE,VFB,VFB,USE,Red,Cassiopeia,1,2,1,False,Loss
2978267,1,USE,VFB,VFB,USE,Red,Orianna,2,4,1,False,Loss
2978267,1,USE,VFB,VFB,USE,Red,Syndra,3,6,1,False,Loss
2978267,1,USE,VFB,VFB,USE,Red,Sivir,4,7,2,False,Loss
2978267,1,USE,VFB,VFB,USE,Red,Varus,5,9,2,False,Loss
2978267,2,USE,VFB,USE,VFB,Blue,Poppy,1,1,1,True,Win
2978267,2,USE,VFB,USE,VFB,Blue,Jarvan IV,2,3,1,True,Win
2978267,2,USE,VFB,USE,VFB,Blue,Skarner,3,5,1,True,Win
2978267,2,USE,VFB,USE,VFB,Blue,Swain,4,8,2,True,Win
2978267,2,USE,VFB,USE,VFB,Blue,Renekton,5,10,2,True,Win
2978267,2,USE,VFB,VFB,USE,Red,Cassiopeia,1,2,1,False,Loss
2978267,2,USE,VFB,VFB,USE,Red,Orianna,2,4,1,False,Loss
2978267,2,USE,VFB,VFB,USE,Red,Syndra,3,6,1,False,Loss
2978267,2,USE,VFB,VFB,USE,Red,Sivir,4,7,2,False,Loss
2978267,2,USE,VFB,VFB,USE,Red,Kai'Sa,5,9,2,False,Loss
2978268,1,EWI,SGE,EWI,SGE,Blue,Lee Sin,1,1,1,False,Loss
2978268,1,EWI,SGE,EWI,SGE,Blue,Jayce,2,3,1,False,Loss
2978268,1,EWI,SGE,EWI,SGE,Blue,Galio,3,5,1,False,Loss
2978268,1,EWI,SGE,EWI,SGE,Blue,Vayne,4,8,2,False,Loss
2978268,1,EWI,SGE,EWI,SGE,Blue,Renekton,5,10,2,False,Loss
2978268,1,EWI,SGE,SGE,EWI,Red,Orianna,1,2,1,True,Win
2978268,1,EWI,SGE,SGE,EWI,Red,Pyke,2,4,1,True,Win
2978268,1,EWI,SGE,SGE,EWI,Red,ID:805,3,6,1,True,Win
2978268,1,EWI,SGE,SGE,EWI,Red,Poppy,4,7,2,True,Win
2978268,1,EWI,SGE,SGE,EWI,Red,Kennen,5,9,2,True,Win
2978268,2,EWI,SGE,EWI,SGE,Blue,Lee Sin,1,1,1,True,Win
2978268,2,EWI,SGE,EWI,SGE,Blue,Jayce,2,3,1,True,Win
2978268,2,EWI,SGE,EWI,SGE,Blue,Galio,3,5,1,True,Win
2978268,2,EWI,SGE,EWI,SGE,Blue,Rumble,4,8,2,True,Win
2978268,2,EWI,SGE,EWI,SGE,Blue,Ambessa,5,10,2,True,Win
2978268,2,EWI,SGE,SGE,EWI,Red,Orianna,1,2,1,False,Loss
2978268,2,EWI,SGE,SGE,EWI,Red,Pyke,2,4,1,False,Loss
2978268,2,EWI,SGE,SGE,EWI,Red,ID:805,3,6,1,False,Loss
2978268,2,EWI,SGE,SGE,EWI,Red,Poppy,4,7,2,False,Loss
2978268,2,EWI,SGE,SGE,EWI,Red,Nautilus,5,9,2,False,Loss
2978268,3,SGE,EWI,SGE,EWI,Blue,Pyke,1,1,1,False,Loss
2978268,3,SGE,EWI,SGE,EWI,Blue,Poppy,2,3,1,False,Loss
2978268,3,SGE,EWI,SGE,EWI,Blue,Naafiri,3,5,1,False,Loss
2978268,3,SGE,EWI,SGE,EWI,Blue,Neeko,4,8,2,False,Loss
2978268,3,SGE,EWI,SGE,EWI,Blue,Taric,5,10,2,False,Loss
2978268,3,SGE,EWI,EWI,SGE,Red,Orianna,1,2,1,True,Win
2978268,3,SGE,EWI,EWI,SGE,Red,Lee Sin,2,4,1,True,Win
2978268,3,SGE,EWI,EWI,SGE,Red,Jayce,3,6,1,True,Win
2978268,3,SGE,EWI,EWI,SGE,Red,Nocturne,4,7,2,True,Win
2978268,3,SGE,EWI,EWI,SGE,Red,Skarner,5,9,2,True,Win
2978269,1,TOG,KHK,TOG,KHK,Blue,Ambessa,1,1,1,False,Loss
2978269,1,TOG,KHK,TOG,KHK,Blue,Gnar,2,3,1,False,Loss
2978269,1,TOG,KHK,TOG,KHK,Blue,Varus,3,5,1,False,Loss
2978269,1,TOG,KHK,TOG,KHK,Blue,Vayne,4,8,2,False,Loss
2978269,1,TOG,KHK,TOG,KHK,Blue,Jayce,5,10,2,False,Loss
2978269,1,TOG,KHK,KHK,TOG,Red,Rumble,1,2,1,True,Win
2978269,1,TOG,KHK,KHK,TOG,Red,Nocturne,2,4,1,True,Win
2978269,1,TOG,KHK,KHK,TOG,Red,ID:805,3,6,1,True,Win
2978269,1,TOG,KHK,KHK,TOG,Red,Akali,4,7,2,True,Win
2978269,1,TOG,KHK,KHK,TOG,Red,Sivir,5,9,2,True,Win
2978269,2,KHK,TOG,KHK,TOG,Blue,Rumble,1,1,1,False,Loss
2978269,2,KHK,TOG,KHK,TOG,Blue,Renekton,2,3,1,False,Loss
2978269,2,KHK,TOG,KHK,TOG,Blue,Nocturne,3,5,1,False,Loss
2978269,2,KHK,TOG,KHK,TOG,Blue,Pyke,4,8,2,False,Loss
2978269,2,KHK,TOG,KHK,TOG,Blue,Karma,5,10,2,False,Loss
2978269,2,KHK,TOG,TOG,KHK,Red,Gnar,1,2,1,True,Win
2978269,2,KHK,TOG,TOG,KHK,Red,Ambessa,2,4,1,True,Win
2978269,2,KHK,TOG,TOG,KHK,Red,Varus,3,6,1,True,Win
2978269,2,KHK,TOG,TOG,KHK,Red,Mel,4,7,2,True,Win
2978269,2,KHK,TOG,TOG,KHK,Red,Ziggs,5,9,2,True,Win
2978269,3,TOG,KHK,TOG,KHK,Blue,Gnar,1,1,1,True,Win
2978269,3,TOG,KHK,TOG,KHK,Blue,Ambessa,2,3,1,True,Win
2978269,3,TOG,KHK,TOG,KHK,Blue,Varus,3,5,1,True,Win
2978269,3,TOG,KHK,TOG,KHK,Blue,Mel,4,8,2,True,Win
2978269,3,TOG,KHK,TOG,KHK,Blue,Ziggs,5,10,2,True,Win
2978269,3,TOG,KHK,KHK,TOG,Red,Nocturne,1,2,1,False,Loss
2978269,3,TOG,KHK,KHK,TOG,Red,Yone,2,4,1,False,Loss
2978269,3,TOG,KHK,KHK,TOG,Red,Vi,3,6,1,False,Loss
2978269,3,TOG,KHK,KHK,TOG,Red,Sivir,4,7,2,False,Loss
2978269,3,TOG,KHK,KHK,TOG,Red,Ezreal,5,9,2,False,Loss
2978270,1,USE,G2N,USE,G2N,Blue,Poppy,1,1,1,False,Loss
2978270,1,USE,G2N,USE,G2N,Blue,Akali,2,3,1,False,Loss
2978270,1,USE,G2N,USE,G2N,Blue,Nocturne,3,5,1,False,Loss
2978270,1,USE,G2N,USE,G2N,Blue,Kai'Sa,4,8,2,False,Loss
2978270,1,USE,G2N,USE,G2N,Blue,Nautilus,5,10,2,False,Loss
2978270,1,USE,G2N,G2N,USE,Red,Cassiopeia,1,2,1,True,Win
2978270,1,USE,G2N,G2N,USE,Red,Lee Sin,2,4,1,True,Win
2978270,1,USE,G2N,G2N,USE,Red,Orianna,3,6,1,True,Win
2978270,1,USE,G2N,G2N,USE,Red,Renekton,4,7,2,True,Win
2978270,1,USE,G2N,G2N,USE,Red,Gnar,5,9,2,True,Win
2978270,2,USE,G2N,USE,G2N,Blue,Poppy,1,1,1,True,Win
2978270,2,USE,G2N,USE,G2N,Blue,Camille,2,3,1,True,Win
2978270,2,USE,G2N,USE,G2N,Blue,Viktor,3,5,1,True,Win
2978270,2,USE,G2N,USE,G2N,Blue,Olaf,4,8,2,True,Win
2978270,2,USE,G2N,USE,G2N,Blue,Gnar,5,10,2,True,Win
2978270,2,USE,G2N,G2N,USE,Red,Orianna,1,2,1,False,Loss
2978270,2,USE,G2N,G2N,USE,Red,Cassiopeia,2,4,1,False,Loss
2978270,2,USE,G2N,G2N,USE,Red,Lee Sin,3,6,1,False,Loss
2978270,2,USE,G2N,G2N,USE,Red,Wukong,4,7,2,False,Loss
2978270,2,USE,G2N,G2N,USE,Red,Pantheon,5,9,2,False,Loss
2978270,3,G2N,USE,G2N,USE,Blue,Twisted Fate,1,1,1,True,Win
2978270,3,G2N,USE,G2N,USE,Blue,Pantheon,2,3,1,True,Win
2978270,3,G2N,USE,G2N,USE,Blue,Orianna,3,5,1,True,Win
2978270,3,G2N,USE,G2N,USE,Blue,Rumble,4,8,2,True,Win
2978270,3,G2N,USE,G2N,USE,Blue,K'Sante,5,10,2,True,Win
2978270,3,G2N,USE,USE,G2N,Red,Lee Sin,1,2,1,False,Loss
2978270,3,G2N,USE,USE,G2N,Red,Akali,2,4,1,False,Loss
2978270,3,G2N,USE,USE,G2N,Red,Cassiopeia,3,6,1,False,Loss
2978270,3,G2N,USE,USE,G2N,Red,Sylas,4,7,2,False,Loss
2978270,3,G2N,USE,USE,G2N,Red,Gnar,5,9,2,False,Loss
2978271,1,BIG,ROSS,BIG,ROSS,Blue,Nocturne,1,1,1,True,Win
2978271,1,BIG,ROSS,BIG,ROSS,Blue,Bard,2,3,1,True,Win
2978271,1,BIG,ROSS,BIG,ROSS,Blue,Lucian,3,5,1,True,Win
2978271,1,BIG,ROSS,BIG,ROSS,Blue,Viktor,4,8,2,True,Win
2978271,1,BIG,ROSS,BIG,ROSS,Blue,Taliyah,5,10,2,True,Win
2978271,1,BIG,ROSS,ROSS,BIG,Red,Orianna,1,2,1,False,Loss
2978271,1,BIG,ROSS,ROSS,BIG,Red,Cassiopeia,2,4,1,False,Loss
2978271,1,BIG,ROSS,ROSS,BIG,Red,Syndra,3,6,1,False,Loss
2978271,1,BIG,ROSS,ROSS,BIG,Red,Olaf,4,7,2,False,Loss
2978271,1,BIG,ROSS,ROSS,BIG,Red,Ezreal,5,9,2,False,Loss
2978271,2,ROSS,BIG,ROSS,BIG,Blue,Orianna,1,1,1,False,Loss
2978271,2,ROSS,BIG,ROSS,BIG,Blue,Cassiopeia,2,3,1,False,Loss
2978271,2,ROSS,BIG,ROSS,BIG,Blue,Jarvan IV,3,5,1,False,Loss
2978271,2,ROSS,BIG,ROSS,BIG,Blue,Ambessa,4,8,2,False,Loss
2978271,2,ROSS,BIG,ROSS,BIG,Blue,Ezreal,5,10,2,False,Loss
2978271,2,ROSS,BIG,BIG,ROSS,Red,Nocturne,1,2,1,True,Win
2978271,2,ROSS,BIG,BIG,ROSS,Red,Lucian,2,4,1,True,Win
2978271,2,ROSS,BIG,BIG,ROSS,Red,Akali,3,6,1,True,Win
2978271,2,ROSS,BIG,BIG,ROSS,Red,Sylas,4,7,2,True,Win
2978271,2,ROSS,BIG,BIG,ROSS,Red,Viktor,5,9,2,True,Win
2978275,1,KHK,G2N,KHK,G2N,Blue,Akali,1,1,1,False,Loss
2978275,1,KHK,G2N,KHK,G2N,Blue,Vi,2,3,1,False,Loss
2978275,1,KHK,G2N,KHK,G2N,Blue,Cassiopeia,3,5,1,False,Loss
2978275,1,KHK,G2N,KHK,G2N,Blue,Yorick,4,8,2,False,Loss
2978275,1,KHK,G2N,KHK,G2N,Blue,Renekton,5,10,2,False,Loss
2978275,1,KHK,G2N,G2N,KHK,Red,Jarvan IV,1,2,1,True,Win
2978275,1,KHK,G2N,G2N,KHK,Red,Jayce,2,4,1,True,Win
2978275,1,KHK,G2N,G2N,KHK,Red,Orianna,3,6,1,True,Win
2978275,1,KHK,G2N,G2N,KHK,Red,Vayne,4,7,2,True,Win
2978275,1,KHK,G2N,G2N,KHK,Red,Gnar,5,9,2,True,Win
2978275,2,G2N,KHK,G2N,KHK,Blue,Jayce,1,1,1,False,Loss
2978275,2,G2N,KHK,G2N,KHK,Blue,Jarvan IV,2,3,1,False,Loss
2978275,2,G2N,KHK,G2N,KHK,Blue,Vayne,3,5,1,False,Loss
2978275,2,G2N,KHK,G2N,KHK,Blue,Twisted Fate,4,8,2,False,Loss
2978275,2,G2N,KHK,G2N,KHK,Blue,Anivia,5,10,2,False,Loss
2978275,2,G2N,KHK,KHK,G2N,Red,Akali,1,2,1,True,Win
2978275,2,G2N,KHK,KHK,G2N,Red,Orianna,2,4,1,True,Win
2978275,2,G2N,KHK,KHK,G2N,Red,Ezreal,3,6,1,True,Win
2978275,2,G2N,KHK,KHK,G2N,Red,Thresh,4,7,2,True,Win
2978275,2,G2N,KHK,KHK,G2N,Red,Gnar,5,9,2,True,Win
2978275,3,KHK,G2N,KHK,G2N,Blue,Ezreal,1,1,1,False,Loss
2978275,3,KHK,G2N,KHK,G2N,Blue,Akali,2,3,1,False,Loss
2978275,3,KHK,G2N,KHK,G2N,Blue,Xin Zhao,3,5,1,False,Loss
2978275,3,KHK,G2N,KHK,G2N,Blue,Renekton,4,8,2,False,Loss
2978275,3,KHK,G2N,KHK,G2N,Blue,Gnar,5,10,2,False,Loss
2978275,3,KHK,G2N,G2N,KHK,Red,Jayce,1,2,1,True,Win
2978275,3,KHK,G2N,G2N,KHK,Red,Jarvan IV,2,4,1,True,Win
2978275,3,KHK,G2N,G2N,KHK,Red,Orianna,3,6,1,True,Win
2978275,3,KHK,G2N,G2N,KHK,Red,Vayne,4,7,2,True,Win
2978275,3,KHK,G2N,G2N,KHK,Red,Twisted Fate,5,9,2,True,Win
2978276,1,VFB,TOG,VFB,TOG,Blue,Nocturne,1,1,1,True,Win
2978276,1,VFB,TOG,VFB,TOG,Blue,Rumble,2,3,1,True,Win
2978276,1,VFB,TOG,VFB,TOG,Blue,Poppy,3,5,1,True,Win
2978276,1,VFB,TOG,VFB,TOG,Blue,Lulu,4,8,2,True,Win
2978276,1,VFB,TOG,VFB,TOG,Blue,Karma,5,10,2,True,Win
2978276,1,VFB,TOG,TOG,VFB,Red,ID:805,1,2,1,False,Loss
2978276,1,VFB,TOG,TOG,VFB,Red,Camille,2,4,1,False,Loss
2978276,1,VFB,TOG,TOG,VFB,Red,Jayce,3,6,1,False,Loss
2978276,1,VFB,TOG,TOG,VFB,Red,Caitlyn,4,7,2,False,Loss
2978276,1,VFB,TOG,TOG,VFB,Red,Alistar,5,9,2,False,Loss
2978276,2,VFB,TOG,VFB,TOG,Blue,Nocturne,1,1,1,True,Win
2978276,2,VFB,TOG,VFB,TOG,Blue,Rumble,2,3,1,True,Win
2978276,2,VFB,TOG,VFB,TOG,Blue,Poppy,3,5,1,True,Win
2978276,2,VFB,TOG,VFB,TOG,Blue,Nautilus,4,8,2,True,Win
2978276,2,VFB,TOG,VFB,TOG,Blue,Pyke,5,10,2,True,Win
2978276,2,VFB,TOG,TOG,VFB,Red,ID:805,1,2,1,False,Loss
2978276,2,VFB,TOG,TOG,VFB,Red,Jarvan IV,2,4,1,False,Loss
2978276,2,VFB,TOG,TOG,VFB,Red,Camille,3,6,1,False,Loss
2978276,2,VFB,TOG,TOG,VFB,Red,Xayah,4,7,2,False,Loss
2978276,2,VFB,TOG,TOG,VFB,Red,Tristana,5,9,2,False,Loss
2978278,1,EWI,EINS,EWI,EINS,Blue,Lee Sin,1,1,1,False,Loss
2978278,1,EWI,EINS,EWI,EINS,Blue,Jhin,2,3,1,False,Loss
2978278,1,EWI,EINS,EWI,EINS,Blue,Orianna,3,5,1,False,Loss
2978278,1,EWI,EINS,EWI,EINS,Blue,Sivir,4,8,2,False,Loss
2978278,1,EWI,EINS,EWI,EINS,Blue,Gnar,5,10,2,False,Loss
2978278,1,EWI,EINS,EINS,EWI,Red,Pyke,1,2,1,True,Win
2978278,1,EWI,EINS,EINS,EWI,Red,Lucian,2,4,1,True,Win
2978278,1,EWI,EINS,EINS,EWI,Red,Wukong,3,6,1,True,Win
2978278,1,EWI,EINS,EINS,EWI,Red,Rumble,4,7,2,True,Win
2978278,1,EWI,EINS,EINS,EWI,Red,Kennen,5,9,2,True,Win
2978278,2,EWI,EINS,EWI,EINS,Blue,Lee Sin,1,1,1,False,Loss
2978278,2,EWI,EINS,EWI,EINS,Blue,Jhin,2,3,1,False,Loss
2978278,2,EWI,EINS,EWI,EINS,Blue,Anivia,3,5,1,False,Loss
2978278,2,EWI,EINS,EWI,EINS,Blue,Ziggs,4,8,2,False,Loss
2978278,2,EWI,EINS,EWI,EINS,Blue,Miss Fortune,5,10,2,False,Loss
2978278,2,EWI,EINS,EINS,EWI,Red,Pyke,1,2,1,False,Loss
2978278,2,EWI,EINS,EINS,EWI,Red,Orianna,2,4,1,False,Loss
2978278,2,EWI,EINS,EINS,EWI,Red,Cassiopeia,3,6,1,False,Loss
2978278,2,EWI,EINS,EINS,EWI,Red,Rumble,4,7,2,False,Loss
2978278,2,EWI,EINS,EINS,EWI,Red,Gnar,5,9,2,False,Loss
2978278,3,EWI,EINS,EWI,EINS,Blue,Lee Sin,1,1,1,True,Win
2978278,3,EWI,EINS,EWI,EINS,Blue,Jhin,2,3,1,True,Win
2978278,3,EWI,EINS,EWI,EINS,Blue,Anivia,3,5,1,True,Win
2978278,3,EWI,EINS,EWI,EINS,Blue,Ziggs,4,8,2,True,Win
2978278,3,EWI,EINS,EWI,EINS,Blue,Miss Fortune,5,10,2,True,Win
2978278,3,EWI,EINS,EINS,EWI,Red,Pyke,1,2,1,False,Loss
2978278,3,EWI,EINS,EINS,EWI,Red,Orianna,2,4,1,False,Loss
2978278,3,EWI,EINS,EINS,EWI,Red,Cassiopeia,3,6,1,False,Loss
2978278,3,EWI,EINS,EINS,EWI,Red,Rumble,4,7,2,False,Loss
2978278,3,EWI,EINS,EINS,EWI,Red,Gnar,5,9,2,False,Loss
2978279,1,SGE,ROSS,SGE,ROSS,Blue,Bard,1,1,1,False,Loss
2978279,1,SGE,ROSS,SGE,ROSS,Blue,Wukong,2,3,1,False,Loss
2978279,1,SGE,ROSS,SGE,ROSS,Blue,Viktor,3,5,1,False,Loss
2978279,1,SGE,ROSS,SGE,ROSS,Blue,Syndra,4,8,2,False,Loss
2978279,1,SGE,ROSS,SGE,ROSS,Blue,Aurora,5,10,2,False,Loss
2978279,1,SGE,ROSS,ROSS,SGE,Red,Orianna,1,2,1,True,Win
2978279,1,SGE,ROSS,ROSS,SGE,Red,Cassiopeia,2,4,1,True,Win
2978279,1,SGE,ROSS,ROSS,SGE,Red,Nocturne,3,6,1,True,Win
2978279,1,SGE,ROSS,ROSS,SGE,Red,Jhin,4,7,2,True,Win
2978279,1,SGE,ROSS,ROSS,SGE,Red,Corki,5,9,2,True,Win
2978279,2,ROSS,SGE,ROSS,SGE,Blue,Orianna,1,1,1,True,Win
2978279,2,ROSS,SGE,ROSS,SGE,Blue,Cassiopeia,2,3,1,True,Win
2978279,2,ROSS,SGE,ROSS,SGE,Blue,Nocturne,3,5,1,True,Win
2978279,2,ROSS,SGE,ROSS,SGE,Blue,Alistar,4,8,2,True,Win
2978279,2,ROSS,SGE,ROSS,SGE,Blue,Skarner,5,10,2,True,Win
2978279,2,ROSS,SGE,SGE,ROSS,Red,Bard,1,2,1,False,Loss
2978279,2,ROSS,SGE,SGE,ROSS,Red,Viktor,2,4,1,False,Loss
2978279,2,ROSS,SGE,SGE,ROSS,Red,Kalista,3,6,1,False,Loss
2978279,2,ROSS,SGE,SGE,ROSS,Red,Sivir,4,7,2,False,Loss
2978279,2,ROSS,SGE,SGE,ROSS,Red,Kai'Sa,5,9,2,False,Loss
2978281,1,BIG,USE,BIG,USE,Blue,Vi,1,1,1,False,Loss
2978281,1,BIG,USE,BIG,USE,Blue,Bard,2,3,1,False,Loss
2978281,1,BIG,USE,BIG,USE,Blue,Yunara,3,5,1,False,Loss
2978281,1,BIG,USE,BIG,USE,Blue,Jayce,4,8,2,False,Loss
2978281,1,BIG,USE,BIG,USE,Blue,Gnar,5,10,2,False,Loss
2978281,1,BIG,USE,USE,BIG,Red,Cassiopeia,1,2,1,True,Win
2978281,1,BIG,USE,USE,BIG,Red,Rumble,2,4,1,True,Win
2978281,1,BIG,USE,USE,BIG,Red,Ryze,3,6,1,True,Win
2978281,1,BIG,USE,USE,BIG,Red,Syndra,4,7,2,True,Win
2978281,1,BIG,USE,USE,BIG,Red,Galio,5,9,2,True,Win
2978281,2,BIG,USE,BIG,USE,Blue,Vi,1,1,1,True,Win
2978281,2,BIG,USE,BIG,USE,Blue,Bard,2,3,1,True,Win
2978281,2,BIG,USE,BIG,USE,Blue,Pantheon,3,5,1,True,Win
2978281,2,BIG,USE,BIG,USE,Blue,Xin Zhao,4,8,2,True,Win
2978281,2,BIG,USE,BIG,USE,Blue,Wukong,5,10,2,True,Win
2978281,2,BIG,USE,USE,BIG,Red,Cassiopeia,1,2,1,False,Loss
2978281,2,BIG,USE,USE,BIG,Red,Ryze,2,4,1,False,Loss
2978281,2,BIG,USE,USE,BIG,Red,Orianna,3,6,1,False,Loss
2978281,2,BIG,USE,USE,BIG,Red,Nautilus,4,7,2,False,Loss
2978281,2,BIG,USE,USE,BIG,Red,Syndra,5,9,2,False,Loss
2978281,3,USE,BIG,USE,BIG,Blue,Olaf,1,1,1,True,Win
2978281,3,USE,BIG,USE,BIG,Blue,Bard,2,3,1,True,Win
2978281,3,USE,BIG,USE,BIG,Blue,Orianna,3,5,1,True,Win
2978281,3,USE,BIG,USE,BIG,Blue,Ryze,4,8,2,True,Win
2978281,3,USE,BIG,USE,BIG,Blue,Leona,5,10,2,True,Win
2978281,3,USE,BIG,BIG,USE,Red,Cassiopeia,1,2,1,False,Loss
2978281,3,USE,BIG,BIG,USE,Red,Jayce,2,4,1,False,Loss
2978281,3,USE,BIG,BIG,USE,Red,Vi,3,6,1,False,Loss
2978281,3,USE,BIG,BIG,USE,Red,Alistar,4,7,2,False,Loss
2978281,3,USE,BIG,BIG,USE,Red,Rell,5,9,2,False,Loss
2978281,4,BIG,USE,BIG,USE,Blue,Bard,1,1,1,True,Win
2978281,4,BIG,USE,BIG,USE,Blue,Vi,2,3,1,True,Win
2978281,4,BIG,USE,BIG,USE,Blue,Jax,3,5,1,True,Win
2978281,4,BIG,USE,BIG,USE,Blue,Seraphine,4,8,2,True,Win
2978281,4,BIG,USE,BIG,USE,Blue,Yunara,5,10,2,True,Win
2978281,4,BIG,USE,USE,BIG,Red,Cassiopeia,1,2,1,False,Loss
2978281,4,BIG,USE,USE,BIG,Red,Ryze,2,4,1,False,Loss
2978281,4,BIG,USE,USE,BIG,Red,Olaf,3,6,1,False,Loss
2978281,4,BIG,USE,USE,BIG,Red,Wukong,4,7,2,False,Loss
2978281,4,BIG,USE,USE,BIG,Red,Xin Zhao,5,9,2,False,Loss
2978281,5,USE,BIG,USE,BIG,Blue,Ryze,1,1,1,False,Loss
2978281,5,USE,BIG,USE,BIG,Blue,Bard,2,3,1,False,Loss
2978281,5,USE,BIG,USE,BIG,Blue,Vayne,3,5,1,False,Loss
2978281,5,USE,BIG,USE,BIG,Blue,Maokai,4,8,2,False,Loss
2978281,5,USE,BIG,USE,BIG,Blue,Nidalee,5,10,2,False,Loss
2978281,5,USE,BIG,BIG,USE,Red,Cassiopeia,1,2,1,True,Win
2978281,5,USE,BIG,BIG,USE,Red,Vi,2,4,1,True,Win
2978281,5,USE,BIG,BIG,USE,Red,Seraphine,3,6,1,True,Win
2978281,5,USE,BIG,BIG,USE,Red,Yunara,4,7,2,True,Win
2978281,5,USE,BIG,BIG,USE,Red,Jinx,5,9,2,True,Win
2978282,1,EINS,G2N,EINS,G2N,Blue,Lee Sin,1,1,1,True,Win
2978282,1,EINS,G2N,EINS,G2N,Blue,Vi,2,3,1,True,Win
2978282,1,EINS,G2N,EINS,G2N,Blue,Jax,3,5,1,True,Win
2978282,1,EINS,G2N,EINS,G2N,Blue,Cassiopeia,4,8,2,True,Win
2978282,1,EINS,G2N,EINS,G2N,Blue,Azir,5,10,2,True,Win
2978282,1,EINS,G2N,G2N,EINS,Red,Syndra,1,2,1,False,Loss
2978282,1,EINS,G2N,G2N,EINS,Red,Anivia,2,4,1,False,Loss
2978282,1,EINS,G2N,G2N,EINS,Red,Orianna,3,6,1,False,Loss
2978282,1,EINS,G2N,G2N,EINS,Red,Corki,4,7,2,False,Loss
2978282,1,EINS,G2N,G2N,EINS,Red,Tristana,5,9,2,False,Loss
2978282,2,EINS,G2N,EINS,G2N,Blue,Jax,1,1,1,False,Loss
2978282,2,EINS,G2N,EINS,G2N,Blue,Lee Sin,2,3,1,False,Loss
2978282,2,EINS,G2N,EINS,G2N,Blue,Vi,3,5,1,False,Loss
2978282,2,EINS,G2N,EINS,G2N,Blue,Thresh,4,8,2,False,Loss
2978282,2,EINS,G2N,EINS,G2N,Blue,Zaahen,5,10,2,False,Loss
2978282,2,EINS,G2N,G2N,EINS,Red,Syndra,1,2,1,True,Win
2978282,2,EINS,G2N,G2N,EINS,Red,Naafiri,2,4,1,True,Win
2978282,2,EINS,G2N,G2N,EINS,Red,Anivia,3,6,1,True,Win
2978282,2,EINS,G2N,G2N,EINS,Red,Lucian,4,7,2,True,Win
2978282,2,EINS,G2N,G2N,EINS,Red,Xayah,5,9,2,True,Win
2978282,3,EINS,G2N,EINS,G2N,Blue,Lee Sin,1,1,1,False,Loss
2978282,3,EINS,G2N,EINS,G2N,Blue,Ambessa,2,3,1,False,Loss
2978282,3,EINS,G2N,EINS,G2N,Blue,Ryze,3,5,1,False,Loss
2978282,3,EINS,G2N,EINS,G2N,Blue,Pantheon,4,8,2,False,Loss
2978282,3,EINS,G2N,EINS,G2N,Blue,Nocturne,5,10,2,False,Loss
2978282,3,EINS,G2N,G2N,EINS,Red,Syndra,1,2,1,True,Win
2978282,3,EINS,G2N,G2N,EINS,Red,Anivia,2,4,1,True,Win
2978282,3,EINS,G2N,G2N,EINS,Red,Lulu,3,6,1,True,Win
2978282,3,EINS,G2N,G2N,EINS,Red,Annie,4,7,2,True,Win
2978282,3,EINS,G2N,G2N,EINS,Red,Mel,5,9,2,True,Win
2978282,4,G2N,EINS,G2N,EINS,Blue,Dr. Mundo,1,1,1,True,Win
2978282,4,G2N,EINS,G2N,EINS,Blue,Renekton,2,3,1,True,Win
2978282,4,G2N,EINS,G2N,EINS,Blue,Kog'Maw,3,5,1,True,Win
2978282,4,G2N,EINS,G2N,EINS,Blue,Aatrox,4,8,2,True,Win
2978282,4,G2N,EINS,G2N,EINS,Blue,Hwei,5,10,2,True,Win
2978282,4,G2N,EINS,EINS,G2N,Red,Syndra,1,2,1,False,Loss
2978282,4,G2N,EINS,EINS,G2N,Red,Ambessa,2,4,1,False,Loss
2978282,4,G2N,EINS,EINS,G2N,Red,Lee Sin,3,6,1,False,Loss
2978282,4,G2N,EINS,EINS,G2N,Red,Vayne,4,7,2,False,Loss
2978282,4,G2N,EINS,EINS,G2N,Red,Xin Zhao,5,9,2,False,Loss
2978283,1,USE,ROSS,USE,ROSS,Blue,Jayce,1,1,1,False,Loss
2978283,1,USE,ROSS,USE,ROSS,Blue,Orianna,2,3,1,False,Loss
2978283,1,USE,ROSS,USE,ROSS,Blue,Skarner,3,5,1,False,Loss
2978283,1,USE,ROSS,USE,ROSS,Blue,Jhin,4,8,2,False,Loss
2978283,1,USE,ROSS,USE,ROSS,Blue,Kalista,5,10,2,False,Loss
2978283,1,USE,ROSS,ROSS,USE,Red,Cassiopeia,1,2,1,True,Win
2978283,1,USE,ROSS,ROSS,USE,Red,Jarvan IV,2,4,1,True,Win
2978283,1,USE,ROSS,ROSS,USE,Red,Ezreal,3,6,1,True,Win
2978283,1,USE,ROSS,ROSS,USE,Red,Ambessa,4,7,2,True,Win
2978283,1,USE,ROSS,ROSS,USE,Red,K'Sante,5,9,2,True,Win
2978283,2,ROSS,USE,ROSS,USE,Blue,Cassiopeia,1,1,1,False,Loss
2978283,2,ROSS,USE,ROSS,USE,Blue,Anivia,2,3,1,False,Loss
2978283,2,ROSS,USE,ROSS,USE,Blue,ID:805,3,5,1,False,Loss
2978283,2,ROSS,USE,ROSS,USE,Blue,Lulu,4,8,2,False,Loss
2978283,2,ROSS,USE,ROSS,USE,Blue,Ashe,5,10,2,False,Loss
2978283,2,ROSS,USE,USE,ROSS,Red,Jayce,1,2,1,True,Win
2978283,2,ROSS,USE,USE,ROSS,Red,Jarvan IV,2,4,1,True,Win
2978283,2,ROSS,USE,USE,ROSS,Red,Bard,3,6,1,True,Win
2978283,2,ROSS,USE,USE,ROSS,Red,Trundle,4,7,2,True,Win
2978283,2,ROSS,USE,USE,ROSS,Red,Jax,5,9,2,True,Win
2978283,3,USE,ROSS,USE,ROSS,Blue,Jayce,1,1,1,True,Win
2978283,3,USE,ROSS,USE,ROSS,Blue,Bard,2,3,1,True,Win
2978283,3,USE,ROSS,USE,ROSS,Blue,Caitlyn,3,5,1,True,Win
2978283,3,USE,ROSS,USE,ROSS,Blue,Ahri,4,8,2,True,Win
2978283,3,USE,ROSS,USE,ROSS,Blue,Ryze,5,10,2,True,Win
2978283,3,USE,ROSS,ROSS,USE,Red,Cassiopeia,1,2,1,False,Loss
2978283,3,USE,ROSS,ROSS,USE,Red,Seraphine,2,4,1,False,Loss
2978283,3,USE,ROSS,ROSS,USE,Red,Anivia,3,6,1,False,Loss
2978283,3,USE,ROSS,ROSS,USE,Red,Viktor,4,7,2,False,Loss
2978283,3,USE,ROSS,ROSS,USE,Red,Twisted Fate,5,9,2,False,Loss
2978283,4,ROSS,USE,ROSS,USE,Blue,Cassiopeia,1,1,1,False,Loss
2978283,4,ROSS,USE,ROSS,USE,Blue,Karma,2,3,1,False,Loss
2978283,4,ROSS,USE,ROSS,USE,Blue,Seraphine,3,5,1,False,Loss
2978283,4,ROSS,USE,ROSS,USE,Blue,Sivir,4,8,2,False,Loss
2978283,4,ROSS,USE,ROSS,USE,Blue,Sion,5,10,2,False,Loss
2978283,4,ROSS,USE,USE,ROSS,Red,Ryze,1,2,1,True,Win
2978283,4,ROSS,USE,USE,ROSS,Red,Jayce,2,4,1,True,Win
2978283,4,ROSS,USE,USE,ROSS,Red,Bard,3,6,1,True,Win
2978283,4,ROSS,USE,USE,ROSS,Red,Kai'Sa,4,7,2,True,Win
2978283,4,ROSS,USE,USE,ROSS,Red,Jhin,5,9,2,True,Win
2978285,1,KHK,EINS,KHK,EINS,Blue,Bard,1,1,1,True,Win
2978285,1,KHK,EINS,KHK,EINS,Blue,Nautilus,2,3,1,True,Win
2978285,1,KHK,EINS,KHK,EINS,Blue,Olaf,3,5,1,True,Win
2978285,1,KHK,EINS,KHK,EINS,Blue,Vayne,4,8,2,True,Win
2978285,1,KHK,EINS,KHK,EINS,Blue,Jayce,5,10,2,True,Win
2978285,1,KHK,EINS,EINS,KHK,Red,Ambessa,1,2,1,False,Loss
2978285,1,KHK,EINS,EINS,KHK,Red,Lucian,2,4,1,False,Loss
2978285,1,KHK,EINS,EINS,KHK,Red,Lulu,3,6,1,False,Loss
2978285,1,KHK,EINS,EINS,KHK,Red,Karma,4,7,2,False,Loss
2978285,1,KHK,EINS,EINS,KHK,Red,Alistar,5,9,2,False,Loss
2978285,2,KHK,EINS,KHK,EINS,Blue,Bard,1,1,1,False,Loss
2978285,2,KHK,EINS,KHK,EINS,Blue,Nautilus,2,3,1,False,Loss
2978285,2,KHK,EINS,KHK,EINS,Blue,Olaf,3,5,1,False,Loss
2978285,2,KHK,EINS,KHK,EINS,Blue,Leona,4,8,2,False,Loss
2978285,2,KHK,EINS,KHK,EINS,Blue,Pyke,5,10,2,False,Loss
2978285,2,KHK,EINS,EINS,KHK,Red,Lucian,1,2,1,True,Win
2978285,2,KHK,EINS,EINS,KHK,Red,Lulu,2,4,1,True,Win
2978285,2,KHK,EINS,EINS,KHK,Red,Shen,3,6,1,True,Win
2978285,2,KHK,EINS,EINS,KHK,Red,Lee Sin,4,7,2,True,Win
2978285,2,KHK,EINS,EINS,KHK,Red,Vi,5,9,2,True,Win
2978285,3,EINS,KHK,EINS,KHK,Blue,Lucian,1,1,1,False,Loss
2978285,3,EINS,KHK,EINS,KHK,Blue,Shen,2,3,1,False,Loss
2978285,3,EINS,KHK,EINS,KHK,Blue,Olaf,3,5,1,False,Loss
2978285,3,EINS,KHK,EINS,KHK,Blue,Ambessa,4,8,2,False,Loss
2978285,3,EINS,KHK,EINS,KHK,Blue,Yunara,5,10,2,False,Loss
2978285,3,EINS,KHK,KHK,EINS,Red,Bard,1,2,1,True,Win
2978285,3,EINS,KHK,KHK,EINS,Red,Cassiopeia,2,4,1,True,Win
2978285,3,EINS,KHK,KHK,EINS,Red,Kog'Maw,3,6,1,True,Win
2978285,3,EINS,KHK,KHK,EINS,Red,Renekton,4,7,2,True,Win
2978285,3,EINS,KHK,KHK,EINS,Red,Sion,5,9,2,True,Win
2978285,4,KHK,EINS,KHK,EINS,Blue,Vayne,1,1,1,True,Win
2978285,4,KHK,EINS,KHK,EINS,Blue,Cassiopeia,2,3,1,True,Win
2978285,4,KHK,EINS,KHK,EINS,Blue,LeBlanc,3,5,1,True,Win
2978285,4,KHK,EINS,KHK,EINS,Blue,Mel,4,8,2,True,Win
2978285,4,KHK,EINS,KHK,EINS,Blue,Sion,5,10,2,True,Win
2978285,4,KHK,EINS,EINS,KHK,Red,Nocturne,1,2,1,False,Loss
2978285,4,KHK,EINS,EINS,KHK,Red,Lucian,2,4,1,False,Loss
2978285,4,KHK,EINS,EINS,KHK,Red,Olaf,3,6,1,False,Loss
2978285,4,KHK,EINS,EINS,KHK,Red,Taliyah,4,7,2,False,Loss
2978285,4,KHK,EINS,EINS,KHK,Red,Annie,5,9,2,False,Loss
2978286,1,BIG,G2N,BIG,G2N,Blue,Nocturne,1,1,1,True,Win
2978286,1,BIG,G2N,BIG,G2N,Blue,Jarvan IV,2,3,1,True,Win
2978286,1,BIG,G2N,BIG,G2N,Blue,Olaf,3,5,1,True,Win
2978286,1,BIG,G2N,BIG,G2N,Blue,Anivia,4,8,2,True,Win
2978286,1,BIG,G2N,BIG,G2N,Blue,Orianna,5,10,2,True,Win
2978286,1,BIG,G2N,G2N,BIG,Red,Syndra,1,2,1,False,Loss
2978286,1,BIG,G2N,G2N,BIG,Red,Cassiopeia,2,4,1,False,Loss
2978286,1,BIG,G2N,G2N,BIG,Red,Bard,3,6,1,False,Loss
2978286,1,BIG,G2N,G2N,BIG,Red,Xin Zhao,4,7,2,False,Loss
2978286,1,BIG,G2N,G2N,BIG,Red,Naafiri,5,9,2,False,Loss
2978286,2,BIG,G2N,BIG,G2N,Blue,Nocturne,1,1,1,False,Loss
2978286,2,BIG,G2N,BIG,G2N,Blue,Yunara,2,3,1,False,Loss
2978286,2,BIG,G2N,BIG,G2N,Blue,Olaf,3,5,1,False,Loss
2978286,2,BIG,G2N,BIG,G2N,Blue,K'Sante,4,8,2,False,Loss
2978286,2,BIG,G2N,BIG,G2N,Blue,Ahri,5,10,2,False,Loss
2978286,2,BIG,G2N,G2N,BIG,Red,Syndra,1,2,1,True,Win
2978286,2,BIG,G2N,G2N,BIG,Red,Cassiopeia,2,4,1,True,Win
2978286,2,BIG,G2N,G2N,BIG,Red,Bard,3,6,1,True,Win
2978286,2,BIG,G2N,G2N,BIG,Red,Galio,4,7,2,True,Win
2978286,2,BIG,G2N,G2N,BIG,Red,Orianna,5,9,2,True,Win
2978286,3,G2N,BIG,G2N,BIG,Blue,Anivia,1,1,1,True,Win
2978286,3,G2N,BIG,G2N,BIG,Blue,Caitlyn,2,3,1,True,Win
2978286,3,G2N,BIG,G2N,BIG,Blue,Bard,3,5,1,True,Win
2978286,3,G2N,BIG,G2N,BIG,Blue,Aatrox,4,8,2,True,Win
2978286,3,G2N,BIG,G2N,BIG,Blue,Naafiri,5,10,2,True,Win
2978286,3,G2N,BIG,BIG,G2N,Red,Yunara,1,2,1,False,Loss
2978286,3,G2N,BIG,BIG,G2N,Red,Olaf,2,4,1,False,Loss
2978286,3,G2N,BIG,BIG,G2N,Red,Nocturne,3,6,1,False,Loss
2978286,3,G2N,BIG,BIG,G2N,Red,K'Sante,4,7,2,False,Loss
2978286,3,G2N,BIG,BIG,G2N,Red,Leona,5,9,2,False,Loss
2978286,4,BIG,G2N,BIG,G2N,Blue,Yunara,1,1,1,True,Win
2978286,4,BIG,G2N,BIG,G2N,Blue,Nocturne,2,3,1,True,Win
2978286,4,BIG,G2N,BIG,G2N,Blue,Anivia,3,5,1,True,Win
2978286,4,BIG,G2N,BIG,G2N,Blue,Shen,4,8,2,True,Win
2978286,4,BIG,G2N,BIG,G2N,Blue,Xayah,5,10,2,True,Win
2978286,4,BIG,G2N,G2N,BIG,Red,Renekton,1,2,1,False,Loss
2978286,4,BIG,G2N,G2N,BIG,Red,Bard,2,4,1,False,Loss
2978286,4,BIG,G2N,G2N,BIG,Red,Orianna,3,6,1,False,Loss
2978286,4,BIG,G2N,G2N,BIG,Red,Caitlyn,4,7,2,False,Loss
2978286,4,BIG,G2N,G2N,BIG,Red,Sivir,5,9,2,False,Loss
2978286,5,BIG,G2N,BIG,G2N,Blue,Nocturne,1,1,1,False,Loss
2978286,5,BIG,G2N,BIG,G2N,Blue,Yunara,2,3,1,False,Loss
2978286,5,BIG,G2N,BIG,G2N,Blue,Pantheon,3,5,1,False,Loss
2978286,5,BIG,G2N,BIG,G2N,Blue,K'Sante,4,8,2,False,Loss
2978286,5,BIG,G2N,BIG,G2N,Blue,Vayne,5,10,2,False,Loss
2978286,5,BIG,G2N,G2N,BIG,Red,Orianna,1,2,1,True,Win
2978286,5,BIG,G2N,G2N,BIG,Red,Caitlyn,2,4,1,True,Win
2978286,5,BIG,G2N,G2N,BIG,Red,Anivia,3,6,1,True,Win
2978286,5,BIG,G2N,G2N,BIG,Red,Xayah,4,7,2,True,Win
2978286,5,BIG,G2N,G2N,BIG,Red,Jinx,5,9,2,True,Win
2978288,1,KHK,USE,KHK,USE,Blue,Cassiopeia,1,1,1,True,Win
2978288,1,KHK,USE,KHK,USE,Blue,Lee Sin,2,3,1,True,Win
2978288,1,KHK,USE,KHK,USE,Blue,Olaf,3,5,1,True,Win
2978288,1,KHK,USE,KHK,USE,Blue,Bard,4,8,2,True,Win
2978288,1,KHK,USE,KHK,USE,Blue,Alistar,5,10,2,True,Win
2978288,1,KHK,USE,USE,KHK,Red,Wukong,1,2,1,False,Loss
2978288,1,KHK,USE,USE,KHK,Red,Lucian,2,4,1,False,Loss
2978288,1,KHK,USE,USE,KHK,Red,Skarner,3,6,1,False,Loss
2978288,1,KHK,USE,USE,KHK,Red,Kai'Sa,4,7,2,False,Loss
2978288,1,KHK,USE,USE,KHK,Red,Nautilus,5,9,2,False,Loss
2978288,2,KHK,USE,KHK,USE,Blue,Cassiopeia,1,1,1,False,Loss
2978288,2,KHK,USE,KHK,USE,Blue,Lee Sin,2,3,1,False,Loss
2978288,2,KHK,USE,KHK,USE,Blue,Trundle,3,5,1,False,Loss
2978288,2,KHK,USE,KHK,USE,Blue,Skarner,4,8,2,False,Loss
2978288,2,KHK,USE,KHK,USE,Blue,Xin Zhao,5,10,2,False,Loss
2978288,2,KHK,USE,USE,KHK,Red,Wukong,1,2,1,True,Win
2978288,2,KHK,USE,USE,KHK,Red,Nautilus,2,4,1,True,Win
2978288,2,KHK,USE,USE,KHK,Red,Olaf,3,6,1,True,Win
2978288,2,KHK,USE,USE,KHK,Red,Nocturne,4,7,2,True,Win
2978288,2,KHK,USE,USE,KHK,Red,Naafiri,5,9,2,True,Win
2978288,3,USE,KHK,USE,KHK,Blue,Trundle,1,1,1,False,Loss
2978288,3,USE,KHK,USE,KHK,Blue,Nautilus,2,3,1,False,Loss
2978288,3,USE,KHK,USE,KHK,Blue,Wukong,3,5,1,False,Loss
2978288,3,USE,KHK,USE,KHK,Blue,Anivia,4,8,2,False,Loss
2978288,3,USE,KHK,USE,KHK,Blue,Yone,5,10,2,False,Loss
2978288,3,USE,KHK,KHK,USE,Red,Cassiopeia,1,2,1,True,Win
2978288,3,USE,KHK,KHK,USE,Red,Lee Sin,2,4,1,True,Win
2978288,3,USE,KHK,KHK,USE,Red,Annie,3,6,1,True,Win
2978288,3,USE,KHK,KHK,USE,Red,Xin Zhao,4,7,2,True,Win
2978288,3,USE,KHK,KHK,USE,Red,Skarner,5,9,2,True,Win
2978288,4,KHK,USE,KHK,USE,Blue,Cassiopeia,1,1,1,True,Win
2978288,4,KHK,USE,KHK,USE,Blue,Lee Sin,2,3,1,True,Win
2978288,4,KHK,USE,KHK,USE,Blue,Annie,3,5,1,True,Win
2978288,4,KHK,USE,KHK,USE,Blue,Sion,4,8,2,True,Win
2978288,4,KHK,USE,KHK,USE,Blue,Ornn,5,10,2,True,Win
2978288,4,KHK,USE,USE,KHK,Red,Viktor,1,2,1,False,Loss
2978288,4,KHK,USE,USE,KHK,Red,Varus,2,4,1,False,Loss
2978288,4,KHK,USE,USE,KHK,Red,Wukong,3,6,1,False,Loss
2978288,4,KHK,USE,USE,KHK,Red,Kha'Zix,4,7,2,False,Loss
2978288,4,KHK,USE,USE,KHK,Red,Jayce,5,9,2,False,Loss
2978289,1,BIG,KHK,BIG,KHK,Blue,Naafiri,1,1,1,False,Loss
2978289,1,BIG,KHK,BIG,KHK,Blue,Olaf,2,3,1,False,Loss
2978289,1,BIG,KHK,BIG,KHK,Blue,Syndra,3,5,1,False,Loss
2978289,1,BIG,KHK,BIG,KHK,Blue,Jayce,4,8,2,False,Loss
2978289,1,BIG,KHK,BIG,KHK,Blue,Wukong,5,10,2,False,Loss
2978289,1,BIG,KHK,KHK,BIG,Red,Ryze,1,2,1,True,Win
2978289,1,BIG,KHK,KHK,BIG,Red,Rumble,2,4,1,True,Win
2978289,1,BIG,KHK,KHK,BIG,Red,Nautilus,3,6,1,True,Win
2978289,1,BIG,KHK,KHK,BIG,Red,Rakan,4,7,2,True,Win
2978289,1,BIG,KHK,KHK,BIG,Red,Bard,5,9,2,True,Win
2978289,2,BIG,KHK,BIG,KHK,Blue,Naafiri,1,1,1,True,Win
2978289,2,BIG,KHK,BIG,KHK,Blue,Olaf,2,3,1,True,Win
2978289,2,BIG,KHK,BIG,KHK,Blue,Wukong,3,5,1,True,Win
2978289,2,BIG,KHK,BIG,KHK,Blue,Ambessa,4,8,2,True,Win
2978289,2,BIG,KHK,BIG,KHK,Blue,Jayce,5,10,2,True,Win
2978289,2,BIG,KHK,KHK,BIG,Red,Ryze,1,2,1,False,Loss
2978289,2,BIG,KHK,KHK,BIG,Red,Rumble,2,4,1,False,Loss
2978289,2,BIG,KHK,KHK,BIG,Red,Nautilus,3,6,1,False,Loss
2978289,2,BIG,KHK,KHK,BIG,Red,Sion,4,7,2,False,Loss
2978289,2,BIG,KHK,KHK,BIG,Red,Nasus,5,9,2,False,Loss
2978289,3,KHK,BIG,KHK,BIG,Blue,Sion,1,1,1,False,Loss
2978289,3,KHK,BIG,KHK,BIG,Blue,Nasus,2,3,1,False,Loss
2978289,3,KHK,BIG,KHK,BIG,Blue,Ryze,3,5,1,False,Loss
2978289,3,KHK,BIG,KHK,BIG,Blue,Renata Glasc,4,8,2,False,Loss
2978289,3,KHK,BIG,KHK,BIG,Blue,Rakan,5,10,2,False,Loss
2978289,3,KHK,BIG,BIG,KHK,Red,Jayce,1,2,1,True,Win
2978289,3,KHK,BIG,BIG,KHK,Red,Lulu,2,4,1,True,Win
2978289,3,KHK,BIG,BIG,KHK,Red,Rumble,3,6,1,True,Win
2978289,3,KHK,BIG,BIG,KHK,Red,Kled,4,7,2,True,Win
2978289,3,KHK,BIG,BIG,KHK,Red,Jax,5,9,2,True,Win
2978289,4,KHK,BIG,KHK,BIG,Blue,Nasus,1,1,1,False,Loss
2978289,4,KHK,BIG,KHK,BIG,Blue,Renata Glasc,2,3,1,False,Loss
2978289,4,KHK,BIG,KHK,BIG,Blue,Sion,3,5,1,False,Loss
2978289,4,KHK,BIG,KHK,BIG,Blue,Qiyana,4,8,2,False,Loss
2978289,4,KHK,BIG,KHK,BIG,Blue,Xin Zhao,5,10,2,False,Loss
2978289,4,KHK,BIG,BIG,KHK,Red,Ryze,1,2,1,True,Win
2978289,4,KHK,BIG,BIG,KHK,Red,Lulu,2,4,1,True,Win
2978289,4,KHK,BIG,BIG,KHK,Red,Yuumi,3,6,1,True,Win
2978289,4,KHK,BIG,BIG,KHK,Red,Tristana,4,7,2,True,Win
2978289,4,KHK,BIG,BIG,KHK,Red,Varus,5,9,2,True,Win
2978290,1,G2N,BIG,G2N,BIG,Blue,Bard,1,1,1,False,Loss
2978290,1,G2N,BIG,G2N,BIG,Blue,Nocturne,2,3,1,False,Loss
2978290,1,G2N,BIG,G2N,BIG,Blue,Rumble,3,5,1,False,Loss
2978290,1,G2N,BIG,G2N,BIG,Blue,Camille,4,8,2,False,Loss
2978290,1,G2N,BIG,G2N,BIG,Blue,Jax,5,10,2,False,Loss
2978290,1,G2N,BIG,BIG,G2N,Red,Cassiopeia,1,2,1,True,Win
2978290,1,G2N,BIG,BIG,G2N,Red,Lee Sin,2,4,1,True,Win
2978290,1,G2N,BIG,BIG,G2N,Red,Seraphine,3,6,1,True,Win
2978290,1,G2N,BIG,BIG,G2N,Red,K'Sante,4,7,2,True,Win
2978290,1,G2N,BIG,BIG,G2N,Red,Vi,5,9,2,True,Win
2978290,2,G2N,BIG,G2N,BIG,Blue,Bard,1,1,1,True,Win
2978290,2,G2N,BIG,G2N,BIG,Blue,Nocturne,2,3,1,True,Win
2978290,2,G2N,BIG,G2N,BIG,Blue,Rumble,3,5,1,True,Win
2978290,2,G2N,BIG,G2N,BIG,Blue,Orianna,4,8,2,True,Win
2978290,2,G2N,BIG,G2N,BIG,Blue,Camille,5,10,2,True,Win
2978290,2,G2N,BIG,BIG,G2N,Red,Cassiopeia,1,2,1,False,Loss
2978290,2,G2N,BIG,BIG,G2N,Red,Lee Sin,2,4,1,False,Loss
2978290,2,G2N,BIG,BIG,G2N,Red,Seraphine,3,6,1,False,Loss
2978290,2,G2N,BIG,BIG,G2N,Red,Ahri,4,7,2,False,Loss
2978290,2,G2N,BIG,BIG,G2N,Red,Taliyah,5,9,2,False,Loss
2978290,3,BIG,G2N,BIG,G2N,Blue,Lee Sin,1,1,1,True,Win
2978290,3,BIG,G2N,BIG,G2N,Blue,Wukong,2,3,1,True,Win
2978290,3,BIG,G2N,BIG,G2N,Blue,Orianna,3,5,1,True,Win
2978290,3,BIG,G2N,BIG,G2N,Blue,Braum,4,8,2,True,Win
2978290,3,BIG,G2N,BIG,G2N,Blue,Sylas,5,10,2,True,Win
2978290,3,BIG,G2N,G2N,BIG,Red,Cassiopeia,1,2,1,False,Loss
2978290,3,BIG,G2N,G2N,BIG,Red,Seraphine,2,4,1,False,Loss
2978290,3,BIG,G2N,G2N,BIG,Red,Rumble,3,6,1,False,Loss
2978290,3,BIG,G2N,G2N,BIG,Red,Renata Glasc,4,7,2,False,Loss
2978290,3,BIG,G2N,G2N,BIG,Red,Lucian,5,9,2,False,Loss
2978290,4,G2N,BIG,G2N,BIG,Blue,Lucian,1,1,1,True,Win
2978290,4,G2N,BIG,G2N,BIG,Blue,Renata Glasc,2,3,1,True,Win
2978290,4,G2N,BIG,G2N,BIG,Blue,Azir,3,5,1,True,Win
2978290,4,G2N,BIG,G2N,BIG,Blue,Rell,4,8,2,True,Win
2978290,4,G2N,BIG,G2N,BIG,Blue,Bard,5,10,2,True,Win
2978290,4,G2N,BIG,BIG,G2N,Red,Cassiopeia,1,2,1,False,Loss
2978290,4,G2N,BIG,BIG,G2N,Red,Lee Sin,2,4,1,False,Loss
2978290,4,G2N,BIG,BIG,G2N,Red,Orianna,3,6,1,False,Loss
2978290,4,G2N,BIG,BIG,G2N,Red,Aurora,4,7,2,False,Loss
2978290,4,G2N,BIG,BIG,G2N,Red,LeBlanc,5,9,2,False,Loss
2978290,5,BIG,G2N,BIG,G2N,Blue,Wukong,1,1,1,True,Win
2978290,5,BIG,G2N,BIG,G2N,Blue,Gwen,2,3,1,True,Win
2978290,5,BIG,G2N,BIG,G2N,Blue,Skarner,3,5,1,True,Win
2978290,5,BIG,G2N,BIG,G2N,Blue,Poppy,4,8,2,True,Win
2978290,5,BIG,G2N,BIG,G2N,Blue,Cho'Gath,5,10,2,True,Win
2978290,5,BIG,G2N,G2N,BIG,Red,Cassiopeia,1,2,1,False,Loss
2978290,5,BIG,G2N,G2N,BIG,Red,Lucian,2,4,1,False,Loss
2978290,5,BIG,G2N,G2N,BIG,Red,Orianna,3,6,1,False,Loss
2978290,5,BIG,G2N,G2N,BIG,Red,LeBlanc,4,7,2,False,Loss
2978290,5,BIG,G2N,G2N,BIG,Red,Twisted Fate,5,9,2,False,Loss
2992998,1,EWI,ROSS,EWI,ROSS,Blue,Bard,1,1,1,False,Loss
2992998,1,EWI,ROSS,EWI,ROSS,Blue,Lucian,2,3,1,False,Loss
2992998,1,EWI,ROSS,EWI,ROSS,Blue,Viktor,3,5,1,False,Loss
2992998,1,EWI,ROSS,EWI,ROSS,Blue,Alistar,4,8,2,False,Loss
2992998,1,EWI,ROSS,EWI,ROSS,Blue,Rell,5,10,2,False,Loss
2992998,1,EWI,ROSS,ROSS,EWI,Red,Orianna,1,2,1,True,Win
2992998,1,EWI,ROSS,ROSS,EWI,Red,Cassiopeia,2,4,1,True,Win
2992998,1,EWI,ROSS,ROSS,EWI,Red,Pyke,3,6,1,True,Win
2992998,1,EWI,ROSS,ROSS,EWI,Red,Sion,4,7,2,True,Win
2992998,1,EWI,ROSS,ROSS,EWI,Red,Poppy,5,9,2,True,Win
2992998,2,ROSS,EWI,ROSS,EWI,Blue,Orianna,1,1,1,False,Loss
2992998,2,ROSS,EWI,ROSS,EWI,Blue,Poppy,2,3,1,False,Loss
2992998,2,ROSS,EWI,ROSS,EWI,Blue,Cassiopeia,3,5,1,False,Loss
2992998,2,ROSS,EWI,ROSS,EWI,Blue,Cho'Gath,4,8,2,False,Loss
2992998,2,ROSS,EWI,ROSS,EWI,Blue,LeBlanc,5,10,2,False,Loss
2992998,2,ROSS,EWI,EWI,ROSS,Red,Bard,1,2,1,True,Win
2992998,2,ROSS,EWI,EWI,ROSS,Red,Lucian,2,4,1,True,Win
2992998,2,ROSS,EWI,EWI,ROSS,Red,Viktor,3,6,1,True,Win
2992998,2,ROSS,EWI,EWI,ROSS,Red,Kalista,4,7,2,True,Win
2992998,2,ROSS,EWI,EWI,ROSS,Red,Sivir,5,9,2,True,Win
2992998,3,EWI,ROSS,EWI,ROSS,Blue,Bard,1,1,1,False,Loss
2992998,3,EWI,ROSS,EWI,ROSS,Blue,Lucian,2,3,1,False,Loss
2992998,3,EWI,ROSS,EWI,ROSS,Blue,Kalista,3,5,1,False,Loss
2992998,3,EWI,ROSS,EWI,ROSS,Blue,Aurora,4,8,2,False,Loss
2992998,3,EWI,ROSS,EWI,ROSS,Blue,Ziggs,5,10,2,False,Loss
2992998,3,EWI,ROSS,ROSS,EWI,Red,Orianna,1,2,1,True,Win
2992998,3,EWI,ROSS,ROSS,EWI,Red,Cassiopeia,2,4,1,True,Win
2992998,3,EWI,ROSS,ROSS,EWI,Red,Pyke,3,6,1,True,Win
2992998,3,EWI,ROSS,ROSS,EWI,Red,Sivir,4,7,2,True,Win
2992998,3,EWI,ROSS,ROSS,EWI,Red,Caitlyn,5,9,2,True,Win
3008241,1,G2N,NBS,G2N,NBS,Blue,Nocturne,1,2,1,False,Loss
3008241,1,G2N,NBS,G2N,NBS,Blue,Cassiopeia,2,4,1,False,Loss
3008241,1,G2N,NBS,G2N,NBS,Blue,Vi,3,6,1,False,Loss
3008241,1,G2N,NBS,G2N,NBS,Blue,Kalista,4,7,2,False,Loss
3008241,1,G2N,NBS,G2N,NBS,Blue,Yunara,5,9,2,False,Loss
3008241,1,G2N,NBS,NBS,G2N,Red,Ezreal,1,1,1,True,Win
3008241,1,G2N,NBS,NBS,G2N,Red,Lee Sin,2,3,1,True,Win
3008241,1,G2N,NBS,NBS,G2N,Red,K'Sante,3,5,1,True,Win
3008241,1,G2N,NBS,NBS,G2N,Red,Caitlyn,4,8,2,True,Win
3008241,1,G2N,NBS,NBS,G2N,Red,Jhin,5,10,2,True,Win
3008242,1,BOOM,TLNP,BOOM,TLNP,Blue,Orianna,1,1,1,False,Loss
3008242,1,BOOM,TLNP,BOOM,TLNP,Blue,Syndra,2,3,1,False,Loss
3008242,1,BOOM,TLNP,BOOM,TLNP,Blue,Viktor,3,5,1,False,Loss
3008242,1,BOOM,TLNP,BOOM,TLNP,Blue,Ziggs,4,8,2,False,Loss
3008242,1,BOOM,TLNP,BOOM,TLNP,Blue,Ahri,5,10,2,False,Loss
3008242,1,BOOM,TLNP,TLNP,BOOM,Red,Akali,1,2,1,True,Win
3008242,1,BOOM,TLNP,TLNP,BOOM,Red,Jarvan IV,2,4,1,True,Win
3008242,1,BOOM,TLNP,TLNP,BOOM,Red,Nocturne,3,6,1,True,Win
3008242,1,BOOM,TLNP,TLNP,BOOM,Red,Vi,4,7,2,True,Win
3008242,1,BOOM,TLNP,TLNP,BOOM,Red,Xin Zhao,5,9,2,True,Win
3008243,1,SNSH,HRTS,SNSH,HRTS,Blue,Lucian,1,2,1,False,Loss
3008243,1,SNSH,HRTS,SNSH,HRTS,Blue,Bard,2,4,1,False,Loss
3008243,1,SNSH,HRTS,SNSH,HRTS,Blue,Nautilus,3,6,1,False,Loss
3008243,1,SNSH,HRTS,SNSH,HRTS,Blue,Gnar,4,7,2,False,Loss
3008243,1,SNSH,HRTS,SNSH,HRTS,Blue,Jarvan IV,5,9,2,False,Loss
3008243,1,SNSH,HRTS,HRTS,SNSH,Red,Qiyana,1,1,1,True,Win
3008243,1,SNSH,HRTS,HRTS,SNSH,Red,Kled,2,3,1,True,Win
3008243,1,SNSH,HRTS,HRTS,SNSH,Red,Nocturne,3,5,1,True,Win
3008243,1,SNSH,HRTS,HRTS,SNSH,Red,Lee Sin,4,8,2,True,Win
3008243,1,SNSH,HRTS,HRTS,SNSH,Red,K'Sante,5,10,2,True,Win
3008244,1,KHK,SC,KHK,SC,Blue,Jarvan IV,1,1,1,False,Loss
3008244,1,KHK,SC,KHK,SC,Blue,Nocturne,2,3,1,False,Loss
3008244,1,KHK,SC,KHK,SC,Blue,Nautilus,3,5,1,False,Loss
3008244,1,KHK,SC,KHK,SC,Blue,ID:805,4,8,2,False,Loss
3008244,1,KHK,SC,KHK,SC,Blue,K'Sante,5,10,2,False,Loss
3008244,1,KHK,SC,SC,KHK,Red,Vi,1,2,1,True,Win
3008244,1,KHK,SC,SC,KHK,Red,Caitlyn,2,4,1,True,Win
3008244,1,KHK,SC,SC,KHK,Red,Lucian,3,6,1,True,Win
3008244,1,KHK,SC,SC,KHK,Red,Akali,4,7,2,True,Win
3008244,1,KHK,SC,SC,KHK,Red,Galio,5,9,2,True,Win
3008246,1,UCAM,KCB,UCAM,KCB,Blue,Nocturne,1,2,1,False,Loss
3008246,1,UCAM,KCB,UCAM,KCB,Blue,Olaf,2,4,1,False,Loss
3008246,1,UCAM,KCB,UCAM,KCB,Blue,Nautilus,3,6,1,False,Loss
3008246,1,UCAM,KCB,UCAM,KCB,Blue,Rumble,4,7,2,False,Loss
3008246,1,UCAM,KCB,UCAM,KCB,Blue,K'Sante,5,9,2,False,Loss
3008246,1,UCAM,KCB,KCB,UCAM,Red,Lucian,1,1,1,True,Win
3008246,1,UCAM,KCB,KCB,UCAM,Red,Jayce,2,3,1,True,Win
3008246,1,UCAM,KCB,KCB,UCAM,Red,Kalista,3,5,1,True,Win
3008246,1,UCAM,KCB,KCB,UCAM,Red,Ryze,4,8,2,True,Win
3008246,1,UCAM,KCB,KCB,UCAM,Red,Syndra,5,10,2,True,Win
3008247,1,JSK,SU,JSK,SU,Blue,Nocturne,1,2,1,True,Win
3008247,1,JSK,SU,JSK,SU,Blue,Qiyana,2,4,1,True,Win
3008247,1,JSK,SU,JSK,SU,Blue,Lee Sin,3,6,1,True,Win
3008247,1,JSK,SU,JSK,SU,Blue,Wukong,4,7,2,True,Win
3008247,1,JSK,SU,JSK,SU,Blue,Pantheon,5,9,2,True,Win
3008247,1,JSK,SU,SU,JSK,Red,Jarvan IV,1,1,1,False,Loss
3008247,1,JSK,SU,SU,JSK,Red,Ezreal,2,3,1,False,Loss
3008247,1,JSK,SU,SU,JSK,Red,Vi,3,5,1,False,Loss
3008247,1,JSK,SU,SU,JSK,Red,Ahri,4,8,2,False,Loss
3008247,1,JSK,SU,SU,JSK,Red,K'Sante,5,10,2,False,Loss
3008248,1,VLR,BIG,VLR,BIG,Blue,Qiyana,1,1,1,True,Win
3008248,1,VLR,BIG,VLR,BIG,Blue,Lee Sin,2,3,1,True,Win
3008248,1,VLR,BIG,VLR,BIG,Blue,Cassiopeia,3,5,1,True,Win
3008248,1,VLR,BIG,VLR,BIG,Blue,Rakan,4,8,2,True,Win
3008248,1,VLR,BIG,VLR,BIG,Blue,Seraphine,5,10,2,True,Win
3008248,1,VLR,BIG,BIG,VLR,Red,Vi,1,2,1,False,Loss
3008248,1,VLR,BIG,BIG,VLR,Red,Nocturne,2,4,1,False,Loss
3008248,1,VLR,BIG,BIG,VLR,Red,Jayce,3,6,1,False,Loss
3008248,1,VLR,BIG,BIG,VLR,Red,Anivia,4,7,2,False,Loss
3008248,1,VLR,BIG,BIG,VLR,Red,Wukong,5,9,2,False,Loss
3008249,1,RUD,CG,RUD,CG,Blue,Nocturne,1,2,1,True,Win
3008249,1,RUD,CG,RUD,CG,Blue,Akali,2,4,1,True,Win
3008249,1,RUD,CG,RUD,CG,Blue,Qiyana,3,6,1,True,Win
3008249,1,RUD,CG,RUD,CG,Blue,Naafiri,4,7,2,True,Win
3008249,1,RUD,CG,RUD,CG,Blue,Vi,5,9,2,True,Win
3008249,1,RUD,CG,CG,RUD,Red,Nautilus,1,1,1,False,Loss
3008249,1,RUD,CG,CG,RUD,Red,Lee Sin,2,3,1,False,Loss
3008249,1,RUD,CG,CG,RUD,Red,Yunara,3,5,1,False,Loss
3008249,1,RUD,CG,CG,RUD,Red,K'Sante,4,8,2,False,Loss
3008249,1,RUD,CG,CG,RUD,Red,Galio,5,10,2,False,Loss
3008250,1,TP,BAR,TP,BAR,Blue,Lee Sin,1,2,1,True,Win
3008250,1,TP,BAR,TP,BAR,Blue,Lucian,2,4,1,True,Win
3008250,1,TP,BAR,TP,BAR,Blue,Yunara,3,6,1,True,Win
3008250,1,TP,BAR,TP,BAR,Blue,Xayah,4,7,2,True,Win
3008250,1,TP,BAR,TP,BAR,Blue,Caitlyn,5,9,2,True,Win
3008250,1,TP,BAR,BAR,TP,Red,Shyvana,1,1,1,False,Loss
3008250,1,TP,BAR,BAR,TP,Red,Seraphine,2,3,1,False,Loss
3008250,1,TP,BAR,BAR,TP,Red,Olaf,3,5,1,False,Loss
3008250,1,TP,BAR,BAR,TP,Red,Bard,4,8,2,False,Loss
3008250,1,TP,BAR,BAR,TP,Red,Karma,5,10,2,False,Loss
3008251,1,LDS,FEC,LDS,FEC,Blue,Caitlyn,1,1,1,False,Loss
3008251,1,LDS,FEC,LDS,FEC,Blue,Vi,2,3,1,False,Loss
3008251,1,LDS,FEC,LDS,FEC,Blue,Orianna,3,5,1,False,Loss
3008251,1,LDS,FEC,LDS,FEC,Blue,K'Sante,4,8,2,False,Loss
3008251,1,LDS,FEC,LDS,FEC,Blue,Rumble,5,10,2,False,Loss
3008251,1,LDS,FEC,FEC,LDS,Red,Qiyana,1,2,1,True,Win
3008251,1,LDS,FEC,FEC,LDS,Red,Lulu,2,4,1,True,Win
3008251,1,LDS,FEC,FEC,LDS,Red,Cassiopeia,3,6,1,True,Win
3008251,1,LDS,FEC,FEC,LDS,Red,Lee Sin,4,7,2,True,Win
3008251,1,LDS,FEC,FEC,LDS,Red,Wukong,5,9,2,True,Win
3008252,1,TSC,PCF,TSC,PCF,Blue,Qiyana,1,2,1,False,Loss
3008252,1,TSC,PCF,TSC,PCF,Blue,Akali,2,4,1,False,Loss
3008252,1,TSC,PCF,TSC,PCF,Blue,Cassiopeia,3,6,1,False,Loss
3008252,1,TSC,PCF,TSC,PCF,Blue,Xin Zhao,4,7,2,False,Loss
3008252,1,TSC,PCF,TSC,PCF,Blue,Naafiri,5,9,2,False,Loss
3008252,1,TSC,PCF,PCF,TSC,Red,Olaf,1,1,1,True,Win
3008252,1,TSC,PCF,PCF,TSC,Red,Syndra,2,3,1,True,Win
3008252,1,TSC,PCF,PCF,TSC,Red,Kalista,3,5,1,True,Win
3008252,1,TSC,PCF,PCF,TSC,Red,Pantheon,4,8,2,True,Win
3008252,1,TSC,PCF,PCF,TSC,Red,Fiora,5,10,2,True,Win
3008253,1,BW,ESB,BW,ESB,Blue,Viego,1,1,1,True,Win
3008253,1,BW,ESB,BW,ESB,Blue,Orianna,2,3,1,True,Win
3008253,1,BW,ESB,BW,ESB,Blue,Poppy,3,5,1,True,Win
3008253,1,BW,ESB,BW,ESB,Blue,Nautilus,4,8,2,True,Win
3008253,1,BW,ESB,BW,ESB,Blue,Karma,5,10,2,True,Win
3008253,1,BW,ESB,ESB,BW,Red,Cassiopeia,1,2,1,False,Loss
3008253,1,BW,ESB,ESB,BW,Red,Jayce,2,4,1,False,Loss
3008253,1,BW,ESB,ESB,BW,Red,Nocturne,3,6,1,False,Loss
3008253,1,BW,ESB,ESB,BW,Red,Ezreal,4,7,2,False,Loss
3008253,1,BW,ESB,ESB,BW,Red,Seraphine,5,9,2,False,Loss
3008254,1,WD,HMB,WD,HMB,Blue,Cassiopeia,1,1,1,False,Loss
3008254,1,WD,HMB,WD,HMB,Blue,Nocturne,2,3,1,False,Loss
3008254,1,WD,HMB,WD,HMB,Blue,Yunara,3,5,1,False,Loss
3008254,1,WD,HMB,WD,HMB,Blue,Ryze,4,8,2,False,Loss
3008254,1,WD,HMB,WD,HMB,Blue,LeBlanc,5,10,2,False,Loss
3008254,1,WD,HMB,HMB,WD,Red,Syndra,1,2,1,True,Win
3008254,1,WD,HMB,HMB,WD,Red,Lucian,2,4,1,True,Win
3008254,1,WD,HMB,HMB,WD,Red,Jarvan IV,3,6,1,True,Win
3008254,1,WD,HMB,HMB,WD,Red,Akali,4,7,2,True,Win
3008254,1,WD,HMB,HMB,WD,Red,Sylas,5,9,2,True,Win
3008255,1,GSMC,MGZ,GSMC,MGZ,Blue,Nocturne,1,2,1,False,Loss
3008255,1,GSMC,MGZ,GSMC,MGZ,Blue,Nautilus,2,4,1,False,Loss
3008255,1,GSMC,MGZ,GSMC,MGZ,Blue,Seraphine,3,6,1,False,Loss
3008255,1,GSMC,MGZ,GSMC,MGZ,Blue,Pyke,4,7,2,False,Loss
3008255,1,GSMC,MGZ,GSMC,MGZ,Blue,Camille,5,9,2,False,Loss
3008255,1,GSMC,MGZ,MGZ,GSMC,Red,Akali,1,1,1,True,Win
3008255,1,GSMC,MGZ,MGZ,GSMC,Red,Rumble,2,3,1,True,Win
3008255,1,GSMC,MGZ,MGZ,GSMC,Red,Cassiopeia,3,5,1,True,Win
3008255,1,GSMC,MGZ,MGZ,GSMC,Red,Orianna,4,8,2,True,Win
3008255,1,GSMC,MGZ,MGZ,GSMC,Red,Jayce,5,10,2,True,Win
3008256,1,FSK,OTS,FSK,OTS,Blue,Rumble,1,2,1,False,Loss
3008256,1,FSK,OTS,FSK,OTS,Blue,Syndra,2,4,1,False,Loss
3008256,1,FSK,OTS,FSK,OTS,Blue,Caitlyn,3,6,1,False,Loss
3008256,1,FSK,OTS,FSK,OTS,Blue,Gnar,4,7,2,False,Loss
3008256,1,FSK,OTS,FSK,OTS,Blue,Sion,5,9,2,False,Loss
3008256,1,FSK,OTS,OTS,FSK,Red,Nautilus,1,1,1,True,Win
3008256,1,FSK,OTS,OTS,FSK,Red,Vi,2,3,1,True,Win
3008256,1,FSK,OTS,OTS,FSK,Red,Nocturne,3,5,1,True,Win
3008256,1,FSK,OTS,OTS,FSK,Red,Orianna,4,8,2,True,Win
3008256,1,FSK,OTS,OTS,FSK,Red,Cassiopeia,5,10,2,True,Win
