series_id,game_num,blue_team,red_team,team,opp_team,side,player,champion,draft_champion,role,pick_order,pick_turn_global,pick_phase,win,result
2877290,1,FNC,LR,FNC,LR,Blue,Empyros,Ambessa,Yunara,TOP,1,7.0,1.0,True,Win
2877290,1,FNC,LR,LR,FNC,Red,Baus,Kled,Corki,TOP,2,8.0,1.0,False,Loss
2877290,1,FNC,LR,LR,FNC,Red,Velja,JarvanIV,Jarvan IV,JGL,3,9.0,1.0,False,Loss
2877290,1,FNC,LR,FNC,LR,Blue,Razork,Vi,Vi,JGL,4,10.0,1.0,True,Win
2877290,1,FNC,LR,FNC,LR,Blue,Vladi,Taliyah,Taliyah,MID,5,11.0,1.0,True,Win
2877290,1,FNC,LR,LR,FNC,Red,Nemesis,Ryze,Ryze,MID,6,12.0,1.0,False,Loss
2877290,1,FNC,LR,LR,FNC,Red,Crownie,Corki,Kled,BOT,7,17.0,2.0,False,Loss
2877290,1,FNC,LR,FNC,LR,Blue,Upset,Yunara,Ambessa,BOT,8,18.0,2.0,True,Win
2877290,1,FNC,LR,FNC,LR,Blue,Lospa,Alistar,Alistar,SUP,9,19.0,2.0,True,Win
2877290,1,FNC,LR,LR,FNC,Red,Rekkles,Braum,Braum,SUP,10,20.0,2.0,False,Loss
2877291,1,GX,SHFT,GX,SHFT,Blue,Lot,Rumble,Orianna,TOP,1,7.0,1.0,True,Win
2877291,1,GX,SHFT,SHFT,GX,Red,Rooster,KSante,Azir,TOP,2,8.0,1.0,False,Loss
2877291,1,GX,SHFT,SHFT,GX,Red,Boukada,MonkeyKing,Wukong,JGL,3,9.0,1.0,False,Loss
2877291,1,GX,SHFT,GX,SHFT,Blue,ISMA,XinZhao,Xin Zhao,JGL,4,10.0,1.0,True,Win
2877291,1,GX,SHFT,GX,SHFT,Blue,Jackies,Orianna,Rumble,MID,5,11.0,1.0,True,Win
2877291,1,GX,SHFT,SHFT,GX,Red,nuc,Azir,K'Sante,MID,6,12.0,1.0,False,Loss
2877291,1,GX,SHFT,SHFT,GX,Red,Paduck,Ezreal,Ezreal,BOT,7,17.0,2.0,False,Loss
2877291,1,GX,SHFT,GX,SHFT,Blue,Noah,Kaisa,Kai'Sa,BOT,8,18.0,2.0,True,Win
2877291,1,GX,SHFT,GX,SHFT,Blue,Jun,Rakan,Rakan,SUP,9,19.0,2.0,True,Win
2877291,1,GX,SHFT,SHFT,GX,Red,Trymbi,Bard,Bard,SUP,10,20.0,2.0,False,Loss
2877292,1,TH,NAVI,TH,NAVI,Blue,Tracyn,Rumble,Rumble,TOP,1,7.0,1.0,False,Loss
2877292,1,TH,NAVI,NAVI,TH,Red,Maynter,KSante,K'Sante,TOP,2,8.0,1.0,True,Win
2877292,1,TH,NAVI,NAVI,TH,Red,Rhilech,Qiyana,Yunara,JGL,3,9.0,1.0,True,Win
2877292,1,TH,NAVI,TH,NAVI,Blue,Sheo,MonkeyKing,Wukong,JGL,4,10.0,1.0,False,Loss
2877292,1,TH,NAVI,TH,NAVI,Blue,Serin,Orianna,Orianna,MID,5,11.0,1.0,False,Loss
2877292,1,TH,NAVI,NAVI,TH,Red,Poby,Azir,Azir,MID,6,12.0,1.0,True,Win
2877292,1,TH,NAVI,NAVI,TH,Red,SamD,Yunara,Qiyana,BOT,7,17.0,2.0,True,Win
2877292,1,TH,NAVI,TH,NAVI,Blue,Ice,Corki,Corki,BOT,8,18.0,2.0,False,Loss
2877292,1,TH,NAVI,TH,NAVI,Blue,Stend,Rell,Rell,SUP,9,19.0,2.0,False,Loss
2877292,1,TH,NAVI,NAVI,TH,Red,Parus,Rakan,Rakan,SUP,10,20.0,2.0,True,Win
2877293,1,SK,VIT,SK,VIT,Blue,Wunder,Ambessa,Jayce,TOP,1,7.0,1.0,False,Loss
2877293,1,SK,VIT,VIT,SK,Red,Naak Nako,Aatrox,Corki,TOP,2,8.0,1.0,True,Win
2877293,1,SK,VIT,VIT,SK,Red,Lyncas,Pantheon,Pantheon,JGL,3,9.0,1.0,True,Win
2877293,1,SK,VIT,SK,VIT,Blue,Skeanz,Jayce,Yunara,JGL,4,10.0,1.0,False,Loss
2877293,1,SK,VIT,SK,VIT,Blue,LIDER,Viktor,Alistar,MID,5,11.0,1.0,False,Loss
2877293,1,SK,VIT,VIT,SK,Red,Humanoid,Taliyah,Taliyah,MID,6,12.0,1.0,True,Win
2877293,1,SK,VIT,VIT,SK,Red,Carzzy,Corki,Rakan,BOT,7,17.0,2.0,True,Win
2877293,1,SK,VIT,SK,VIT,Blue,Jopa,Yunara,Ambessa,BOT,8,18.0,2.0,False,Loss
2877293,1,SK,VIT,SK,VIT,Blue,Mikyx,Alistar,Viktor,SUP,9,19.0,2.0,False,Loss
2877293,1,SK,VIT,VIT,SK,Red,Fleshy,Rakan,Aatrox,SUP,10,20.0,2.0,True,Win
2877294,1,KC,KCB,KC,KCB,Blue,Canna,Sion,Azir,TOP,1,7.0,1.0,True,Win
2877294,1,KC,KCB,KCB,KC,Red,Tao,Aatrox,Taliyah,TOP,2,8.0,1.0,False,Loss
2877294,1,KC,KCB,KCB,KC,Red,Yukino,Vi,Varus,JGL,3,9.0,1.0,False,Loss
2877294,1,KC,KCB,KC,KCB,Blue,Yike,XinZhao,Sion,JGL,4,10.0,1.0,True,Win
2877294,1,KC,KCB,KC,KCB,Blue,kyeahoo,Azir,Bard,MID,5,11.0,1.0,True,Win
2877294,1,KC,KCB,KCB,KC,Red,Kamiloo,Taliyah,Vi,MID,6,12.0,1.0,False,Loss
2877294,1,KC,KCB,KCB,KC,Red,Hazel,Varus,Aatrox,BOT,7,17.0,2.0,False,Loss
2877294,1,KC,KCB,KC,KCB,Blue,Caliste,Ezreal,Xin Zhao,BOT,8,18.0,2.0,True,Win
2877294,1,KC,KCB,KC,KCB,Blue,Busio,Bard,Ezreal,SUP,9,19.0,2.0,True,Win
2877294,1,KC,KCB,KCB,KC,Red,Prime,Nautilus,Nautilus,SUP,10,20.0,2.0,False,Loss
2877295,1,G2,MKOI,MKOI,G2,Red,Myrwn,KSante,Jayce,TOP,1,7.0,1.0,True,Win
2877295,1,G2,MKOI,G2,MKOI,Blue,BrokenBlade,Gnar,Wukong,TOP,2,8.0,1.0,False,Loss
2877295,1,G2,MKOI,G2,MKOI,Blue,SkewMond,MonkeyKing,Azir,JGL,3,9.0,1.0,False,Loss
2877295,1,G2,MKOI,MKOI,G2,Red,Elyoya,Jayce,Yunara,JGL,4,10.0,1.0,True,Win
2877295,1,G2,MKOI,MKOI,G2,Red,Jojopyun,Taliyah,Taliyah,MID,5,11.0,1.0,True,Win
2877295,1,G2,MKOI,G2,MKOI,Blue,Caps,Azir,Corki,MID,6,12.0,1.0,False,Loss
2877295,1,G2,MKOI,G2,MKOI,Blue,Hans Sama,Corki,Alistar,BOT,7,17.0,2.0,False,Loss
2877295,1,G2,MKOI,MKOI,G2,Red,Supa,Yunara,K'Sante,BOT,8,18.0,2.0,True,Win
2877295,1,G2,MKOI,MKOI,G2,Red,Alvaro,Lulu,Lulu,SUP,9,19.0,2.0,True,Win
2877295,1,G2,MKOI,G2,MKOI,Blue,Labrov,Alistar,Gnar,SUP,10,20.0,2.0,False,Loss
2877296,1,TH,SHFT,TH,SHFT,Blue,Tracyn,Rumble,Azir,TOP,1,7.0,1.0,False,Loss
2877296,1,TH,SHFT,SHFT,TH,Red,Rooster,KSante,Ryze,TOP,2,8.0,1.0,True,Win
2877296,1,TH,SHFT,SHFT,TH,Red,Boukada,MonkeyKing,Wukong,JGL,3,9.0,1.0,True,Win
2877296,1,TH,SHFT,TH,SHFT,Blue,Sheo,Pantheon,Rumble,JGL,4,10.0,1.0,False,Loss
2877296,1,TH,SHFT,TH,SHFT,Blue,Serin,Azir,Pantheon,MID,5,11.0,1.0,False,Loss
2877296,1,TH,SHFT,SHFT,TH,Red,nuc,Ryze,K'Sante,MID,6,12.0,1.0,True,Win
2877296,1,TH,SHFT,SHFT,TH,Red,Paduck,Corki,Corki,BOT,7,17.0,2.0,True,Win
2877296,1,TH,SHFT,TH,SHFT,Blue,Ice,Smolder,Nautilus,BOT,8,18.0,2.0,False,Loss
2877296,1,TH,SHFT,TH,SHFT,Blue,Stend,Nautilus,Smolder,SUP,9,19.0,2.0,False,Loss
2877296,1,TH,SHFT,SHFT,TH,Red,Trymbi,Rell,Rell,SUP,10,20.0,2.0,True,Win
2877297,1,LR,KCB,LR,KCB,Blue,Baus,Volibear,Ryze,TOP,1,7.0,1.0,False,Loss
2877297,1,LR,KCB,KCB,LR,Red,Tao,Zaahen,Orianna,TOP,2,8.0,1.0,True,Win
2877297,1,LR,KCB,KCB,LR,Red,Yukino,MonkeyKing,Yunara,JGL,3,9.0,1.0,True,Win
2877297,1,LR,KCB,LR,KCB,Blue,Velja,JarvanIV,Corki,JGL,4,10.0,1.0,False,Loss
2877297,1,LR,KCB,LR,KCB,Blue,Nemesis,Ryze,Jarvan IV,MID,5,11.0,1.0,False,Loss
2877297,1,LR,KCB,KCB,LR,Red,Kamiloo,Orianna,Wukong,MID,6,12.0,1.0,True,Win
2877297,1,LR,KCB,KCB,LR,Red,Hazel,Yunara,Alistar,BOT,7,17.0,2.0,True,Win
2877297,1,LR,KCB,LR,KCB,Blue,Crownie,Corki,Nami,BOT,8,18.0,2.0,False,Loss
2877297,1,LR,KCB,LR,KCB,Blue,Rekkles,Nami,Volibear,SUP,9,19.0,2.0,False,Loss
2877297,1,LR,KCB,KCB,LR,Red,Prime,Alistar,Zaahen,SUP,10,20.0,2.0,True,Win
2877298,1,VIT,NAVI,VIT,NAVI,Blue,Naak Nako,Renekton,Azir,TOP,1,7.0,1.0,False,Loss
2877298,1,VIT,NAVI,NAVI,VIT,Red,Maynter,KSante,Taliyah,TOP,2,8.0,1.0,True,Win
2877298,1,VIT,NAVI,NAVI,VIT,Red,Rhilech,Ambessa,Yunara,JGL,3,9.0,1.0,True,Win
2877298,1,VIT,NAVI,VIT,NAVI,Blue,Lyncas,XinZhao,Xin Zhao,JGL,4,10.0,1.0,False,Loss
2877298,1,VIT,NAVI,VIT,NAVI,Blue,Humanoid,Azir,Corki,MID,5,11.0,1.0,False,Loss
2877298,1,VIT,NAVI,NAVI,VIT,Red,Poby,Taliyah,Ambessa,MID,6,12.0,1.0,True,Win
2877298,1,VIT,NAVI,NAVI,VIT,Red,SamD,Yunara,Alistar,BOT,7,17.0,2.0,True,Win
2877298,1,VIT,NAVI,VIT,NAVI,Blue,Carzzy,Corki,Nautilus,BOT,8,18.0,2.0,False,Loss
2877298,1,VIT,NAVI,VIT,NAVI,Blue,Fleshy,Nautilus,Renekton,SUP,9,19.0,2.0,False,Loss
2877298,1,VIT,NAVI,NAVI,VIT,Red,Parus,Alistar,K'Sante,SUP,10,20.0,2.0,True,Win
2877299,1,FNC,SK,FNC,SK,Blue,Empyros,Renekton,Yunara,TOP,1,7.0,1.0,False,Loss
2877299,1,FNC,SK,SK,FNC,Red,Wunder,Kennen,Varus,TOP,2,8.0,1.0,True,Win
2877299,1,FNC,SK,SK,FNC,Red,Skeanz,Vi,Vi,JGL,3,9.0,1.0,True,Win
2877299,1,FNC,SK,FNC,SK,Blue,Razork,MonkeyKing,Wukong,JGL,4,10.0,1.0,False,Loss
2877299,1,FNC,SK,FNC,SK,Blue,Vladi,Taliyah,Renekton,MID,5,11.0,1.0,False,Loss
2877299,1,FNC,SK,SK,FNC,Red,LIDER,Ryze,Kennen,MID,6,12.0,1.0,True,Win
2877299,1,FNC,SK,SK,FNC,Red,Jopa,Varus,Ryze,BOT,7,17.0,2.0,True,Win
2877299,1,FNC,SK,FNC,SK,Blue,Upset,Yunara,Alistar,BOT,8,18.0,2.0,False,Loss
2877299,1,FNC,SK,FNC,SK,Blue,Lospa,Alistar,Taliyah,SUP,9,19.0,2.0,False,Loss
2877299,1,FNC,SK,SK,FNC,Red,Mikyx,Nautilus,Nautilus,SUP,10,20.0,2.0,True,Win
2877300,1,G2,GX,GX,G2,Red,Lot,Ambessa,Ryze,TOP,1,7.0,1.0,True,Win
2877300,1,G2,GX,G2,GX,Blue,BrokenBlade,KSante,Anivia,TOP,2,8.0,1.0,False,Loss
2877300,1,G2,GX,G2,GX,Blue,SkewMond,XinZhao,Xin Zhao,JGL,3,9.0,1.0,False,Loss
2877300,1,G2,GX,GX,G2,Red,ISMA,JarvanIV,Varus,JGL,4,10.0,1.0,True,Win
2877300,1,G2,GX,GX,G2,Red,Jackies,Ryze,Jarvan IV,MID,5,11.0,1.0,True,Win
2877300,1,G2,GX,G2,GX,Blue,Caps,Anivia,Yunara,MID,6,12.0,1.0,False,Loss
2877300,1,G2,GX,G2,GX,Blue,Hans Sama,Yunara,K'Sante,BOT,7,17.0,2.0,False,Loss
2877300,1,G2,GX,GX,G2,Red,Noah,Varus,Bard,BOT,8,18.0,2.0,True,Win
2877300,1,G2,GX,GX,G2,Red,Jun,Bard,Ambessa,SUP,9,19.0,2.0,True,Win
2877300,1,G2,GX,G2,GX,Blue,Labrov,Rell,Rell,SUP,10,20.0,2.0,False,Loss
2877301,1,KC,MKOI,MKOI,KC,Red,Myrwn,Sion,Azir,TOP,1,7.0,1.0,True,Win
2877301,1,KC,MKOI,KC,MKOI,Blue,Canna,Rumble,Rumble,TOP,2,8.0,1.0,False,Loss
2877301,1,KC,MKOI,KC,MKOI,Blue,Yike,XinZhao,Xin Zhao,JGL,3,9.0,1.0,False,Loss
2877301,1,KC,MKOI,MKOI,KC,Red,Elyoya,JarvanIV,Yunara,JGL,4,10.0,1.0,True,Win
2877301,1,KC,MKOI,MKOI,KC,Red,Jojopyun,Azir,Bard,MID,5,11.0,1.0,True,Win
2877301,1,KC,MKOI,KC,MKOI,Blue,kyeahoo,Taliyah,Taliyah,MID,6,12.0,1.0,False,Loss
2877301,1,KC,MKOI,KC,MKOI,Blue,Caliste,Caitlyn,Karma,BOT,7,17.0,2.0,False,Loss
2877301,1,KC,MKOI,MKOI,KC,Red,Supa,Yunara,Sion,BOT,8,18.0,2.0,True,Win
2877301,1,KC,MKOI,MKOI,KC,Red,Alvaro,Bard,Jarvan IV,SUP,9,19.0,2.0,True,Win
2877301,1,KC,MKOI,KC,MKOI,Blue,Busio,Karma,Caitlyn,SUP,10,20.0,2.0,False,Loss
2877302,1,NAVI,FNC,FNC,NAVI,Red,Empyros,Rumble,Rumble,TOP,1,7.0,1.0,True,Win
2877302,1,NAVI,FNC,NAVI,FNC,Blue,Maynter,KSante,K'Sante,TOP,2,8.0,1.0,False,Loss
2877302,1,NAVI,FNC,NAVI,FNC,Blue,Rhilech,Ambessa,Varus,JGL,3,9.0,1.0,False,Loss
2877302,1,NAVI,FNC,FNC,NAVI,Red,Razork,JarvanIV,Azir,JGL,4,10.0,1.0,True,Win
2877302,1,NAVI,FNC,FNC,NAVI,Red,Vladi,Azir,Jarvan IV,MID,5,11.0,1.0,True,Win
2877302,1,NAVI,FNC,NAVI,FNC,Blue,Poby,Akali,Akali,MID,6,12.0,1.0,False,Loss
2877302,1,NAVI,FNC,NAVI,FNC,Blue,SamD,Varus,Ambessa,BOT,7,17.0,2.0,False,Loss
2877302,1,NAVI,FNC,FNC,NAVI,Red,Upset,Corki,Corki,BOT,8,18.0,2.0,True,Win
2877302,1,NAVI,FNC,FNC,NAVI,Red,Lospa,Alistar,Alistar,SUP,9,19.0,2.0,True,Win
2877302,1,NAVI,FNC,NAVI,FNC,Blue,Parus,Rakan,Rakan,SUP,10,20.0,2.0,False,Loss
2877303,1,KCB,VIT,VIT,KCB,Red,Naak Nako,Renekton,Azir,TOP,1,7.0,1.0,True,Win
2877303,1,KCB,VIT,KCB,VIT,Blue,Tao,Aatrox,Ryze,TOP,2,8.0,1.0,False,Loss
2877303,1,KCB,VIT,KCB,VIT,Blue,Yukino,Pantheon,Pantheon,JGL,3,9.0,1.0,False,Loss
2877303,1,KCB,VIT,VIT,KCB,Red,Lyncas,MonkeyKing,Wukong,JGL,4,10.0,1.0,True,Win
2877303,1,KCB,VIT,VIT,KCB,Red,Humanoid,Azir,Renekton,MID,5,11.0,1.0,True,Win
2877303,1,KCB,VIT,KCB,VIT,Blue,Kamiloo,Ryze,Aatrox,MID,6,12.0,1.0,False,Loss
2877303,1,KCB,VIT,KCB,VIT,Blue,Hazel,Aphelios,Aphelios,BOT,7,17.0,2.0,False,Loss
2877303,1,KCB,VIT,VIT,KCB,Red,Carzzy,Xayah,Xayah,BOT,8,18.0,2.0,True,Win
2877303,1,KCB,VIT,VIT,KCB,Red,Fleshy,Rakan,Rakan,SUP,9,19.0,2.0,True,Win
2877303,1,KCB,VIT,KCB,VIT,Blue,Prime,Bard,Bard,SUP,10,20.0,2.0,False,Loss
2877304,1,TH,GX,GX,TH,Red,Lot,Aatrox,Malphite,TOP,1,7.0,1.0,False,Loss
2877304,1,TH,GX,TH,GX,Blue,Tracyn,Ambessa,Dr. Mundo,TOP,2,8.0,1.0,True,Win
2877304,1,TH,GX,TH,GX,Blue,Sheo,DrMundo,Varus,JGL,3,9.0,1.0,True,Win
2877304,1,TH,GX,GX,TH,Red,ISMA,Malphite,Azir,JGL,4,10.0,1.0,False,Loss
2877304,1,TH,GX,GX,TH,Red,Jackies,Azir,Jhin,MID,5,11.0,1.0,False,Loss
2877304,1,TH,GX,TH,GX,Blue,Serin,Ryze,Ryze,MID,6,12.0,1.0,True,Win
2877304,1,TH,GX,TH,GX,Blue,Ice,Varus,Ambessa,BOT,7,17.0,2.0,True,Win
2877304,1,TH,GX,GX,TH,Red,Noah,Jhin,Aatrox,BOT,8,18.0,2.0,False,Loss
2877304,1,TH,GX,GX,TH,Red,Jun,Alistar,Alistar,SUP,9,19.0,2.0,False,Loss
2877304,1,TH,GX,TH,GX,Blue,Stend,Rakan,Rakan,SUP,10,20.0,2.0,True,Win
2877305,1,SHFT,MKOI,MKOI,SHFT,Red,Myrwn,Rumble,Rumble,TOP,1,7.0,1.0,False,Loss
2877305,1,SHFT,MKOI,SHFT,MKOI,Blue,Rooster,Aurora,Aurora,TOP,2,8.0,1.0,False,Loss
2877305,1,SHFT,MKOI,SHFT,MKOI,Blue,Boukada,Vi,Vi,JGL,3,9.0,1.0,False,Loss
2877305,1,SHFT,MKOI,MKOI,SHFT,Red,Elyoya,Ambessa,Ambessa,JGL,4,10.0,1.0,False,Loss
2877305,1,SHFT,MKOI,MKOI,SHFT,Red,Jojopyun,Azir,Azir,MID,5,11.0,1.0,False,Loss
2877305,1,SHFT,MKOI,SHFT,MKOI,Blue,nuc,Cassiopeia,Cassiopeia,MID,6,12.0,1.0,False,Loss
2877305,1,SHFT,MKOI,SHFT,MKOI,Blue,Paduck,Varus,Varus,BOT,7,17.0,2.0,False,Loss
2877305,1,SHFT,MKOI,MKOI,SHFT,Red,Supa,Sivir,Sivir,BOT,8,18.0,2.0,False,Loss
2877305,1,SHFT,MKOI,MKOI,SHFT,Red,Alvaro,Nautilus,Nautilus,SUP,9,19.0,2.0,False,Loss
2877305,1,SHFT,MKOI,SHFT,MKOI,Blue,Trymbi,Neeko,Neeko,SUP,10,20.0,2.0,False,Loss
2877306,1,LR,KC,KC,LR,Red,Canna,Gnar,Azir,TOP,1,7.0,1.0,True,Win
2877306,1,LR,KC,LR,KC,Blue,Baus,Vi,Orianna,TOP,2,8.0,1.0,False,Loss
2877306,1,LR,KC,LR,KC,Blue,Velja,DrMundo,Yunara,JGL,3,9.0,1.0,False,Loss
2877306,1,LR,KC,KC,LR,Red,Yike,MonkeyKing,Aphelios,JGL,4,10.0,1.0,True,Win
2877306,1,LR,KC,KC,LR,Red,kyeahoo,Azir,Lulu,MID,5,11.0,1.0,True,Win
2877306,1,LR,KC,LR,KC,Blue,Nemesis,Orianna,Bard,MID,6,12.0,1.0,False,Loss
2877306,1,LR,KC,LR,KC,Blue,Crownie,Yunara,Vi,BOT,7,17.0,2.0,False,Loss
2877306,1,LR,KC,KC,LR,Red,Caliste,Aphelios,Wukong,BOT,8,18.0,2.0,True,Win
2877306,1,LR,KC,KC,LR,Red,Busio,Lulu,Gnar,SUP,9,19.0,2.0,True,Win
2877306,1,LR,KC,LR,KC,Blue,Rekkles,Bard,Dr. Mundo,SUP,10,20.0,2.0,False,Loss
2877307,1,G2,SK,G2,SK,Blue,BrokenBlade,KSante,Jayce,TOP,1,7.0,1.0,True,Win
2877307,1,G2,SK,SK,G2,Red,Wunder,Ambessa,Vi,TOP,2,8.0,1.0,False,Loss
2877307,1,G2,SK,SK,G2,Red,Skeanz,Vi,Corki,JGL,3,9.0,1.0,False,Loss
2877307,1,G2,SK,G2,SK,Blue,SkewMond,Jayce,Ezreal,JGL,4,10.0,1.0,True,Win
2877307,1,G2,SK,G2,SK,Blue,Caps,Orianna,K'Sante,MID,5,11.0,1.0,True,Win
2877307,1,G2,SK,SK,G2,Red,LIDER,AurelionSol,Ambessa,MID,6,12.0,1.0,False,Loss
2877307,1,G2,SK,SK,G2,Red,Jopa,Corki,Bard,BOT,7,17.0,2.0,False,Loss
2877307,1,G2,SK,G2,SK,Blue,Hans Sama,Ezreal,Orianna,BOT,8,18.0,2.0,True,Win
2877307,1,G2,SK,G2,SK,Blue,Labrov,Nautilus,Nautilus,SUP,9,19.0,2.0,True,Win
2877307,1,G2,SK,SK,G2,Red,Mikyx,Bard,Aurelion Sol,SUP,10,20.0,2.0,False,Loss
2877308,1,GX,LR,LR,GX,Red,Baus,Volibear,Azir,TOP,1,7.0,1.0,False,Loss
2877308,1,GX,LR,GX,LR,Blue,Lot,Gnar,Yone,TOP,2,8.0,1.0,True,Win
2877308,1,GX,LR,GX,LR,Blue,ISMA,Sejuani,Sejuani,JGL,3,9.0,1.0,True,Win
2877308,1,GX,LR,LR,GX,Red,Velja,MonkeyKing,Corki,JGL,4,10.0,1.0,False,Loss
2877308,1,GX,LR,LR,GX,Red,Nemesis,Azir,Wukong,MID,5,11.0,1.0,False,Loss
2877308,1,GX,LR,GX,LR,Blue,Jackies,Yone,Kai'Sa,MID,6,12.0,1.0,True,Win
2877308,1,GX,LR,GX,LR,Blue,Noah,Kaisa,Rakan,BOT,7,17.0,2.0,True,Win
2877308,1,GX,LR,LR,GX,Red,Crownie,Corki,Volibear,BOT,8,18.0,2.0,False,Loss
2877308,1,GX,LR,LR,GX,Red,Rekkles,Braum,Braum,SUP,9,19.0,2.0,False,Loss
2877308,1,GX,LR,GX,LR,Blue,Jun,Rakan,Gnar,SUP,10,20.0,2.0,True,Win
2877309,1,NAVI,KCB,KCB,NAVI,Red,Tao,Rumble,Rumble,TOP,1,7.0,1.0,False,Loss
2877309,1,NAVI,KCB,NAVI,KCB,Blue,Maynter,Sion,Yunara,TOP,2,8.0,1.0,True,Win
2877309,1,NAVI,KCB,NAVI,KCB,Blue,Rhilech,Aatrox,Sion,JGL,3,9.0,1.0,True,Win
2877309,1,NAVI,KCB,KCB,NAVI,Red,Yukino,JarvanIV,Aphelios,JGL,4,10.0,1.0,False,Loss
2877309,1,NAVI,KCB,KCB,NAVI,Red,Kamiloo,Akali,Jarvan IV,MID,5,11.0,1.0,False,Loss
2877309,1,NAVI,KCB,NAVI,KCB,Blue,Poby,Azir,Azir,MID,6,12.0,1.0,True,Win
2877309,1,NAVI,KCB,NAVI,KCB,Blue,SamD,Yunara,Aatrox,BOT,7,17.0,2.0,True,Win
2877309,1,NAVI,KCB,KCB,NAVI,Red,Hazel,Aphelios,Akali,BOT,8,18.0,2.0,False,Loss
2877309,1,NAVI,KCB,KCB,NAVI,Red,Prime,Neeko,Neeko,SUP,9,19.0,2.0,False,Loss
2877309,1,NAVI,KCB,NAVI,KCB,Blue,Parus,Alistar,Alistar,SUP,10,20.0,2.0,True,Win
2877310,1,TH,VIT,VIT,TH,Red,Naak Nako,Rumble,Rumble,TOP,1,7.0,1.0,False,Loss
2877310,1,TH,VIT,TH,VIT,Blue,Tracyn,KSante,K'Sante,TOP,2,8.0,1.0,True,Win
2877310,1,TH,VIT,TH,VIT,Blue,Sheo,DrMundo,Ryze,JGL,3,9.0,1.0,True,Win
2877310,1,TH,VIT,VIT,TH,Red,Lyncas,MonkeyKing,Wukong,JGL,4,10.0,1.0,False,Loss
2877310,1,TH,VIT,VIT,TH,Red,Humanoid,Taliyah,Taliyah,MID,5,11.0,1.0,False,Loss
2877310,1,TH,VIT,TH,VIT,Blue,Serin,Ryze,Dr. Mundo,MID,6,12.0,1.0,True,Win
2877310,1,TH,VIT,TH,VIT,Blue,Ice,Aphelios,Aphelios,BOT,7,17.0,2.0,True,Win
2877310,1,TH,VIT,VIT,TH,Red,Carzzy,Kalista,Kalista,BOT,8,18.0,2.0,False,Loss
2877310,1,TH,VIT,VIT,TH,Red,Fleshy,Renata,Renata Glasc,SUP,9,19.0,2.0,False,Loss
2877310,1,TH,VIT,TH,VIT,Blue,Stend,Thresh,Thresh,SUP,10,20.0,2.0,True,Win
2877311,1,G2,SHFT,G2,SHFT,Blue,BrokenBlade,Rumble,Rumble,TOP,1,7.0,1.0,True,Win
2877311,1,G2,SHFT,SHFT,G2,Red,Rooster,KSante,K'Sante,TOP,2,8.0,1.0,False,Loss
2877311,1,G2,SHFT,SHFT,G2,Red,Boukada,XinZhao,Azir,JGL,3,9.0,1.0,False,Loss
2877311,1,G2,SHFT,G2,SHFT,Blue,SkewMond,JarvanIV,Taliyah,JGL,4,10.0,1.0,True,Win
2877311,1,G2,SHFT,G2,SHFT,Blue,Caps,Taliyah,Jarvan IV,MID,5,11.0,1.0,True,Win
2877311,1,G2,SHFT,SHFT,G2,Red,nuc,Azir,Ezreal,MID,6,12.0,1.0,False,Loss
2877311,1,G2,SHFT,SHFT,G2,Red,Paduck,Ezreal,Xin Zhao,BOT,7,17.0,2.0,False,Loss
2877311,1,G2,SHFT,G2,SHFT,Blue,Hans Sama,Kaisa,Kai'Sa,BOT,8,18.0,2.0,True,Win
2877311,1,G2,SHFT,G2,SHFT,Blue,Labrov,Rakan,Rakan,SUP,9,19.0,2.0,True,Win
2877311,1,G2,SHFT,SHFT,G2,Red,Trymbi,Karma,Karma,SUP,10,20.0,2.0,False,Loss
2877312,1,SK,KC,KC,SK,Red,Canna,Sion,Yunara,TOP,1,7.0,1.0,True,Win
2877312,1,SK,KC,SK,KC,Blue,Wunder,Kled,Jinx,TOP,2,8.0,1.0,False,Loss
2877312,1,SK,KC,SK,KC,Blue,Skeanz,Pantheon,Pantheon,JGL,3,9.0,1.0,False,Loss
2877312,1,SK,KC,KC,SK,Red,Yike,JarvanIV,Jarvan IV,JGL,4,10.0,1.0,True,Win
2877312,1,SK,KC,KC,SK,Red,kyeahoo,Azir,Azir,MID,5,11.0,1.0,True,Win
2877312,1,SK,KC,SK,KC,Blue,LIDER,Ekko,Ekko,MID,6,12.0,1.0,False,Loss
2877312,1,SK,KC,SK,KC,Blue,Jopa,Jinx,Nautilus,BOT,7,17.0,2.0,False,Loss
2877312,1,SK,KC,KC,SK,Red,Caliste,Yunara,Sion,BOT,8,18.0,2.0,True,Win
2877312,1,SK,KC,KC,SK,Red,Busio,Leona,Leona,SUP,9,19.0,2.0,True,Win
2877312,1,SK,KC,SK,KC,Blue,Mikyx,Nautilus,Kled,SUP,10,20.0,2.0,False,Loss
2877313,1,FNC,MKOI,FNC,MKOI,Blue,Empyros,KSante,Azir,TOP,1,7.0,1.0,False,Loss
2877313,1,FNC,MKOI,MKOI,FNC,Red,Myrwn,Rumble,Rumble,TOP,2,8.0,1.0,True,Win
2877313,1,FNC,MKOI,MKOI,FNC,Red,Elyoya,Pantheon,Pantheon,JGL,3,9.0,1.0,True,Win
2877313,1,FNC,MKOI,FNC,MKOI,Blue,Razork,JarvanIV,K'Sante,JGL,4,10.0,1.0,False,Loss
2877313,1,FNC,MKOI,FNC,MKOI,Blue,Vladi,Azir,Jarvan IV,MID,5,11.0,1.0,False,Loss
2877313,1,FNC,MKOI,MKOI,FNC,Red,Jojopyun,Akali,Akali,MID,6,12.0,1.0,True,Win
2877313,1,FNC,MKOI,MKOI,FNC,Red,Supa,Corki,Alistar,BOT,7,17.0,2.0,True,Win
2877313,1,FNC,MKOI,FNC,MKOI,Blue,Upset,Aphelios,Aphelios,BOT,8,18.0,2.0,False,Loss
2877313,1,FNC,MKOI,FNC,MKOI,Blue,Lospa,Thresh,Thresh,SUP,9,19.0,2.0,False,Loss
2877313,1,FNC,MKOI,MKOI,FNC,Red,Alvaro,Alistar,Corki,SUP,10,20.0,2.0,True,Win
2877314,1,VIT,SHFT,SHFT,VIT,Red,Rooster,Rumble,Corki,TOP,1,7.0,1.0,False,Loss
2877314,1,VIT,SHFT,VIT,SHFT,Blue,Naak Nako,KSante,Kai'Sa,TOP,2,8.0,1.0,True,Win
2877314,1,VIT,SHFT,VIT,SHFT,Blue,Lyncas,JarvanIV,Jarvan IV,JGL,3,9.0,1.0,True,Win
2877314,1,VIT,SHFT,SHFT,VIT,Red,Boukada,Vi,Rumble,JGL,4,10.0,1.0,False,Loss
2877314,1,VIT,SHFT,SHFT,VIT,Red,nuc,Swain,Vi,MID,5,11.0,1.0,False,Loss
2877314,1,VIT,SHFT,VIT,SHFT,Blue,Humanoid,Zoe,K'Sante,MID,6,12.0,1.0,True,Win
2877314,1,VIT,SHFT,VIT,SHFT,Blue,Carzzy,Kaisa,Neeko,BOT,7,17.0,2.0,True,Win
2877314,1,VIT,SHFT,SHFT,VIT,Red,Paduck,Corki,Nami,BOT,8,18.0,2.0,False,Loss
2877314,1,VIT,SHFT,SHFT,VIT,Red,Trymbi,Nami,Swain,SUP,9,19.0,2.0,False,Loss
2877314,1,VIT,SHFT,VIT,SHFT,Blue,Fleshy,Neeko,Zoe,SUP,10,20.0,2.0,True,Win
2877315,1,SK,NAVI,SK,NAVI,Blue,Wunder,Chogath,Ryze,TOP,1,7.0,1.0,False,Loss
2877315,1,SK,NAVI,NAVI,SK,Red,Maynter,Sion,Taliyah,TOP,2,8.0,1.0,True,Win
2877315,1,SK,NAVI,NAVI,SK,Red,Rhilech,Aatrox,Aatrox,JGL,3,9.0,1.0,True,Win
2877315,1,SK,NAVI,SK,NAVI,Blue,Skeanz,MonkeyKing,Yunara,JGL,4,10.0,1.0,False,Loss
2877315,1,SK,NAVI,SK,NAVI,Blue,LIDER,Ryze,Wukong,MID,5,11.0,1.0,False,Loss
2877315,1,SK,NAVI,NAVI,SK,Red,Poby,Taliyah,Aphelios,MID,6,12.0,1.0,True,Win
2877315,1,SK,NAVI,NAVI,SK,Red,SamD,Aphelios,Sion,BOT,7,17.0,2.0,True,Win
2877315,1,SK,NAVI,SK,NAVI,Blue,Jopa,Yunara,Cho'Gath,BOT,8,18.0,2.0,False,Loss
2877315,1,SK,NAVI,SK,NAVI,Blue,Mikyx,Rell,Rell,SUP,9,19.0,2.0,False,Loss
2877315,1,SK,NAVI,NAVI,SK,Red,Parus,Rakan,Rakan,SUP,10,20.0,2.0,True,Win
2877316,1,TH,LR,TH,LR,Blue,Tracyn,KSante,Jayce,TOP,1,7.0,1.0,False,Loss
2877316,1,TH,LR,LR,TH,Red,Baus,Kled,Dr. Mundo,TOP,2,8.0,1.0,True,Win
2877316,1,TH,LR,LR,TH,Red,Velja,DrMundo,Ryze,JGL,3,9.0,1.0,True,Win
2877316,1,TH,LR,TH,LR,Blue,Sheo,Jayce,Aphelios,JGL,4,10.0,1.0,False,Loss
2877316,1,TH,LR,TH,LR,Blue,Serin,Cassiopeia,Cassiopeia,MID,5,11.0,1.0,False,Loss
2877316,1,TH,LR,LR,TH,Red,Nemesis,Ryze,Caitlyn,MID,6,12.0,1.0,True,Win
2877316,1,TH,LR,LR,TH,Red,Crownie,Caitlyn,Kled,BOT,7,17.0,2.0,True,Win
2877316,1,TH,LR,TH,LR,Blue,Ice,Aphelios,K'Sante,BOT,8,18.0,2.0,False,Loss
2877316,1,TH,LR,TH,LR,Blue,Stend,Nautilus,Nautilus,SUP,9,19.0,2.0,False,Loss
2877316,1,TH,LR,LR,TH,Red,Rekkles,Braum,Braum,SUP,10,20.0,2.0,True,Win
2877317,1,KCB,MKOI,MKOI,KCB,Red,Myrwn,Rumble,Rumble,TOP,1,7.0,1.0,True,Win
2877317,1,KCB,MKOI,KCB,MKOI,Blue,Tao,KSante,Yunara,TOP,2,8.0,1.0,False,Loss
2877317,1,KCB,MKOI,KCB,MKOI,Blue,Yukino,XinZhao,Ryze,JGL,3,9.0,1.0,False,Loss
2877317,1,KCB,MKOI,MKOI,KCB,Red,Elyoya,Vi,Vi,JGL,4,10.0,1.0,True,Win
2877317,1,KCB,MKOI,MKOI,KCB,Red,Jojopyun,Taliyah,Taliyah,MID,5,11.0,1.0,True,Win
2877317,1,KCB,MKOI,KCB,MKOI,Blue,Kamiloo,Ryze,K'Sante,MID,6,12.0,1.0,False,Loss
2877317,1,KCB,MKOI,KCB,MKOI,Blue,Hazel,Yunara,Xin Zhao,BOT,7,17.0,2.0,False,Loss
2877317,1,KCB,MKOI,MKOI,KCB,Red,Supa,Aphelios,Aphelios,BOT,8,18.0,2.0,True,Win
2877317,1,KCB,MKOI,MKOI,KCB,Red,Alvaro,Alistar,Alistar,SUP,9,19.0,2.0,True,Win
2877317,1,KCB,MKOI,KCB,MKOI,Blue,Prime,Bard,Bard,SUP,10,20.0,2.0,False,Loss
2877318,1,FNC,GX,FNC,GX,Blue,Empyros,Rumble,Rumble,TOP,1,7.0,1.0,True,Win
2877318,1,FNC,GX,GX,FNC,Red,Lot,KSante,Orianna,TOP,2,8.0,1.0,False,Loss
2877318,1,FNC,GX,GX,FNC,Red,ISMA,Nocturne,Nocturne,JGL,3,9.0,1.0,False,Loss
2877318,1,FNC,GX,FNC,GX,Blue,Razork,XinZhao,Yunara,JGL,4,10.0,1.0,True,Win
2877318,1,FNC,GX,FNC,GX,Blue,Vladi,Azir,Azir,MID,5,11.0,1.0,True,Win
2877318,1,FNC,GX,GX,FNC,Red,Jackies,Orianna,K'Sante,MID,6,12.0,1.0,False,Loss
2877318,1,FNC,GX,GX,FNC,Red,Noah,Aphelios,Aphelios,BOT,7,17.0,2.0,False,Loss
2877318,1,FNC,GX,FNC,GX,Blue,Upset,Yunara,Xin Zhao,BOT,8,18.0,2.0,True,Win
2877318,1,FNC,GX,FNC,GX,Blue,Lospa,Alistar,Alistar,SUP,9,19.0,2.0,True,Win
2877318,1,FNC,GX,GX,FNC,Red,Jun,Lulu,Lulu,SUP,10,20.0,2.0,False,Loss
2877319,1,G2,KC,KC,G2,Red,Canna,Rumble,Yunara,TOP,1,7.0,1.0,True,Win
2877319,1,G2,KC,G2,KC,Blue,BrokenBlade,LeeSin,Corki,TOP,2,8.0,1.0,False,Loss
2877319,1,G2,KC,G2,KC,Blue,SkewMond,XinZhao,Xin Zhao,JGL,3,9.0,1.0,False,Loss
2877319,1,G2,KC,KC,G2,Red,Yike,Aatrox,Rumble,JGL,4,10.0,1.0,True,Win
2877319,1,G2,KC,KC,G2,Red,kyeahoo,Ryze,Ryze,MID,5,11.0,1.0,True,Win
2877319,1,G2,KC,G2,KC,Blue,Caps,Galio,Galio,MID,6,12.0,1.0,False,Loss
2877319,1,G2,KC,G2,KC,Blue,Hans Sama,Corki,Lee Sin,BOT,7,17.0,2.0,False,Loss
2877319,1,G2,KC,KC,G2,Red,Caliste,Yunara,Alistar,BOT,8,18.0,2.0,True,Win
2877319,1,G2,KC,KC,G2,Red,Busio,Alistar,Aatrox,SUP,9,19.0,2.0,True,Win
2877319,1,G2,KC,G2,KC,Blue,Labrov,Rakan,Rakan,SUP,10,20.0,2.0,False,Loss
2877320,1,SK,KCB,SK,KCB,Blue,Wunder,Rumble,Rumble,TOP,1,7.0,1.0,True,Win
2877320,1,SK,KCB,KCB,SK,Red,Tao,Aatrox,Aatrox,TOP,2,8.0,1.0,False,Loss
2877320,1,SK,KCB,KCB,SK,Red,Yukino,JarvanIV,Jarvan IV,JGL,3,9.0,1.0,False,Loss
2877320,1,SK,KCB,SK,KCB,Blue,Skeanz,Pantheon,Pantheon,JGL,4,10.0,1.0,True,Win
2877320,1,SK,KCB,SK,KCB,Blue,LIDER,Yone,Yone,MID,5,11.0,1.0,True,Win
2877320,1,SK,KCB,KCB,SK,Red,Kamiloo,Azir,Azir,MID,6,12.0,1.0,False,Loss
2877320,1,SK,KCB,KCB,SK,Red,Hazel,Yunara,Yunara,BOT,7,17.0,2.0,False,Loss
2877320,1,SK,KCB,SK,KCB,Blue,Jopa,Varus,Varus,BOT,8,18.0,2.0,True,Win
2877320,1,SK,KCB,SK,KCB,Blue,Mikyx,Alistar,Alistar,SUP,9,19.0,2.0,True,Win
2877320,1,SK,KCB,KCB,SK,Red,Prime,Rakan,Rakan,SUP,10,20.0,2.0,False,Loss
2877321,1,SHFT,LR,LR,SHFT,Red,Baus,Gragas,Ryze,TOP,1,7.0,1.0,True,Win
2877321,1,SHFT,LR,SHFT,LR,Blue,Rooster,Nidalee,Taliyah,TOP,2,8.0,1.0,False,Loss
2877321,1,SHFT,LR,SHFT,LR,Blue,Boukada,Vi,Vi,JGL,3,9.0,1.0,False,Loss
2877321,1,SHFT,LR,LR,SHFT,Red,Velja,Pantheon,Pantheon,JGL,4,10.0,1.0,True,Win
2877321,1,SHFT,LR,LR,SHFT,Red,Nemesis,Ryze,Caitlyn,MID,5,11.0,1.0,True,Win
2877321,1,SHFT,LR,SHFT,LR,Blue,nuc,Taliyah,Neeko,MID,6,12.0,1.0,False,Loss
2877321,1,SHFT,LR,SHFT,LR,Blue,Paduck,Lucian,Lucian,BOT,7,17.0,2.0,False,Loss
2877321,1,SHFT,LR,LR,SHFT,Red,Crownie,Caitlyn,Nami,BOT,8,18.0,2.0,True,Win
2877321,1,SHFT,LR,LR,SHFT,Red,Rekkles,Nami,Gragas,SUP,9,19.0,2.0,True,Win
2877321,1,SHFT,LR,SHFT,LR,Blue,Trymbi,Neeko,Nidalee,SUP,10,20.0,2.0,False,Loss
2877322,1,VIT,FNC,FNC,VIT,Red,Empyros,KSante,Orianna,TOP,1,7.0,1.0,True,Win
2877322,1,VIT,FNC,VIT,FNC,Blue,Naak Nako,Gwen,Yunara,TOP,2,8.0,1.0,False,Loss
2877322,1,VIT,FNC,VIT,FNC,Blue,Lyncas,JarvanIV,Jarvan IV,JGL,3,9.0,1.0,False,Loss
2877322,1,VIT,FNC,FNC,VIT,Red,Razork,MonkeyKing,Wukong,JGL,4,10.0,1.0,True,Win
2877322,1,VIT,FNC,FNC,VIT,Red,Vladi,Orianna,Kai'Sa,MID,5,11.0,1.0,True,Win
2877322,1,VIT,FNC,VIT,FNC,Blue,Humanoid,Ryze,Ryze,MID,6,12.0,1.0,False,Loss
2877322,1,VIT,FNC,VIT,FNC,Blue,Carzzy,Yunara,Alistar,BOT,7,17.0,2.0,False,Loss
2877322,1,VIT,FNC,FNC,VIT,Red,Upset,Kaisa,Nautilus,BOT,8,18.0,2.0,True,Win
2877322,1,VIT,FNC,FNC,VIT,Red,Lospa,Nautilus,K'Sante,SUP,9,19.0,2.0,True,Win
2877322,1,VIT,FNC,VIT,FNC,Blue,Fleshy,Alistar,Gwen,SUP,10,20.0,2.0,False,Loss
2877323,1,G2,TH,G2,TH,Blue,BrokenBlade,KSante,Varus,TOP,1,7.0,1.0,True,Win
2877323,1,G2,TH,TH,G2,Red,Tracyn,Gwen,Azir,TOP,2,8.0,1.0,False,Loss
2877323,1,G2,TH,TH,G2,Red,Sheo,DrMundo,Dr. Mundo,JGL,3,9.0,1.0,False,Loss
2877323,1,G2,TH,G2,TH,Blue,SkewMond,Aatrox,Aatrox,JGL,4,10.0,1.0,True,Win
2877323,1,G2,TH,G2,TH,Blue,Caps,Orianna,Orianna,MID,5,11.0,1.0,True,Win
2877323,1,G2,TH,TH,G2,Red,Serin,Azir,Jhin,MID,6,12.0,1.0,False,Loss
2877323,1,G2,TH,TH,G2,Red,Ice,Jhin,Alistar,BOT,7,17.0,2.0,False,Loss
2877323,1,G2,TH,G2,TH,Blue,Hans Sama,Varus,Neeko,BOT,8,18.0,2.0,True,Win
2877323,1,G2,TH,G2,TH,Blue,Labrov,Neeko,K'Sante,SUP,9,19.0,2.0,True,Win
2877323,1,G2,TH,TH,G2,Red,Stend,Alistar,Gwen,SUP,10,20.0,2.0,False,Loss
2877324,1,NAVI,KC,KC,NAVI,Red,Canna,Ambessa,Yunara,TOP,1,7.0,1.0,True,Win
2877324,1,NAVI,KC,NAVI,KC,Blue,Maynter,Poppy,Aphelios,TOP,2,8.0,1.0,False,Loss
2877324,1,NAVI,KC,NAVI,KC,Blue,Rhilech,Aatrox,Aatrox,JGL,3,9.0,1.0,False,Loss
2877324,1,NAVI,KC,KC,NAVI,Red,Yike,Pantheon,Ambessa,JGL,4,10.0,1.0,True,Win
2877324,1,NAVI,KC,KC,NAVI,Red,kyeahoo,Azir,Azir,MID,5,11.0,1.0,True,Win
2877324,1,NAVI,KC,NAVI,KC,Blue,Poby,Taliyah,Taliyah,MID,6,12.0,1.0,False,Loss
2877324,1,NAVI,KC,NAVI,KC,Blue,SamD,Aphelios,Nautilus,BOT,7,17.0,2.0,False,Loss
2877324,1,NAVI,KC,KC,NAVI,Red,Caliste,Yunara,Leona,BOT,8,18.0,2.0,True,Win
2877324,1,NAVI,KC,KC,NAVI,Red,Busio,Leona,Pantheon,SUP,9,19.0,2.0,True,Win
2877324,1,NAVI,KC,NAVI,KC,Blue,Parus,Nautilus,Poppy,SUP,10,20.0,2.0,False,Loss
2877325,1,MKOI,GX,MKOI,GX,Blue,Myrwn,Renekton,Yunara,TOP,1,7.0,1.0,False,Loss
2877325,1,MKOI,GX,GX,MKOI,Red,Lot,KSante,Vi,TOP,2,8.0,1.0,True,Win
2877325,1,MKOI,GX,GX,MKOI,Red,ISMA,Vi,Caitlyn,JGL,3,9.0,1.0,True,Win
2877325,1,MKOI,GX,MKOI,GX,Blue,Elyoya,Trundle,Azir,JGL,4,10.0,1.0,False,Loss
2877325,1,MKOI,GX,MKOI,GX,Blue,Jojopyun,Azir,Renekton,MID,5,11.0,1.0,False,Loss
2877325,1,MKOI,GX,GX,MKOI,Red,Jackies,Taliyah,Taliyah,MID,6,12.0,1.0,True,Win
2877325,1,MKOI,GX,GX,MKOI,Red,Noah,Caitlyn,K'Sante,BOT,7,17.0,2.0,True,Win
2877325,1,MKOI,GX,MKOI,GX,Blue,Supa,Yunara,Trundle,BOT,8,18.0,2.0,False,Loss
2877325,1,MKOI,GX,MKOI,GX,Blue,Alvaro,Lulu,Lulu,SUP,9,19.0,2.0,False,Loss
2877325,1,MKOI,GX,GX,MKOI,Red,Jun,Elise,Elise,SUP,10,20.0,2.0,True,Win
2877326,1,TH,SK,SK,TH,Red,Wunder,Rumble,Rumble,TOP,1,7.0,1.0,True,Win
2877326,1,TH,SK,TH,SK,Blue,Tracyn,KSante,K'Sante,TOP,2,8.0,1.0,False,Loss
2877326,1,TH,SK,TH,SK,Blue,Sheo,Aatrox,Aatrox,JGL,3,9.0,1.0,False,Loss
2877326,1,TH,SK,SK,TH,Red,Skeanz,Pantheon,Pantheon,JGL,4,10.0,1.0,True,Win
2877326,1,TH,SK,SK,TH,Red,LIDER,Azir,Azir,MID,5,11.0,1.0,True,Win
2877326,1,TH,SK,TH,SK,Blue,Serin,Orianna,Orianna,MID,6,12.0,1.0,False,Loss
2877326,1,TH,SK,TH,SK,Blue,Ice,Jhin,Jhin,BOT,7,17.0,2.0,False,Loss
2877326,1,TH,SK,SK,TH,Red,Jopa,Xayah,Xayah,BOT,8,18.0,2.0,True,Win
2877326,1,TH,SK,SK,TH,Red,Mikyx,Rakan,Rakan,SUP,9,19.0,2.0,True,Win
2877326,1,TH,SK,TH,SK,Blue,Stend,Karma,Karma,SUP,10,20.0,2.0,False,Loss
2877327,1,GX,NAVI,GX,NAVI,Blue,Lot,Sion,Orianna,TOP,1,7.0,1.0,True,Win
2877327,1,GX,NAVI,NAVI,GX,Red,Maynter,Rumble,Rumble,TOP,2,8.0,1.0,False,Loss
2877327,1,GX,NAVI,NAVI,GX,Red,Rhilech,MonkeyKing,Wukong,JGL,3,9.0,1.0,False,Loss
2877327,1,GX,NAVI,GX,NAVI,Blue,ISMA,XinZhao,Xin Zhao,JGL,4,10.0,1.0,True,Win
2877327,1,GX,NAVI,GX,NAVI,Blue,Jackies,Orianna,Sion,MID,5,11.0,1.0,True,Win
2877327,1,GX,NAVI,NAVI,GX,Red,Poby,Ryze,Ryze,MID,6,12.0,1.0,False,Loss
2877327,1,GX,NAVI,NAVI,GX,Red,SamD,Corki,Corki,BOT,7,17.0,2.0,False,Loss
2877327,1,GX,NAVI,GX,NAVI,Blue,Noah,Ezreal,Ezreal,BOT,8,18.0,2.0,True,Win
2877327,1,GX,NAVI,GX,NAVI,Blue,Jun,Bard,Bard,SUP,9,19.0,2.0,True,Win
2877327,1,GX,NAVI,NAVI,GX,Red,Parus,Pyke,Pyke,SUP,10,20.0,2.0,False,Loss
2877328,1,FNC,SHFT,FNC,SHFT,Blue,Empyros,KSante,Varus,TOP,1,7.0,1.0,False,Loss
2877328,1,FNC,SHFT,SHFT,FNC,Red,Rooster,RekSai,Jhin,TOP,2,8.0,1.0,True,Win
2877328,1,FNC,SHFT,SHFT,FNC,Red,Boukada,Skarner,Azir,JGL,3,9.0,1.0,True,Win
2877328,1,FNC,SHFT,FNC,SHFT,Blue,Razork,Pantheon,Pantheon,JGL,4,10.0,1.0,False,Loss
2877328,1,FNC,SHFT,FNC,SHFT,Blue,Vladi,Taliyah,Taliyah,MID,5,11.0,1.0,False,Loss
2877328,1,FNC,SHFT,SHFT,FNC,Red,nuc,Azir,Skarner,MID,6,12.0,1.0,True,Win
2877328,1,FNC,SHFT,SHFT,FNC,Red,Paduck,Jhin,Rell,BOT,7,17.0,2.0,True,Win
2877328,1,FNC,SHFT,FNC,SHFT,Blue,Upset,Varus,Rakan,BOT,8,18.0,2.0,False,Loss
2877328,1,FNC,SHFT,FNC,SHFT,Blue,Lospa,Rakan,K'Sante,SUP,9,19.0,2.0,False,Loss
2877328,1,FNC,SHFT,SHFT,FNC,Red,Trymbi,Rell,Rek'Sai,SUP,10,20.0,2.0,True,Win
2877329,1,G2,KCB,G2,KCB,Blue,BrokenBlade,Sion,Azir,TOP,1,7.0,1.0,True,Win
2877329,1,G2,KCB,KCB,G2,Red,Tao,KSante,Pantheon,TOP,2,8.0,1.0,False,Loss
2877329,1,G2,KCB,KCB,G2,Red,Yukino,Pantheon,Taliyah,JGL,3,9.0,1.0,False,Loss
2877329,1,G2,KCB,G2,KCB,Blue,SkewMond,XinZhao,Xin Zhao,JGL,4,10.0,1.0,True,Win
2877329,1,G2,KCB,G2,KCB,Blue,Caps,Azir,Sion,MID,5,11.0,1.0,True,Win
2877329,1,G2,KCB,KCB,G2,Red,Kamiloo,Taliyah,Corki,MID,6,12.0,1.0,False,Loss
2877329,1,G2,KCB,KCB,G2,Red,Hazel,Corki,K'Sante,BOT,7,17.0,2.0,False,Loss
2877329,1,G2,KCB,G2,KCB,Blue,Hans Sama,Aphelios,Aphelios,BOT,8,18.0,2.0,True,Win
2877329,1,G2,KCB,G2,KCB,Blue,Labrov,Alistar,Alistar,SUP,9,19.0,2.0,True,Win
2877329,1,G2,KCB,KCB,G2,Red,Prime,Nautilus,Nautilus,SUP,10,20.0,2.0,False,Loss
2877330,1,VIT,KC,VIT,KC,Blue,Naak Nako,KSante,Ryze,TOP,1,7.0,1.0,True,Win
2877330,1,VIT,KC,KC,VIT,Red,Canna,Rumble,Rumble,TOP,2,8.0,1.0,False,Loss
2877330,1,VIT,KC,KC,VIT,Red,Yike,Pantheon,Pantheon,JGL,3,9.0,1.0,False,Loss
2877330,1,VIT,KC,VIT,KC,Blue,Lyncas,Jayce,K'Sante,JGL,4,10.0,1.0,True,Win
2877330,1,VIT,KC,VIT,KC,Blue,Humanoid,Ryze,Jayce,MID,5,11.0,1.0,True,Win
2877330,1,VIT,KC,KC,VIT,Red,kyeahoo,Cassiopeia,Cassiopeia,MID,6,12.0,1.0,False,Loss
2877330,1,VIT,KC,KC,VIT,Red,Caliste,Sivir,Alistar,BOT,7,17.0,2.0,False,Loss
2877330,1,VIT,KC,VIT,KC,Blue,Carzzy,Ezreal,Ezreal,BOT,8,18.0,2.0,True,Win
2877330,1,VIT,KC,VIT,KC,Blue,Fleshy,Karma,Karma,SUP,9,19.0,2.0,True,Win
2877330,1,VIT,KC,KC,VIT,Red,Busio,Alistar,Sivir,SUP,10,20.0,2.0,False,Loss
2877331,1,LR,MKOI,MKOI,LR,Red,Myrwn,KSante,Azir,TOP,1,7.0,1.0,False,Loss
2877331,1,LR,MKOI,LR,MKOI,Blue,Baus,Poppy,Orianna,TOP,2,8.0,1.0,True,Win
2877331,1,LR,MKOI,LR,MKOI,Blue,Velja,DrMundo,Caitlyn,JGL,3,9.0,1.0,True,Win
2877331,1,LR,MKOI,MKOI,LR,Red,Elyoya,JarvanIV,Jarvan IV,JGL,4,10.0,1.0,False,Loss
2877331,1,LR,MKOI,MKOI,LR,Red,Jojopyun,Azir,K'Sante,MID,5,11.0,1.0,False,Loss
2877331,1,LR,MKOI,LR,MKOI,Blue,Nemesis,Orianna,Poppy,MID,6,12.0,1.0,True,Win
2877331,1,LR,MKOI,LR,MKOI,Blue,Crownie,Caitlyn,Dr. Mundo,BOT,7,17.0,2.0,True,Win
2877331,1,LR,MKOI,MKOI,LR,Red,Supa,Ezreal,Ezreal,BOT,8,18.0,2.0,False,Loss
2877331,1,LR,MKOI,MKOI,LR,Red,Alvaro,Karma,Karma,SUP,9,19.0,2.0,False,Loss
2877331,1,LR,MKOI,LR,MKOI,Blue,Rekkles,Nami,Nami,SUP,10,20.0,2.0,True,Win
2877332,1,SHFT,NAVI,NAVI,SHFT,Red,Maynter,Gnar,Azir,TOP,1,7.0,1.0,True,Win
2877332,1,SHFT,NAVI,SHFT,NAVI,Blue,Rooster,KSante,K'Sante,TOP,2,8.0,1.0,False,Loss
2877332,1,SHFT,NAVI,SHFT,NAVI,Blue,Boukada,Malphite,Cassiopeia,JGL,3,9.0,1.0,False,Loss
2877332,1,SHFT,NAVI,NAVI,SHFT,Red,Rhilech,Jayce,Jayce,JGL,4,10.0,1.0,True,Win
2877332,1,SHFT,NAVI,NAVI,SHFT,Red,Poby,Azir,Gnar,MID,5,11.0,1.0,True,Win
2877332,1,SHFT,NAVI,SHFT,NAVI,Blue,nuc,Cassiopeia,Malphite,MID,6,12.0,1.0,False,Loss
2877332,1,SHFT,NAVI,SHFT,NAVI,Blue,Paduck,Kaisa,Nautilus,BOT,7,17.0,2.0,False,Loss
2877332,1,SHFT,NAVI,NAVI,SHFT,Red,SamD,Sivir,Sivir,BOT,8,18.0,2.0,True,Win
2877332,1,SHFT,NAVI,NAVI,SHFT,Red,Parus,Braum,Braum,SUP,9,19.0,2.0,True,Win
2877332,1,SHFT,NAVI,SHFT,NAVI,Blue,Trymbi,Nautilus,Kai'Sa,SUP,10,20.0,2.0,False,Loss
2877333,1,TH,KCB,KCB,TH,Red,Tao,Renekton,Azir,TOP,1,7.0,1.0,False,Loss
2877333,1,TH,KCB,TH,KCB,Blue,Tracyn,Kennen,Ambessa,TOP,2,8.0,1.0,True,Win
2877333,1,TH,KCB,TH,KCB,Blue,Sheo,Ambessa,Taliyah,JGL,3,9.0,1.0,True,Win
2877333,1,TH,KCB,KCB,TH,Red,Yukino,Vi,Renekton,JGL,4,10.0,1.0,False,Loss
2877333,1,TH,KCB,KCB,TH,Red,Kamiloo,Azir,Vi,MID,5,11.0,1.0,False,Loss
2877333,1,TH,KCB,TH,KCB,Blue,Serin,Taliyah,Yunara,MID,6,12.0,1.0,True,Win
2877333,1,TH,KCB,TH,KCB,Blue,Ice,Yunara,Kennen,BOT,7,17.0,2.0,True,Win
2877333,1,TH,KCB,KCB,TH,Red,Hazel,Kaisa,Alistar,BOT,8,18.0,2.0,False,Loss
2877333,1,TH,KCB,KCB,TH,Red,Prime,Alistar,Kai'Sa,SUP,9,19.0,2.0,False,Loss
2877333,1,TH,KCB,TH,KCB,Blue,Stend,Rakan,Rakan,SUP,10,20.0,2.0,True,Win
2877335,1,GX,VIT,GX,VIT,Blue,Lot,Rumble,Orianna,TOP,1,7.0,1.0,False,Loss
2877335,1,GX,VIT,VIT,GX,Red,Naak Nako,Sion,Vi,TOP,2,8.0,1.0,True,Win
2877335,1,GX,VIT,VIT,GX,Red,Lyncas,Vi,Ezreal,JGL,3,9.0,1.0,True,Win
2877335,1,GX,VIT,GX,VIT,Blue,ISMA,JarvanIV,Jarvan IV,JGL,4,10.0,1.0,False,Loss
2877335,1,GX,VIT,GX,VIT,Blue,Jackies,Orianna,Rumble,MID,5,11.0,1.0,False,Loss
2877335,1,GX,VIT,VIT,GX,Red,Humanoid,AurelionSol,Aurelion Sol,MID,6,12.0,1.0,True,Win
2877335,1,GX,VIT,VIT,GX,Red,Carzzy,Ezreal,Sion,BOT,7,17.0,2.0,True,Win
2877335,1,GX,VIT,GX,VIT,Blue,Noah,Xayah,Xayah,BOT,8,18.0,2.0,False,Loss
2877335,1,GX,VIT,GX,VIT,Blue,Jun,Rakan,Rakan,SUP,9,19.0,2.0,False,Loss
2877335,1,GX,VIT,VIT,GX,Red,Fleshy,Bard,Bard,SUP,10,20.0,2.0,True,Win
2877336,1,SK,MKOI,MKOI,SK,Red,Myrwn,Rumble,Rumble,TOP,1,7.0,1.0,True,Win
2877336,1,SK,MKOI,SK,MKOI,Blue,Wunder,Sion,Pantheon,TOP,2,8.0,1.0,False,Loss
2877336,1,SK,MKOI,SK,MKOI,Blue,Skeanz,Pantheon,Sion,JGL,3,9.0,1.0,False,Loss
2877336,1,SK,MKOI,MKOI,SK,Red,Elyoya,Vi,Vi,JGL,4,10.0,1.0,True,Win
2877336,1,SK,MKOI,MKOI,SK,Red,Jojopyun,Anivia,Yunara,MID,5,11.0,1.0,True,Win
2877336,1,SK,MKOI,SK,MKOI,Blue,LIDER,Ryze,Ryze,MID,6,12.0,1.0,False,Loss
2877336,1,SK,MKOI,SK,MKOI,Blue,Jopa,Caitlyn,Caitlyn,BOT,7,17.0,2.0,False,Loss
2877336,1,SK,MKOI,MKOI,SK,Red,Supa,Yunara,Anivia,BOT,8,18.0,2.0,True,Win
2877336,1,SK,MKOI,MKOI,SK,Red,Alvaro,Lulu,Lulu,SUP,9,19.0,2.0,True,Win
2877336,1,SK,MKOI,SK,MKOI,Blue,Mikyx,Elise,Elise,SUP,10,20.0,2.0,False,Loss
2877337,1,FNC,KC,FNC,KC,Blue,Empyros,KSante,Varus,TOP,1,7.0,1.0,False,Loss
2877337,1,FNC,KC,KC,FNC,Red,Canna,Gnar,Orianna,TOP,2,8.0,1.0,True,Win
2877337,1,FNC,KC,KC,FNC,Red,Yike,DrMundo,Jhin,JGL,3,9.0,1.0,True,Win
2877337,1,FNC,KC,FNC,KC,Blue,Razork,Jayce,Ryze,JGL,4,10.0,1.0,False,Loss
2877337,1,FNC,KC,FNC,KC,Blue,Vladi,Ryze,Jayce,MID,5,11.0,1.0,False,Loss
2877337,1,FNC,KC,KC,FNC,Red,kyeahoo,Orianna,Dr. Mundo,MID,6,12.0,1.0,True,Win
2877337,1,FNC,KC,KC,FNC,Red,Caliste,Jhin,Alistar,BOT,7,17.0,2.0,True,Win
2877337,1,FNC,KC,FNC,KC,Blue,Upset,Varus,Braum,BOT,8,18.0,2.0,False,Loss
2877337,1,FNC,KC,FNC,KC,Blue,Lospa,Braum,K'Sante,SUP,9,19.0,2.0,False,Loss
2877337,1,FNC,KC,KC,FNC,Red,Busio,Alistar,Gnar,SUP,10,20.0,2.0,True,Win
2877338,1,G2,LR,G2,LR,Blue,BrokenBlade,Rumble,Ryze,TOP,1,7.0,1.0,False,Loss
2877338,1,G2,LR,LR,G2,Red,Baus,Kled,Dr. Mundo,TOP,2,8.0,1.0,True,Win
2877338,1,G2,LR,LR,G2,Red,Velja,DrMundo,Yunara,JGL,3,9.0,1.0,True,Win
2877338,1,G2,LR,G2,LR,Blue,SkewMond,Aatrox,Aphelios,JGL,4,10.0,1.0,False,Loss
2877338,1,G2,LR,G2,LR,Blue,Caps,Ryze,Aatrox,MID,5,11.0,1.0,False,Loss
2877338,1,G2,LR,LR,G2,Red,Nemesis,Anivia,Anivia,MID,6,12.0,1.0,True,Win
2877338,1,G2,LR,LR,G2,Red,Crownie,Yunara,Kled,BOT,7,17.0,2.0,True,Win
2877338,1,G2,LR,G2,LR,Blue,Hans Sama,Aphelios,Rumble,BOT,8,18.0,2.0,False,Loss
2877338,1,G2,LR,G2,LR,Blue,Labrov,Lulu,Lulu,SUP,9,19.0,2.0,False,Loss
2877338,1,G2,LR,LR,G2,Red,Rekkles,Nami,Nami,SUP,10,20.0,2.0,True,Win
2877339,1,KCB,FNC,FNC,KCB,Red,Empyros,Rumble,Orianna,TOP,1,7.0,1.0,True,Win
2877339,1,KCB,FNC,KCB,FNC,Blue,Tao,KSante,Pantheon,TOP,2,8.0,1.0,False,Loss
2877339,1,KCB,FNC,KCB,FNC,Blue,Yukino,Pantheon,Galio,JGL,3,9.0,1.0,False,Loss
2877339,1,KCB,FNC,FNC,KCB,Red,Razork,Poppy,Yunara,JGL,4,10.0,1.0,True,Win
2877339,1,KCB,FNC,FNC,KCB,Red,Vladi,Orianna,Rumble,MID,5,11.0,1.0,True,Win
2877339,1,KCB,FNC,KCB,FNC,Blue,Kamiloo,Galio,K'Sante,MID,6,12.0,1.0,False,Loss
2877339,1,KCB,FNC,KCB,FNC,Blue,Hazel,Kaisa,Kai'Sa,BOT,7,17.0,2.0,False,Loss
2877339,1,KCB,FNC,FNC,KCB,Red,Upset,Yunara,Alistar,BOT,8,18.0,2.0,True,Win
2877339,1,KCB,FNC,FNC,KCB,Red,Lospa,Alistar,Poppy,SUP,9,19.0,2.0,True,Win
2877339,1,KCB,FNC,KCB,FNC,Blue,Prime,Nautilus,Nautilus,SUP,10,20.0,2.0,False,Loss
2877340,1,SK,GX,GX,SK,Red,Lot,Rumble,Rumble,TOP,1,7.0,1.0,True,Win
2877340,1,SK,GX,SK,GX,Blue,Wunder,Ryze,Ryze,TOP,2,8.0,1.0,False,Loss
2877340,1,SK,GX,SK,GX,Blue,Skeanz,Vi,Vi,JGL,3,9.0,1.0,False,Loss
2877340,1,SK,GX,GX,SK,Red,ISMA,JarvanIV,Jarvan IV,JGL,4,10.0,1.0,True,Win
2877340,1,SK,GX,GX,SK,Red,Jackies,Azir,Azir,MID,5,11.0,1.0,True,Win
2877340,1,SK,GX,SK,GX,Blue,LIDER,Yone,Yone,MID,6,12.0,1.0,False,Loss
2877340,1,SK,GX,SK,GX,Blue,Jopa,Yunara,Yunara,BOT,7,17.0,2.0,False,Loss
2877340,1,SK,GX,GX,SK,Red,Noah,Corki,Corki,BOT,8,18.0,2.0,True,Win
2877340,1,SK,GX,GX,SK,Red,Jun,Rakan,Rakan,SUP,9,19.0,2.0,True,Win
2877340,1,SK,GX,SK,GX,Blue,Mikyx,Taric,Taric,SUP,10,20.0,2.0,False,Loss
2877341,1,LR,NAVI,NAVI,LR,Red,Maynter,Rumble,Ryze,TOP,1,7.0,1.0,True,Win
2877341,1,LR,NAVI,LR,NAVI,Blue,Baus,KSante,Caitlyn,TOP,2,8.0,1.0,False,Loss
2877341,1,LR,NAVI,LR,NAVI,Blue,Velja,Pantheon,Pantheon,JGL,3,9.0,1.0,False,Loss
2877341,1,LR,NAVI,NAVI,LR,Red,Rhilech,XinZhao,Jhin,JGL,4,10.0,1.0,True,Win
2877341,1,LR,NAVI,NAVI,LR,Red,Poby,Ryze,Rumble,MID,5,11.0,1.0,True,Win
2877341,1,LR,NAVI,LR,NAVI,Blue,Nemesis,AurelionSol,K'Sante,MID,6,12.0,1.0,False,Loss
2877341,1,LR,NAVI,LR,NAVI,Blue,Crownie,Caitlyn,Aurelion Sol,BOT,7,17.0,2.0,False,Loss
2877341,1,LR,NAVI,NAVI,LR,Red,SamD,Jhin,Bard,BOT,8,18.0,2.0,True,Win
2877341,1,LR,NAVI,NAVI,LR,Red,Parus,Bard,Xin Zhao,SUP,9,19.0,2.0,True,Win
2877341,1,LR,NAVI,LR,NAVI,Blue,Rekkles,Karma,Karma,SUP,10,20.0,2.0,False,Loss
2877342,1,G2,VIT,G2,VIT,Blue,BrokenBlade,KSante,Azir,TOP,1,7.0,1.0,True,Win
2877342,1,G2,VIT,VIT,G2,Red,Naak Nako,Rumble,Rumble,TOP,2,8.0,1.0,False,Loss
2877342,1,G2,VIT,VIT,G2,Red,Lyncas,Vi,Vi,JGL,3,9.0,1.0,False,Loss
2877342,1,G2,VIT,G2,VIT,Blue,SkewMond,XinZhao,K'Sante,JGL,4,10.0,1.0,True,Win
2877342,1,G2,VIT,G2,VIT,Blue,Caps,Azir,Xin Zhao,MID,5,11.0,1.0,True,Win
2877342,1,G2,VIT,VIT,G2,Red,Humanoid,Yone,Yone,MID,6,12.0,1.0,False,Loss
2877342,1,G2,VIT,VIT,G2,Red,Carzzy,Corki,Corki,BOT,7,17.0,2.0,False,Loss
2877342,1,G2,VIT,G2,VIT,Blue,Hans Sama,Sivir,Sivir,BOT,8,18.0,2.0,True,Win
2877342,1,G2,VIT,G2,VIT,Blue,Labrov,Alistar,Alistar,SUP,9,19.0,2.0,True,Win
2877342,1,G2,VIT,VIT,G2,Red,Fleshy,Bard,Bard,SUP,10,20.0,2.0,False,Loss
2877343,1,TH,MKOI,TH,MKOI,Blue,Tracyn,KSante,KSante,TOP,1,,,True,Win
2877343,1,TH,MKOI,TH,MKOI,Blue,Sheo,XinZhao,XinZhao,JGL,2,,,True,Win
2877343,1,TH,MKOI,TH,MKOI,Blue,Serin,Orianna,Orianna,MID,3,,,True,Win
2877343,1,TH,MKOI,TH,MKOI,Blue,Ice,Yunara,Yunara,BOT,4,,,True,Win
2877343,1,TH,MKOI,TH,MKOI,Blue,Stend,Braum,Braum,SUP,5,,,True,Win
2877343,1,TH,MKOI,MKOI,TH,Red,Myrwn,Rumble,Rumble,TOP,6,,,False,Loss
2877343,1,TH,MKOI,MKOI,TH,Red,Elyoya,Pantheon,Pantheon,JGL,7,,,False,Loss
2877343,1,TH,MKOI,MKOI,TH,Red,Jojopyun,Azir,Azir,MID,8,,,False,Loss
2877343,1,TH,MKOI,MKOI,TH,Red,Supa,Aphelios,Aphelios,BOT,9,,,False,Loss
2877343,1,TH,MKOI,MKOI,TH,Red,Alvaro,Alistar,Alistar,SUP,10,,,False,Loss
2877344,1,KC,SHFT,KC,SHFT,Blue,Canna,Rumble,Varus,TOP,1,7.0,1.0,True,Win
2877344,1,KC,SHFT,SHFT,KC,Red,Rooster,KSante,Orianna,TOP,2,8.0,1.0,False,Loss
2877344,1,KC,SHFT,SHFT,KC,Red,Boukada,Nocturne,Sivir,JGL,3,9.0,1.0,False,Loss
2877344,1,KC,SHFT,KC,SHFT,Blue,Yike,Jayce,Jayce,JGL,4,10.0,1.0,True,Win
2877344,1,KC,SHFT,KC,SHFT,Blue,kyeahoo,Galio,Alistar,MID,5,11.0,1.0,True,Win
2877344,1,KC,SHFT,SHFT,KC,Red,nuc,Orianna,Rakan,MID,6,12.0,1.0,False,Loss
2877344,1,KC,SHFT,SHFT,KC,Red,Paduck,Sivir,Nocturne,BOT,7,17.0,2.0,False,Loss
2877344,1,KC,SHFT,KC,SHFT,Blue,Caliste,Varus,Galio,BOT,8,18.0,2.0,True,Win
2877344,1,KC,SHFT,KC,SHFT,Blue,Busio,Alistar,Rumble,SUP,9,19.0,2.0,True,Win
2877344,1,KC,SHFT,SHFT,KC,Red,Trymbi,Rakan,K'Sante,SUP,10,20.0,2.0,False,Loss
2877345,1,TH,FNC,FNC,TH,Red,Empyros,Jax,Xin Zhao,TOP,1,7.0,1.0,False,Loss
2877345,1,TH,FNC,TH,FNC,Blue,Tracyn,Ambessa,Orianna,TOP,2,8.0,1.0,True,Win
2877345,1,TH,FNC,TH,FNC,Blue,Sheo,DrMundo,Dr. Mundo,JGL,3,9.0,1.0,True,Win
2877345,1,TH,FNC,FNC,TH,Red,Razork,XinZhao,Corki,JGL,4,10.0,1.0,False,Loss
2877345,1,TH,FNC,FNC,TH,Red,Vladi,Azir,Azir,MID,5,11.0,1.0,False,Loss
2877345,1,TH,FNC,TH,FNC,Blue,Serin,Orianna,Ambessa,MID,6,12.0,1.0,True,Win
2877345,1,TH,FNC,TH,FNC,Blue,Ice,Jhin,Jhin,BOT,7,17.0,2.0,True,Win
2877345,1,TH,FNC,FNC,TH,Red,Upset,Corki,Jax,BOT,8,18.0,2.0,False,Loss
2877345,1,TH,FNC,FNC,TH,Red,Lospa,Nautilus,Nautilus,SUP,9,19.0,2.0,False,Loss
2877345,1,TH,FNC,TH,FNC,Blue,Stend,Rell,Rell,SUP,10,20.0,2.0,True,Win
2877346,1,KCB,SHFT,SHFT,KCB,Red,Rooster,Ambessa,Azir,TOP,1,7.0,1.0,True,Win
2877346,1,KCB,SHFT,KCB,SHFT,Blue,Tao,Aatrox,Taliyah,TOP,2,8.0,1.0,False,Loss
2877346,1,KCB,SHFT,KCB,SHFT,Blue,Yukino,Vi,Vi,JGL,3,9.0,1.0,False,Loss
2877346,1,KCB,SHFT,SHFT,KCB,Red,Boukada,Skarner,Skarner,JGL,4,10.0,1.0,True,Win
2877346,1,KCB,SHFT,SHFT,KCB,Red,nuc,Azir,Yunara,MID,5,11.0,1.0,True,Win
2877346,1,KCB,SHFT,KCB,SHFT,Blue,Kamiloo,Taliyah,Kai'Sa,MID,6,12.0,1.0,False,Loss
2877346,1,KCB,SHFT,KCB,SHFT,Blue,Hazel,Kaisa,Rakan,BOT,7,17.0,2.0,False,Loss
2877346,1,KCB,SHFT,SHFT,KCB,Red,Paduck,Yunara,Ambessa,BOT,8,18.0,2.0,True,Win
2877346,1,KCB,SHFT,SHFT,KCB,Red,Trymbi,Alistar,Alistar,SUP,9,19.0,2.0,True,Win
2877346,1,KCB,SHFT,KCB,SHFT,Blue,Prime,Rakan,Aatrox,SUP,10,20.0,2.0,False,Loss
2877347,1,SK,LR,LR,SK,Red,Baus,Gragas,Vi,TOP,1,7.0,1.0,True,Win
2877347,1,SK,LR,SK,LR,Blue,Wunder,Ornn,Yunara,TOP,2,8.0,1.0,False,Loss
2877347,1,SK,LR,SK,LR,Blue,Skeanz,XinZhao,Xin Zhao,JGL,3,9.0,1.0,False,Loss
2877347,1,SK,LR,LR,SK,Red,Velja,Vi,Gragas,JGL,4,10.0,1.0,True,Win
2877347,1,SK,LR,LR,SK,Red,Nemesis,Ryze,Corki,MID,5,11.0,1.0,True,Win
2877347,1,SK,LR,SK,LR,Blue,LIDER,Yone,Ornn,MID,6,12.0,1.0,False,Loss
2877347,1,SK,LR,SK,LR,Blue,Jopa,Yunara,Neeko,BOT,7,17.0,2.0,False,Loss
2877347,1,SK,LR,LR,SK,Red,Crownie,Corki,Karma,BOT,8,18.0,2.0,True,Win
2877347,1,SK,LR,LR,SK,Red,Rekkles,Karma,Ryze,SUP,9,19.0,2.0,True,Win
2877347,1,SK,LR,SK,LR,Blue,Mikyx,Neeko,Yone,SUP,10,20.0,2.0,False,Loss
2877348,1,G2,NAVI,G2,NAVI,Blue,BrokenBlade,Renekton,Azir,TOP,1,7.0,1.0,False,Loss
2877348,1,G2,NAVI,NAVI,G2,Red,Maynter,Sion,Orianna,TOP,2,8.0,1.0,True,Win
2877348,1,G2,NAVI,NAVI,G2,Red,Rhilech,Ambessa,Ambessa,JGL,3,9.0,1.0,True,Win
2877348,1,G2,NAVI,G2,NAVI,Blue,SkewMond,Pantheon,Ezreal,JGL,4,10.0,1.0,False,Loss
2877348,1,G2,NAVI,G2,NAVI,Blue,Caps,Azir,Pantheon,MID,5,11.0,1.0,False,Loss
2877348,1,G2,NAVI,NAVI,G2,Red,Poby,Orianna,Aphelios,MID,6,12.0,1.0,True,Win
2877348,1,G2,NAVI,NAVI,G2,Red,SamD,Aphelios,Nautilus,BOT,7,17.0,2.0,True,Win
2877348,1,G2,NAVI,G2,NAVI,Blue,Hans Sama,Ezreal,Leona,BOT,8,18.0,2.0,False,Loss
2877348,1,G2,NAVI,G2,NAVI,Blue,Labrov,Leona,Renekton,SUP,9,19.0,2.0,False,Loss
2877348,1,G2,NAVI,NAVI,G2,Red,Parus,Nautilus,Sion,SUP,10,20.0,2.0,True,Win
2877349,1,MKOI,VIT,MKOI,VIT,Blue,Myrwn,Poppy,Jayce,TOP,1,7.0,1.0,False,Loss
2877349,1,MKOI,VIT,VIT,MKOI,Red,Naak Nako,KSante,Pantheon,TOP,2,8.0,1.0,True,Win
2877349,1,MKOI,VIT,VIT,MKOI,Red,Lyncas,Pantheon,Yunara,JGL,3,9.0,1.0,True,Win
2877349,1,MKOI,VIT,MKOI,VIT,Blue,Elyoya,Jayce,Ryze,JGL,4,10.0,1.0,False,Loss
2877349,1,MKOI,VIT,MKOI,VIT,Blue,Jojopyun,Ryze,Corki,MID,5,11.0,1.0,False,Loss
2877349,1,MKOI,VIT,VIT,MKOI,Red,Humanoid,Zoe,Zoe,MID,6,12.0,1.0,True,Win
2877349,1,MKOI,VIT,VIT,MKOI,Red,Carzzy,Yunara,K'Sante,BOT,7,17.0,2.0,True,Win
2877349,1,MKOI,VIT,MKOI,VIT,Blue,Supa,Corki,Bard,BOT,8,18.0,2.0,False,Loss
2877349,1,MKOI,VIT,MKOI,VIT,Blue,Alvaro,Bard,Poppy,SUP,9,19.0,2.0,False,Loss
2877349,1,MKOI,VIT,VIT,MKOI,Red,Fleshy,Neeko,Neeko,SUP,10,20.0,2.0,True,Win
2877350,1,KC,GX,KC,GX,Blue,Canna,Sion,Azir,TOP,1,7.0,1.0,True,Win
2877350,1,KC,GX,GX,KC,Red,Lot,Gnar,Taliyah,TOP,2,8.0,1.0,False,Loss
2877350,1,KC,GX,GX,KC,Red,ISMA,Pantheon,Pantheon,JGL,3,9.0,1.0,False,Loss
2877350,1,KC,GX,KC,GX,Blue,Yike,JarvanIV,Jarvan IV,JGL,4,10.0,1.0,True,Win
2877350,1,KC,GX,KC,GX,Blue,kyeahoo,Azir,Sion,MID,5,11.0,1.0,True,Win
2877350,1,KC,GX,GX,KC,Red,Jackies,Taliyah,Gnar,MID,6,12.0,1.0,False,Loss
2877350,1,KC,GX,GX,KC,Red,Noah,Corki,Corki,BOT,7,17.0,2.0,False,Loss
2877350,1,KC,GX,KC,GX,Blue,Caliste,Jhin,Jhin,BOT,8,18.0,2.0,True,Win
2877350,1,KC,GX,KC,GX,Blue,Busio,Bard,Bard,SUP,9,19.0,2.0,True,Win
2877350,1,KC,GX,GX,KC,Red,Jun,Rakan,Rakan,SUP,10,20.0,2.0,False,Loss
2877351,1,LR,VIT,VIT,LR,Red,Naak Nako,DrMundo,Dr. Mundo,TOP,1,7.0,1.0,True,Win
2877351,1,LR,VIT,LR,VIT,Blue,Baus,Sion,Sion,TOP,2,8.0,1.0,False,Loss
2877351,1,LR,VIT,LR,VIT,Blue,Velja,Sylas,Corki,JGL,3,9.0,1.0,False,Loss
2877351,1,LR,VIT,VIT,LR,Red,Lyncas,Pantheon,Azir,JGL,4,10.0,1.0,True,Win
2877351,1,LR,VIT,VIT,LR,Red,Humanoid,Azir,Varus,MID,5,11.0,1.0,True,Win
2877351,1,LR,VIT,LR,VIT,Blue,Nemesis,Yone,Yone,MID,6,12.0,1.0,False,Loss
2877351,1,LR,VIT,LR,VIT,Blue,Crownie,Corki,Bard,BOT,7,17.0,2.0,False,Loss
2877351,1,LR,VIT,VIT,LR,Red,Carzzy,Varus,Alistar,BOT,8,18.0,2.0,True,Win
2877351,1,LR,VIT,VIT,LR,Red,Fleshy,Alistar,Pantheon,SUP,9,19.0,2.0,True,Win
2877351,1,LR,VIT,LR,VIT,Blue,Rekkles,Bard,Sylas,SUP,10,20.0,2.0,False,Loss
2877352,1,GX,KCB,GX,KCB,Blue,Lot,Sion,Azir,TOP,1,7.0,1.0,False,Loss
2877352,1,GX,KCB,KCB,GX,Red,Tao,Rumble,Yunara,TOP,2,8.0,1.0,True,Win
2877352,1,GX,KCB,KCB,GX,Red,Yukino,Aatrox,Rumble,JGL,3,9.0,1.0,True,Win
2877352,1,GX,KCB,GX,KCB,Blue,ISMA,JarvanIV,Jarvan IV,JGL,4,10.0,1.0,False,Loss
2877352,1,GX,KCB,GX,KCB,Blue,Jackies,Azir,Sion,MID,5,11.0,1.0,False,Loss
2877352,1,GX,KCB,KCB,GX,Red,Kamiloo,Taliyah,Taliyah,MID,6,12.0,1.0,True,Win
2877352,1,GX,KCB,KCB,GX,Red,Hazel,Yunara,Aatrox,BOT,7,17.0,2.0,True,Win
2877352,1,GX,KCB,GX,KCB,Blue,Noah,Kaisa,Kai'Sa,BOT,8,18.0,2.0,False,Loss
2877352,1,GX,KCB,GX,KCB,Blue,Jun,Nautilus,Nautilus,SUP,9,19.0,2.0,False,Loss
2877352,1,GX,KCB,KCB,GX,Red,Prime,Rell,Rell,SUP,10,20.0,2.0,True,Win
2877353,1,SHFT,SK,SK,SHFT,Red,Wunder,Ambessa,Azir,TOP,1,7.0,1.0,False,Loss
2877353,1,SHFT,SK,SHFT,SK,Blue,Rooster,RekSai,Yunara,TOP,2,8.0,1.0,True,Win
2877353,1,SHFT,SK,SHFT,SK,Blue,Boukada,MonkeyKing,Wukong,JGL,3,9.0,1.0,True,Win
2877353,1,SHFT,SK,SK,SHFT,Red,Skeanz,DrMundo,Xayah,JGL,4,10.0,1.0,False,Loss
2877353,1,SHFT,SK,SK,SHFT,Red,LIDER,Azir,Rakan,MID,5,11.0,1.0,False,Loss
2877353,1,SHFT,SK,SHFT,SK,Blue,nuc,Taliyah,Taliyah,MID,6,12.0,1.0,True,Win
2877353,1,SHFT,SK,SHFT,SK,Blue,Paduck,Yunara,Alistar,BOT,7,17.0,2.0,True,Win
2877353,1,SHFT,SK,SK,SHFT,Red,Jopa,Xayah,Dr. Mundo,BOT,8,18.0,2.0,False,Loss
2877353,1,SHFT,SK,SK,SHFT,Red,Mikyx,Rakan,Ambessa,SUP,9,19.0,2.0,False,Loss
2877353,1,SHFT,SK,SHFT,SK,Blue,Trymbi,Alistar,Rek'Sai,SUP,10,20.0,2.0,True,Win
2877354,1,MKOI,NAVI,MKOI,NAVI,Blue,Myrwn,Sion,Vi,TOP,1,7.0,1.0,True,Win
2877354,1,MKOI,NAVI,NAVI,MKOI,Red,Maynter,Aatrox,Pantheon,TOP,2,8.0,1.0,False,Loss
2877354,1,MKOI,NAVI,NAVI,MKOI,Red,Rhilech,Pantheon,Azir,JGL,3,9.0,1.0,False,Loss
2877354,1,MKOI,NAVI,MKOI,NAVI,Blue,Elyoya,Vi,Taliyah,JGL,4,10.0,1.0,True,Win
2877354,1,MKOI,NAVI,MKOI,NAVI,Blue,Jojopyun,Taliyah,Sion,MID,5,11.0,1.0,True,Win
2877354,1,MKOI,NAVI,NAVI,MKOI,Red,Poby,Azir,Aatrox,MID,6,12.0,1.0,False,Loss
2877354,1,MKOI,NAVI,NAVI,MKOI,Red,SamD,Caitlyn,Neeko,BOT,7,17.0,2.0,False,Loss
2877354,1,MKOI,NAVI,MKOI,NAVI,Blue,Supa,Corki,Corki,BOT,8,18.0,2.0,True,Win
2877354,1,MKOI,NAVI,MKOI,NAVI,Blue,Alvaro,Nami,Nami,SUP,9,19.0,2.0,True,Win
2877354,1,MKOI,NAVI,NAVI,MKOI,Red,Parus,Neeko,Caitlyn,SUP,10,20.0,2.0,False,Loss
2877355,1,TH,KC,KC,TH,Red,Canna,KSante,Varus,TOP,1,7.0,1.0,False,Loss
2877355,1,TH,KC,TH,KC,Blue,Tracyn,Ambessa,Rumble,TOP,2,8.0,1.0,True,Win
2877355,1,TH,KC,TH,KC,Blue,Sheo,Rumble,Jhin,JGL,3,9.0,1.0,True,Win
2877355,1,TH,KC,KC,TH,Red,Yike,Jayce,Jayce,JGL,4,10.0,1.0,False,Loss
2877355,1,TH,KC,KC,TH,Red,kyeahoo,Leblanc,Neeko,MID,5,11.0,1.0,False,Loss
2877355,1,TH,KC,TH,KC,Blue,Serin,Aurora,Nautilus,MID,6,12.0,1.0,True,Win
2877355,1,TH,KC,TH,KC,Blue,Ice,Jhin,Aurora,BOT,7,17.0,2.0,True,Win
2877355,1,TH,KC,KC,TH,Red,Caliste,Varus,K'Sante,BOT,8,18.0,2.0,False,Loss
2877355,1,TH,KC,KC,TH,Red,Busio,Neeko,LeBlanc,SUP,9,19.0,2.0,False,Loss
2877355,1,TH,KC,TH,KC,Blue,Stend,Nautilus,Ambessa,SUP,10,20.0,2.0,True,Win
2877356,1,G2,FNC,FNC,G2,Red,Empyros,Ambessa,Vi,TOP,1,7.0,1.0,False,Loss
2877356,1,G2,FNC,G2,FNC,Blue,BrokenBlade,Poppy,Orianna,TOP,2,8.0,1.0,True,Win
2877356,1,G2,FNC,G2,FNC,Blue,SkewMond,XinZhao,Xin Zhao,JGL,3,9.0,1.0,True,Win
2877356,1,G2,FNC,FNC,G2,Red,Razork,Vi,Jhin,JGL,4,10.0,1.0,False,Loss
2877356,1,G2,FNC,FNC,G2,Red,Vladi,Azir,Azir,MID,5,11.0,1.0,False,Loss
2877356,1,G2,FNC,G2,FNC,Blue,Caps,Orianna,Sivir,MID,6,12.0,1.0,True,Win
2877356,1,G2,FNC,G2,FNC,Blue,Hans Sama,Sivir,Bard,BOT,7,17.0,2.0,True,Win
2877356,1,G2,FNC,FNC,G2,Red,Upset,Jhin,Nautilus,BOT,8,18.0,2.0,False,Loss
2877356,1,G2,FNC,FNC,G2,Red,Lospa,Nautilus,Ambessa,SUP,9,19.0,2.0,False,Loss
2877356,1,G2,FNC,G2,FNC,Blue,Labrov,Bard,Poppy,SUP,10,20.0,2.0,True,Win
2882792,1,GMB,EKO,GMB,EKO,Blue,Dadan,Gnar,Xin Zhao,TOP,1,7.0,1.0,False,Loss
2882792,1,GMB,EKO,EKO,GMB,Red,Iobellan,Zaahen,Zaahen,TOP,2,8.0,1.0,True,Win
2882792,1,GMB,EKO,EKO,GMB,Red,Balyy,Diana,Diana,JGL,3,9.0,1.0,True,Win
2882792,1,GMB,EKO,GMB,EKO,Blue,Mario,XinZhao,Gnar,JGL,4,10.0,1.0,False,Loss
2882792,1,GMB,EKO,GMB,EKO,Blue,Dejavu,Ahri,Corki,MID,5,11.0,1.0,False,Loss
2882792,1,GMB,EKO,EKO,GMB,Red,DVN,Mel,Sivir,MID,6,12.0,1.0,True,Win
2882792,1,GMB,EKO,EKO,GMB,Red,Toti,Sivir,Mel,BOT,7,17.0,2.0,True,Win
2882792,1,GMB,EKO,GMB,EKO,Blue,Rharesh,Corki,Ahri,BOT,8,18.0,2.0,False,Loss
2882792,1,GMB,EKO,GMB,EKO,Blue,Shredder,Leona,Leona,SUP,9,19.0,2.0,False,Loss
2882792,1,GMB,EKO,EKO,GMB,Red,S1D,Braum,Braum,SUP,10,20.0,2.0,True,Win
2882793,1,DEA,ZENA,DEA,ZENA,Blue,Fratellin,Renekton,Corki,TOP,1,7.0,1.0,True,Win
2882793,1,DEA,ZENA,ZENA,DEA,Red,Raffy,Zaahen,Miss Fortune,TOP,2,8.0,1.0,False,Loss
2882793,1,DEA,ZENA,ZENA,DEA,Red,Jekko,Diana,Galio,JGL,3,9.0,1.0,False,Loss
2882793,1,DEA,ZENA,DEA,ZENA,Blue,Hamudis,DrMundo,Rell,JGL,4,10.0,1.0,True,Win
2882793,1,DEA,ZENA,DEA,ZENA,Blue,Sharon,Ekko,Ekko,MID,5,11.0,1.0,True,Win
2882793,1,DEA,ZENA,ZENA,DEA,Red,Sadaz,Galio,Diana,MID,6,12.0,1.0,False,Loss
2882793,1,DEA,ZENA,ZENA,DEA,Red,RaptoSauros,MissFortune,Zac,BOT,7,17.0,2.0,False,Loss
2882793,1,DEA,ZENA,DEA,ZENA,Blue,Kyte,Corki,Dr. Mundo,BOT,8,18.0,2.0,True,Win
2882793,1,DEA,ZENA,DEA,ZENA,Blue,Fornari,Rell,Renekton,SUP,9,19.0,2.0,True,Win
2882793,1,DEA,ZENA,ZENA,DEA,Red,OrthoZero,Zac,Zaahen,SUP,10,20.0,2.0,False,Loss
2882794,1,AXL,P11,AXL,P11,Blue,Cripple,Ambessa,Ziggs,TOP,1,7.0,1.0,False,Loss
2882794,1,AXL,P11,P11,AXL,Red,Sveglia,KSante,Wukong,TOP,2,8.0,1.0,True,Win
2882794,1,AXL,P11,P11,AXL,Red,Izo,MonkeyKing,Sivir,JGL,3,9.0,1.0,True,Win
2882794,1,AXL,P11,AXL,P11,Blue,Elix1r,Nocturne,Orianna,JGL,4,10.0,1.0,False,Loss
2882794,1,AXL,P11,AXL,P11,Blue,Shack,Orianna,Nocturne,MID,5,11.0,1.0,False,Loss
2882794,1,AXL,P11,P11,AXL,Red,Xen0gan,Galio,Galio,MID,6,12.0,1.0,True,Win
2882794,1,AXL,P11,P11,AXL,Red,Showman,Sivir,K'Sante,BOT,7,17.0,2.0,True,Win
2882794,1,AXL,P11,AXL,P11,Blue,Padawii,Ziggs,Ambessa,BOT,8,18.0,2.0,False,Loss
2882794,1,AXL,P11,AXL,P11,Blue,Tigrot,Alistar,Alistar,SUP,9,19.0,2.0,False,Loss
2882794,1,AXL,P11,P11,AXL,Red,Downfall,Neeko,Neeko,SUP,10,20.0,2.0,True,Win
2882795,1,CG,HMB,CG,HMB,Blue,TheMountain,Chogath,Jayce,TOP,1,7.0,1.0,True,Win
2882795,1,CG,HMB,HMB,CG,Red,APP,KSante,K'Sante,TOP,2,8.0,1.0,False,Loss
2882795,1,CG,HMB,HMB,CG,Red,adi1,XinZhao,Yunara,JGL,3,9.0,1.0,False,Loss
2882795,1,CG,HMB,CG,HMB,Blue,Fragola,Jayce,Cho'Gath,JGL,4,10.0,1.0,True,Win
2882795,1,CG,HMB,CG,HMB,Blue,Bisgaard,Akali,Corki,MID,5,11.0,1.0,True,Win
2882795,1,CG,HMB,HMB,CG,Red,Vigil,Orianna,Xin Zhao,MID,6,12.0,1.0,False,Loss
2882795,1,CG,HMB,HMB,CG,Red,Tyrone,Yunara,Orianna,BOT,7,17.0,2.0,False,Loss
2882795,1,CG,HMB,CG,HMB,Blue,Piskhello,Corki,Akali,BOT,8,18.0,2.0,True,Win
2882795,1,CG,HMB,CG,HMB,Blue,CENTU,Leona,Leona,SUP,9,19.0,2.0,True,Win
2882795,1,CG,HMB,HMB,CG,Red,Click,Poppy,Poppy,SUP,10,20.0,2.0,False,Loss
2882796,1,HMB,P11,HMB,P11,Blue,APP,Ambessa,Ambessa,TOP,1,,,False,Loss
2882796,1,HMB,P11,HMB,P11,Blue,adi1,JarvanIV,JarvanIV,JGL,2,,,False,Loss
2882796,1,HMB,P11,HMB,P11,Blue,Vigil,Ryze,Ryze,MID,3,,,False,Loss
2882796,1,HMB,P11,HMB,P11,Blue,Tyrone,Lucian,Lucian,BOT,4,,,False,Loss
2882796,1,HMB,P11,HMB,P11,Blue,Click,Bard,Bard,SUP,5,,,False,Loss
2882796,1,HMB,P11,P11,HMB,Red,Haruhiro,Rumble,Rumble,TOP,6,,,False,Loss
2882796,1,HMB,P11,P11,HMB,Red,Izo,MonkeyKing,MonkeyKing,JGL,7,,,False,Loss
2882796,1,HMB,P11,P11,HMB,Red,Xen0gan,Neeko,Neeko,MID,8,,,False,Loss
2882796,1,HMB,P11,P11,HMB,Red,Showman,Corki,Corki,BOT,9,,,False,Loss
2882796,1,HMB,P11,P11,HMB,Red,Downfall,Rakan,Rakan,SUP,10,,,False,Loss
2882797,1,GMB,CG,GMB,CG,Blue,Dadan,Sion,Sion,TOP,1,7.0,1.0,False,Loss
2882797,1,GMB,CG,CG,GMB,Red,TheMountain,KSante,K'Sante,TOP,2,8.0,1.0,True,Win
2882797,1,GMB,CG,CG,GMB,Red,Fragola,DrMundo,Syndra,JGL,3,9.0,1.0,True,Win
2882797,1,GMB,CG,GMB,CG,Blue,Mario,MonkeyKing,Viktor,JGL,4,10.0,1.0,False,Loss
2882797,1,GMB,CG,GMB,CG,Blue,Dejavu,Viktor,Leona,MID,5,11.0,1.0,False,Loss
2882797,1,GMB,CG,CG,GMB,Red,Bisgaard,Syndra,Yunara,MID,6,12.0,1.0,True,Win
2882797,1,GMB,CG,CG,GMB,Red,Piskhello,Yunara,Bard,BOT,7,17.0,2.0,True,Win
2882797,1,GMB,CG,GMB,CG,Blue,Rharesh,Caitlyn,Caitlyn,BOT,8,18.0,2.0,False,Loss
2882797,1,GMB,CG,GMB,CG,Blue,Shredder,Leona,Wukong,SUP,9,19.0,2.0,False,Loss
2882797,1,GMB,CG,CG,GMB,Red,CENTU,Bard,Dr. Mundo,SUP,10,20.0,2.0,True,Win
2882798,1,AXL,DEA,AXL,DEA,Blue,Cripple,Aatrox,Corki,TOP,1,7.0,1.0,False,Loss
2882798,1,AXL,DEA,DEA,AXL,Red,Fratellin,Gwen,Naafiri,TOP,2,8.0,1.0,True,Win
2882798,1,AXL,DEA,DEA,AXL,Red,Hamudis,Naafiri,Sivir,JGL,3,9.0,1.0,True,Win
2882798,1,AXL,DEA,AXL,DEA,Blue,Elix1r,DrMundo,Azir,JGL,4,10.0,1.0,False,Loss
2882798,1,AXL,DEA,AXL,DEA,Blue,Shack,Azir,Rell,MID,5,11.0,1.0,False,Loss
2882798,1,AXL,DEA,DEA,AXL,Red,Sharon,Ekko,Poppy,MID,6,12.0,1.0,True,Win
2882798,1,AXL,DEA,DEA,AXL,Red,Kyte,Sivir,Ekko,BOT,7,17.0,2.0,True,Win
2882798,1,AXL,DEA,AXL,DEA,Blue,Jakorhs,Corki,Dr. Mundo,BOT,8,18.0,2.0,False,Loss
2882798,1,AXL,DEA,AXL,DEA,Blue,Tigrot,Rell,Aatrox,SUP,9,19.0,2.0,False,Loss
2882798,1,AXL,DEA,DEA,AXL,Red,Fornari,Poppy,Gwen,SUP,10,20.0,2.0,True,Win
2882799,1,EKO,ZENA,EKO,ZENA,Blue,Iobellan,Darius,Lillia,TOP,1,7.0,1.0,True,Win
2882799,1,EKO,ZENA,ZENA,EKO,Red,Raffy,Aatrox,Corki,TOP,2,8.0,1.0,False,Loss
2882799,1,EKO,ZENA,ZENA,EKO,Red,Jekko,JarvanIV,Ryze,JGL,3,9.0,1.0,False,Loss
2882799,1,EKO,ZENA,EKO,ZENA,Blue,Balyy,Lillia,Miss Fortune,JGL,4,10.0,1.0,True,Win
2882799,1,EKO,ZENA,EKO,ZENA,Blue,DVN,Syndra,Syndra,MID,5,11.0,1.0,True,Win
2882799,1,EKO,ZENA,ZENA,EKO,Red,Sadaz,Ryze,Jarvan IV,MID,6,12.0,1.0,False,Loss
2882799,1,EKO,ZENA,ZENA,EKO,Red,RaptoSauros,Corki,Rell,BOT,7,17.0,2.0,False,Loss
2882799,1,EKO,ZENA,EKO,ZENA,Blue,Toti,MissFortune,Poppy,BOT,8,18.0,2.0,True,Win
2882799,1,EKO,ZENA,EKO,ZENA,Blue,S1D,Poppy,Darius,SUP,9,19.0,2.0,True,Win
2882799,1,EKO,ZENA,ZENA,EKO,Red,OrthoZero,Rell,Aatrox,SUP,10,20.0,2.0,False,Loss
2882800,1,HMB,DEA,HMB,DEA,Blue,APP,Rumble,Rumble,TOP,1,7.0,1.0,True,Win
2882800,1,HMB,DEA,DEA,HMB,Red,Fratellin,Kennen,Lucian,TOP,2,8.0,1.0,False,Loss
2882800,1,HMB,DEA,DEA,HMB,Red,Hamudis,MonkeyKing,Kennen,JGL,3,9.0,1.0,False,Loss
2882800,1,HMB,DEA,HMB,DEA,Blue,adi1,JarvanIV,Jarvan IV,JGL,4,10.0,1.0,True,Win
2882800,1,HMB,DEA,HMB,DEA,Blue,Vigil,Galio,Galio,MID,5,11.0,1.0,True,Win
2882800,1,HMB,DEA,DEA,HMB,Red,Sharon,Qiyana,Qiyana,MID,6,12.0,1.0,False,Loss
2882800,1,HMB,DEA,DEA,HMB,Red,Tone,Lucian,Braum,BOT,7,17.0,2.0,False,Loss
2882800,1,HMB,DEA,HMB,DEA,Blue,Tyrone,Tristana,Rakan,BOT,8,18.0,2.0,True,Win
2882800,1,HMB,DEA,HMB,DEA,Blue,Click,Rakan,Tristana,SUP,9,19.0,2.0,True,Win
2882800,1,HMB,DEA,DEA,HMB,Red,Fornari,Braum,Wukong,SUP,10,20.0,2.0,False,Loss
2882801,1,EKO,AXL,EKO,AXL,Blue,Sala,Sion,Dr. Mundo,TOP,1,7.0,1.0,False,Loss
2882801,1,EKO,AXL,AXL,EKO,Red,Cripple,Gwen,Ambessa,TOP,2,8.0,1.0,True,Win
2882801,1,EKO,AXL,AXL,EKO,Red,Elix1r,Ambessa,Neeko,JGL,3,9.0,1.0,True,Win
2882801,1,EKO,AXL,EKO,AXL,Blue,Iobellan,DrMundo,Sion,JGL,4,10.0,1.0,False,Loss
2882801,1,EKO,AXL,EKO,AXL,Blue,DVN,Nasus,Seraphine,MID,5,11.0,1.0,False,Loss
2882801,1,EKO,AXL,AXL,EKO,Red,Shack,Swain,Gwen,MID,6,12.0,1.0,True,Win
2882801,1,EKO,AXL,AXL,EKO,Red,Padawii,Ashe,Ashe,BOT,7,17.0,2.0,True,Win
2882801,1,EKO,AXL,EKO,AXL,Blue,Toti,Seraphine,Karma,BOT,8,18.0,2.0,False,Loss
2882801,1,EKO,AXL,EKO,AXL,Blue,S1D,Karma,Nasus,SUP,9,19.0,2.0,False,Loss
2882801,1,EKO,AXL,AXL,EKO,Red,Tigrot,Neeko,Swain,SUP,10,20.0,2.0,True,Win
2882802,1,ZENA,GMB,ZENA,GMB,Blue,Raffy,Gwen,Syndra,TOP,1,7.0,1.0,True,Win
2882802,1,ZENA,GMB,GMB,ZENA,Red,Dadan,Camille,Corki,TOP,2,8.0,1.0,False,Loss
2882802,1,ZENA,GMB,GMB,ZENA,Red,Mario,MonkeyKing,Orianna,JGL,3,9.0,1.0,False,Loss
2882802,1,ZENA,GMB,ZENA,GMB,Blue,Jekko,XinZhao,Ezreal,JGL,4,10.0,1.0,True,Win
2882802,1,ZENA,GMB,ZENA,GMB,Blue,Sadaz,Syndra,Xin Zhao,MID,5,11.0,1.0,True,Win
2882802,1,ZENA,GMB,GMB,ZENA,Red,Dejavu,Orianna,Wukong,MID,6,12.0,1.0,False,Loss
2882802,1,ZENA,GMB,GMB,ZENA,Red,Rharesh,Corki,Rakan,BOT,7,17.0,2.0,False,Loss
2882802,1,ZENA,GMB,ZENA,GMB,Blue,RaptoSauros,Ezreal,Rell,BOT,8,18.0,2.0,True,Win
2882802,1,ZENA,GMB,ZENA,GMB,Blue,OrthoZero,Rell,Gwen,SUP,9,19.0,2.0,True,Win
2882802,1,ZENA,GMB,GMB,ZENA,Red,Shredder,Rakan,Camille,SUP,10,20.0,2.0,False,Loss
2882803,1,P11,CG,P11,CG,Blue,Haruhiro,Yorick,Jayce,TOP,1,7.0,1.0,False,Loss
2882803,1,P11,CG,CG,P11,Red,TheMountain,KSante,K'Sante,TOP,2,8.0,1.0,True,Win
2882803,1,P11,CG,CG,P11,Red,Fragola,Malphite,Corki,JGL,3,9.0,1.0,True,Win
2882803,1,P11,CG,P11,CG,Blue,Izo,Jayce,Yorick,JGL,4,10.0,1.0,False,Loss
2882803,1,P11,CG,P11,CG,Blue,Xen0gan,Ahri,Ahri,MID,5,11.0,1.0,False,Loss
2882803,1,P11,CG,CG,P11,Red,Bisgaard,Aurora,Malphite,MID,6,12.0,1.0,True,Win
2882803,1,P11,CG,CG,P11,Red,Piskhello,Corki,Aurora,BOT,7,17.0,2.0,True,Win
2882803,1,P11,CG,P11,CG,Blue,Showman,Yunara,Nautilus,BOT,8,18.0,2.0,False,Loss
2882803,1,P11,CG,P11,CG,Blue,Downfall,Nautilus,Yunara,SUP,9,19.0,2.0,False,Loss
2882803,1,P11,CG,CG,P11,Red,CENTU,Rell,Rell,SUP,10,20.0,2.0,True,Win
2882804,1,ZENA,AXL,ZENA,AXL,Blue,Raffy,Sion,Jayce,TOP,1,7.0,1.0,True,Win
2882804,1,ZENA,AXL,AXL,ZENA,Red,Cripple,Gnar,Nocturne,TOP,2,8.0,1.0,False,Loss
2882804,1,ZENA,AXL,AXL,ZENA,Red,Elix1r,Nocturne,Ashe,JGL,3,9.0,1.0,False,Loss
2882804,1,ZENA,AXL,ZENA,AXL,Blue,Jekko,Jayce,Ezreal,JGL,4,10.0,1.0,True,Win
2882804,1,ZENA,AXL,ZENA,AXL,Blue,Sadaz,Ryze,Sion,MID,5,11.0,1.0,True,Win
2882804,1,ZENA,AXL,AXL,ZENA,Red,Shack,AurelionSol,Gnar,MID,6,12.0,1.0,False,Loss
2882804,1,ZENA,AXL,AXL,ZENA,Red,Padawii,Ashe,Rell,BOT,7,17.0,2.0,False,Loss
2882804,1,ZENA,AXL,ZENA,AXL,Blue,RaptoSauros,Ezreal,Rakan,BOT,8,18.0,2.0,True,Win
2882804,1,ZENA,AXL,ZENA,AXL,Blue,OrthoZero,Rakan,Ryze,SUP,9,19.0,2.0,True,Win
2882804,1,ZENA,AXL,AXL,ZENA,Red,Tigrot,Rell,Aurelion Sol,SUP,10,20.0,2.0,False,Loss
2882805,1,CG,DEA,CG,DEA,Blue,TheMountain,Chogath,Corki,TOP,1,7.0,1.0,True,Win
2882805,1,CG,DEA,DEA,CG,Red,Fratellin,Urgot,Sivir,TOP,2,8.0,1.0,False,Loss
2882805,1,CG,DEA,DEA,CG,Red,Hamudis,XinZhao,Xin Zhao,JGL,3,9.0,1.0,False,Loss
2882805,1,CG,DEA,CG,DEA,Blue,Fragola,JarvanIV,Cho'Gath,JGL,4,10.0,1.0,True,Win
2882805,1,CG,DEA,CG,DEA,Blue,Bisgaard,Syndra,Jarvan IV,MID,5,11.0,1.0,True,Win
2882805,1,CG,DEA,DEA,CG,Red,Sharon,Fizz,Urgot,MID,6,12.0,1.0,False,Loss
2882805,1,CG,DEA,DEA,CG,Red,Kyte,Sivir,Braum,BOT,7,17.0,2.0,False,Loss
2882805,1,CG,DEA,CG,DEA,Blue,Piskhello,Corki,Bard,BOT,8,18.0,2.0,True,Win
2882805,1,CG,DEA,CG,DEA,Blue,CENTU,Bard,Syndra,SUP,9,19.0,2.0,True,Win
2882805,1,CG,DEA,DEA,CG,Red,Fornari,Braum,Fizz,SUP,10,20.0,2.0,False,Loss
2882806,1,EKO,HMB,EKO,HMB,Blue,Iobellan,Sett,Zyra,TOP,1,7.0,1.0,False,Loss
2882806,1,EKO,HMB,HMB,EKO,Red,APP,KSante,Qiyana,TOP,2,8.0,1.0,True,Win
2882806,1,EKO,HMB,HMB,EKO,Red,adi1,Qiyana,Neeko,JGL,3,9.0,1.0,True,Win
2882806,1,EKO,HMB,EKO,HMB,Blue,Balyy,Zyra,Leona,JGL,4,10.0,1.0,False,Loss
2882806,1,EKO,HMB,EKO,HMB,Blue,DVN,Syndra,Corki,MID,5,11.0,1.0,False,Loss
2882806,1,EKO,HMB,HMB,EKO,Red,Vigil,Akali,Kai'Sa,MID,6,12.0,1.0,True,Win
2882806,1,EKO,HMB,HMB,EKO,Red,Tyrone,Kaisa,K'Sante,BOT,7,17.0,2.0,True,Win
2882806,1,EKO,HMB,EKO,HMB,Blue,Toti,Corki,Sett,BOT,8,18.0,2.0,False,Loss
2882806,1,EKO,HMB,EKO,HMB,Blue,S1D,Leona,Syndra,SUP,9,19.0,2.0,False,Loss
2882806,1,EKO,HMB,HMB,EKO,Red,Click,Neeko,Akali,SUP,10,20.0,2.0,True,Win
2882807,1,P11,GMB,P11,GMB,Blue,Haruhiro,Sion,Syndra,TOP,1,7.0,1.0,False,Loss
2882807,1,P11,GMB,GMB,P11,Red,Dadan,KSante,Corki,TOP,2,8.0,1.0,True,Win
2882807,1,P11,GMB,GMB,P11,Red,Mario,Diana,Orianna,JGL,3,9.0,1.0,True,Win
2882807,1,P11,GMB,P11,GMB,Blue,Izo,MonkeyKing,Wukong,JGL,4,10.0,1.0,False,Loss
2882807,1,P11,GMB,P11,GMB,Blue,Xen0gan,Syndra,Sivir,MID,5,11.0,1.0,False,Loss
2882807,1,P11,GMB,GMB,P11,Red,Dejavu,Orianna,Diana,MID,6,12.0,1.0,True,Win
2882807,1,P11,GMB,GMB,P11,Red,Rharesh,Corki,K'Sante,BOT,7,17.0,2.0,True,Win
2882807,1,P11,GMB,P11,GMB,Blue,Showman,Sivir,Sion,BOT,8,18.0,2.0,False,Loss
2882807,1,P11,GMB,P11,GMB,Blue,Downfall,Rell,Rell,SUP,9,19.0,2.0,False,Loss
2882807,1,P11,GMB,GMB,P11,Red,Shredder,Alistar,Alistar,SUP,10,20.0,2.0,True,Win
2882808,1,DEA,P11,DEA,P11,Blue,Fratellin,Sion,Sion,TOP,1,7.0,1.0,True,Win
2882808,1,DEA,P11,P11,DEA,Red,Haruhiro,Ornn,Qiyana,TOP,2,8.0,1.0,False,Loss
2882808,1,DEA,P11,P11,DEA,Red,Izo,Qiyana,Ornn,JGL,3,9.0,1.0,False,Loss
2882808,1,DEA,P11,DEA,P11,Blue,Hamudis,Nocturne,Corki,JGL,4,10.0,1.0,True,Win
2882808,1,DEA,P11,DEA,P11,Blue,Sharon,Taliyah,Nocturne,MID,5,11.0,1.0,True,Win
2882808,1,DEA,P11,P11,DEA,Red,Xen0gan,Galio,Galio,MID,6,12.0,1.0,False,Loss
2882808,1,DEA,P11,P11,DEA,Red,Showman,Kaisa,Neeko,BOT,7,17.0,2.0,False,Loss
2882808,1,DEA,P11,DEA,P11,Blue,Kyte,Corki,Taliyah,BOT,8,18.0,2.0,True,Win
2882808,1,DEA,P11,DEA,P11,Blue,Fornari,Bard,Bard,SUP,9,19.0,2.0,True,Win
2882808,1,DEA,P11,P11,DEA,Red,Downfall,Neeko,Kai'Sa,SUP,10,20.0,2.0,False,Loss
2882809,1,HMB,ZENA,HMB,ZENA,Blue,APP,Rumble,Corki,TOP,1,7.0,1.0,True,Win
2882809,1,HMB,ZENA,ZENA,HMB,Red,Raffy,Aatrox,Ezreal,TOP,2,8.0,1.0,False,Loss
2882809,1,HMB,ZENA,ZENA,HMB,Red,Jekko,XinZhao,Xin Zhao,JGL,3,9.0,1.0,False,Loss
2882809,1,HMB,ZENA,HMB,ZENA,Blue,adi1,Ambessa,Rumble,JGL,4,10.0,1.0,True,Win
2882809,1,HMB,ZENA,HMB,ZENA,Blue,Vigil,Taliyah,Ambessa,MID,5,11.0,1.0,True,Win
2882809,1,HMB,ZENA,ZENA,HMB,Red,Sadaz,Syndra,Aatrox,MID,6,12.0,1.0,False,Loss
2882809,1,HMB,ZENA,ZENA,HMB,Red,RaptoSauros,Ezreal,Nautilus,BOT,7,17.0,2.0,False,Loss
2882809,1,HMB,ZENA,HMB,ZENA,Blue,Tyrone,Corki,Taliyah,BOT,8,18.0,2.0,True,Win
2882809,1,HMB,ZENA,HMB,ZENA,Blue,Click,Braum,Braum,SUP,9,19.0,2.0,True,Win
2882809,1,HMB,ZENA,ZENA,HMB,Red,OrthoZero,Nautilus,Syndra,SUP,10,20.0,2.0,False,Loss
2882810,1,AXL,GMB,AXL,GMB,Blue,Cripple,Urgot,Ryze,TOP,1,7.0,1.0,False,Loss
2882810,1,AXL,GMB,GMB,AXL,Red,Dadan,KSante,Syndra,TOP,2,8.0,1.0,True,Win
2882810,1,AXL,GMB,GMB,AXL,Red,Mario,JarvanIV,Jarvan IV,JGL,3,9.0,1.0,True,Win
2882810,1,AXL,GMB,AXL,GMB,Blue,Elix1r,Qiyana,Qiyana,JGL,4,10.0,1.0,False,Loss
2882810,1,AXL,GMB,AXL,GMB,Blue,Shack,Ryze,Urgot,MID,5,11.0,1.0,False,Loss
2882810,1,AXL,GMB,GMB,AXL,Red,Dejavu,Syndra,K'Sante,MID,6,12.0,1.0,True,Win
2882810,1,AXL,GMB,GMB,AXL,Red,Rharesh,Aphelios,Aphelios,BOT,7,17.0,2.0,True,Win
2882810,1,AXL,GMB,AXL,GMB,Blue,Jakorhs,Varus,Varus,BOT,8,18.0,2.0,False,Loss
2882810,1,AXL,GMB,AXL,GMB,Blue,Padawii,Alistar,Alistar,SUP,9,19.0,2.0,False,Loss
2882810,1,AXL,GMB,GMB,AXL,Red,Shredder,Braum,Braum,SUP,10,20.0,2.0,True,Win
2882811,1,CG,EKO,CG,EKO,Blue,TheMountain,Sion,Corki,TOP,1,7.0,1.0,True,Win
2882811,1,CG,EKO,EKO,CG,Red,Iobellan,Gwen,Sivir,TOP,2,8.0,1.0,False,Loss
2882811,1,CG,EKO,EKO,CG,Red,Balyy,MonkeyKing,Gwen,JGL,3,9.0,1.0,False,Loss
2882811,1,CG,EKO,CG,EKO,Blue,Fragola,Jayce,Sion,JGL,4,10.0,1.0,True,Win
2882811,1,CG,EKO,CG,EKO,Blue,Bisgaard,Ryze,Jayce,MID,5,11.0,1.0,True,Win
2882811,1,CG,EKO,EKO,CG,Red,DVN,Mel,Wukong,MID,6,12.0,1.0,False,Loss
2882811,1,CG,EKO,EKO,CG,Red,Toti,Sivir,Mel,BOT,7,17.0,2.0,False,Loss
2882811,1,CG,EKO,CG,EKO,Blue,Piskhello,Corki,Bard,BOT,8,18.0,2.0,True,Win
2882811,1,CG,EKO,CG,EKO,Blue,CENTU,Bard,Ryze,SUP,9,19.0,2.0,True,Win
2882811,1,CG,EKO,EKO,CG,Red,S1D,Leona,Leona,SUP,10,20.0,2.0,False,Loss
2882812,1,ZENA,CG,ZENA,CG,Blue,Raffy,Yone,Ryze,TOP,1,7.0,1.0,False,Loss
2882812,1,ZENA,CG,CG,ZENA,Red,TheMountain,Sion,Sion,TOP,2,8.0,1.0,True,Win
2882812,1,ZENA,CG,CG,ZENA,Red,Fragola,Vi,Taliyah,JGL,3,9.0,1.0,True,Win
2882812,1,ZENA,CG,ZENA,CG,Blue,Jekko,LeeSin,Yone,JGL,4,10.0,1.0,False,Loss
2882812,1,ZENA,CG,ZENA,CG,Blue,Sadaz,Ryze,Varus,MID,5,11.0,1.0,False,Loss
2882812,1,ZENA,CG,CG,ZENA,Red,Bisgaard,Taliyah,Vi,MID,6,12.0,1.0,True,Win
2882812,1,ZENA,CG,CG,ZENA,Red,Piskhello,Ezreal,Ezreal,BOT,7,17.0,2.0,True,Win
2882812,1,ZENA,CG,ZENA,CG,Blue,RaptoSauros,Varus,Lee Sin,BOT,8,18.0,2.0,False,Loss
2882812,1,ZENA,CG,ZENA,CG,Blue,OrthoZero,Nautilus,Nautilus,SUP,9,19.0,2.0,False,Loss
2882812,1,ZENA,CG,CG,ZENA,Red,CENTU,Leona,Leona,SUP,10,20.0,2.0,True,Win
2882813,1,P11,EKO,P11,EKO,Blue,Haruhiro,Aurora,Corki,TOP,1,7.0,1.0,False,Loss
2882813,1,P11,EKO,EKO,P11,Red,Iobellan,Yone,Nocturne,TOP,2,8.0,1.0,True,Win
2882813,1,P11,EKO,EKO,P11,Red,Balyy,Nocturne,Sivir,JGL,3,9.0,1.0,True,Win
2882813,1,P11,EKO,P11,EKO,Blue,Iso99,DrMundo,Dr. Mundo,JGL,4,10.0,1.0,False,Loss
2882813,1,P11,EKO,P11,EKO,Blue,Xen0gan,Galio,Aurora,MID,5,11.0,1.0,False,Loss
2882813,1,P11,EKO,EKO,P11,Red,DVN,Orianna,Orianna,MID,6,12.0,1.0,True,Win
2882813,1,P11,EKO,EKO,P11,Red,Toti,Sivir,Nautilus,BOT,7,17.0,2.0,True,Win
2882813,1,P11,EKO,P11,EKO,Blue,Showman,Corki,Leona,BOT,8,18.0,2.0,False,Loss
2882813,1,P11,EKO,P11,EKO,Blue,Downfall,Leona,Galio,SUP,9,19.0,2.0,False,Loss
2882813,1,P11,EKO,EKO,P11,Red,S1D,Nautilus,Yone,SUP,10,20.0,2.0,True,Win
2882814,1,DEA,GMB,DEA,GMB,Blue,Fratellin,Malphite,Corki,TOP,1,7.0,1.0,True,Win
2882814,1,DEA,GMB,GMB,DEA,Red,Dadan,Jax,Varus,TOP,2,8.0,1.0,False,Loss
2882814,1,DEA,GMB,GMB,DEA,Red,Mario,Vi,Vi,JGL,3,9.0,1.0,False,Loss
2882814,1,DEA,GMB,DEA,GMB,Blue,Hamudis,Nocturne,Nocturne,JGL,4,10.0,1.0,True,Win
2882814,1,DEA,GMB,DEA,GMB,Blue,Sharon,Orianna,Orianna,MID,5,11.0,1.0,True,Win
2882814,1,DEA,GMB,GMB,DEA,Red,Dejavu,Leblanc,LeBlanc,MID,6,12.0,1.0,False,Loss
2882814,1,DEA,GMB,GMB,DEA,Red,Rharesh,Varus,Jax,BOT,7,17.0,2.0,False,Loss
2882814,1,DEA,GMB,DEA,GMB,Blue,Kyte,Corki,Malphite,BOT,8,18.0,2.0,True,Win
2882814,1,DEA,GMB,DEA,GMB,Blue,Fornari,Neeko,Neeko,SUP,9,19.0,2.0,True,Win
2882814,1,DEA,GMB,GMB,DEA,Red,Shredder,Nautilus,Nautilus,SUP,10,20.0,2.0,False,Loss
2882815,1,HMB,AXL,HMB,AXL,Blue,APP,Renekton,Jayce,TOP,1,7.0,1.0,True,Win
2882815,1,HMB,AXL,AXL,HMB,Red,Cripple,Mordekaiser,Ashe,TOP,2,8.0,1.0,False,Loss
2882815,1,HMB,AXL,AXL,HMB,Red,Elix1r,XinZhao,Neeko,JGL,3,9.0,1.0,False,Loss
2882815,1,HMB,AXL,HMB,AXL,Blue,adi1,Jayce,Azir,JGL,4,10.0,1.0,True,Win
2882815,1,HMB,AXL,HMB,AXL,Blue,Vigil,Azir,Bard,MID,5,11.0,1.0,True,Win
2882815,1,HMB,AXL,AXL,HMB,Red,Shack,Ahri,Xin Zhao,MID,6,12.0,1.0,False,Loss
2882815,1,HMB,AXL,AXL,HMB,Red,Padawii,Ashe,Ahri,BOT,7,17.0,2.0,False,Loss
2882815,1,HMB,AXL,HMB,AXL,Blue,Tyrone,Ezreal,Ezreal,BOT,8,18.0,2.0,True,Win
2882815,1,HMB,AXL,HMB,AXL,Blue,Click,Bard,Renekton,SUP,9,19.0,2.0,True,Win
2882815,1,HMB,AXL,AXL,HMB,Red,Tigrot,Neeko,Mordekaiser,SUP,10,20.0,2.0,False,Loss
2882816,1,CG,AXL,CG,AXL,Blue,TheMountain,Ornn,Ornn,TOP,1,7.0,1.0,True,Win
2882816,1,CG,AXL,AXL,CG,Red,Cripple,Fiora,Neeko,TOP,2,8.0,1.0,False,Loss
2882816,1,CG,AXL,AXL,CG,Red,Elix1r,Pantheon,Fiora,JGL,3,9.0,1.0,False,Loss
2882816,1,CG,AXL,CG,AXL,Blue,Fragola,DrMundo,Karma,JGL,4,10.0,1.0,True,Win
2882816,1,CG,AXL,CG,AXL,Blue,Bisgaard,Syndra,Ezreal,MID,5,11.0,1.0,True,Win
2882816,1,CG,AXL,AXL,CG,Red,Shack,Viktor,Caitlyn,MID,6,12.0,1.0,False,Loss
2882816,1,CG,AXL,AXL,CG,Red,Padawii,Caitlyn,Pantheon,BOT,7,17.0,2.0,False,Loss
2882816,1,CG,AXL,CG,AXL,Blue,Piskhello,Ezreal,Dr. Mundo,BOT,8,18.0,2.0,True,Win
2882816,1,CG,AXL,CG,AXL,Blue,CENTU,Karma,Syndra,SUP,9,19.0,2.0,True,Win
2882816,1,CG,AXL,AXL,CG,Red,Tigrot,Neeko,Viktor,SUP,10,20.0,2.0,False,Loss
2882817,1,GMB,HMB,GMB,HMB,Blue,Dadan,KSante,Varus,TOP,1,7.0,1.0,False,Loss
2882817,1,GMB,HMB,HMB,GMB,Red,APP,Rumble,Rumble,TOP,2,8.0,1.0,True,Win
2882817,1,GMB,HMB,HMB,GMB,Red,adi1,JarvanIV,Jarvan IV,JGL,3,9.0,1.0,True,Win
2882817,1,GMB,HMB,GMB,HMB,Blue,Mario,Vi,K'Sante,JGL,4,10.0,1.0,False,Loss
2882817,1,GMB,HMB,GMB,HMB,Blue,Dejavu,Aurora,Vi,MID,5,11.0,1.0,False,Loss
2882817,1,GMB,HMB,HMB,GMB,Red,Vigil,Taliyah,Sivir,MID,6,12.0,1.0,True,Win
2882817,1,GMB,HMB,HMB,GMB,Red,Tyrone,Sivir,Taliyah,BOT,7,17.0,2.0,True,Win
2882817,1,GMB,HMB,GMB,HMB,Blue,Rharesh,Varus,Alistar,BOT,8,18.0,2.0,False,Loss
2882817,1,GMB,HMB,GMB,HMB,Blue,Shredder,Alistar,Aurora,SUP,9,19.0,2.0,False,Loss
2882817,1,GMB,HMB,HMB,GMB,Red,Click,Lulu,Lulu,SUP,10,20.0,2.0,True,Win
2882818,1,P11,ZENA,P11,ZENA,Blue,Haruhiro,Sion,Ambessa,TOP,1,7.0,1.0,False,Loss
2882818,1,P11,ZENA,ZENA,P11,Red,Raffy,Aatrox,Corki,TOP,2,8.0,1.0,True,Win
2882818,1,P11,ZENA,ZENA,P11,Red,Jekko,XinZhao,Orianna,JGL,3,9.0,1.0,True,Win
2882818,1,P11,ZENA,P11,ZENA,Blue,Iso99,Ambessa,Varus,JGL,4,10.0,1.0,False,Loss
2882818,1,P11,ZENA,P11,ZENA,Blue,Xen0gan,Aurora,Aurora,MID,5,11.0,1.0,False,Loss
2882818,1,P11,ZENA,ZENA,P11,Red,Sadaz,Orianna,Rell,MID,6,12.0,1.0,True,Win
2882818,1,P11,ZENA,ZENA,P11,Red,RaptoSauros,Corki,Aatrox,BOT,7,17.0,2.0,True,Win
2882818,1,P11,ZENA,P11,ZENA,Blue,Showman,Varus,Sion,BOT,8,18.0,2.0,False,Loss
2882818,1,P11,ZENA,P11,ZENA,Blue,Downfall,Leona,Leona,SUP,9,19.0,2.0,False,Loss
2882818,1,P11,ZENA,ZENA,P11,Red,OrthoZero,Rell,Xin Zhao,SUP,10,20.0,2.0,True,Win
2882819,1,DEA,EKO,DEA,EKO,Blue,Fratellin,Sion,Corki,TOP,1,7.0,1.0,False,Loss
2882819,1,DEA,EKO,EKO,DEA,Red,Iobellan,Sett,Sivir,TOP,2,8.0,1.0,True,Win
2882819,1,DEA,EKO,EKO,DEA,Red,Balyy,Lillia,Lillia,JGL,3,9.0,1.0,True,Win
2882819,1,DEA,EKO,DEA,EKO,Blue,Hamudis,Pantheon,Pantheon,JGL,4,10.0,1.0,False,Loss
2882819,1,DEA,EKO,DEA,EKO,Blue,Sharon,Taliyah,Taliyah,MID,5,11.0,1.0,False,Loss
2882819,1,DEA,EKO,EKO,DEA,Red,DVN,Veigar,Veigar,MID,6,12.0,1.0,True,Win
2882819,1,DEA,EKO,EKO,DEA,Red,Toti,Sivir,Nautilus,BOT,7,17.0,2.0,True,Win
2882819,1,DEA,EKO,DEA,EKO,Blue,Kyte,Corki,Sion,BOT,8,18.0,2.0,False,Loss
2882819,1,DEA,EKO,DEA,EKO,Blue,Fornari,Bard,Bard,SUP,9,19.0,2.0,False,Loss
2882819,1,DEA,EKO,EKO,DEA,Red,S1D,Nautilus,Sett,SUP,10,20.0,2.0,True,Win
2882821,1,AXL,P11,AXL,P11,Blue,Cripple,Camille,Varus,TOP,1,7.0,1.0,True,Win
2882821,1,AXL,P11,P11,AXL,Red,Haruhiro,KSante,Jayce,TOP,2,8.0,1.0,False,Loss
2882821,1,AXL,P11,P11,AXL,Red,Iso99,Jayce,Jhin,JGL,3,9.0,1.0,False,Loss
2882821,1,AXL,P11,AXL,P11,Blue,Elix1r,Vi,Vi,JGL,4,10.0,1.0,True,Win
2882821,1,AXL,P11,AXL,P11,Blue,Shack,TwistedFate,Neeko,MID,5,11.0,1.0,True,Win
2882821,1,AXL,P11,P11,AXL,Red,Xero,Hwei,Karma,MID,6,12.0,1.0,False,Loss
2882821,1,AXL,P11,P11,AXL,Red,Pericolo,Jhin,K'Sante,BOT,7,17.0,2.0,False,Loss
2882821,1,AXL,P11,AXL,P11,Blue,Padawii,Varus,Camille,BOT,8,18.0,2.0,True,Win
2882821,1,AXL,P11,AXL,P11,Blue,Tigrot,Neeko,Twisted Fate,SUP,9,19.0,2.0,True,Win
2882821,1,AXL,P11,P11,AXL,Red,Corriragazz,Karma,Hwei,SUP,10,20.0,2.0,False,Loss
2882821,2,AXL,P11,AXL,P11,Blue,Cripple,Mordekaiser,Caitlyn,TOP,1,7.0,1.0,False,Loss
2882821,2,AXL,P11,P11,AXL,Red,Haruhiro,Ornn,Wukong,TOP,2,8.0,1.0,True,Win
2882821,2,AXL,P11,P11,AXL,Red,Iso99,MonkeyKing,Aphelios,JGL,3,9.0,1.0,True,Win
2882821,2,AXL,P11,AXL,P11,Blue,Elix1r,JarvanIV,Jarvan IV,JGL,4,10.0,1.0,False,Loss
2882821,2,AXL,P11,AXL,P11,Blue,Shack,Taliyah,Taliyah,MID,5,11.0,1.0,False,Loss
2882821,2,AXL,P11,P11,AXL,Red,Xero,Aurora,Ornn,MID,6,12.0,1.0,True,Win
2882821,2,AXL,P11,P11,AXL,Red,Pericolo,Aphelios,Aurora,BOT,7,17.0,2.0,True,Win
2882821,2,AXL,P11,AXL,P11,Blue,Padawii,Caitlyn,Mordekaiser,BOT,8,18.0,2.0,False,Loss
2882821,2,AXL,P11,AXL,P11,Blue,Tigrot,Braum,Braum,SUP,9,19.0,2.0,False,Loss
2882821,2,AXL,P11,P11,AXL,Red,Corriragazz,Milio,Milio,SUP,10,20.0,2.0,True,Win
2882821,3,P11,AXL,P11,AXL,Blue,Haruhiro,Ambessa,Ambessa,TOP,1,7.0,1.0,True,Win
2882821,3,P11,AXL,AXL,P11,Red,Cripple,Fiora,Ashe,TOP,2,8.0,1.0,False,Loss
2882821,3,P11,AXL,AXL,P11,Red,Elix1r,DrMundo,Ryze,JGL,3,9.0,1.0,False,Loss
2882821,3,P11,AXL,P11,AXL,Blue,Iso99,Aatrox,Viktor,JGL,4,10.0,1.0,True,Win
2882821,3,P11,AXL,P11,AXL,Blue,Xero,Viktor,Sivir,MID,5,11.0,1.0,True,Win
2882821,3,P11,AXL,AXL,P11,Red,Shack,Ryze,Rell,MID,6,12.0,1.0,False,Loss
2882821,3,P11,AXL,AXL,P11,Red,Padawii,Ashe,Dr. Mundo,BOT,7,17.0,2.0,False,Loss
2882821,3,P11,AXL,P11,AXL,Blue,Pericolo,Sivir,Nautilus,BOT,8,18.0,2.0,True,Win
2882821,3,P11,AXL,P11,AXL,Blue,Corriragazz,Nautilus,Aatrox,SUP,9,19.0,2.0,True,Win
2882821,3,P11,AXL,AXL,P11,Red,Tigrot,Rell,Fiora,SUP,10,20.0,2.0,False,Loss
2882821,4,P11,AXL,P11,AXL,Blue,Haruhiro,Gragas,Orianna,TOP,1,7.0,1.0,False,Loss
2882821,4,P11,AXL,AXL,P11,Red,Cripple,Gnar,Ezreal,TOP,2,8.0,1.0,True,Win
2882821,4,P11,AXL,AXL,P11,Red,Elix1r,Malphite,Swain,JGL,3,9.0,1.0,True,Win
2882821,4,P11,AXL,P11,AXL,Blue,Iso99,Pantheon,Pantheon,JGL,4,10.0,1.0,False,Loss
2882821,4,P11,AXL,P11,AXL,Blue,Xero,Orianna,Kai'Sa,MID,5,11.0,1.0,False,Loss
2882821,4,P11,AXL,AXL,P11,Red,Shack,Swain,Gnar,MID,6,12.0,1.0,True,Win
2882821,4,P11,AXL,AXL,P11,Red,Padawii,Ezreal,Malphite,BOT,7,17.0,2.0,True,Win
2882821,4,P11,AXL,P11,AXL,Blue,Pericolo,Kaisa,Leona,BOT,8,18.0,2.0,False,Loss
2882821,4,P11,AXL,P11,AXL,Blue,Corriragazz,Leona,Gragas,SUP,9,19.0,2.0,False,Loss
2882821,4,P11,AXL,AXL,P11,Red,Tigrot,Alistar,Alistar,SUP,10,20.0,2.0,True,Win
2882821,5,AXL,P11,AXL,P11,Blue,Cripple,Sett,Smolder,TOP,1,7.0,1.0,False,Loss
2882821,5,AXL,P11,P11,AXL,Red,Haruhiro,Kled,Miss Fortune,TOP,2,8.0,1.0,True,Win
2882821,5,AXL,P11,P11,AXL,Red,Iso99,Olaf,Sylas,JGL,3,9.0,1.0,True,Win
2882821,5,AXL,P11,AXL,P11,Blue,Elix1r,Trundle,Rakan,JGL,4,10.0,1.0,False,Loss
2882821,5,AXL,P11,AXL,P11,Blue,Shack,Azir,Trundle,MID,5,11.0,1.0,False,Loss
2882821,5,AXL,P11,P11,AXL,Red,Xero,Sylas,Kled,MID,6,12.0,1.0,True,Win
2882821,5,AXL,P11,P11,AXL,Red,Pericolo,MissFortune,Amumu,BOT,7,17.0,2.0,True,Win
2882821,5,AXL,P11,AXL,P11,Blue,Padawii,Smolder,Sett,BOT,8,18.0,2.0,False,Loss
2882821,5,AXL,P11,AXL,P11,Blue,Tigrot,Rakan,Azir,SUP,9,19.0,2.0,False,Loss
2882821,5,AXL,P11,P11,AXL,Red,Corriragazz,Amumu,Olaf,SUP,10,20.0,2.0,True,Win
2882822,1,DEA,CG,DEA,CG,Blue,Fratellin,Sion,Sion,TOP,1,7.0,1.0,True,Win
2882822,1,DEA,CG,CG,DEA,Red,TheMountain,KSante,K'Sante,TOP,2,8.0,1.0,False,Loss
2882822,1,DEA,CG,CG,DEA,Red,Fragola,Jayce,Jayce,JGL,3,9.0,1.0,False,Loss
2882822,1,DEA,CG,DEA,CG,Blue,Hamudis,DrMundo,Corki,JGL,4,10.0,1.0,True,Win
2882822,1,DEA,CG,DEA,CG,Blue,Sharon,Syndra,Dr. Mundo,MID,5,11.0,1.0,True,Win
2882822,1,DEA,CG,CG,DEA,Red,Bisgaard,Anivia,Aphelios,MID,6,12.0,1.0,False,Loss
2882822,1,DEA,CG,CG,DEA,Red,Piskhello,Aphelios,Thresh,BOT,7,17.0,2.0,False,Loss
2882822,1,DEA,CG,DEA,CG,Blue,Kyte,Corki,Braum,BOT,8,18.0,2.0,True,Win
2882822,1,DEA,CG,DEA,CG,Blue,Sheeesh,Braum,Syndra,SUP,9,19.0,2.0,True,Win
2882822,1,DEA,CG,CG,DEA,Red,CENTU,Thresh,Anivia,SUP,10,20.0,2.0,False,Loss
2882822,2,CG,DEA,CG,DEA,Blue,TheMountain,Rumble,Rumble,TOP,1,7.0,1.0,True,Win
2882822,2,CG,DEA,DEA,CG,Red,Fratellin,Renekton,Renekton,TOP,2,8.0,1.0,False,Loss
2882822,2,CG,DEA,DEA,CG,Red,Hamudis,Nocturne,Nocturne,JGL,3,9.0,1.0,False,Loss
2882822,2,CG,DEA,CG,DEA,Blue,Fragola,JarvanIV,Jarvan IV,JGL,4,10.0,1.0,True,Win
2882822,2,CG,DEA,CG,DEA,Blue,Bisgaard,Orianna,Orianna,MID,5,11.0,1.0,True,Win
2882822,2,CG,DEA,DEA,CG,Red,Sharon,Ekko,Ekko,MID,6,12.0,1.0,False,Loss
2882822,2,CG,DEA,DEA,CG,Red,Kyte,Yunara,Yunara,BOT,7,17.0,2.0,False,Loss
2882822,2,CG,DEA,CG,DEA,Blue,Piskhello,Lucian,Lucian,BOT,8,18.0,2.0,True,Win
2882822,2,CG,DEA,CG,DEA,Blue,CENTU,Alistar,Alistar,SUP,9,19.0,2.0,True,Win
2882822,2,CG,DEA,DEA,CG,Red,Sheeesh,Janna,Janna,SUP,10,20.0,2.0,False,Loss
2882822,3,DEA,CG,DEA,CG,Blue,Fratellin,RekSai,Ryze,TOP,1,7.0,1.0,False,Loss
2882822,3,DEA,CG,CG,DEA,Red,TheMountain,Yorick,Varus,TOP,2,8.0,1.0,True,Win
2882822,3,DEA,CG,CG,DEA,Red,Fragola,Pantheon,Taliyah,JGL,3,9.0,1.0,True,Win
2882822,3,DEA,CG,DEA,CG,Blue,Hamudis,Malphite,Sivir,JGL,4,10.0,1.0,False,Loss
2882822,3,DEA,CG,DEA,CG,Blue,Sharon,Ryze,Nautilus,MID,5,11.0,1.0,False,Loss
2882822,3,DEA,CG,CG,DEA,Red,Bisgaard,Taliyah,Leona,MID,6,12.0,1.0,True,Win
2882822,3,DEA,CG,CG,DEA,Red,Piskhello,Varus,Pantheon,BOT,7,17.0,2.0,True,Win
2882822,3,DEA,CG,DEA,CG,Blue,Kyte,Sivir,Malphite,BOT,8,18.0,2.0,False,Loss
2882822,3,DEA,CG,DEA,CG,Blue,Sheeesh,Nautilus,Rek'Sai,SUP,9,19.0,2.0,False,Loss
2882822,3,DEA,CG,CG,DEA,Red,CENTU,Leona,Yorick,SUP,10,20.0,2.0,True,Win
2882822,4,CG,DEA,CG,DEA,Blue,TheMountain,Gnar,Vi,TOP,1,7.0,1.0,True,Win
2882822,4,CG,DEA,DEA,CG,Red,Fratellin,Gwen,Gwen,TOP,2,8.0,1.0,False,Loss
2882822,4,CG,DEA,DEA,CG,Red,Hamudis,XinZhao,Tristana,JGL,3,9.0,1.0,False,Loss
2882822,4,CG,DEA,CG,DEA,Blue,Fragola,Vi,Kai'Sa,JGL,4,10.0,1.0,True,Win
2882822,4,CG,DEA,CG,DEA,Blue,Bisgaard,Malzahar,Bard,MID,5,11.0,1.0,True,Win
2882822,4,CG,DEA,DEA,CG,Red,Sharon,Leblanc,Lulu,MID,6,12.0,1.0,False,Loss
2882822,4,CG,DEA,DEA,CG,Red,Kyte,Tristana,LeBlanc,BOT,7,17.0,2.0,False,Loss
2882822,4,CG,DEA,CG,DEA,Blue,Piskhello,Kaisa,Malzahar,BOT,8,18.0,2.0,True,Win
2882822,4,CG,DEA,CG,DEA,Blue,CENTU,Bard,Gnar,SUP,9,19.0,2.0,True,Win
2882822,4,CG,DEA,DEA,CG,Red,Sheeesh,Lulu,Xin Zhao,SUP,10,20.0,2.0,False,Loss
2882823,1,EKO,HMB,EKO,HMB,Blue,Strava,Camille,Jayce,TOP,1,7.0,1.0,False,Loss
2882823,1,EKO,HMB,HMB,EKO,Red,APP,Renekton,Neeko,TOP,2,8.0,1.0,True,Win
2882823,1,EKO,HMB,HMB,EKO,Red,adi1,Malphite,Ryze,JGL,3,9.0,1.0,True,Win
2882823,1,EKO,HMB,EKO,HMB,Blue,Maciejka,Jayce,Galio,JGL,4,10.0,1.0,False,Loss
2882823,1,EKO,HMB,EKO,HMB,Blue,DVN,Cassiopeia,Corki,MID,5,11.0,1.0,False,Loss
2882823,1,EKO,HMB,HMB,EKO,Red,Vigil,Ryze,Malphite,MID,6,12.0,1.0,True,Win
2882823,1,EKO,HMB,HMB,EKO,Red,Tyrone,Ezreal,Ezreal,BOT,7,17.0,2.0,True,Win
2882823,1,EKO,HMB,EKO,HMB,Blue,Toti,Corki,Cassiopeia,BOT,8,18.0,2.0,False,Loss
2882823,1,EKO,HMB,EKO,HMB,Blue,S1D,Galio,Camille,SUP,9,19.0,2.0,False,Loss
2882823,1,EKO,HMB,HMB,EKO,Red,Click,Neeko,Renekton,SUP,10,20.0,2.0,True,Win
2882823,2,HMB,EKO,HMB,EKO,Blue,APP,Sion,Azir,TOP,1,7.0,1.0,True,Win
2882823,2,HMB,EKO,EKO,HMB,Red,Strava,Aatrox,Orianna,TOP,2,8.0,1.0,False,Loss
2882823,2,HMB,EKO,EKO,HMB,Red,Maciejka,MonkeyKing,Wukong,JGL,3,9.0,1.0,False,Loss
2882823,2,HMB,EKO,HMB,EKO,Blue,adi1,DrMundo,Dr. Mundo,JGL,4,10.0,1.0,True,Win
2882823,2,HMB,EKO,HMB,EKO,Blue,Vigil,Azir,Sion,MID,5,11.0,1.0,True,Win
2882823,2,HMB,EKO,EKO,HMB,Red,DVN,Orianna,Aatrox,MID,6,12.0,1.0,False,Loss
2882823,2,HMB,EKO,EKO,HMB,Red,Toti,Smolder,Leona,BOT,7,17.0,2.0,False,Loss
2882823,2,HMB,EKO,HMB,EKO,Blue,Tyrone,Yunara,Bard,BOT,8,18.0,2.0,True,Win
2882823,2,HMB,EKO,HMB,EKO,Blue,Click,Bard,Yunara,SUP,9,19.0,2.0,True,Win
2882823,2,HMB,EKO,EKO,HMB,Red,S1D,Leona,Smolder,SUP,10,20.0,2.0,False,Loss
2882823,3,HMB,EKO,HMB,EKO,Blue,APP,RekSai,Varus,TOP,1,7.0,1.0,True,Win
2882823,3,HMB,EKO,EKO,HMB,Red,Strava,KSante,Seraphine,TOP,2,8.0,1.0,False,Loss
2882823,3,HMB,EKO,EKO,HMB,Red,Maciejka,XinZhao,Xin Zhao,JGL,3,9.0,1.0,False,Loss
2882823,3,HMB,EKO,HMB,EKO,Blue,adi1,Pantheon,Pantheon,JGL,4,10.0,1.0,True,Win
2882823,3,HMB,EKO,HMB,EKO,Blue,Vigil,Ahri,Nautilus,MID,5,11.0,1.0,True,Win
2882823,3,HMB,EKO,EKO,HMB,Red,DVN,Akali,Pyke,MID,6,12.0,1.0,False,Loss
2882823,3,HMB,EKO,EKO,HMB,Red,Toti,Seraphine,K'Sante,BOT,7,17.0,2.0,False,Loss
2882823,3,HMB,EKO,HMB,EKO,Blue,Tyrone,Varus,Rek'Sai,BOT,8,18.0,2.0,True,Win
2882823,3,HMB,EKO,HMB,EKO,Blue,Click,Nautilus,Ahri,SUP,9,19.0,2.0,True,Win
2882823,3,HMB,EKO,EKO,HMB,Red,S1D,Pyke,Akali,SUP,10,20.0,2.0,False,Loss
2882825,1,P11,GMB,P11,GMB,Blue,Haruhiro,KSante,Corki,TOP,1,7.0,1.0,False,Loss
2882825,1,P11,GMB,GMB,P11,Red,Dadan,Ambessa,Caitlyn,TOP,2,8.0,1.0,True,Win
2882825,1,P11,GMB,GMB,P11,Red,Mario,MonkeyKing,Wukong,JGL,3,9.0,1.0,True,Win
2882825,1,P11,GMB,P11,GMB,Blue,Iso99,XinZhao,Xin Zhao,JGL,4,10.0,1.0,False,Loss
2882825,1,P11,GMB,P11,GMB,Blue,Xero,Hwei,Bard,MID,5,11.0,1.0,False,Loss
2882825,1,P11,GMB,GMB,P11,Red,Dejavu,Aurora,Ambessa,MID,6,12.0,1.0,True,Win
2882825,1,P11,GMB,GMB,P11,Red,Rharesh,Caitlyn,Nami,BOT,7,17.0,2.0,True,Win
2882825,1,P11,GMB,P11,GMB,Blue,Pericolo,Corki,K'Sante,BOT,8,18.0,2.0,False,Loss
2882825,1,P11,GMB,P11,GMB,Blue,Corriragazz,Bard,Hwei,SUP,9,19.0,2.0,False,Loss
2882825,1,P11,GMB,GMB,P11,Red,Shredder,Nami,Aurora,SUP,10,20.0,2.0,True,Win
2882825,2,GMB,P11,GMB,P11,Blue,Dadan,Gnar,Yunara,TOP,1,7.0,1.0,False,Loss
2882825,2,GMB,P11,P11,GMB,Red,Haruhiro,Sion,Aphelios,TOP,2,8.0,1.0,True,Win
2882825,2,GMB,P11,P11,GMB,Red,Iso99,Pantheon,Pantheon,JGL,3,9.0,1.0,True,Win
2882825,2,GMB,P11,GMB,P11,Blue,Mario,Vi,Vi,JGL,4,10.0,1.0,False,Loss
2882825,2,GMB,P11,GMB,P11,Blue,Dejavu,Taliyah,Taliyah,MID,5,11.0,1.0,False,Loss
2882825,2,GMB,P11,P11,GMB,Red,Xero,Viktor,Viktor,MID,6,12.0,1.0,True,Win
2882825,2,GMB,P11,P11,GMB,Red,Pericolo,Aphelios,Sion,BOT,7,17.0,2.0,True,Win
2882825,2,GMB,P11,GMB,P11,Blue,Rharesh,Yunara,Rell,BOT,8,18.0,2.0,False,Loss
2882825,2,GMB,P11,GMB,P11,Blue,Shredder,Rell,Gnar,SUP,9,19.0,2.0,False,Loss
2882825,2,GMB,P11,P11,GMB,Red,Corriragazz,Braum,Braum,SUP,10,20.0,2.0,True,Win
2882825,3,P11,GMB,P11,GMB,Blue,Haruhiro,Ornn,Orianna,TOP,1,7.0,1.0,True,Win
2882825,3,P11,GMB,GMB,P11,Red,Dadan,Zaahen,Syndra,TOP,2,8.0,1.0,False,Loss
2882825,3,P11,GMB,GMB,P11,Red,Mario,Nocturne,Nocturne,JGL,3,9.0,1.0,False,Loss
2882825,3,P11,GMB,P11,GMB,Blue,Iso99,DrMundo,Dr. Mundo,JGL,4,10.0,1.0,True,Win
2882825,3,P11,GMB,P11,GMB,Blue,Xero,Orianna,Ezreal,MID,5,11.0,1.0,True,Win
2882825,3,P11,GMB,GMB,P11,Red,Dejavu,Syndra,Karma,MID,6,12.0,1.0,False,Loss
2882825,3,P11,GMB,GMB,P11,Red,Rharesh,Jinx,Jinx,BOT,7,17.0,2.0,False,Loss
2882825,3,P11,GMB,P11,GMB,Blue,Pericolo,Ezreal,Ornn,BOT,8,18.0,2.0,True,Win
2882825,3,P11,GMB,P11,GMB,Blue,Corriragazz,Seraphine,Seraphine,SUP,9,19.0,2.0,True,Win
2882825,3,P11,GMB,GMB,P11,Red,Shredder,Karma,Zaahen,SUP,10,20.0,2.0,False,Loss
2882825,4,GMB,P11,GMB,P11,Blue,Dadan,Gragas,Smolder,TOP,1,7.0,1.0,True,Win
2882825,4,GMB,P11,P11,GMB,Red,Haruhiro,Kled,Neeko,TOP,2,8.0,1.0,False,Loss
2882825,4,GMB,P11,P11,GMB,Red,Iso99,Aatrox,Aatrox,JGL,3,9.0,1.0,False,Loss
2882825,4,GMB,P11,GMB,P11,Blue,Mario,Trundle,Nautilus,JGL,4,10.0,1.0,True,Win
2882825,4,GMB,P11,GMB,P11,Blue,Dejavu,Cassiopeia,Trundle,MID,5,11.0,1.0,True,Win
2882825,4,GMB,P11,P11,GMB,Red,Xero,Sylas,Sivir,MID,6,12.0,1.0,False,Loss
2882825,4,GMB,P11,P11,GMB,Red,Pericolo,Sivir,Sylas,BOT,7,17.0,2.0,False,Loss
2882825,4,GMB,P11,GMB,P11,Blue,Rharesh,Smolder,Cassiopeia,BOT,8,18.0,2.0,True,Win
2882825,4,GMB,P11,GMB,P11,Blue,Shredder,Nautilus,Gragas,SUP,9,19.0,2.0,True,Win
2882825,4,GMB,P11,P11,GMB,Red,Corriragazz,Neeko,Kled,SUP,10,20.0,2.0,False,Loss
2882825,5,P11,GMB,P11,GMB,Blue,Haruhiro,Poppy,Ryze,TOP,1,7.0,1.0,False,Loss
2882825,5,P11,GMB,GMB,P11,Red,Dadan,Anivia,Ahri,TOP,2,8.0,1.0,True,Win
2882825,5,P11,GMB,GMB,P11,Red,Mario,JarvanIV,Jarvan IV,JGL,3,9.0,1.0,True,Win
2882825,5,P11,GMB,P11,GMB,Blue,Iso99,Viego,Xayah,JGL,4,10.0,1.0,False,Loss
2882825,5,P11,GMB,P11,GMB,Blue,Xero,Ryze,Rakan,MID,5,11.0,1.0,False,Loss
2882825,5,P11,GMB,GMB,P11,Red,Dejavu,Ahri,Alistar,MID,6,12.0,1.0,True,Win
2882825,5,P11,GMB,GMB,P11,Red,Rharesh,Kaisa,Kai'Sa,BOT,7,17.0,2.0,True,Win
2882825,5,P11,GMB,P11,GMB,Blue,Pericolo,Xayah,Poppy,BOT,8,18.0,2.0,False,Loss
2882825,5,P11,GMB,P11,GMB,Blue,Corriragazz,Rakan,Viego,SUP,9,19.0,2.0,False,Loss
2882825,5,P11,GMB,GMB,P11,Red,Shredder,Alistar,Anivia,SUP,10,20.0,2.0,True,Win
2882826,1,ZENA,GMB,ZENA,GMB,Blue,Raffy,Aatrox,Syndra,TOP,1,7.0,1.0,False,Loss
2882826,1,ZENA,GMB,GMB,ZENA,Red,Dadan,Sion,Akali,TOP,2,8.0,1.0,True,Win
2882826,1,ZENA,GMB,GMB,ZENA,Red,Mario,JarvanIV,Sion,JGL,3,9.0,1.0,True,Win
2882826,1,ZENA,GMB,ZENA,GMB,Blue,Jekko,Kindred,Aatrox,JGL,4,10.0,1.0,False,Loss
2882826,1,ZENA,GMB,ZENA,GMB,Blue,Sadaz,Syndra,Sivir,MID,5,11.0,1.0,False,Loss
2882826,1,ZENA,GMB,GMB,ZENA,Red,Dejavu,Akali,Jarvan IV,MID,6,12.0,1.0,True,Win
2882826,1,ZENA,GMB,GMB,ZENA,Red,Rharesh,Corki,Rell,BOT,7,17.0,2.0,True,Win
2882826,1,ZENA,GMB,ZENA,GMB,Blue,RaptoSauros,Sivir,Braum,BOT,8,18.0,2.0,False,Loss
2882826,1,ZENA,GMB,ZENA,GMB,Blue,OrthoZero,Braum,Kindred,SUP,9,19.0,2.0,False,Loss
2882826,1,ZENA,GMB,GMB,ZENA,Red,Shredder,Rell,Corki,SUP,10,20.0,2.0,True,Win
2882826,2,GMB,ZENA,GMB,ZENA,Blue,Dadan,KSante,Orianna,TOP,1,7.0,1.0,True,Win
2882826,2,GMB,ZENA,ZENA,GMB,Red,Raffy,Ambessa,Ryze,TOP,2,8.0,1.0,False,Loss
2882826,2,GMB,ZENA,ZENA,GMB,Red,Jekko,XinZhao,Xin Zhao,JGL,3,9.0,1.0,False,Loss
2882826,2,GMB,ZENA,GMB,ZENA,Blue,Mario,Pantheon,Pantheon,JGL,4,10.0,1.0,True,Win
2882826,2,GMB,ZENA,GMB,ZENA,Blue,Dejavu,Orianna,K'Sante,MID,5,11.0,1.0,True,Win
2882826,2,GMB,ZENA,ZENA,GMB,Red,Sadaz,Ryze,Ambessa,MID,6,12.0,1.0,False,Loss
2882826,2,GMB,ZENA,ZENA,GMB,Red,RaptoSauros,Ezreal,Ezreal,BOT,7,17.0,2.0,False,Loss
2882826,2,GMB,ZENA,GMB,ZENA,Blue,Rharesh,Kaisa,Kai'Sa,BOT,8,18.0,2.0,True,Win
2882826,2,GMB,ZENA,GMB,ZENA,Blue,Shredder,Nautilus,Nautilus,SUP,9,19.0,2.0,True,Win
2882826,2,GMB,ZENA,ZENA,GMB,Red,OrthoZero,Leona,Leona,SUP,10,20.0,2.0,False,Loss
2882826,3,GMB,ZENA,GMB,ZENA,Blue,Dadan,Gragas,Yunara,TOP,1,7.0,1.0,True,Win
2882826,3,GMB,ZENA,ZENA,GMB,Red,Raffy,Renekton,Ashe,TOP,2,8.0,1.0,False,Loss
2882826,3,GMB,ZENA,ZENA,GMB,Red,Jekko,LeeSin,Seraphine,JGL,3,9.0,1.0,False,Loss
2882826,3,GMB,ZENA,GMB,ZENA,Blue,Mario,Trundle,Nami,JGL,4,10.0,1.0,True,Win
2882826,3,GMB,ZENA,GMB,ZENA,Blue,Dejavu,Aurora,Aurora,MID,5,11.0,1.0,True,Win
2882826,3,GMB,ZENA,ZENA,GMB,Red,Sadaz,Viktor,Viktor,MID,6,12.0,1.0,False,Loss
2882826,3,GMB,ZENA,ZENA,GMB,Red,RaptoSauros,Ashe,Renekton,BOT,7,17.0,2.0,False,Loss
2882826,3,GMB,ZENA,GMB,ZENA,Blue,Rharesh,Yunara,Gragas,BOT,8,18.0,2.0,True,Win
2882826,3,GMB,ZENA,GMB,ZENA,Blue,Shredder,Nami,Trundle,SUP,9,19.0,2.0,True,Win
2882826,3,GMB,ZENA,ZENA,GMB,Red,OrthoZero,Seraphine,Lee Sin,SUP,10,20.0,2.0,False,Loss
2882827,1,CG,HMB,CG,HMB,Blue,TheMountain,Sion,Sion,TOP,1,7.0,1.0,False,Loss
2882827,1,CG,HMB,HMB,CG,Red,APP,Aatrox,Vi,TOP,2,8.0,1.0,True,Win
2882827,1,CG,HMB,HMB,CG,Red,adi1,Vi,Varus,JGL,3,9.0,1.0,True,Win
2882827,1,CG,HMB,CG,HMB,Blue,Fragola,XinZhao,Xin Zhao,JGL,4,10.0,1.0,False,Loss
2882827,1,CG,HMB,CG,HMB,Blue,Bisgaard,Taliyah,Ezreal,MID,5,11.0,1.0,False,Loss
2882827,1,CG,HMB,HMB,CG,Red,Vigil,Galio,Aatrox,MID,6,12.0,1.0,True,Win
2882827,1,CG,HMB,HMB,CG,Red,Tyrone,Varus,Rakan,BOT,7,17.0,2.0,True,Win
2882827,1,CG,HMB,CG,HMB,Blue,Piskhello,Ezreal,Taliyah,BOT,8,18.0,2.0,False,Loss
2882827,1,CG,HMB,CG,HMB,Blue,CENTU,Leona,Leona,SUP,9,19.0,2.0,False,Loss
2882827,1,CG,HMB,HMB,CG,Red,Click,Rakan,Galio,SUP,10,20.0,2.0,True,Win
2882827,2,HMB,CG,HMB,CG,Blue,APP,Gnar,Corki,TOP,1,7.0,1.0,True,Win
2882827,2,HMB,CG,CG,HMB,Red,TheMountain,Ornn,Aphelios,TOP,2,8.0,1.0,False,Loss
2882827,2,HMB,CG,CG,HMB,Red,Fragola,DrMundo,Ornn,JGL,3,9.0,1.0,False,Loss
2882827,2,HMB,CG,HMB,CG,Blue,adi1,Pantheon,Gnar,JGL,4,10.0,1.0,True,Win
2882827,2,HMB,CG,HMB,CG,Blue,Vigil,Viktor,Pantheon,MID,5,11.0,1.0,True,Win
2882827,2,HMB,CG,CG,HMB,Red,Bisgaard,Aurora,Dr. Mundo,MID,6,12.0,1.0,False,Loss
2882827,2,HMB,CG,CG,HMB,Red,Piskhello,Aphelios,Aurora,BOT,7,17.0,2.0,False,Loss
2882827,2,HMB,CG,HMB,CG,Blue,Tyrone,Corki,Nautilus,BOT,8,18.0,2.0,True,Win
2882827,2,HMB,CG,HMB,CG,Blue,Click,Nautilus,Viktor,SUP,9,19.0,2.0,True,Win
2882827,2,HMB,CG,CG,HMB,Red,CENTU,Braum,Braum,SUP,10,20.0,2.0,False,Loss
2882827,3,HMB,CG,HMB,CG,Blue,APP,Rumble,Yunara,TOP,1,7.0,1.0,True,Win
2882827,3,HMB,CG,CG,HMB,Red,TheMountain,KSante,Ashe,TOP,2,8.0,1.0,False,Loss
2882827,3,HMB,CG,CG,HMB,Red,Fragola,Malphite,K'Sante,JGL,3,9.0,1.0,False,Loss
2882827,3,HMB,CG,HMB,CG,Blue,adi1,Diana,Rumble,JGL,4,10.0,1.0,True,Win
2882827,3,HMB,CG,HMB,CG,Blue,Vigil,Yasuo,Rell,MID,5,11.0,1.0,True,Win
2882827,3,HMB,CG,CG,HMB,Red,Bisgaard,Syndra,Seraphine,MID,6,12.0,1.0,False,Loss
2882827,3,HMB,CG,CG,HMB,Red,Piskhello,Ashe,Syndra,BOT,7,17.0,2.0,False,Loss
2882827,3,HMB,CG,HMB,CG,Blue,Tyrone,Yunara,Diana,BOT,8,18.0,2.0,True,Win
2882827,3,HMB,CG,HMB,CG,Blue,Click,Rell,Yasuo,SUP,9,19.0,2.0,True,Win
2882827,3,HMB,CG,CG,HMB,Red,CENTU,Seraphine,Malphite,SUP,10,20.0,2.0,False,Loss
2882828,1,DEA,GMB,DEA,GMB,Blue,Fratellin,Rumble,Corki,TOP,1,7.0,1.0,False,Loss
2882828,1,DEA,GMB,GMB,DEA,Red,Dadan,Sion,Yunara,TOP,2,8.0,1.0,True,Win
2882828,1,DEA,GMB,GMB,DEA,Red,Mario,MonkeyKing,Wukong,JGL,3,9.0,1.0,True,Win
2882828,1,DEA,GMB,DEA,GMB,Blue,Hamudis,XinZhao,Xin Zhao,JGL,4,10.0,1.0,False,Loss
2882828,1,DEA,GMB,DEA,GMB,Blue,Sharon,Leblanc,Rumble,MID,5,11.0,1.0,False,Loss
2882828,1,DEA,GMB,GMB,DEA,Red,Dejavu,Syndra,Syndra,MID,6,12.0,1.0,True,Win
2882828,1,DEA,GMB,GMB,DEA,Red,Rharesh,Yunara,Sion,BOT,7,17.0,2.0,True,Win
2882828,1,DEA,GMB,DEA,GMB,Blue,Kyte,Corki,LeBlanc,BOT,8,18.0,2.0,False,Loss
2882828,1,DEA,GMB,DEA,GMB,Blue,Sheeesh,Rakan,Rakan,SUP,9,19.0,2.0,False,Loss
2882828,1,DEA,GMB,GMB,DEA,Red,Shredder,Nautilus,Nautilus,SUP,10,20.0,2.0,True,Win
2882828,2,GMB,DEA,GMB,DEA,Blue,Dadan,Gragas,Ryze,TOP,1,7.0,1.0,True,Win
2882828,2,GMB,DEA,DEA,GMB,Red,Fratellin,Ornn,Veigar,TOP,2,8.0,1.0,False,Loss
2882828,2,GMB,DEA,DEA,GMB,Red,Hamudis,JarvanIV,Jarvan IV,JGL,3,9.0,1.0,False,Loss
2882828,2,GMB,DEA,GMB,DEA,Blue,Mario,Vi,Ezreal,JGL,4,10.0,1.0,True,Win
2882828,2,GMB,DEA,GMB,DEA,Blue,Dejavu,Ryze,Vi,MID,5,11.0,1.0,True,Win
2882828,2,GMB,DEA,DEA,GMB,Red,Sharon,Veigar,Kai'Sa,MID,6,12.0,1.0,False,Loss
2882828,2,GMB,DEA,DEA,GMB,Red,Kyte,Kaisa,Karma,BOT,7,17.0,2.0,False,Loss
2882828,2,GMB,DEA,GMB,DEA,Blue,Rharesh,Ezreal,Nami,BOT,8,18.0,2.0,True,Win
2882828,2,GMB,DEA,GMB,DEA,Blue,Shredder,Nami,Gragas,SUP,9,19.0,2.0,True,Win
2882828,2,GMB,DEA,DEA,GMB,Red,Sheeesh,Karma,Ornn,SUP,10,20.0,2.0,False,Loss
2882828,3,GMB,DEA,GMB,DEA,Blue,Dadan,KSante,Varus,TOP,1,7.0,1.0,False,Loss
2882828,3,GMB,DEA,DEA,GMB,Red,Fratellin,RekSai,Sivir,TOP,2,8.0,1.0,True,Win
2882828,3,GMB,DEA,DEA,GMB,Red,Hamudis,Sylas,Ahri,JGL,3,9.0,1.0,True,Win
2882828,3,GMB,DEA,GMB,DEA,Blue,Mario,Trundle,Neeko,JGL,4,10.0,1.0,False,Loss
2882828,3,GMB,DEA,GMB,DEA,Blue,Dejavu,Aurora,Aurora,MID,5,11.0,1.0,False,Loss
2882828,3,GMB,DEA,DEA,GMB,Red,Sharon,Ahri,Rell,MID,6,12.0,1.0,True,Win
2882828,3,GMB,DEA,DEA,GMB,Red,Kyte,Sivir,Sylas,BOT,7,17.0,2.0,True,Win
2882828,3,GMB,DEA,GMB,DEA,Blue,Rharesh,Varus,Trundle,BOT,8,18.0,2.0,False,Loss
2882828,3,GMB,DEA,GMB,DEA,Blue,Shredder,Neeko,K'Sante,SUP,9,19.0,2.0,False,Loss
2882828,3,GMB,DEA,DEA,GMB,Red,Sheeesh,Rell,Rek'Sai,SUP,10,20.0,2.0,True,Win
2882828,4,DEA,GMB,DEA,GMB,Blue,Fratellin,Gwen,Caitlyn,TOP,1,7.0,1.0,False,Loss
2882828,4,DEA,GMB,GMB,DEA,Red,Dadan,Jax,Pantheon,TOP,2,8.0,1.0,False,Loss
2882828,4,DEA,GMB,GMB,DEA,Red,Mario,Pantheon,Smolder,JGL,3,9.0,1.0,False,Loss
2882828,4,DEA,GMB,DEA,GMB,Blue,Hamudis,Zaahen,Zaahen,JGL,4,10.0,1.0,False,Loss
2882828,4,DEA,GMB,DEA,GMB,Blue,Sharon,Galio,Galio,MID,5,11.0,1.0,False,Loss
2882828,4,DEA,GMB,GMB,DEA,Red,Dejavu,Anivia,Braum,MID,6,12.0,1.0,False,Loss
2882828,4,DEA,GMB,GMB,DEA,Red,Rharesh,Smolder,Anivia,BOT,7,17.0,2.0,False,Loss
2882828,4,DEA,GMB,DEA,GMB,Blue,Kyte,Caitlyn,Gwen,BOT,8,18.0,2.0,False,Loss
2882828,4,DEA,GMB,DEA,GMB,Blue,Sheeesh,Leona,Leona,SUP,9,19.0,2.0,False,Loss
2882828,4,DEA,GMB,GMB,DEA,Red,Shredder,Braum,Jax,SUP,10,20.0,2.0,False,Loss
2882828,5,DEA,GMB,DEA,GMB,Blue,Fratellin,Gwen,Gwen,TOP,1,,,False,Loss
2882828,5,DEA,GMB,DEA,GMB,Blue,Hamudis,Zaahen,Zaahen,JGL,2,,,False,Loss
2882828,5,DEA,GMB,DEA,GMB,Blue,Sharon,Galio,Galio,MID,3,,,False,Loss
2882828,5,DEA,GMB,DEA,GMB,Blue,Kyte,Caitlyn,Caitlyn,BOT,4,,,False,Loss
2882828,5,DEA,GMB,DEA,GMB,Blue,Sheeesh,Leona,Leona,SUP,5,,,False,Loss
2882828,5,DEA,GMB,GMB,DEA,Red,Dadan,Jax,Jax,TOP,6,,,True,Win
2882828,5,DEA,GMB,GMB,DEA,Red,Mario,Pantheon,Pantheon,JGL,7,,,True,Win
2882828,5,DEA,GMB,GMB,DEA,Red,Dejavu,Anivia,Anivia,MID,8,,,True,Win
2882828,5,DEA,GMB,GMB,DEA,Red,Rharesh,Smolder,Smolder,BOT,9,,,True,Win
2882828,5,DEA,GMB,GMB,DEA,Red,Shredder,Braum,Braum,SUP,10,,,True,Win
2882829,1,GMB,EKO,GMB,EKO,Blue,Dadan,Gnar,Gnar,TOP,1,7.0,1.0,True,Win
2882829,1,GMB,EKO,EKO,GMB,Red,Iobellan,Yorick,Yorick,TOP,2,8.0,1.0,False,Loss
2882829,1,GMB,EKO,EKO,GMB,Red,Balyy,Nocturne,Nocturne,JGL,3,9.0,1.0,False,Loss
2882829,1,GMB,EKO,GMB,EKO,Blue,Mario,DrMundo,Dr. Mundo,JGL,4,10.0,1.0,True,Win
2882829,1,GMB,EKO,GMB,EKO,Blue,Dejavu,Orianna,Orianna,MID,5,11.0,1.0,True,Win
2882829,1,GMB,EKO,EKO,GMB,Red,DVN,Galio,Galio,MID,6,12.0,1.0,False,Loss
2882829,1,GMB,EKO,EKO,GMB,Red,Toti,Kaisa,Kai'Sa,BOT,7,17.0,2.0,False,Loss
2882829,1,GMB,EKO,GMB,EKO,Blue,Rharesh,Corki,Corki,BOT,8,18.0,2.0,True,Win
2882829,1,GMB,EKO,GMB,EKO,Blue,Shredder,Rell,Rell,SUP,9,19.0,2.0,True,Win
2882829,1,GMB,EKO,EKO,GMB,Red,S1D,Nautilus,Nautilus,SUP,10,20.0,2.0,False,Loss
2882829,2,GMB,EKO,GMB,EKO,Blue,Dadan,KSante,Yunara,TOP,1,7.0,1.0,False,Loss
2882829,2,GMB,EKO,EKO,GMB,Red,Iobellan,Darius,Smolder,TOP,2,8.0,1.0,True,Win
2882829,2,GMB,EKO,EKO,GMB,Red,Balyy,XinZhao,Xin Zhao,JGL,3,9.0,1.0,True,Win
2882829,2,GMB,EKO,GMB,EKO,Blue,Mario,Trundle,Trundle,JGL,4,10.0,1.0,False,Loss
2882829,2,GMB,EKO,GMB,EKO,Blue,Dejavu,Cassiopeia,K'Sante,MID,5,11.0,1.0,False,Loss
2882829,2,GMB,EKO,EKO,GMB,Red,DVN,Ryze,Darius,MID,6,12.0,1.0,True,Win
2882829,2,GMB,EKO,EKO,GMB,Red,Toti,Smolder,Ryze,BOT,7,17.0,2.0,True,Win
2882829,2,GMB,EKO,GMB,EKO,Blue,Rharesh,Yunara,Cassiopeia,BOT,8,18.0,2.0,False,Loss
2882829,2,GMB,EKO,GMB,EKO,Blue,Shredder,Rakan,Rakan,SUP,9,19.0,2.0,False,Loss
2882829,2,GMB,EKO,EKO,GMB,Red,S1D,Karma,Karma,SUP,10,20.0,2.0,True,Win
2882829,3,EKO,GMB,EKO,GMB,Blue,Iobellan,Shen,Taliyah,TOP,1,7.0,1.0,False,Loss
2882829,3,EKO,GMB,GMB,EKO,Red,Dadan,Sion,Jarvan IV,TOP,2,8.0,1.0,True,Win
2882829,3,EKO,GMB,GMB,EKO,Red,Mario,JarvanIV,Ezreal,JGL,3,9.0,1.0,True,Win
2882829,3,EKO,GMB,EKO,GMB,Blue,Balyy,MonkeyKing,Kog'Maw,JGL,4,10.0,1.0,False,Loss
2882829,3,EKO,GMB,EKO,GMB,Blue,DVN,Taliyah,Lulu,MID,5,11.0,1.0,False,Loss
2882829,3,EKO,GMB,GMB,EKO,Red,Dejavu,Anivia,Bard,MID,6,12.0,1.0,True,Win
2882829,3,EKO,GMB,GMB,EKO,Red,Rharesh,Ezreal,Sion,BOT,7,17.0,2.0,True,Win
2882829,3,EKO,GMB,EKO,GMB,Blue,Toti,KogMaw,Shen,BOT,8,18.0,2.0,False,Loss
2882829,3,EKO,GMB,EKO,GMB,Blue,S1D,Lulu,Wukong,SUP,9,19.0,2.0,False,Loss
2882829,3,EKO,GMB,GMB,EKO,Red,Shredder,Bard,Anivia,SUP,10,20.0,2.0,True,Win
2882829,4,GMB,EKO,GMB,EKO,Blue,Dadan,Malphite,Sivir,TOP,1,7.0,1.0,True,Win
2882829,4,GMB,EKO,EKO,GMB,Red,Iobellan,Zaahen,Ahri,TOP,2,8.0,1.0,False,Loss
2882829,4,GMB,EKO,EKO,GMB,Red,Balyy,Viego,Viego,JGL,3,9.0,1.0,False,Loss
2882829,4,GMB,EKO,GMB,EKO,Blue,Mario,Pantheon,Pantheon,JGL,4,10.0,1.0,True,Win
2882829,4,GMB,EKO,GMB,EKO,Blue,Dejavu,Aurora,Aurora,MID,5,11.0,1.0,True,Win
2882829,4,GMB,EKO,EKO,GMB,Red,DVN,Ahri,Zaahen,MID,6,12.0,1.0,False,Loss
2882829,4,GMB,EKO,EKO,GMB,Red,Toti,Lucian,Lucian,BOT,7,17.0,2.0,False,Loss
2882829,4,GMB,EKO,GMB,EKO,Blue,Rharesh,Sivir,Malphite,BOT,8,18.0,2.0,True,Win
2882829,4,GMB,EKO,GMB,EKO,Blue,Shredder,Nami,Nami,SUP,9,19.0,2.0,True,Win
2882829,4,GMB,EKO,EKO,GMB,Red,S1D,Sona,Sona,SUP,10,20.0,2.0,False,Loss
2882830,1,GMB,CG,GMB,CG,Blue,Dadan,KSante,Syndra,TOP,1,7.0,1.0,True,Win
2882830,1,GMB,CG,CG,GMB,Red,TheMountain,Sion,Sion,TOP,2,8.0,1.0,False,Loss
2882830,1,GMB,CG,CG,GMB,Red,Fragola,JarvanIV,Corki,JGL,3,9.0,1.0,False,Loss
2882830,1,GMB,CG,GMB,CG,Blue,Mario,DrMundo,Kai'Sa,JGL,4,10.0,1.0,True,Win
2882830,1,GMB,CG,GMB,CG,Blue,Dejavu,Syndra,K'Sante,MID,5,11.0,1.0,True,Win
2882830,1,GMB,CG,CG,GMB,Red,Bisgaard,Akali,Akali,MID,6,12.0,1.0,False,Loss
2882830,1,GMB,CG,CG,GMB,Red,Piskhello,Corki,Neeko,BOT,7,17.0,2.0,False,Loss
2882830,1,GMB,CG,GMB,CG,Blue,Rharesh,Kaisa,Nautilus,BOT,8,18.0,2.0,True,Win
2882830,1,GMB,CG,GMB,CG,Blue,Shredder,Nautilus,Dr. Mundo,SUP,9,19.0,2.0,True,Win
2882830,1,GMB,CG,CG,GMB,Red,CENTU,Neeko,Jarvan IV,SUP,10,20.0,2.0,False,Loss
2882830,2,GMB,CG,GMB,CG,Blue,Dadan,Gnar,Yunara,TOP,1,7.0,1.0,False,Loss
2882830,2,GMB,CG,CG,GMB,Red,TheMountain,Ornn,Ornn,TOP,2,8.0,1.0,True,Win
2882830,2,GMB,CG,CG,GMB,Red,Fragola,Malphite,Aphelios,JGL,3,9.0,1.0,True,Win
2882830,2,GMB,CG,GMB,CG,Blue,Mario,Pantheon,Gnar,JGL,4,10.0,1.0,False,Loss
2882830,2,GMB,CG,GMB,CG,Blue,Dejavu,Anivia,Pantheon,MID,5,11.0,1.0,False,Loss
2882830,2,GMB,CG,CG,GMB,Red,Bisgaard,Hwei,Malphite,MID,6,12.0,1.0,True,Win
2882830,2,GMB,CG,CG,GMB,Red,Piskhello,Aphelios,Rell,BOT,7,17.0,2.0,True,Win
2882830,2,GMB,CG,GMB,CG,Blue,Rharesh,Yunara,Braum,BOT,8,18.0,2.0,False,Loss
2882830,2,GMB,CG,GMB,CG,Blue,Shredder,Braum,Anivia,SUP,9,19.0,2.0,False,Loss
2882830,2,GMB,CG,CG,GMB,Red,CENTU,Rell,Hwei,SUP,10,20.0,2.0,True,Win
2882830,3,CG,GMB,CG,GMB,Blue,TheMountain,Rumble,Ryze,TOP,1,7.0,1.0,True,Win
2882830,3,CG,GMB,GMB,CG,Red,Dadan,Swain,Varus,TOP,2,8.0,1.0,False,Loss
2882830,3,CG,GMB,GMB,CG,Red,Mario,Vi,Vi,JGL,3,9.0,1.0,False,Loss
2882830,3,CG,GMB,CG,GMB,Blue,Fragola,Nocturne,Rumble,JGL,4,10.0,1.0,True,Win
2882830,3,CG,GMB,CG,GMB,Blue,Bisgaard,Ryze,Nocturne,MID,5,11.0,1.0,True,Win
2882830,3,CG,GMB,GMB,CG,Red,Dejavu,Ahri,Ahri,MID,6,12.0,1.0,False,Loss
2882830,3,CG,GMB,GMB,CG,Red,Rharesh,Varus,Swain,BOT,7,17.0,2.0,False,Loss
2882830,3,CG,GMB,CG,GMB,Blue,Piskhello,Jhin,Jhin,BOT,8,18.0,2.0,True,Win
2882830,3,CG,GMB,CG,GMB,Blue,CENTU,Alistar,Alistar,SUP,9,19.0,2.0,True,Win
2882830,3,CG,GMB,GMB,CG,Red,Shredder,Thresh,Thresh,SUP,10,20.0,2.0,False,Loss
2882830,4,CG,GMB,CG,GMB,Blue,TheMountain,Yorick,Aurora,TOP,1,7.0,1.0,True,Win
2882830,4,CG,GMB,GMB,CG,Red,Dadan,Renekton,Smolder,TOP,2,8.0,1.0,False,Loss
2882830,4,CG,GMB,GMB,CG,Red,Mario,Sejuani,Taliyah,JGL,3,9.0,1.0,False,Loss
2882830,4,CG,GMB,CG,GMB,Blue,Fragola,Morgana,Ezreal,JGL,4,10.0,1.0,True,Win
2882830,4,CG,GMB,CG,GMB,Blue,Bisgaard,Aurora,Leona,MID,5,11.0,1.0,True,Win
2882830,4,CG,GMB,GMB,CG,Red,Dejavu,Taliyah,Rakan,MID,6,12.0,1.0,False,Loss
2882830,4,CG,GMB,GMB,CG,Red,Rharesh,Smolder,Sejuani,BOT,7,17.0,2.0,False,Loss
2882830,4,CG,GMB,CG,GMB,Blue,Piskhello,Ezreal,Morgana,BOT,8,18.0,2.0,True,Win
2882830,4,CG,GMB,CG,GMB,Blue,CENTU,Leona,Yorick,SUP,9,19.0,2.0,True,Win
2882830,4,CG,GMB,GMB,CG,Red,Shredder,Rakan,Renekton,SUP,10,20.0,2.0,False,Loss
2882831,1,CG,HMB,CG,HMB,Blue,TheMountain,Sion,Azir,TOP,1,7.0,1.0,False,Loss
2882831,1,CG,HMB,HMB,CG,Red,APP,Gwen,Varus,TOP,2,8.0,1.0,True,Win
2882831,1,CG,HMB,HMB,CG,Red,adi1,JarvanIV,Jarvan IV,JGL,3,9.0,1.0,True,Win
2882831,1,CG,HMB,CG,HMB,Blue,Fragola,Pantheon,Ezreal,JGL,4,10.0,1.0,False,Loss
2882831,1,CG,HMB,CG,HMB,Blue,Bisgaard,Azir,Karma,MID,5,11.0,1.0,False,Loss
2882831,1,CG,HMB,HMB,CG,Red,Vigil,Ahri,Rakan,MID,6,12.0,1.0,True,Win
2882831,1,CG,HMB,HMB,CG,Red,Tyrone,Varus,Ahri,BOT,7,17.0,2.0,True,Win
2882831,1,CG,HMB,CG,HMB,Blue,Piskhello,Ezreal,Sion,BOT,8,18.0,2.0,False,Loss
2882831,1,CG,HMB,CG,HMB,Blue,CENTU,Karma,Pantheon,SUP,9,19.0,2.0,False,Loss
2882831,1,CG,HMB,HMB,CG,Red,Click,Rakan,Gwen,SUP,10,20.0,2.0,True,Win
2882831,2,HMB,CG,HMB,CG,Blue,APP,Rumble,Corki,TOP,1,7.0,1.0,True,Win
2882831,2,HMB,CG,CG,HMB,Red,TheMountain,KSante,Yunara,TOP,2,8.0,1.0,False,Loss
2882831,2,HMB,CG,CG,HMB,Red,Fragola,XinZhao,Ryze,JGL,3,9.0,1.0,False,Loss
2882831,2,HMB,CG,HMB,CG,Blue,adi1,Vi,Vi,JGL,4,10.0,1.0,True,Win
2882831,2,HMB,CG,HMB,CG,Blue,Vigil,Cassiopeia,Rumble,MID,5,11.0,1.0,True,Win
2882831,2,HMB,CG,CG,HMB,Red,Bisgaard,Ryze,K'Sante,MID,6,12.0,1.0,False,Loss
2882831,2,HMB,CG,CG,HMB,Red,Piskhello,Yunara,Xin Zhao,BOT,7,17.0,2.0,False,Loss
2882831,2,HMB,CG,HMB,CG,Blue,Tyrone,Corki,Neeko,BOT,8,18.0,2.0,True,Win
2882831,2,HMB,CG,HMB,CG,Blue,Click,Neeko,Cassiopeia,SUP,9,19.0,2.0,True,Win
2882831,2,HMB,CG,CG,HMB,Red,CENTU,Leona,Leona,SUP,10,20.0,2.0,False,Loss
2882831,3,HMB,CG,HMB,CG,Blue,APP,Aatrox,Aurora,TOP,1,7.0,1.0,True,Win
2882831,3,HMB,CG,CG,HMB,Red,TheMountain,Yorick,Nautilus,TOP,2,8.0,1.0,False,Loss
2882831,3,HMB,CG,CG,HMB,Red,Fragola,Brand,Brand,JGL,3,9.0,1.0,False,Loss
2882831,3,HMB,CG,HMB,CG,Blue,adi1,Nocturne,Nocturne,JGL,4,10.0,1.0,True,Win
2882831,3,HMB,CG,HMB,CG,Blue,Vigil,Aurora,Aatrox,MID,5,11.0,1.0,True,Win
2882831,3,HMB,CG,CG,HMB,Red,Bisgaard,Naafiri,Yorick,MID,6,12.0,1.0,False,Loss
2882831,3,HMB,CG,CG,HMB,Red,Piskhello,Senna,Senna,BOT,7,17.0,2.0,False,Loss
2882831,3,HMB,CG,HMB,CG,Blue,Tyrone,MissFortune,Rell,BOT,8,18.0,2.0,True,Win
2882831,3,HMB,CG,HMB,CG,Blue,Click,Rell,Miss Fortune,SUP,9,19.0,2.0,True,Win
2882831,3,HMB,CG,CG,HMB,Red,CENTU,Nautilus,Naafiri,SUP,10,20.0,2.0,False,Loss
2883315,1,DNS,KT,KT,DNS,Red,PerfecT,KSante,Malphite,TOP,1,7.0,1.0,False,Loss
2883315,1,DNS,KT,DNS,KT,Blue,DuDu,Rumble,Rumble,TOP,2,8.0,1.0,True,Win
2883315,1,DNS,KT,DNS,KT,Blue,Pyosik,MonkeyKing,Wukong,JGL,3,9.0,1.0,True,Win
2883315,1,DNS,KT,KT,DNS,Red,Cuzz,Malphite,Yunara,JGL,4,10.0,1.0,False,Loss
2883315,1,DNS,KT,KT,DNS,Red,Bdd,Taliyah,Taliyah,MID,5,11.0,1.0,False,Loss
2883315,1,DNS,KT,DNS,KT,Blue,Clozer,Ahri,Ahri,MID,6,12.0,1.0,True,Win
2883315,1,DNS,KT,DNS,KT,Blue,deokdam,Corki,Corki,BOT,7,17.0,2.0,True,Win
2883315,1,DNS,KT,KT,DNS,Red,Aiming,Yunara,Alistar,BOT,8,18.0,2.0,False,Loss
2883315,1,DNS,KT,KT,DNS,Red,Pollu,Alistar,K'Sante,SUP,9,19.0,2.0,False,Loss
2883315,1,DNS,KT,DNS,KT,Blue,Life,Pantheon,Pantheon,SUP,10,20.0,2.0,True,Win
2883315,2,DNS,KT,KT,DNS,Red,PerfecT,Renekton,Ryze,TOP,1,7.0,1.0,True,Win
2883315,2,DNS,KT,DNS,KT,Blue,DuDu,Sion,Ashe,TOP,2,8.0,1.0,False,Loss
2883315,2,DNS,KT,DNS,KT,Blue,Pyosik,DrMundo,Dr. Mundo,JGL,3,9.0,1.0,False,Loss
2883315,2,DNS,KT,KT,DNS,Red,Cuzz,Sylas,Lucian,JGL,4,10.0,1.0,True,Win
2883315,2,DNS,KT,KT,DNS,Red,Bdd,Ryze,Braum,MID,5,11.0,1.0,True,Win
2883315,2,DNS,KT,DNS,KT,Blue,Clozer,Viktor,Viktor,MID,6,12.0,1.0,False,Loss
2883315,2,DNS,KT,DNS,KT,Blue,deokdam,Ashe,Soraka,BOT,7,17.0,2.0,False,Loss
2883315,2,DNS,KT,KT,DNS,Red,Aiming,Lucian,Renekton,BOT,8,18.0,2.0,True,Win
2883315,2,DNS,KT,KT,DNS,Red,Ghost,Braum,Sylas,SUP,9,19.0,2.0,True,Win
2883315,2,DNS,KT,DNS,KT,Blue,Life,Soraka,Sion,SUP,10,20.0,2.0,False,Loss
2883315,3,KT,DNS,DNS,KT,Red,DuDu,Ambessa,Ambessa,TOP,1,7.0,1.0,False,Loss
2883315,3,KT,DNS,KT,DNS,Blue,PerfecT,RekSai,Aphelios,TOP,2,8.0,1.0,True,Win
2883315,3,KT,DNS,KT,DNS,Blue,Cuzz,JarvanIV,Jarvan IV,JGL,3,9.0,1.0,True,Win
2883315,3,KT,DNS,DNS,KT,Red,Pyosik,Nocturne,Nocturne,JGL,4,10.0,1.0,False,Loss
2883315,3,KT,DNS,DNS,KT,Red,Clozer,Aurora,Ziggs,MID,5,11.0,1.0,False,Loss
2883315,3,KT,DNS,KT,DNS,Blue,Bdd,Zoe,Thresh,MID,6,12.0,1.0,True,Win
2883315,3,KT,DNS,KT,DNS,Blue,Aiming,Aphelios,Rek'Sai,BOT,7,17.0,2.0,True,Win
2883315,3,KT,DNS,DNS,KT,Red,deokdam,Ziggs,Aurora,BOT,8,18.0,2.0,False,Loss
2883315,3,KT,DNS,DNS,KT,Red,Life,Rell,Rell,SUP,9,19.0,2.0,False,Loss
2883315,3,KT,DNS,KT,DNS,Blue,Ghost,Thresh,Zoe,SUP,10,20.0,2.0,True,Win
2883316,1,BRO,KT,KT,BRO,Red,PerfecT,KSante,Azir,TOP,1,7.0,1.0,False,Loss
2883316,1,BRO,KT,BRO,KT,Blue,Casting,Gwen,Pantheon,TOP,2,8.0,1.0,True,Win
2883316,1,BRO,KT,BRO,KT,Blue,GIDEON,Pantheon,Orianna,JGL,3,9.0,1.0,True,Win
2883316,1,BRO,KT,KT,BRO,Red,Cuzz,XinZhao,Xin Zhao,JGL,4,10.0,1.0,False,Loss
2883316,1,BRO,KT,KT,BRO,Red,Bdd,Azir,K'Sante,MID,5,11.0,1.0,False,Loss
2883316,1,BRO,KT,BRO,KT,Blue,Roamer,Orianna,Gwen,MID,6,12.0,1.0,True,Win
2883316,1,BRO,KT,BRO,KT,Blue,Teddy,Corki,Corki,BOT,7,17.0,2.0,True,Win
2883316,1,BRO,KT,KT,BRO,Red,Aiming,Lucian,Lucian,BOT,8,18.0,2.0,False,Loss
2883316,1,BRO,KT,KT,BRO,Red,Ghost,Braum,Braum,SUP,9,19.0,2.0,False,Loss
2883316,1,BRO,KT,BRO,KT,Blue,Namgung,Rakan,Rakan,SUP,10,20.0,2.0,True,Win
2883316,2,BRO,KT,BRO,KT,Blue,Casting,Renekton,Ryze,TOP,1,7.0,1.0,False,Loss
2883316,2,BRO,KT,KT,BRO,Red,PerfecT,Gnar,Yunara,TOP,2,8.0,1.0,True,Win
2883316,2,BRO,KT,KT,BRO,Red,Cuzz,DrMundo,Taliyah,JGL,3,9.0,1.0,True,Win
2883316,2,BRO,KT,BRO,KT,Blue,GIDEON,Ambessa,Ambessa,JGL,4,10.0,1.0,False,Loss
2883316,2,BRO,KT,BRO,KT,Blue,Roamer,Ryze,Renekton,MID,5,11.0,1.0,False,Loss
2883316,2,BRO,KT,KT,BRO,Red,Bdd,Taliyah,Neeko,MID,6,12.0,1.0,True,Win
2883316,2,BRO,KT,KT,BRO,Red,Aiming,Yunara,Gnar,BOT,7,17.0,2.0,True,Win
2883316,2,BRO,KT,BRO,KT,Blue,Teddy,Varus,Varus,BOT,8,18.0,2.0,False,Loss
2883316,2,BRO,KT,BRO,KT,Blue,Namgung,Karma,Karma,SUP,9,19.0,2.0,False,Loss
2883316,2,BRO,KT,KT,BRO,Red,Pollu,Neeko,Dr. Mundo,SUP,10,20.0,2.0,True,Win
2883316,3,KT,BRO,BRO,KT,Red,Casting,Zaahen,Vi,TOP,1,7.0,1.0,False,Loss
2883316,3,KT,BRO,KT,BRO,Blue,PerfecT,Kennen,Wukong,TOP,2,8.0,1.0,True,Win
2883316,3,KT,BRO,KT,BRO,Blue,Cuzz,MonkeyKing,Zoe,JGL,3,9.0,1.0,True,Win
2883316,3,KT,BRO,BRO,KT,Red,GIDEON,Vi,Ziggs,JGL,4,10.0,1.0,False,Loss
2883316,3,KT,BRO,BRO,KT,Red,Roamer,Ziggs,Zaahen,MID,5,11.0,1.0,False,Loss
2883316,3,KT,BRO,KT,BRO,Blue,Bdd,Zoe,Kennen,MID,6,12.0,1.0,True,Win
2883316,3,KT,BRO,KT,BRO,Blue,Aiming,Kaisa,Nautilus,BOT,7,17.0,2.0,True,Win
2883316,3,KT,BRO,BRO,KT,Red,Teddy,MissFortune,Miss Fortune,BOT,8,18.0,2.0,False,Loss
2883316,3,KT,BRO,BRO,KT,Red,Namgung,Leona,Leona,SUP,9,19.0,2.0,False,Loss
2883316,3,KT,BRO,KT,BRO,Blue,Pollu,Nautilus,Kai'Sa,SUP,10,20.0,2.0,True,Win
2883317,1,DRX,GEN,GEN,DRX,Red,Kiin,Renekton,Azir,TOP,1,7.0,1.0,True,Win
2883317,1,DRX,GEN,DRX,GEN,Blue,Rich,Kennen,Yunara,TOP,2,8.0,1.0,False,Loss
2883317,1,DRX,GEN,DRX,GEN,Blue,Willer,XinZhao,Xin Zhao,JGL,3,9.0,1.0,False,Loss
2883317,1,DRX,GEN,GEN,DRX,Red,Canyon,Pantheon,Pantheon,JGL,4,10.0,1.0,True,Win
2883317,1,DRX,GEN,GEN,DRX,Red,Chovy,Azir,Corki,MID,5,11.0,1.0,True,Win
2883317,1,DRX,GEN,DRX,GEN,Blue,Ucal,Orianna,Orianna,MID,6,12.0,1.0,False,Loss
2883317,1,DRX,GEN,DRX,GEN,Blue,Jiwoo,Yunara,Alistar,BOT,7,17.0,2.0,False,Loss
2883317,1,DRX,GEN,GEN,DRX,Red,Ruler,Corki,Renekton,BOT,8,18.0,2.0,True,Win
2883317,1,DRX,GEN,GEN,DRX,Red,Duro,Nami,Nami,SUP,9,19.0,2.0,True,Win
2883317,1,DRX,GEN,DRX,GEN,Blue,Andil,Alistar,Kennen,SUP,10,20.0,2.0,False,Loss
2883317,2,GEN,DRX,GEN,DRX,Blue,Kiin,Ambessa,Ryze,TOP,1,7.0,1.0,True,Win
2883317,2,GEN,DRX,DRX,GEN,Red,Rich,Sion,Cassiopeia,TOP,2,8.0,1.0,False,Loss
2883317,2,GEN,DRX,DRX,GEN,Red,Willer,JarvanIV,Jarvan IV,JGL,3,9.0,1.0,False,Loss
2883317,2,GEN,DRX,GEN,DRX,Blue,Canyon,MonkeyKing,Ambessa,JGL,4,10.0,1.0,True,Win
2883317,2,GEN,DRX,GEN,DRX,Blue,Chovy,Ryze,Wukong,MID,5,11.0,1.0,True,Win
2883317,2,GEN,DRX,DRX,GEN,Red,Ucal,Cassiopeia,Bard,MID,6,12.0,1.0,False,Loss
2883317,2,GEN,DRX,DRX,GEN,Red,Jiwoo,Jhin,Sion,BOT,7,17.0,2.0,False,Loss
2883317,2,GEN,DRX,GEN,DRX,Blue,Ruler,Ezreal,Ezreal,BOT,8,18.0,2.0,True,Win
2883317,2,GEN,DRX,GEN,DRX,Blue,Duro,Leona,Leona,SUP,9,19.0,2.0,True,Win
2883317,2,GEN,DRX,DRX,GEN,Red,Andil,Bard,Jhin,SUP,10,20.0,2.0,False,Loss
2883318,1,NS,BFX,NS,BFX,Blue,Kingen,Sion,Malphite,TOP,1,7.0,1.0,False,Loss
2883318,1,NS,BFX,BFX,NS,Red,Clear,RekSai,Yunara,TOP,2,8.0,1.0,True,Win
2883318,1,NS,BFX,BFX,NS,Red,Raptor,Nautilus,Nautilus,JGL,3,9.0,1.0,True,Win
2883318,1,NS,BFX,NS,BFX,Blue,Sponge,Malphite,Aphelios,JGL,4,10.0,1.0,False,Loss
2883318,1,NS,BFX,NS,BFX,Blue,Scout,Taliyah,Taliyah,MID,5,11.0,1.0,False,Loss
2883318,1,NS,BFX,BFX,NS,Red,VicLa,Ahri,Ahri,MID,6,12.0,1.0,True,Win
2883318,1,NS,BFX,BFX,NS,Red,Diable,Yunara,Lulu,BOT,7,17.0,2.0,True,Win
2883318,1,NS,BFX,NS,BFX,Blue,Taeyoon,Aphelios,Sion,BOT,8,18.0,2.0,False,Loss
2883318,1,NS,BFX,NS,BFX,Blue,Lehends,Karma,Karma,SUP,9,19.0,2.0,False,Loss
2883318,1,NS,BFX,BFX,NS,Red,Kellin,Lulu,Rek'Sai,SUP,10,20.0,2.0,True,Win
2883318,2,BFX,NS,NS,BFX,Red,Kingen,Renekton,Orianna,TOP,1,7.0,1.0,False,Loss
2883318,2,BFX,NS,BFX,NS,Blue,Clear,Kennen,Neeko,TOP,2,8.0,1.0,True,Win
2883318,2,BFX,NS,BFX,NS,Blue,Raptor,Pantheon,Pantheon,JGL,3,9.0,1.0,True,Win
2883318,2,BFX,NS,NS,BFX,Red,Sponge,MonkeyKing,Varus,JGL,4,10.0,1.0,False,Loss
2883318,2,BFX,NS,NS,BFX,Red,Scout,Orianna,Alistar,MID,5,11.0,1.0,False,Loss
2883318,2,BFX,NS,BFX,NS,Blue,VicLa,Sylas,Ezreal,MID,6,12.0,1.0,True,Win
2883318,2,BFX,NS,BFX,NS,Blue,Diable,Ezreal,Sylas,BOT,7,17.0,2.0,True,Win
2883318,2,BFX,NS,NS,BFX,Red,Taeyoon,Varus,Renekton,BOT,8,18.0,2.0,False,Loss
2883318,2,BFX,NS,NS,BFX,Red,Lehends,Alistar,Wukong,SUP,9,19.0,2.0,False,Loss
2883318,2,BFX,NS,BFX,NS,Blue,Kellin,Neeko,Kennen,SUP,10,20.0,2.0,True,Win
2883320,1,DK,DNS,DNS,DK,Red,DuDu,Rumble,Rumble,TOP,1,7.0,1.0,False,Loss
2883320,1,DK,DNS,DK,DNS,Blue,Siwoo,KSante,K'Sante,TOP,2,8.0,1.0,True,Win
2883320,1,DK,DNS,DK,DNS,Blue,Lucid,Ambessa,Ryze,JGL,3,9.0,1.0,True,Win
2883320,1,DK,DNS,DNS,DK,Red,Pyosik,MonkeyKing,Wukong,JGL,4,10.0,1.0,False,Loss
2883320,1,DK,DNS,DNS,DK,Red,Clozer,Taliyah,Taliyah,MID,5,11.0,1.0,False,Loss
2883320,1,DK,DNS,DK,DNS,Blue,ShowMaker,Ryze,Yunara,MID,6,12.0,1.0,True,Win
2883320,1,DK,DNS,DK,DNS,Blue,Smash,Yunara,Ambessa,BOT,7,17.0,2.0,True,Win
2883320,1,DK,DNS,DNS,DK,Red,deokdam,Corki,Corki,BOT,8,18.0,2.0,False,Loss
2883320,1,DK,DNS,DNS,DK,Red,Life,Nami,Nami,SUP,9,19.0,2.0,False,Loss
2883320,1,DK,DNS,DK,DNS,Blue,Career,Lulu,Lulu,SUP,10,20.0,2.0,True,Win
2883320,2,DK,DNS,DNS,DK,Red,DuDu,Sion,Jarvan IV,TOP,1,7.0,1.0,False,Loss
2883320,2,DK,DNS,DK,DNS,Blue,Siwoo,Gwen,Varus,TOP,2,8.0,1.0,True,Win
2883320,2,DK,DNS,DK,DNS,Blue,Lucid,XinZhao,Xin Zhao,JGL,3,9.0,1.0,True,Win
2883320,2,DK,DNS,DNS,DK,Red,Pyosik,JarvanIV,Sion,JGL,4,10.0,1.0,False,Loss
2883320,2,DK,DNS,DNS,DK,Red,Clozer,Syndra,Syndra,MID,5,11.0,1.0,False,Loss
2883320,2,DK,DNS,DK,DNS,Blue,ShowMaker,Ekko,Gwen,MID,6,12.0,1.0,True,Win
2883320,2,DK,DNS,DK,DNS,Blue,Smash,Varus,Ekko,BOT,7,17.0,2.0,True,Win
2883320,2,DK,DNS,DNS,DK,Red,deokdam,Ashe,Ashe,BOT,8,18.0,2.0,False,Loss
2883320,2,DK,DNS,DNS,DK,Red,Life,Braum,Braum,SUP,9,19.0,2.0,False,Loss
2883320,2,DK,DNS,DK,DNS,Blue,Career,Rakan,Rakan,SUP,10,20.0,2.0,True,Win
2883321,1,T1,HLE,HLE,T1,Red,Zeus,Rumble,Rumble,TOP,1,7.0,1.0,True,Win
2883321,1,T1,HLE,T1,HLE,Blue,Doran,Ambessa,Ryze,TOP,2,8.0,1.0,False,Loss
2883321,1,T1,HLE,T1,HLE,Blue,Oner,Pantheon,Pantheon,JGL,3,9.0,1.0,False,Loss
2883321,1,T1,HLE,HLE,T1,Red,Kanavi,Vi,Vi,JGL,4,10.0,1.0,True,Win
2883321,1,T1,HLE,HLE,T1,Red,Zeka,Taliyah,Taliyah,MID,5,11.0,1.0,True,Win
2883321,1,T1,HLE,T1,HLE,Blue,Faker,Ryze,Ambessa,MID,6,12.0,1.0,False,Loss
2883321,1,T1,HLE,T1,HLE,Blue,Peyz,Lucian,Lucian,BOT,7,17.0,2.0,False,Loss
2883321,1,T1,HLE,HLE,T1,Red,Gumayusi,Corki,Corki,BOT,8,18.0,2.0,True,Win
2883321,1,T1,HLE,HLE,T1,Red,Delight,Alistar,Alistar,SUP,9,19.0,2.0,True,Win
2883321,1,T1,HLE,T1,HLE,Blue,Keria,Milio,Milio,SUP,10,20.0,2.0,False,Loss
2883321,2,HLE,T1,HLE,T1,Blue,Zeus,Gnar,Aurora,TOP,1,7.0,1.0,False,Loss
2883321,2,HLE,T1,T1,HLE,Red,Doran,KSante,Aphelios,TOP,2,8.0,1.0,True,Win
2883321,2,HLE,T1,T1,HLE,Red,Oner,XinZhao,Xin Zhao,JGL,3,9.0,1.0,True,Win
2883321,2,HLE,T1,HLE,T1,Blue,Kanavi,MonkeyKing,Wukong,JGL,4,10.0,1.0,False,Loss
2883321,2,HLE,T1,HLE,T1,Blue,Zeka,Aurora,Rakan,MID,5,11.0,1.0,False,Loss
2883321,2,HLE,T1,T1,HLE,Red,Faker,Sylas,Lulu,MID,6,12.0,1.0,True,Win
2883321,2,HLE,T1,T1,HLE,Red,Peyz,Aphelios,K'Sante,BOT,7,17.0,2.0,True,Win
2883321,2,HLE,T1,HLE,T1,Blue,Gumayusi,Ziggs,Gnar,BOT,8,18.0,2.0,False,Loss
2883321,2,HLE,T1,HLE,T1,Blue,Delight,Rakan,Ziggs,SUP,9,19.0,2.0,False,Loss
2883321,2,HLE,T1,T1,HLE,Red,Keria,Lulu,Sylas,SUP,10,20.0,2.0,True,Win
2883321,3,T1,HLE,HLE,T1,Red,Zeus,RekSai,Azir,TOP,1,7.0,1.0,False,Loss
2883321,3,T1,HLE,T1,HLE,Blue,Doran,Akali,Bard,TOP,2,8.0,1.0,True,Win
2883321,3,T1,HLE,T1,HLE,Blue,Oner,Nocturne,Orianna,JGL,3,9.0,1.0,True,Win
2883321,3,T1,HLE,HLE,T1,Red,Kanavi,JarvanIV,Jarvan IV,JGL,4,10.0,1.0,False,Loss
2883321,3,T1,HLE,HLE,T1,Red,Zeka,Azir,Rek'Sai,MID,5,11.0,1.0,False,Loss
2883321,3,T1,HLE,T1,HLE,Blue,Faker,Orianna,Nocturne,MID,6,12.0,1.0,True,Win
2883321,3,T1,HLE,T1,HLE,Blue,Peyz,Sivir,Sivir,BOT,7,17.0,2.0,True,Win
2883321,3,T1,HLE,HLE,T1,Red,Gumayusi,Jhin,Nautilus,BOT,8,18.0,2.0,False,Loss
2883321,3,T1,HLE,HLE,T1,Red,Delight,Nautilus,Jhin,SUP,9,19.0,2.0,False,Loss
2883321,3,T1,HLE,T1,HLE,Blue,Keria,Bard,Akali,SUP,10,20.0,2.0,True,Win
2883322,1,BFX,BRO,BFX,BRO,Blue,Clear,Renekton,Azir,TOP,1,7.0,1.0,True,Win
2883322,1,BFX,BRO,BRO,BFX,Red,Casting,Gnar,Taliyah,TOP,2,8.0,1.0,False,Loss
2883322,1,BFX,BRO,BRO,BFX,Red,GIDEON,Vi,Vi,JGL,3,9.0,1.0,False,Loss
2883322,1,BFX,BRO,BFX,BRO,Blue,Raptor,Pantheon,Pantheon,JGL,4,10.0,1.0,True,Win
2883322,1,BFX,BRO,BFX,BRO,Blue,VicLa,Azir,Renekton,MID,5,11.0,1.0,True,Win
2883322,1,BFX,BRO,BRO,BFX,Red,Roamer,Taliyah,Gnar,MID,6,12.0,1.0,False,Loss
2883322,1,BFX,BRO,BRO,BFX,Red,Teddy,Ezreal,Ezreal,BOT,7,17.0,2.0,False,Loss
2883322,1,BFX,BRO,BFX,BRO,Blue,Diable,Xayah,Xayah,BOT,8,18.0,2.0,True,Win
2883322,1,BFX,BRO,BFX,BRO,Blue,Kellin,Rakan,Rakan,SUP,9,19.0,2.0,True,Win
2883322,1,BFX,BRO,BRO,BFX,Red,Namgung,Leona,Leona,SUP,10,20.0,2.0,False,Loss
2883322,2,BFX,BRO,BRO,BFX,Red,Casting,Ambessa,Ryze,TOP,1,7.0,1.0,True,Win
2883322,2,BFX,BRO,BFX,BRO,Blue,Clear,Aatrox,Yunara,TOP,2,8.0,1.0,False,Loss
2883322,2,BFX,BRO,BFX,BRO,Blue,Raptor,XinZhao,Lulu,JGL,3,9.0,1.0,False,Loss
2883322,2,BFX,BRO,BRO,BFX,Red,GIDEON,Trundle,Ambessa,JGL,4,10.0,1.0,True,Win
2883322,2,BFX,BRO,BRO,BFX,Red,Roamer,Ryze,Nautilus,MID,5,11.0,1.0,True,Win
2883322,2,BFX,BRO,BFX,BRO,Blue,VicLa,Galio,Xin Zhao,MID,6,12.0,1.0,False,Loss
2883322,2,BFX,BRO,BFX,BRO,Blue,Diable,Yunara,Galio,BOT,7,17.0,2.0,False,Loss
2883322,2,BFX,BRO,BRO,BFX,Red,Teddy,Varus,Varus,BOT,8,18.0,2.0,True,Win
2883322,2,BFX,BRO,BRO,BFX,Red,Namgung,Nautilus,Trundle,SUP,9,19.0,2.0,True,Win
2883322,2,BFX,BRO,BFX,BRO,Blue,Kellin,Lulu,Aatrox,SUP,10,20.0,2.0,False,Loss
2883322,3,BRO,BFX,BFX,BRO,Red,Clear,RekSai,Orianna,TOP,1,7.0,1.0,True,Win
2883322,3,BRO,BFX,BRO,BFX,Blue,Casting,Sion,Sion,TOP,2,8.0,1.0,False,Loss
2883322,3,BRO,BFX,BRO,BFX,Blue,GIDEON,Poppy,Lucian,JGL,3,9.0,1.0,False,Loss
2883322,3,BRO,BFX,BFX,BRO,Red,Raptor,MonkeyKing,Rek'Sai,JGL,4,10.0,1.0,True,Win
2883322,3,BRO,BFX,BFX,BRO,Red,VicLa,Orianna,Wukong,MID,5,11.0,1.0,True,Win
2883322,3,BRO,BFX,BRO,BFX,Blue,Roamer,Syndra,Braum,MID,6,12.0,1.0,False,Loss
2883322,3,BRO,BFX,BRO,BFX,Blue,Teddy,Lucian,Syndra,BOT,7,17.0,2.0,False,Loss
2883322,3,BRO,BFX,BFX,BRO,Red,Diable,Kaisa,Kai'Sa,BOT,8,18.0,2.0,True,Win
2883322,3,BRO,BFX,BFX,BRO,Red,Kellin,Alistar,Alistar,SUP,9,19.0,2.0,True,Win
2883322,3,BRO,BFX,BRO,BFX,Blue,Namgung,Braum,Poppy,SUP,10,20.0,2.0,False,Loss
2883323,1,KT,GEN,GEN,KT,Red,Kiin,Rumble,Rumble,TOP,1,7.0,1.0,True,Win
2883323,1,KT,GEN,KT,GEN,Blue,PerfecT,KSante,Taliyah,TOP,2,8.0,1.0,False,Loss
2883323,1,KT,GEN,KT,GEN,Blue,Cuzz,Vi,Vi,JGL,3,9.0,1.0,False,Loss
2883323,1,KT,GEN,GEN,KT,Red,Canyon,XinZhao,Varus,JGL,4,10.0,1.0,True,Win
2883323,1,KT,GEN,GEN,KT,Red,Chovy,Yone,Yone,MID,5,11.0,1.0,True,Win
2883323,1,KT,GEN,KT,GEN,Blue,Bdd,Taliyah,K'Sante,MID,6,12.0,1.0,False,Loss
2883323,1,KT,GEN,KT,GEN,Blue,Aiming,Ezreal,Alistar,BOT,7,17.0,2.0,False,Loss
2883323,1,KT,GEN,GEN,KT,Red,Ruler,Varus,Rakan,BOT,8,18.0,2.0,True,Win
2883323,1,KT,GEN,GEN,KT,Red,Duro,Rakan,Xin Zhao,SUP,9,19.0,2.0,True,Win
2883323,1,KT,GEN,KT,GEN,Blue,Ghost,Alistar,Ezreal,SUP,10,20.0,2.0,False,Loss
2883323,2,GEN,KT,KT,GEN,Red,PerfecT,Renekton,Ryze,TOP,1,7.0,1.0,False,Loss
2883323,2,GEN,KT,GEN,KT,Blue,Kiin,Sion,Yunara,TOP,2,8.0,1.0,True,Win
2883323,2,GEN,KT,GEN,KT,Blue,Canyon,Ambessa,Anivia,JGL,3,9.0,1.0,True,Win
2883323,2,GEN,KT,KT,GEN,Red,Cuzz,MonkeyKing,Renekton,JGL,4,10.0,1.0,False,Loss
2883323,2,GEN,KT,KT,GEN,Red,Bdd,Ryze,Wukong,MID,5,11.0,1.0,False,Loss
2883323,2,GEN,KT,GEN,KT,Blue,Chovy,Anivia,Sion,MID,6,12.0,1.0,True,Win
2883323,2,GEN,KT,GEN,KT,Blue,Ruler,Yunara,Ambessa,BOT,7,17.0,2.0,True,Win
2883323,2,GEN,KT,KT,GEN,Red,Aiming,Ziggs,Ziggs,BOT,8,18.0,2.0,False,Loss
2883323,2,GEN,KT,KT,GEN,Red,Pollu,Nautilus,Nautilus,SUP,9,19.0,2.0,False,Loss
2883323,2,GEN,KT,GEN,KT,Blue,Duro,Rell,Rell,SUP,10,20.0,2.0,True,Win
2883325,1,HLE,NS,NS,HLE,Red,Kingen,Zaahen,Pantheon,TOP,1,7.0,1.0,True,Win
2883325,1,HLE,NS,HLE,NS,Blue,Zeus,Sion,Aphelios,TOP,2,8.0,1.0,False,Loss
2883325,1,HLE,NS,HLE,NS,Blue,Kanavi,Aatrox,Azir,JGL,3,9.0,1.0,False,Loss
2883325,1,HLE,NS,NS,HLE,Red,Sponge,Pantheon,Orianna,JGL,4,10.0,1.0,True,Win
2883325,1,HLE,NS,NS,HLE,Red,Scout,Orianna,Neeko,MID,5,11.0,1.0,True,Win
2883325,1,HLE,NS,HLE,NS,Blue,Zeka,Azir,Lulu,MID,6,12.0,1.0,False,Loss
2883325,1,HLE,NS,HLE,NS,Blue,Gumayusi,Aphelios,Sion,BOT,7,17.0,2.0,False,Loss
2883325,1,HLE,NS,NS,HLE,Red,Taeyoon,Corki,Corki,BOT,8,18.0,2.0,True,Win
2883325,1,HLE,NS,NS,HLE,Red,Lehends,Neeko,Zaahen,SUP,9,19.0,2.0,True,Win
2883325,1,HLE,NS,HLE,NS,Blue,Delight,Lulu,Aatrox,SUP,10,20.0,2.0,False,Loss
2883325,2,NS,HLE,HLE,NS,Red,Zeus,Ambessa,Ryze,TOP,1,7.0,1.0,False,Loss
2883325,2,NS,HLE,NS,HLE,Blue,Kingen,Gwen,Jarvan IV,TOP,2,8.0,1.0,True,Win
2883325,2,NS,HLE,NS,HLE,Blue,Sponge,JarvanIV,Yunara,JGL,3,9.0,1.0,True,Win
2883325,2,NS,HLE,HLE,NS,Red,Kanavi,XinZhao,Ambessa,JGL,4,10.0,1.0,False,Loss
2883325,2,NS,HLE,HLE,NS,Red,Zeka,Ryze,Varus,MID,5,11.0,1.0,False,Loss
2883325,2,NS,HLE,NS,HLE,Blue,Scout,Taliyah,Taliyah,MID,6,12.0,1.0,True,Win
2883325,2,NS,HLE,NS,HLE,Blue,Taeyoon,Yunara,Nautilus,BOT,7,17.0,2.0,True,Win
2883325,2,NS,HLE,HLE,NS,Red,Gumayusi,Varus,Xin Zhao,BOT,8,18.0,2.0,False,Loss
2883325,2,NS,HLE,HLE,NS,Red,Delight,Braum,Braum,SUP,9,19.0,2.0,False,Loss
2883325,2,NS,HLE,NS,HLE,Blue,Lehends,Nautilus,Gwen,SUP,10,20.0,2.0,True,Win
2883326,1,T1,DRX,DRX,T1,Red,Rich,Jax,Orianna,TOP,1,7.0,1.0,False,Loss
2883326,1,T1,DRX,T1,DRX,Blue,Doran,Zaahen,Nocturne,TOP,2,8.0,1.0,True,Win
2883326,1,T1,DRX,T1,DRX,Blue,Oner,Nocturne,Azir,JGL,3,9.0,1.0,True,Win
2883326,1,T1,DRX,DRX,T1,Red,Willer,XinZhao,Xin Zhao,JGL,4,10.0,1.0,False,Loss
2883326,1,T1,DRX,DRX,T1,Red,Ucal,Orianna,Yunara,MID,5,11.0,1.0,False,Loss
2883326,1,T1,DRX,T1,DRX,Blue,Faker,Azir,Aphelios,MID,6,12.0,1.0,True,Win
2883326,1,T1,DRX,T1,DRX,Blue,Peyz,Aphelios,Zaahen,BOT,7,17.0,2.0,True,Win
2883326,1,T1,DRX,DRX,T1,Red,Jiwoo,Yunara,Jax,BOT,8,18.0,2.0,False,Loss
2883326,1,T1,DRX,DRX,T1,Red,Andil,Bard,Bard,SUP,9,19.0,2.0,False,Loss
2883326,1,T1,DRX,T1,DRX,Blue,Keria,Thresh,Thresh,SUP,10,20.0,2.0,True,Win
2883326,2,T1,DRX,T1,DRX,Blue,Doran,Gnar,Ryze,TOP,1,7.0,1.0,False,Loss
2883326,2,T1,DRX,DRX,T1,Red,Rich,Renekton,Renekton,TOP,2,8.0,1.0,True,Win
2883326,2,T1,DRX,DRX,T1,Red,Willer,Ambessa,Ambessa,JGL,3,9.0,1.0,True,Win
2883326,2,T1,DRX,T1,DRX,Blue,Oner,Sylas,Neeko,JGL,4,10.0,1.0,False,Loss
2883326,2,T1,DRX,T1,DRX,Blue,Faker,Ryze,Gnar,MID,5,11.0,1.0,False,Loss
2883326,2,T1,DRX,DRX,T1,Red,Ucal,Taliyah,Taliyah,MID,6,12.0,1.0,True,Win
2883326,2,T1,DRX,DRX,T1,Red,Jiwoo,Corki,Alistar,BOT,7,17.0,2.0,True,Win
2883326,2,T1,DRX,T1,DRX,Blue,Peyz,Kaisa,Sylas,BOT,8,18.0,2.0,False,Loss
2883326,2,T1,DRX,T1,DRX,Blue,Keria,Neeko,Kai'Sa,SUP,9,19.0,2.0,False,Loss
2883326,2,T1,DRX,DRX,T1,Red,Andil,Alistar,Corki,SUP,10,20.0,2.0,True,Win
2883326,3,DRX,T1,DRX,T1,Blue,Rich,Gragas,Vi,TOP,1,7.0,1.0,False,Loss
2883326,3,DRX,T1,T1,DRX,Red,Doran,Gwen,Jarvan IV,TOP,2,8.0,1.0,True,Win
2883326,3,DRX,T1,T1,DRX,Red,Oner,JarvanIV,Aurora,JGL,3,9.0,1.0,True,Win
2883326,3,DRX,T1,DRX,T1,Blue,Willer,Vi,Lucian,JGL,4,10.0,1.0,False,Loss
2883326,3,DRX,T1,DRX,T1,Blue,Ucal,Syndra,Braum,MID,5,11.0,1.0,False,Loss
2883326,3,DRX,T1,T1,DRX,Red,Faker,Aurora,Gwen,MID,6,12.0,1.0,True,Win
2883326,3,DRX,T1,T1,DRX,Red,Peyz,Kalista,Kalista,BOT,7,17.0,2.0,True,Win
2883326,3,DRX,T1,DRX,T1,Blue,Jiwoo,Lucian,Gragas,BOT,8,18.0,2.0,False,Loss
2883326,3,DRX,T1,DRX,T1,Blue,Andil,Braum,Syndra,SUP,9,19.0,2.0,False,Loss
2883326,3,DRX,T1,T1,DRX,Red,Keria,Renata,Renata Glasc,SUP,10,20.0,2.0,True,Win
2883337,1,DK,BRO,BRO,DK,Red,Casting,RekSai,Neeko,TOP,1,7.0,1.0,False,Loss
2883337,1,DK,BRO,DK,BRO,Blue,Siwoo,Ambessa,Jarvan IV,TOP,2,8.0,1.0,True,Win
2883337,1,DK,BRO,DK,BRO,Blue,Lucid,JarvanIV,Ryze,JGL,3,9.0,1.0,True,Win
2883337,1,DK,BRO,BRO,DK,Red,GIDEON,XinZhao,Xin Zhao,JGL,4,10.0,1.0,False,Loss
2883337,1,DK,BRO,BRO,DK,Red,Roamer,Taliyah,Taliyah,MID,5,11.0,1.0,False,Loss
2883337,1,DK,BRO,DK,BRO,Blue,ShowMaker,Ryze,Ambessa,MID,6,12.0,1.0,True,Win
2883337,1,DK,BRO,DK,BRO,Blue,Smash,Ezreal,Karma,BOT,7,17.0,2.0,True,Win
2883337,1,DK,BRO,BRO,DK,Red,Teddy,Yunara,Yunara,BOT,8,18.0,2.0,False,Loss
2883337,1,DK,BRO,BRO,DK,Red,Namgung,Neeko,Rek'Sai,SUP,9,19.0,2.0,False,Loss
2883337,1,DK,BRO,DK,BRO,Blue,Career,Karma,Ezreal,SUP,10,20.0,2.0,True,Win
2883337,2,DK,BRO,BRO,DK,Red,Casting,KSante,Orianna,TOP,1,7.0,1.0,False,Loss
2883337,2,DK,BRO,DK,BRO,Blue,Siwoo,Rumble,Rumble,TOP,2,8.0,1.0,True,Win
2883337,2,DK,BRO,DK,BRO,Blue,Lucid,Pantheon,Pantheon,JGL,3,9.0,1.0,True,Win
2883337,2,DK,BRO,BRO,DK,Red,GIDEON,Nocturne,Nocturne,JGL,4,10.0,1.0,False,Loss
2883337,2,DK,BRO,BRO,DK,Red,Roamer,Orianna,K'Sante,MID,5,11.0,1.0,False,Loss
2883337,2,DK,BRO,DK,BRO,Blue,ShowMaker,Leblanc,LeBlanc,MID,6,12.0,1.0,True,Win
2883337,2,DK,BRO,DK,BRO,Blue,Smash,Sivir,Bard,BOT,7,17.0,2.0,True,Win
2883337,2,DK,BRO,BRO,DK,Red,Teddy,Jhin,Jhin,BOT,8,18.0,2.0,False,Loss
2883337,2,DK,BRO,BRO,DK,Red,Namgung,Elise,Elise,SUP,9,19.0,2.0,False,Loss
2883337,2,DK,BRO,DK,BRO,Blue,Career,Bard,Sivir,SUP,10,20.0,2.0,True,Win
2883338,1,DK,NS,NS,DK,Red,Kingen,Rumble,Rumble,TOP,1,7.0,1.0,False,Loss
2883338,1,DK,NS,DK,NS,Blue,Siwoo,KSante,Ryze,TOP,2,8.0,1.0,True,Win
2883338,1,DK,NS,DK,NS,Blue,Lucid,JarvanIV,K'Sante,JGL,3,9.0,1.0,True,Win
2883338,1,DK,NS,NS,DK,Red,Sponge,Pantheon,Pantheon,JGL,4,10.0,1.0,False,Loss
2883338,1,DK,NS,NS,DK,Red,Scout,Taliyah,Taliyah,MID,5,11.0,1.0,False,Loss
2883338,1,DK,NS,DK,NS,Blue,ShowMaker,Ryze,Jarvan IV,MID,6,12.0,1.0,True,Win
2883338,1,DK,NS,DK,NS,Blue,Smash,Sivir,Bard,BOT,7,17.0,2.0,True,Win
2883338,1,DK,NS,NS,DK,Red,Taeyoon,Ezreal,Ezreal,BOT,8,18.0,2.0,False,Loss
2883338,1,DK,NS,NS,DK,Red,Lehends,Neeko,Neeko,SUP,9,19.0,2.0,False,Loss
2883338,1,DK,NS,DK,NS,Blue,Career,Bard,Sivir,SUP,10,20.0,2.0,True,Win
2883338,2,DK,NS,NS,DK,Red,Kingen,Ambessa,Ambessa,TOP,1,7.0,1.0,True,Win
2883338,2,DK,NS,DK,NS,Blue,Siwoo,Gwen,Qiyana,TOP,2,8.0,1.0,False,Loss
2883338,2,DK,NS,DK,NS,Blue,Lucid,Qiyana,Varus,JGL,3,9.0,1.0,False,Loss
2883338,2,DK,NS,NS,DK,Red,Sponge,Nocturne,Yunara,JGL,4,10.0,1.0,True,Win
2883338,2,DK,NS,NS,DK,Red,Scout,Aurora,Aurora,MID,5,11.0,1.0,True,Win
2883338,2,DK,NS,DK,NS,Blue,ShowMaker,Zoe,Nautilus,MID,6,12.0,1.0,False,Loss
2883338,2,DK,NS,DK,NS,Blue,Smash,Varus,Zoe,BOT,7,17.0,2.0,False,Loss
2883338,2,DK,NS,NS,DK,Red,Taeyoon,Yunara,Nocturne,BOT,8,18.0,2.0,True,Win
2883338,2,DK,NS,NS,DK,Red,Lehends,Leona,Leona,SUP,9,19.0,2.0,True,Win
2883338,2,DK,NS,DK,NS,Blue,Career,Nautilus,Gwen,SUP,10,20.0,2.0,False,Loss
2883338,3,DK,NS,NS,DK,Red,Kingen,Gnar,Jayce,TOP,1,7.0,1.0,False,Loss
2883338,3,DK,NS,DK,NS,Blue,Siwoo,Zaahen,Vi,TOP,2,8.0,1.0,True,Win
2883338,3,DK,NS,DK,NS,Blue,Lucid,Vi,Lucian,JGL,3,9.0,1.0,True,Win
2883338,3,DK,NS,NS,DK,Red,Sponge,Jayce,Kalista,JGL,4,10.0,1.0,False,Loss
2883338,3,DK,NS,NS,DK,Red,Scout,Akali,Renata Glasc,MID,5,11.0,1.0,False,Loss
2883338,3,DK,NS,DK,NS,Blue,ShowMaker,TwistedFate,Nami,MID,6,12.0,1.0,True,Win
2883338,3,DK,NS,DK,NS,Blue,Smash,Lucian,Zaahen,BOT,7,17.0,2.0,True,Win
2883338,3,DK,NS,NS,DK,Red,Taeyoon,Kalista,Gnar,BOT,8,18.0,2.0,False,Loss
2883338,3,DK,NS,NS,DK,Red,Lehends,Renata,Akali,SUP,9,19.0,2.0,False,Loss
2883338,3,DK,NS,DK,NS,Blue,Career,Nami,Twisted Fate,SUP,10,20.0,2.0,True,Win
2883339,1,DNS,DRX,DNS,DRX,Blue,DuDu,RekSai,Azir,TOP,1,7.0,1.0,False,Loss
2883339,1,DNS,DRX,DRX,DNS,Red,Rich,Renekton,Orianna,TOP,2,8.0,1.0,True,Win
2883339,1,DNS,DRX,DRX,DNS,Red,Willer,Nocturne,Nocturne,JGL,3,9.0,1.0,True,Win
2883339,1,DNS,DRX,DNS,DRX,Blue,Pyosik,XinZhao,Yunara,JGL,4,10.0,1.0,False,Loss
2883339,1,DNS,DRX,DNS,DRX,Blue,Clozer,Azir,Alistar,MID,5,11.0,1.0,False,Loss
2883339,1,DNS,DRX,DRX,DNS,Red,Ucal,Orianna,Corki,MID,6,12.0,1.0,True,Win
2883339,1,DNS,DRX,DRX,DNS,Red,Jiwoo,Corki,Renekton,BOT,7,17.0,2.0,True,Win
2883339,1,DNS,DRX,DNS,DRX,Blue,deokdam,Yunara,Xin Zhao,BOT,8,18.0,2.0,False,Loss
2883339,1,DNS,DRX,DNS,DRX,Blue,Peter,Alistar,Rek'Sai,SUP,9,19.0,2.0,False,Loss
2883339,1,DNS,DRX,DRX,DNS,Red,Andil,Braum,Braum,SUP,10,20.0,2.0,True,Win
2883339,2,DRX,DNS,DRX,DNS,Blue,Rich,Gnar,Pantheon,TOP,1,7.0,1.0,False,Loss
2883339,2,DRX,DNS,DNS,DRX,Red,DuDu,Kennen,Neeko,TOP,2,8.0,1.0,True,Win
2883339,2,DRX,DNS,DNS,DRX,Red,Pyosik,LeeSin,Ryze,JGL,3,9.0,1.0,True,Win
2883339,2,DRX,DNS,DRX,DNS,Blue,Willer,Pantheon,Gnar,JGL,4,10.0,1.0,False,Loss
2883339,2,DRX,DNS,DRX,DNS,Blue,Ucal,Taliyah,Taliyah,MID,5,11.0,1.0,False,Loss
2883339,2,DRX,DNS,DNS,DRX,Red,Clozer,Ryze,Kennen,MID,6,12.0,1.0,True,Win
2883339,2,DRX,DNS,DNS,DRX,Red,deokdam,Aphelios,Lee Sin,BOT,7,17.0,2.0,True,Win
2883339,2,DRX,DNS,DRX,DNS,Blue,Jiwoo,Sivir,Leona,BOT,8,18.0,2.0,False,Loss
2883339,2,DRX,DNS,DRX,DNS,Blue,Andil,Leona,Sivir,SUP,9,19.0,2.0,False,Loss
2883339,2,DRX,DNS,DNS,DRX,Red,Peter,Neeko,Aphelios,SUP,10,20.0,2.0,True,Win
2883339,3,DNS,DRX,DNS,DRX,Blue,DuDu,KSante,Jayce,TOP,1,7.0,1.0,True,Win
2883339,3,DNS,DRX,DRX,DNS,Red,Rich,Gwen,Aurora,TOP,2,8.0,1.0,False,Loss
2883339,3,DNS,DRX,DRX,DNS,Red,Willer,JarvanIV,Jarvan IV,JGL,3,9.0,1.0,False,Loss
2883339,3,DNS,DRX,DNS,DRX,Blue,Pyosik,Jayce,Zoe,JGL,4,10.0,1.0,True,Win
2883339,3,DNS,DRX,DNS,DRX,Blue,Clozer,Zoe,K'Sante,MID,5,11.0,1.0,True,Win
2883339,3,DNS,DRX,DRX,DNS,Red,Ucal,Aurora,Gwen,MID,6,12.0,1.0,False,Loss
2883339,3,DNS,DRX,DRX,DNS,Red,Jiwoo,Lucian,Lucian,BOT,7,17.0,2.0,False,Loss
2883339,3,DNS,DRX,DNS,DRX,Blue,deokdam,Kalista,Kalista,BOT,8,18.0,2.0,True,Win
2883339,3,DNS,DRX,DNS,DRX,Blue,Peter,Renata,Renata Glasc,SUP,9,19.0,2.0,True,Win
2883339,3,DNS,DRX,DRX,DNS,Red,Andil,Nami,Nami,SUP,10,20.0,2.0,False,Loss
2883340,1,HLE,BRO,BRO,HLE,Red,Casting,Renekton,Pantheon,TOP,1,7.0,1.0,False,Loss
2883340,1,HLE,BRO,HLE,BRO,Blue,Zeus,Gnar,Azir,TOP,2,8.0,1.0,True,Win
2883340,1,HLE,BRO,HLE,BRO,Blue,Kanavi,JarvanIV,Varus,JGL,3,9.0,1.0,True,Win
2883340,1,HLE,BRO,BRO,HLE,Red,GIDEON,Nocturne,Orianna,JGL,4,10.0,1.0,False,Loss
2883340,1,HLE,BRO,BRO,HLE,Red,Roamer,Orianna,Jhin,MID,5,11.0,1.0,False,Loss
2883340,1,HLE,BRO,HLE,BRO,Blue,Zeka,Azir,Jarvan IV,MID,6,12.0,1.0,True,Win
2883340,1,HLE,BRO,HLE,BRO,Blue,Gumayusi,Varus,Rakan,BOT,7,17.0,2.0,True,Win
2883340,1,HLE,BRO,BRO,HLE,Red,Teddy,Jhin,Nocturne,BOT,8,18.0,2.0,False,Loss
2883340,1,HLE,BRO,BRO,HLE,Red,Namgung,Pantheon,Renekton,SUP,9,19.0,2.0,False,Loss
2883340,1,HLE,BRO,HLE,BRO,Blue,Delight,Rakan,Gnar,SUP,10,20.0,2.0,True,Win
2883340,2,HLE,BRO,BRO,HLE,Red,Casting,Ambessa,Ambessa,TOP,1,7.0,1.0,True,Win
2883340,2,HLE,BRO,HLE,BRO,Blue,Zeus,Zaahen,Yunara,TOP,2,8.0,1.0,False,Loss
2883340,2,HLE,BRO,HLE,BRO,Blue,Kanavi,Aatrox,Aurora,JGL,3,9.0,1.0,False,Loss
2883340,2,HLE,BRO,BRO,HLE,Red,GIDEON,XinZhao,Corki,JGL,4,10.0,1.0,True,Win
2883340,2,HLE,BRO,BRO,HLE,Red,Roamer,Taliyah,Taliyah,MID,5,11.0,1.0,True,Win
2883340,2,HLE,BRO,HLE,BRO,Blue,Zeka,Aurora,Aatrox,MID,6,12.0,1.0,False,Loss
2883340,2,HLE,BRO,HLE,BRO,Blue,Gumayusi,Yunara,Poppy,BOT,7,17.0,2.0,False,Loss
2883340,2,HLE,BRO,BRO,HLE,Red,Teddy,Corki,Xin Zhao,BOT,8,18.0,2.0,True,Win
2883340,2,HLE,BRO,BRO,HLE,Red,Namgung,Elise,Elise,SUP,9,19.0,2.0,True,Win
2883340,2,HLE,BRO,HLE,BRO,Blue,Delight,Poppy,Zaahen,SUP,10,20.0,2.0,False,Loss
2883340,3,BRO,HLE,HLE,BRO,Red,Zeus,Gwen,Vi,TOP,1,7.0,1.0,True,Win
2883340,3,BRO,HLE,BRO,HLE,Blue,Casting,KSante,Ryze,TOP,2,8.0,1.0,False,Loss
2883340,3,BRO,HLE,BRO,HLE,Blue,GIDEON,MonkeyKing,Lucian,JGL,3,9.0,1.0,False,Loss
2883340,3,BRO,HLE,HLE,BRO,Red,Kanavi,Vi,Sivir,JGL,4,10.0,1.0,True,Win
2883340,3,BRO,HLE,HLE,BRO,Red,Zeka,Akali,Alistar,MID,5,11.0,1.0,True,Win
2883340,3,BRO,HLE,BRO,HLE,Blue,Roamer,Ryze,Braum,MID,6,12.0,1.0,False,Loss
2883340,3,BRO,HLE,BRO,HLE,Blue,Teddy,Lucian,Wukong,BOT,7,17.0,2.0,False,Loss
2883340,3,BRO,HLE,HLE,BRO,Red,Gumayusi,Sivir,Gwen,BOT,8,18.0,2.0,True,Win
2883340,3,BRO,HLE,HLE,BRO,Red,Delight,Alistar,Akali,SUP,9,19.0,2.0,True,Win
2883340,3,BRO,HLE,BRO,HLE,Blue,Namgung,Braum,K'Sante,SUP,10,20.0,2.0,False,Loss
2883341,1,GEN,BFX,GEN,BFX,Blue,Kiin,Renekton,Azir,TOP,1,7.0,1.0,True,Win
2883341,1,GEN,BFX,BFX,GEN,Red,Clear,KSante,Yunara,TOP,2,8.0,1.0,False,Loss
2883341,1,GEN,BFX,BFX,GEN,Red,Raptor,Pantheon,Pantheon,JGL,3,9.0,1.0,False,Loss
2883341,1,GEN,BFX,GEN,BFX,Blue,Canyon,JarvanIV,Corki,JGL,4,10.0,1.0,True,Win
2883341,1,GEN,BFX,GEN,BFX,Blue,Chovy,Azir,Jarvan IV,MID,5,11.0,1.0,True,Win
2883341,1,GEN,BFX,BFX,GEN,Red,VicLa,Akali,Lulu,MID,6,12.0,1.0,False,Loss
2883341,1,GEN,BFX,BFX,GEN,Red,Diable,Yunara,K'Sante,BOT,7,17.0,2.0,False,Loss
2883341,1,GEN,BFX,GEN,BFX,Blue,Ruler,Corki,Renekton,BOT,8,18.0,2.0,True,Win
2883341,1,GEN,BFX,GEN,BFX,Blue,Duro,Nami,Nami,SUP,9,19.0,2.0,True,Win
2883341,1,GEN,BFX,BFX,GEN,Red,Kellin,Lulu,Akali,SUP,10,20.0,2.0,False,Loss
2883341,2,GEN,BFX,BFX,GEN,Red,Clear,Ambessa,Orianna,TOP,1,7.0,1.0,False,Loss
2883341,2,GEN,BFX,GEN,BFX,Blue,Kiin,Gwen,Xin Zhao,TOP,2,8.0,1.0,True,Win
2883341,2,GEN,BFX,GEN,BFX,Blue,Canyon,XinZhao,Ryze,JGL,3,9.0,1.0,True,Win
2883341,2,GEN,BFX,BFX,GEN,Red,Raptor,Qiyana,Ambessa,JGL,4,10.0,1.0,False,Loss
2883341,2,GEN,BFX,BFX,GEN,Red,VicLa,Orianna,Ezreal,MID,5,11.0,1.0,False,Loss
2883341,2,GEN,BFX,GEN,BFX,Blue,Chovy,Ryze,Gwen,MID,6,12.0,1.0,True,Win
2883341,2,GEN,BFX,GEN,BFX,Blue,Ruler,Jhin,Jhin,BOT,7,17.0,2.0,True,Win
2883341,2,GEN,BFX,BFX,GEN,Red,Diable,Ezreal,Qiyana,BOT,8,18.0,2.0,False,Loss
2883341,2,GEN,BFX,BFX,GEN,Red,Kellin,Leona,Leona,SUP,9,19.0,2.0,False,Loss
2883341,2,GEN,BFX,GEN,BFX,Blue,Duro,Rakan,Rakan,SUP,10,20.0,2.0,True,Win
2883342,1,T1,KT,KT,T1,Red,PerfecT,Renekton,Varus,TOP,1,7.0,1.0,False,Loss
2883342,1,T1,KT,T1,KT,Blue,Doran,Gnar,Ryze,TOP,2,8.0,1.0,True,Win
2883342,1,T1,KT,T1,KT,Blue,Oner,Vi,Vi,JGL,3,9.0,1.0,True,Win
2883342,1,T1,KT,KT,T1,Red,Cuzz,MonkeyKing,Renekton,JGL,4,10.0,1.0,False,Loss
2883342,1,T1,KT,KT,T1,Red,Bdd,Taliyah,Taliyah,MID,5,11.0,1.0,False,Loss
2883342,1,T1,KT,T1,KT,Blue,Faker,Ryze,Gnar,MID,6,12.0,1.0,True,Win
2883342,1,T1,KT,T1,KT,Blue,Peyz,Ezreal,Ezreal,BOT,7,17.0,2.0,True,Win
2883342,1,T1,KT,KT,T1,Red,Aiming,Varus,Rakan,BOT,8,18.0,2.0,False,Loss
2883342,1,T1,KT,KT,T1,Red,Pollu,Rakan,Wukong,SUP,9,19.0,2.0,False,Loss
2883342,1,T1,KT,T1,KT,Blue,Keria,Lissandra,Lissandra,SUP,10,20.0,2.0,True,Win
2883342,2,T1,KT,T1,KT,Blue,Doran,Zaahen,Azir,TOP,1,7.0,1.0,True,Win
2883342,2,T1,KT,KT,T1,Red,PerfecT,RekSai,Yunara,TOP,2,8.0,1.0,False,Loss
2883342,2,T1,KT,KT,T1,Red,Cuzz,Sejuani,Neeko,JGL,3,9.0,1.0,False,Loss
2883342,2,T1,KT,T1,KT,Blue,Oner,DrMundo,Aphelios,JGL,4,10.0,1.0,True,Win
2883342,2,T1,KT,T1,KT,Blue,Faker,Azir,Lulu,MID,5,11.0,1.0,True,Win
2883342,2,T1,KT,KT,T1,Red,Bdd,Akali,Akali,MID,6,12.0,1.0,False,Loss
2883342,2,T1,KT,KT,T1,Red,Aiming,Yunara,Sejuani,BOT,7,17.0,2.0,False,Loss
2883342,2,T1,KT,T1,KT,Blue,Peyz,Aphelios,Zaahen,BOT,8,18.0,2.0,True,Win
2883342,2,T1,KT,T1,KT,Blue,Keria,Lulu,Dr. Mundo,SUP,9,19.0,2.0,True,Win
2883342,2,T1,KT,KT,T1,Red,Ghost,Neeko,Rek'Sai,SUP,10,20.0,2.0,False,Loss
2883343,1,DRX,NS,NS,DRX,Red,Kingen,Renekton,Yunara,TOP,1,7.0,1.0,False,Loss
2883343,1,DRX,NS,DRX,NS,Blue,Rich,Gnar,Ryze,TOP,2,8.0,1.0,True,Win
2883343,1,DRX,NS,DRX,NS,Blue,Willer,Vi,Vi,JGL,3,9.0,1.0,True,Win
2883343,1,DRX,NS,NS,DRX,Red,Sponge,Jayce,Jayce,JGL,4,10.0,1.0,False,Loss
2883343,1,DRX,NS,NS,DRX,Red,Scout,Taliyah,Taliyah,MID,5,11.0,1.0,False,Loss
2883343,1,DRX,NS,DRX,NS,Blue,Ucal,Ryze,Kai'Sa,MID,6,12.0,1.0,True,Win
2883343,1,DRX,NS,DRX,NS,Blue,Jiwoo,Kaisa,Neeko,BOT,7,17.0,2.0,True,Win
2883343,1,DRX,NS,NS,DRX,Red,Taeyoon,Yunara,Alistar,BOT,8,18.0,2.0,False,Loss
2883343,1,DRX,NS,NS,DRX,Red,Lehends,Alistar,Renekton,SUP,9,19.0,2.0,False,Loss
2883343,1,DRX,NS,DRX,NS,Blue,Andil,Neeko,Gnar,SUP,10,20.0,2.0,True,Win
2883343,2,DRX,NS,NS,DRX,Red,Kingen,Zaahen,Aurora,TOP,1,7.0,1.0,True,Win
2883343,2,DRX,NS,DRX,NS,Blue,Rich,Gwen,Pantheon,TOP,2,8.0,1.0,False,Loss
2883343,2,DRX,NS,DRX,NS,Blue,Willer,Pantheon,Corki,JGL,3,9.0,1.0,False,Loss
2883343,2,DRX,NS,NS,DRX,Red,Sponge,JarvanIV,Jarvan IV,JGL,4,10.0,1.0,True,Win
2883343,2,DRX,NS,NS,DRX,Red,Scout,Aurora,Zaahen,MID,5,11.0,1.0,True,Win
2883343,2,DRX,NS,DRX,NS,Blue,Ucal,Akali,Gwen,MID,6,12.0,1.0,False,Loss
2883343,2,DRX,NS,DRX,NS,Blue,Jiwoo,Corki,Akali,BOT,7,17.0,2.0,False,Loss
2883343,2,DRX,NS,NS,DRX,Red,Taeyoon,Kalista,Kalista,BOT,8,18.0,2.0,True,Win
2883343,2,DRX,NS,NS,DRX,Red,Lehends,Renata,Renata Glasc,SUP,9,19.0,2.0,True,Win
2883343,2,DRX,NS,DRX,NS,Blue,Andil,Poppy,Poppy,SUP,10,20.0,2.0,False,Loss
2883343,3,NS,DRX,DRX,NS,Red,Rich,KSante,Orianna,TOP,1,7.0,1.0,True,Win
2883343,3,NS,DRX,NS,DRX,Blue,Kingen,Sion,Sion,TOP,2,8.0,1.0,False,Loss
2883343,3,NS,DRX,NS,DRX,Blue,Sponge,XinZhao,Xin Zhao,JGL,3,9.0,1.0,False,Loss
2883343,3,NS,DRX,DRX,NS,Red,Willer,Jax,K'Sante,JGL,4,10.0,1.0,True,Win
2883343,3,NS,DRX,DRX,NS,Red,Ucal,Orianna,Jax,MID,5,11.0,1.0,True,Win
2883343,3,NS,DRX,NS,DRX,Blue,Scout,Azir,Azir,MID,6,12.0,1.0,False,Loss
2883343,3,NS,DRX,NS,DRX,Blue,Taeyoon,Caitlyn,Caitlyn,BOT,7,17.0,2.0,False,Loss
2883343,3,NS,DRX,DRX,NS,Red,Jiwoo,Jhin,Jhin,BOT,8,18.0,2.0,True,Win
2883343,3,NS,DRX,DRX,NS,Red,Andil,Bard,Bard,SUP,9,19.0,2.0,True,Win
2883343,3,NS,DRX,NS,DRX,Blue,Lehends,Braum,Braum,SUP,10,20.0,2.0,False,Loss
2883344,1,DNS,HLE,HLE,DNS,Red,Zeus,Sion,Azir,TOP,1,7.0,1.0,True,Win
2883344,1,DNS,HLE,DNS,HLE,Blue,DuDu,RekSai,Orianna,TOP,2,8.0,1.0,False,Loss
2883344,1,DNS,HLE,DNS,HLE,Blue,Pyosik,JarvanIV,Jarvan IV,JGL,3,9.0,1.0,False,Loss
2883344,1,DNS,HLE,HLE,DNS,Red,Kanavi,XinZhao,Varus,JGL,4,10.0,1.0,True,Win
2883344,1,DNS,HLE,HLE,DNS,Red,Zeka,Azir,Xin Zhao,MID,5,11.0,1.0,True,Win
2883344,1,DNS,HLE,DNS,HLE,Blue,Clozer,Orianna,Sivir,MID,6,12.0,1.0,False,Loss
2883344,1,DNS,HLE,DNS,HLE,Blue,deokdam,Sivir,Alistar,BOT,7,17.0,2.0,False,Loss
2883344,1,DNS,HLE,HLE,DNS,Red,Gumayusi,Varus,Rakan,BOT,8,18.0,2.0,True,Win
2883344,1,DNS,HLE,HLE,DNS,Red,Delight,Rakan,Sion,SUP,9,19.0,2.0,True,Win
2883344,1,DNS,HLE,DNS,HLE,Blue,Peter,Alistar,Rek'Sai,SUP,10,20.0,2.0,False,Loss
2883344,2,DNS,HLE,HLE,DNS,Red,Zeus,Aurora,Vi,TOP,1,7.0,1.0,False,Loss
2883344,2,DNS,HLE,DNS,HLE,Blue,DuDu,KSante,Neeko,TOP,2,8.0,1.0,True,Win
2883344,2,DNS,HLE,DNS,HLE,Blue,Pyosik,MonkeyKing,Wukong,JGL,3,9.0,1.0,True,Win
2883344,2,DNS,HLE,HLE,DNS,Red,Kanavi,Vi,Corki,JGL,4,10.0,1.0,False,Loss
2883344,2,DNS,HLE,HLE,DNS,Red,Zeka,Taliyah,Taliyah,MID,5,11.0,1.0,False,Loss
2883344,2,DNS,HLE,DNS,HLE,Blue,Clozer,Ahri,Ahri,MID,6,12.0,1.0,True,Win
2883344,2,DNS,HLE,DNS,HLE,Blue,deokdam,Ezreal,Ezreal,BOT,7,17.0,2.0,True,Win
2883344,2,DNS,HLE,HLE,DNS,Red,Gumayusi,Corki,Bard,BOT,8,18.0,2.0,False,Loss
2883344,2,DNS,HLE,HLE,DNS,Red,Delight,Bard,Aurora,SUP,9,19.0,2.0,False,Loss
2883344,2,DNS,HLE,DNS,HLE,Blue,Peter,Neeko,K'Sante,SUP,10,20.0,2.0,True,Win
2883344,3,DNS,HLE,HLE,DNS,Red,Zeus,Renekton,Ryze,TOP,1,7.0,1.0,True,Win
2883344,3,DNS,HLE,DNS,HLE,Blue,DuDu,Aatrox,Aphelios,TOP,2,8.0,1.0,False,Loss
2883344,3,DNS,HLE,DNS,HLE,Blue,Pyosik,Hecarim,Cassiopeia,JGL,3,9.0,1.0,False,Loss
2883344,3,DNS,HLE,HLE,DNS,Red,Kanavi,Trundle,Ziggs,JGL,4,10.0,1.0,True,Win
2883344,3,DNS,HLE,HLE,DNS,Red,Zeka,Ryze,Nautilus,MID,5,11.0,1.0,True,Win
2883344,3,DNS,HLE,DNS,HLE,Blue,Clozer,Cassiopeia,Rell,MID,6,12.0,1.0,False,Loss
2883344,3,DNS,HLE,DNS,HLE,Blue,deokdam,Aphelios,Hecarim,BOT,7,17.0,2.0,False,Loss
2883344,3,DNS,HLE,HLE,DNS,Red,Gumayusi,Ziggs,Trundle,BOT,8,18.0,2.0,True,Win
2883344,3,DNS,HLE,HLE,DNS,Red,Delight,Nautilus,Renekton,SUP,9,19.0,2.0,True,Win
2883344,3,DNS,HLE,DNS,HLE,Blue,Peter,Rell,Aatrox,SUP,10,20.0,2.0,False,Loss
2883345,1,DK,GEN,DK,GEN,Blue,Siwoo,Ambessa,Ryze,TOP,1,7.0,1.0,False,Loss
2883345,1,DK,GEN,GEN,DK,Red,Kiin,Gwen,Varus,TOP,2,8.0,1.0,True,Win
2883345,1,DK,GEN,GEN,DK,Red,Canyon,XinZhao,Xin Zhao,JGL,3,9.0,1.0,True,Win
2883345,1,DK,GEN,DK,GEN,Blue,Lucid,JarvanIV,Jarvan IV,JGL,4,10.0,1.0,False,Loss
2883345,1,DK,GEN,DK,GEN,Blue,ShowMaker,Ryze,Corki,MID,5,11.0,1.0,False,Loss
2883345,1,DK,GEN,GEN,DK,Red,Chovy,Anivia,Anivia,MID,6,12.0,1.0,True,Win
2883345,1,DK,GEN,GEN,DK,Red,Ruler,Varus,Bard,BOT,7,17.0,2.0,True,Win
2883345,1,DK,GEN,DK,GEN,Blue,Smash,Corki,Ambessa,BOT,8,18.0,2.0,False,Loss
2883345,1,DK,GEN,DK,GEN,Blue,Career,Nami,Nami,SUP,9,19.0,2.0,False,Loss
2883345,1,DK,GEN,GEN,DK,Red,Duro,Bard,Gwen,SUP,10,20.0,2.0,True,Win
2883345,2,GEN,DK,GEN,DK,Blue,Kiin,Rumble,Rumble,TOP,1,7.0,1.0,True,Win
2883345,2,GEN,DK,DK,GEN,Red,Siwoo,Sion,Vi,TOP,2,8.0,1.0,False,Loss
2883345,2,GEN,DK,DK,GEN,Red,Lucid,Vi,Yunara,JGL,3,9.0,1.0,False,Loss
2883345,2,GEN,DK,GEN,DK,Blue,Canyon,MonkeyKing,Wukong,JGL,4,10.0,1.0,True,Win
2883345,2,GEN,DK,GEN,DK,Blue,Chovy,Galio,Galio,MID,5,11.0,1.0,True,Win
2883345,2,GEN,DK,DK,GEN,Red,ShowMaker,Syndra,Lulu,MID,6,12.0,1.0,False,Loss
2883345,2,GEN,DK,DK,GEN,Red,Smash,Yunara,Sion,BOT,7,17.0,2.0,False,Loss
2883345,2,GEN,DK,GEN,DK,Blue,Ruler,Ashe,Ashe,BOT,8,18.0,2.0,True,Win
2883345,2,GEN,DK,GEN,DK,Blue,Duro,Seraphine,Seraphine,SUP,9,19.0,2.0,True,Win
2883345,2,GEN,DK,DK,GEN,Red,Career,Lulu,Syndra,SUP,10,20.0,2.0,False,Loss
2883346,1,BFX,T1,T1,BFX,Red,Doran,Jayce,Jayce,TOP,1,7.0,1.0,True,Win
2883346,1,BFX,T1,BFX,T1,Blue,Clear,Rumble,Rumble,TOP,2,8.0,1.0,False,Loss
2883346,1,BFX,T1,BFX,T1,Blue,Raptor,Nocturne,Varus,JGL,3,9.0,1.0,False,Loss
2883346,1,BFX,T1,T1,BFX,Red,Oner,Vi,Ryze,JGL,4,10.0,1.0,True,Win
2883346,1,BFX,T1,T1,BFX,Red,Faker,Ryze,Vi,MID,5,11.0,1.0,True,Win
2883346,1,BFX,T1,BFX,T1,Blue,VicLa,Taliyah,Taliyah,MID,6,12.0,1.0,False,Loss
2883346,1,BFX,T1,BFX,T1,Blue,Diable,Varus,Neeko,BOT,7,17.0,2.0,False,Loss
2883346,1,BFX,T1,T1,BFX,Red,Peyz,Corki,Corki,BOT,8,18.0,2.0,True,Win
2883346,1,BFX,T1,T1,BFX,Red,Keria,Nami,Nami,SUP,9,19.0,2.0,True,Win
2883346,1,BFX,T1,BFX,T1,Blue,Kellin,Neeko,Nocturne,SUP,10,20.0,2.0,False,Loss
2883346,2,T1,BFX,T1,BFX,Blue,Doran,Aurora,Xin Zhao,TOP,1,7.0,1.0,False,Loss
2883346,2,T1,BFX,BFX,T1,Red,Clear,Sion,Lucian,TOP,2,8.0,1.0,True,Win
2883346,2,T1,BFX,BFX,T1,Red,Raptor,JarvanIV,Jarvan IV,JGL,3,9.0,1.0,True,Win
2883346,2,T1,BFX,T1,BFX,Blue,Oner,XinZhao,Aphelios,JGL,4,10.0,1.0,False,Loss
2883346,2,T1,BFX,T1,BFX,Blue,Faker,Yone,Thresh,MID,5,11.0,1.0,False,Loss
2883346,2,T1,BFX,BFX,T1,Red,VicLa,Syndra,Milio,MID,6,12.0,1.0,True,Win
2883346,2,T1,BFX,BFX,T1,Red,Diable,Lucian,Sion,BOT,7,17.0,2.0,True,Win
2883346,2,T1,BFX,T1,BFX,Blue,Peyz,Aphelios,Aurora,BOT,8,18.0,2.0,False,Loss
2883346,2,T1,BFX,T1,BFX,Blue,Keria,Thresh,Yone,SUP,9,19.0,2.0,False,Loss
2883346,2,T1,BFX,BFX,T1,Red,Kellin,Milio,Syndra,SUP,10,20.0,2.0,True,Win
2883346,3,BFX,T1,T1,BFX,Red,Doran,KSante,Pantheon,TOP,1,7.0,1.0,True,Win
2883346,3,BFX,T1,BFX,T1,Blue,Clear,Gnar,Qiyana,TOP,2,8.0,1.0,False,Loss
2883346,3,BFX,T1,BFX,T1,Blue,Raptor,Qiyana,Ezreal,JGL,3,9.0,1.0,False,Loss
2883346,3,BFX,T1,T1,BFX,Red,Oner,Pantheon,K'Sante,JGL,4,10.0,1.0,True,Win
2883346,3,BFX,T1,T1,BFX,Red,Faker,Galio,Bard,MID,5,11.0,1.0,True,Win
2883346,3,BFX,T1,BFX,T1,Blue,VicLa,Ahri,Gnar,MID,6,12.0,1.0,False,Loss
2883346,3,BFX,T1,BFX,T1,Blue,Diable,Ezreal,Rell,BOT,7,17.0,2.0,False,Loss
2883346,3,BFX,T1,T1,BFX,Red,Peyz,Kaisa,Galio,BOT,8,18.0,2.0,True,Win
2883346,3,BFX,T1,T1,BFX,Red,Keria,Bard,Kai'Sa,SUP,9,19.0,2.0,True,Win
2883346,3,BFX,T1,BFX,T1,Blue,Kellin,Rell,Ahri,SUP,10,20.0,2.0,False,Loss
2883354,1,BRO,DRX,DRX,BRO,Red,Rich,Ambessa,Orianna,TOP,1,7.0,1.0,True,Win
2883354,1,BRO,DRX,BRO,DRX,Blue,Casting,Rumble,Rumble,TOP,2,8.0,1.0,False,Loss
2883354,1,BRO,DRX,BRO,DRX,Blue,GIDEON,Pantheon,Pantheon,JGL,3,9.0,1.0,False,Loss
2883354,1,BRO,DRX,DRX,BRO,Red,Willer,XinZhao,Xin Zhao,JGL,4,10.0,1.0,True,Win
2883354,1,BRO,DRX,DRX,BRO,Red,Ucal,Orianna,Yunara,MID,5,11.0,1.0,True,Win
2883354,1,BRO,DRX,BRO,DRX,Blue,Roamer,Ryze,Corki,MID,6,12.0,1.0,False,Loss
2883354,1,BRO,DRX,BRO,DRX,Blue,Teddy,Corki,Alistar,BOT,7,17.0,2.0,False,Loss
2883354,1,BRO,DRX,DRX,BRO,Red,Jiwoo,Yunara,Nautilus,BOT,8,18.0,2.0,True,Win
2883354,1,BRO,DRX,DRX,BRO,Red,Andil,Nautilus,Ambessa,SUP,9,19.0,2.0,True,Win
2883354,1,BRO,DRX,BRO,DRX,Blue,Namgung,Alistar,Ryze,SUP,10,20.0,2.0,False,Loss
2883354,2,DRX,BRO,DRX,BRO,Blue,Rich,Gwen,Azir,TOP,1,7.0,1.0,False,Loss
2883354,2,DRX,BRO,BRO,DRX,Red,Casting,Aurora,Vi,TOP,2,8.0,1.0,True,Win
2883354,2,DRX,BRO,BRO,DRX,Red,GIDEON,Vi,Taliyah,JGL,3,9.0,1.0,True,Win
2883354,2,DRX,BRO,DRX,BRO,Blue,Willer,JarvanIV,Jarvan IV,JGL,4,10.0,1.0,False,Loss
2883354,2,DRX,BRO,DRX,BRO,Blue,Ucal,Azir,Gwen,MID,5,11.0,1.0,False,Loss
2883354,2,DRX,BRO,BRO,DRX,Red,Roamer,Taliyah,Aurora,MID,6,12.0,1.0,True,Win
2883354,2,DRX,BRO,BRO,DRX,Red,Teddy,Ezreal,Ezreal,BOT,7,17.0,2.0,True,Win
2883354,2,DRX,BRO,DRX,BRO,Blue,Jiwoo,Xayah,Xayah,BOT,8,18.0,2.0,False,Loss
2883354,2,DRX,BRO,DRX,BRO,Blue,Andil,Rakan,Rakan,SUP,9,19.0,2.0,False,Loss
2883354,2,DRX,BRO,BRO,DRX,Red,Namgung,Elise,Elise,SUP,10,20.0,2.0,True,Win
2883354,3,BRO,DRX,DRX,BRO,Red,Rich,KSante,Zaahen,TOP,1,7.0,1.0,True,Win
2883354,3,BRO,DRX,BRO,DRX,Blue,Casting,Aatrox,Aphelios,TOP,2,8.0,1.0,False,Loss
2883354,3,BRO,DRX,BRO,DRX,Blue,GIDEON,MonkeyKing,Aatrox,JGL,3,9.0,1.0,False,Loss
2883354,3,BRO,DRX,DRX,BRO,Red,Willer,Zaahen,Lucian,JGL,4,10.0,1.0,True,Win
2883354,3,BRO,DRX,DRX,BRO,Red,Ucal,Galio,Galio,MID,5,11.0,1.0,True,Win
2883354,3,BRO,DRX,BRO,DRX,Blue,Roamer,Cassiopeia,Lulu,MID,6,12.0,1.0,False,Loss
2883354,3,BRO,DRX,BRO,DRX,Blue,Teddy,Aphelios,Wukong,BOT,7,17.0,2.0,False,Loss
2883354,3,BRO,DRX,DRX,BRO,Red,Jiwoo,Lucian,K'Sante,BOT,8,18.0,2.0,True,Win
2883354,3,BRO,DRX,DRX,BRO,Red,Andil,Sona,Sona,SUP,9,19.0,2.0,True,Win
2883354,3,BRO,DRX,BRO,DRX,Blue,Namgung,Lulu,Cassiopeia,SUP,10,20.0,2.0,False,Loss
2883355,1,DNS,KT,KT,DNS,Red,PerfecT,Renekton,Vi,TOP,1,7.0,1.0,False,Loss
2883355,1,DNS,KT,DNS,KT,Blue,DuDu,Gwen,Neeko,TOP,2,8.0,1.0,True,Win
2883355,1,DNS,KT,DNS,KT,Blue,Pyosik,Ambessa,Ambessa,JGL,3,9.0,1.0,True,Win
2883355,1,DNS,KT,KT,DNS,Red,Cuzz,Vi,Renekton,JGL,4,10.0,1.0,False,Loss
2883355,1,DNS,KT,KT,DNS,Red,Bdd,Azir,Azir,MID,5,11.0,1.0,False,Loss
2883355,1,DNS,KT,DNS,KT,Blue,Clozer,Akali,Akali,MID,6,12.0,1.0,True,Win
2883355,1,DNS,KT,DNS,KT,Blue,deokdam,Ezreal,Gwen,BOT,7,17.0,2.0,True,Win
2883355,1,DNS,KT,KT,DNS,Red,Aiming,Corki,Corki,BOT,8,18.0,2.0,False,Loss
2883355,1,DNS,KT,KT,DNS,Red,Ghost,Nami,Nami,SUP,9,19.0,2.0,False,Loss
2883355,1,DNS,KT,DNS,KT,Blue,Peter,Neeko,Ezreal,SUP,10,20.0,2.0,True,Win
2883355,2,DNS,KT,KT,DNS,Red,PerfecT,Sion,Jayce,TOP,1,7.0,1.0,False,Loss
2883355,2,DNS,KT,DNS,KT,Blue,DuDu,RekSai,Ryze,TOP,2,8.0,1.0,True,Win
2883355,2,DNS,KT,DNS,KT,Blue,Pyosik,LeeSin,Yunara,JGL,3,9.0,1.0,True,Win
2883355,2,DNS,KT,KT,DNS,Red,Cuzz,Jayce,Sion,JGL,4,10.0,1.0,False,Loss
2883355,2,DNS,KT,KT,DNS,Red,Bdd,Taliyah,Taliyah,MID,5,11.0,1.0,False,Loss
2883355,2,DNS,KT,DNS,KT,Blue,Clozer,Ryze,Lee Sin,MID,6,12.0,1.0,True,Win
2883355,2,DNS,KT,DNS,KT,Blue,deokdam,Yunara,Rek'Sai,BOT,7,17.0,2.0,True,Win
2883355,2,DNS,KT,KT,DNS,Red,Aiming,Caitlyn,Caitlyn,BOT,8,18.0,2.0,False,Loss
2883355,2,DNS,KT,KT,DNS,Red,Ghost,Bard,Bard,SUP,9,19.0,2.0,False,Loss
2883355,2,DNS,KT,DNS,KT,Blue,Peter,Rell,Rell,SUP,10,20.0,2.0,True,Win
2883356,1,DK,DRX,DRX,DK,Red,Rich,Rumble,Rumble,TOP,1,7.0,1.0,False,Loss
2883356,1,DK,DRX,DK,DRX,Blue,Siwoo,Ornn,Jarvan IV,TOP,2,8.0,1.0,True,Win
2883356,1,DK,DRX,DK,DRX,Blue,Lucid,JarvanIV,Yunara,JGL,3,9.0,1.0,True,Win
2883356,1,DK,DRX,DRX,DK,Red,Willer,XinZhao,Xin Zhao,JGL,4,10.0,1.0,False,Loss
2883356,1,DK,DRX,DRX,DK,Red,Ucal,Taliyah,Corki,MID,5,11.0,1.0,False,Loss
2883356,1,DK,DRX,DK,DRX,Blue,ShowMaker,Ahri,Lulu,MID,6,12.0,1.0,True,Win
2883356,1,DK,DRX,DK,DRX,Blue,Smash,Yunara,Ornn,BOT,7,17.0,2.0,True,Win
2883356,1,DK,DRX,DRX,DK,Red,Jiwoo,Corki,Neeko,BOT,8,18.0,2.0,False,Loss
2883356,1,DK,DRX,DRX,DK,Red,Andil,Neeko,Taliyah,SUP,9,19.0,2.0,False,Loss
2883356,1,DK,DRX,DK,DRX,Blue,Career,Lulu,Ahri,SUP,10,20.0,2.0,True,Win
2883356,2,DK,DRX,DRX,DK,Red,Rich,Sion,Ambessa,TOP,1,7.0,1.0,False,Loss
2883356,2,DK,DRX,DK,DRX,Blue,Siwoo,Kennen,Pantheon,TOP,2,8.0,1.0,True,Win
2883356,2,DK,DRX,DK,DRX,Blue,Lucid,Pantheon,Lucian,JGL,3,9.0,1.0,True,Win
2883356,2,DK,DRX,DRX,DK,Red,Willer,Ambessa,Aurora,JGL,4,10.0,1.0,False,Loss
2883356,2,DK,DRX,DRX,DK,Red,Ucal,Aurora,Nautilus,MID,5,11.0,1.0,False,Loss
2883356,2,DK,DRX,DK,DRX,Blue,ShowMaker,Cassiopeia,Braum,MID,6,12.0,1.0,True,Win
2883356,2,DK,DRX,DK,DRX,Blue,Smash,Lucian,Kennen,BOT,7,17.0,2.0,True,Win
2883356,2,DK,DRX,DRX,DK,Red,Jiwoo,Ezreal,Sion,BOT,8,18.0,2.0,False,Loss
2883356,2,DK,DRX,DRX,DK,Red,Andil,Nautilus,Ezreal,SUP,9,19.0,2.0,False,Loss
2883356,2,DK,DRX,DK,DRX,Blue,Career,Braum,Cassiopeia,SUP,10,20.0,2.0,True,Win
2883357,1,DNS,NS,NS,DNS,Red,Kingen,Ambessa,Ryze,TOP,1,7.0,1.0,True,Win
2883357,1,DNS,NS,DNS,NS,Blue,DuDu,RekSai,Jayce,TOP,2,8.0,1.0,False,Loss
2883357,1,DNS,NS,DNS,NS,Blue,Pyosik,Jayce,Anivia,JGL,3,9.0,1.0,False,Loss
2883357,1,DNS,NS,NS,DNS,Red,Sponge,JarvanIV,Jarvan IV,JGL,4,10.0,1.0,True,Win
2883357,1,DNS,NS,NS,DNS,Red,Scout,Ryze,Yunara,MID,5,11.0,1.0,True,Win
2883357,1,DNS,NS,DNS,NS,Blue,Clozer,Anivia,Corki,MID,6,12.0,1.0,False,Loss
2883357,1,DNS,NS,DNS,NS,Blue,deokdam,Corki,Nautilus,BOT,7,17.0,2.0,False,Loss
2883357,1,DNS,NS,NS,DNS,Red,Taeyoon,Yunara,Ambessa,BOT,8,18.0,2.0,True,Win
2883357,1,DNS,NS,NS,DNS,Red,Lehends,Leona,Leona,SUP,9,19.0,2.0,True,Win
2883357,1,DNS,NS,DNS,NS,Blue,Peter,Nautilus,Rek'Sai,SUP,10,20.0,2.0,False,Loss
2883357,2,NS,DNS,DNS,NS,Red,DuDu,Rumble,Rumble,TOP,1,7.0,1.0,True,Win
2883357,2,NS,DNS,NS,DNS,Blue,Kingen,KSante,Vi,TOP,2,8.0,1.0,False,Loss
2883357,2,NS,DNS,NS,DNS,Blue,Sponge,Vi,K'Sante,JGL,3,9.0,1.0,False,Loss
2883357,2,NS,DNS,DNS,NS,Red,Pyosik,MonkeyKing,Wukong,JGL,4,10.0,1.0,True,Win
2883357,2,NS,DNS,DNS,NS,Red,Clozer,Ahri,Ahri,MID,5,11.0,1.0,True,Win
2883357,2,NS,DNS,NS,DNS,Blue,Scout,Akali,Akali,MID,6,12.0,1.0,False,Loss
2883357,2,NS,DNS,NS,DNS,Blue,Taeyoon,Lucian,Lucian,BOT,7,17.0,2.0,False,Loss
2883357,2,NS,DNS,DNS,NS,Red,deokdam,Xayah,Xayah,BOT,8,18.0,2.0,True,Win
2883357,2,NS,DNS,DNS,NS,Red,Peter,Rakan,Rakan,SUP,9,19.0,2.0,True,Win
2883357,2,NS,DNS,NS,DNS,Blue,Lehends,Nami,Nami,SUP,10,20.0,2.0,False,Loss
2883357,3,DNS,NS,NS,DNS,Red,Kingen,Sion,Azir,TOP,1,7.0,1.0,False,Loss
2883357,3,DNS,NS,DNS,NS,Blue,DuDu,Gwen,Orianna,TOP,2,8.0,1.0,True,Win
2883357,3,DNS,NS,DNS,NS,Blue,Pyosik,LeeSin,Lee Sin,JGL,3,9.0,1.0,True,Win
2883357,3,DNS,NS,NS,DNS,Red,Sponge,XinZhao,Xin Zhao,JGL,4,10.0,1.0,False,Loss
2883357,3,DNS,NS,NS,DNS,Red,Scout,Azir,Sion,MID,5,11.0,1.0,False,Loss
2883357,3,DNS,NS,DNS,NS,Blue,Clozer,Orianna,Gwen,MID,6,12.0,1.0,True,Win
2883357,3,DNS,NS,DNS,NS,Blue,deokdam,Ezreal,Ezreal,BOT,7,17.0,2.0,True,Win
2883357,3,DNS,NS,NS,DNS,Red,Taeyoon,Kaisa,Kai'Sa,BOT,8,18.0,2.0,False,Loss
2883357,3,DNS,NS,NS,DNS,Red,Lehends,Alistar,Alistar,SUP,9,19.0,2.0,False,Loss
2883357,3,DNS,NS,DNS,NS,Blue,Peter,Rell,Rell,SUP,10,20.0,2.0,True,Win
2883358,1,NS,DRX,DRX,NS,Red,Rich,Gwen,Yunara,TOP,1,7.0,1.0,True,Win
2883358,1,NS,DRX,NS,DRX,Blue,Kingen,Ambessa,Ambessa,TOP,2,8.0,1.0,False,Loss
2883358,1,NS,DRX,NS,DRX,Blue,Sponge,Malphite,Orianna,JGL,3,9.0,1.0,False,Loss
2883358,1,NS,DRX,DRX,NS,Red,Willer,Pantheon,Azir,JGL,4,10.0,1.0,True,Win
2883358,1,NS,DRX,DRX,NS,Red,Ucal,Azir,Nautilus,MID,5,11.0,1.0,True,Win
2883358,1,NS,DRX,NS,DRX,Blue,Scout,Orianna,Malphite,MID,6,12.0,1.0,False,Loss
2883358,1,NS,DRX,NS,DRX,Blue,Taeyoon,Lucian,Lucian,BOT,7,17.0,2.0,False,Loss
2883358,1,NS,DRX,DRX,NS,Red,Jiwoo,Yunara,Pantheon,BOT,8,18.0,2.0,True,Win
2883358,1,NS,DRX,DRX,NS,Red,Andil,Nautilus,Gwen,SUP,9,19.0,2.0,True,Win
2883358,1,NS,DRX,NS,DRX,Blue,Lehends,Braum,Braum,SUP,10,20.0,2.0,False,Loss
2883358,2,DRX,NS,NS,DRX,Red,Kingen,Sion,Vi,TOP,1,7.0,1.0,False,Loss
2883358,2,DRX,NS,DRX,NS,Blue,Rich,KSante,Corki,TOP,2,8.0,1.0,True,Win
2883358,2,DRX,NS,DRX,NS,Blue,Willer,JarvanIV,Jarvan IV,JGL,3,9.0,1.0,True,Win
2883358,2,DRX,NS,NS,DRX,Red,Sponge,Vi,Sion,JGL,4,10.0,1.0,False,Loss
2883358,2,DRX,NS,NS,DRX,Red,Scout,Taliyah,Taliyah,MID,5,11.0,1.0,False,Loss
2883358,2,DRX,NS,DRX,NS,Blue,Ucal,Syndra,K'Sante,MID,6,12.0,1.0,True,Win
2883358,2,DRX,NS,DRX,NS,Blue,Jiwoo,Corki,Syndra,BOT,7,17.0,2.0,True,Win
2883358,2,DRX,NS,NS,DRX,Red,Taeyoon,Ezreal,Ezreal,BOT,8,18.0,2.0,False,Loss
2883358,2,DRX,NS,NS,DRX,Red,Lehends,Leona,Leona,SUP,9,19.0,2.0,False,Loss
2883358,2,DRX,NS,DRX,NS,Blue,Andil,Alistar,Alistar,SUP,10,20.0,2.0,True,Win
2883358,3,DRX,NS,NS,DRX,Red,Kingen,Renekton,Varus,TOP,1,7.0,1.0,False,Loss
2883358,3,DRX,NS,DRX,NS,Blue,Rich,Gnar,Xin Zhao,TOP,2,8.0,1.0,True,Win
2883358,3,DRX,NS,DRX,NS,Blue,Willer,XinZhao,Aurora,JGL,3,9.0,1.0,True,Win
2883358,3,DRX,NS,NS,DRX,Red,Sponge,MonkeyKing,Viktor,JGL,4,10.0,1.0,False,Loss
2883358,3,DRX,NS,NS,DRX,Red,Scout,Viktor,Wukong,MID,5,11.0,1.0,False,Loss
2883358,3,DRX,NS,DRX,NS,Blue,Ucal,Aurora,Sivir,MID,6,12.0,1.0,True,Win
2883358,3,DRX,NS,DRX,NS,Blue,Jiwoo,Sivir,Karma,BOT,7,17.0,2.0,True,Win
2883358,3,DRX,NS,NS,DRX,Red,Taeyoon,Varus,Renekton,BOT,8,18.0,2.0,False,Loss
2883358,3,DRX,NS,NS,DRX,Red,Lehends,Renata,Renata Glasc,SUP,9,19.0,2.0,False,Loss
2883358,3,DRX,NS,DRX,NS,Blue,Andil,Karma,Gnar,SUP,10,20.0,2.0,True,Win
2883359,1,DNS,BFX,BFX,DNS,Red,Clear,Aurora,Azir,TOP,1,7.0,1.0,False,Loss
2883359,1,DNS,BFX,DNS,BFX,Blue,DuDu,Ambessa,Orianna,TOP,2,8.0,1.0,True,Win
2883359,1,DNS,BFX,DNS,BFX,Blue,Pyosik,Nocturne,Nocturne,JGL,3,9.0,1.0,True,Win
2883359,1,DNS,BFX,BFX,DNS,Red,Raptor,JarvanIV,Jarvan IV,JGL,4,10.0,1.0,False,Loss
2883359,1,DNS,BFX,BFX,DNS,Red,VicLa,Azir,Bard,MID,5,11.0,1.0,False,Loss
2883359,1,DNS,BFX,DNS,BFX,Blue,Clozer,Orianna,Yunara,MID,6,12.0,1.0,True,Win
2883359,1,DNS,BFX,DNS,BFX,Blue,deokdam,Yunara,Ambessa,BOT,7,17.0,2.0,True,Win
2883359,1,DNS,BFX,BFX,DNS,Red,Diable,Ezreal,Aurora,BOT,8,18.0,2.0,False,Loss
2883359,1,DNS,BFX,BFX,DNS,Red,Kellin,Bard,Ezreal,SUP,9,19.0,2.0,False,Loss
2883359,1,DNS,BFX,DNS,BFX,Blue,Peter,Rakan,Rakan,SUP,10,20.0,2.0,True,Win
2883359,2,DNS,BFX,BFX,DNS,Red,Clear,Renekton,Ryze,TOP,1,7.0,1.0,True,Win
2883359,2,DNS,BFX,DNS,BFX,Blue,DuDu,Gnar,Corki,TOP,2,8.0,1.0,False,Loss
2883359,2,DNS,BFX,DNS,BFX,Blue,Pyosik,MonkeyKing,Cassiopeia,JGL,3,9.0,1.0,False,Loss
2883359,2,DNS,BFX,BFX,DNS,Red,Raptor,LeeSin,Renekton,JGL,4,10.0,1.0,True,Win
2883359,2,DNS,BFX,BFX,DNS,Red,VicLa,Ryze,Lee Sin,MID,5,11.0,1.0,True,Win
2883359,2,DNS,BFX,DNS,BFX,Blue,Clozer,Cassiopeia,Wukong,MID,6,12.0,1.0,False,Loss
2883359,2,DNS,BFX,DNS,BFX,Blue,deokdam,Corki,Gnar,BOT,7,17.0,2.0,False,Loss
2883359,2,DNS,BFX,BFX,DNS,Red,Diable,Sivir,Sivir,BOT,8,18.0,2.0,True,Win
2883359,2,DNS,BFX,BFX,DNS,Red,Kellin,Karma,Karma,SUP,9,19.0,2.0,True,Win
2883359,2,DNS,BFX,DNS,BFX,Blue,Peter,Alistar,Alistar,SUP,10,20.0,2.0,False,Loss
2883359,3,BFX,DNS,DNS,BFX,Red,DuDu,Gwen,Vi,TOP,1,7.0,1.0,False,Loss
2883359,3,BFX,DNS,BFX,DNS,Blue,Clear,KSante,K'Sante,TOP,2,8.0,1.0,True,Win
2883359,3,BFX,DNS,BFX,DNS,Blue,Raptor,Pantheon,Ahri,JGL,3,9.0,1.0,True,Win
2883359,3,BFX,DNS,DNS,BFX,Red,Pyosik,Vi,Gwen,JGL,4,10.0,1.0,False,Loss
2883359,3,BFX,DNS,DNS,BFX,Red,Clozer,Akali,Akali,MID,5,11.0,1.0,False,Loss
2883359,3,BFX,DNS,BFX,DNS,Blue,VicLa,Ahri,Poppy,MID,6,12.0,1.0,True,Win
2883359,3,BFX,DNS,BFX,DNS,Blue,Diable,Xayah,Xayah,BOT,7,17.0,2.0,True,Win
2883359,3,BFX,DNS,DNS,BFX,Red,deokdam,Jhin,Jhin,BOT,8,18.0,2.0,False,Loss
2883359,3,BFX,DNS,DNS,BFX,Red,Peter,Leona,Leona,SUP,9,19.0,2.0,False,Loss
2883359,3,BFX,DNS,BFX,DNS,Blue,Kellin,Poppy,Pantheon,SUP,10,20.0,2.0,True,Win
2883359,4,BFX,DNS,DNS,BFX,Red,DuDu,Zaahen,Neeko,TOP,1,7.0,1.0,True,Win
2883359,4,BFX,DNS,BFX,DNS,Blue,Clear,RekSai,Kalista,TOP,2,8.0,1.0,False,Loss
2883359,4,BFX,DNS,BFX,DNS,Blue,Raptor,XinZhao,Xin Zhao,JGL,3,9.0,1.0,False,Loss
2883359,4,BFX,DNS,DNS,BFX,Red,Pyosik,DrMundo,Zaahen,JGL,4,10.0,1.0,True,Win
2883359,4,BFX,DNS,DNS,BFX,Red,Clozer,Zoe,Caitlyn,MID,5,11.0,1.0,True,Win
2883359,4,BFX,DNS,BFX,DNS,Blue,VicLa,Taliyah,Renata Glasc,MID,6,12.0,1.0,False,Loss
2883359,4,BFX,DNS,BFX,DNS,Blue,Diable,Kalista,Taliyah,BOT,7,17.0,2.0,False,Loss
2883359,4,BFX,DNS,DNS,BFX,Red,deokdam,Caitlyn,Zoe,BOT,8,18.0,2.0,True,Win
2883359,4,BFX,DNS,DNS,BFX,Red,Peter,Neeko,Dr. Mundo,SUP,9,19.0,2.0,True,Win
2883359,4,BFX,DNS,BFX,DNS,Blue,Kellin,Renata,Rek'Sai,SUP,10,20.0,2.0,False,Loss
2883359,5,DNS,BFX,BFX,DNS,Red,Clear,Sion,Sion,TOP,1,7.0,1.0,True,Win
2883359,5,DNS,BFX,DNS,BFX,Blue,DuDu,Jax,Rell,TOP,2,8.0,1.0,False,Loss
2883359,5,DNS,BFX,DNS,BFX,Blue,Pyosik,Rammus,Miss Fortune,JGL,3,9.0,1.0,False,Loss
2883359,5,DNS,BFX,BFX,DNS,Red,Raptor,Zac,Aphelios,JGL,4,10.0,1.0,True,Win
2883359,5,DNS,BFX,BFX,DNS,Red,VicLa,Galio,Thresh,MID,5,11.0,1.0,True,Win
2883359,5,DNS,BFX,DNS,BFX,Blue,Clozer,Smolder,Jax,MID,6,12.0,1.0,False,Loss
2883359,5,DNS,BFX,DNS,BFX,Blue,deokdam,MissFortune,Rammus,BOT,7,17.0,2.0,False,Loss
2883359,5,DNS,BFX,BFX,DNS,Red,Diable,Aphelios,Galio,BOT,8,18.0,2.0,True,Win
2883359,5,DNS,BFX,BFX,DNS,Red,Kellin,Thresh,Zac,SUP,9,19.0,2.0,True,Win
2883359,5,DNS,BFX,DNS,BFX,Blue,Peter,Rell,Smolder,SUP,10,20.0,2.0,False,Loss
2883360,1,DK,DRX,DRX,DK,Red,Rich,Kennen,Orianna,TOP,1,7.0,1.0,True,Win
2883360,1,DK,DRX,DK,DRX,Blue,Siwoo,Jayce,Ambessa,TOP,2,8.0,1.0,False,Loss
2883360,1,DK,DRX,DK,DRX,Blue,Lucid,Ambessa,Bard,JGL,3,9.0,1.0,False,Loss
2883360,1,DK,DRX,DRX,DK,Red,Willer,XinZhao,Nautilus,JGL,4,10.0,1.0,True,Win
2883360,1,DK,DRX,DRX,DK,Red,Ucal,Orianna,Corki,MID,5,11.0,1.0,True,Win
2883360,1,DK,DRX,DK,DRX,Blue,ShowMaker,Azir,Azir,MID,6,12.0,1.0,False,Loss
2883360,1,DK,DRX,DK,DRX,Blue,Smash,Jhin,Jhin,BOT,7,17.0,2.0,False,Loss
2883360,1,DK,DRX,DRX,DK,Red,Jiwoo,Corki,Xin Zhao,BOT,8,18.0,2.0,True,Win
2883360,1,DK,DRX,DRX,DK,Red,Andil,Nautilus,Kennen,SUP,9,19.0,2.0,True,Win
2883360,1,DK,DRX,DK,DRX,Blue,Career,Bard,Jayce,SUP,10,20.0,2.0,False,Loss
2883360,2,DK,DRX,DRX,DK,Red,Rich,Aurora,Yunara,TOP,1,7.0,1.0,False,Loss
2883360,2,DK,DRX,DK,DRX,Blue,Siwoo,Gnar,Ashe,TOP,2,8.0,1.0,True,Win
2883360,2,DK,DRX,DK,DRX,Blue,Lucid,DrMundo,Dr. Mundo,JGL,3,9.0,1.0,True,Win
2883360,2,DK,DRX,DRX,DK,Red,Willer,Zaahen,Aurora,JGL,4,10.0,1.0,False,Loss
2883360,2,DK,DRX,DRX,DK,Red,Ucal,Sylas,Karma,MID,5,11.0,1.0,False,Loss
2883360,2,DK,DRX,DK,DRX,Blue,ShowMaker,Zoe,Seraphine,MID,6,12.0,1.0,True,Win
2883360,2,DK,DRX,DK,DRX,Blue,Smash,Ashe,Gnar,BOT,7,17.0,2.0,True,Win
2883360,2,DK,DRX,DRX,DK,Red,Jiwoo,Yunara,Sylas,BOT,8,18.0,2.0,False,Loss
2883360,2,DK,DRX,DRX,DK,Red,Andil,Karma,Zaahen,SUP,9,19.0,2.0,False,Loss
2883360,2,DK,DRX,DK,DRX,Blue,Career,Seraphine,Zoe,SUP,10,20.0,2.0,True,Win
2883360,3,DK,DRX,DRX,DK,Red,Rich,Renekton,Ryze,TOP,1,7.0,1.0,True,Win
2883360,3,DK,DRX,DK,DRX,Blue,Siwoo,KSante,Varus,TOP,2,8.0,1.0,False,Loss
2883360,3,DK,DRX,DK,DRX,Blue,Lucid,Nocturne,Nocturne,JGL,3,9.0,1.0,False,Loss
2883360,3,DK,DRX,DRX,DK,Red,Willer,Olaf,Sivir,JGL,4,10.0,1.0,True,Win
2883360,3,DK,DRX,DRX,DK,Red,Ucal,Ryze,Renekton,MID,5,11.0,1.0,True,Win
2883360,3,DK,DRX,DK,DRX,Blue,ShowMaker,Viktor,Alistar,MID,6,12.0,1.0,False,Loss
2883360,3,DK,DRX,DK,DRX,Blue,Smash,Varus,K'Sante,BOT,7,17.0,2.0,False,Loss
2883360,3,DK,DRX,DRX,DK,Red,Jiwoo,Sivir,Olaf,BOT,8,18.0,2.0,True,Win
2883360,3,DK,DRX,DRX,DK,Red,Andil,Poppy,Poppy,SUP,9,19.0,2.0,True,Win
2883360,3,DK,DRX,DK,DRX,Blue,Career,Alistar,Viktor,SUP,10,20.0,2.0,False,Loss
2883360,4,DK,DRX,DK,DRX,Blue,Siwoo,Jax,Vi,TOP,1,7.0,1.0,True,Win
2883360,4,DK,DRX,DRX,DK,Red,Rich,Sion,Galio,TOP,2,8.0,1.0,False,Loss
2883360,4,DK,DRX,DRX,DK,Red,Willer,Naafiri,Naafiri,JGL,3,9.0,1.0,False,Loss
2883360,4,DK,DRX,DK,DRX,Blue,Lucid,Vi,Jax,JGL,4,10.0,1.0,True,Win
2883360,4,DK,DRX,DK,DRX,Blue,ShowMaker,Taliyah,Taliyah,MID,5,11.0,1.0,True,Win
2883360,4,DK,DRX,DRX,DK,Red,Ucal,Galio,Sion,MID,6,12.0,1.0,False,Loss
2883360,4,DK,DRX,DRX,DK,Red,Jiwoo,Kalista,Kalista,BOT,7,17.0,2.0,False,Loss
2883360,4,DK,DRX,DK,DRX,Blue,Smash,Ziggs,Ziggs,BOT,8,18.0,2.0,True,Win
2883360,4,DK,DRX,DK,DRX,Blue,Career,Rakan,Rakan,SUP,9,19.0,2.0,True,Win
2883360,4,DK,DRX,DRX,DK,Red,Andil,Renata,Renata Glasc,SUP,10,20.0,2.0,False,Loss
2883360,5,DK,DRX,DRX,DK,Red,Rich,Rumble,Rumble,TOP,1,7.0,1.0,False,Loss
2883360,5,DK,DRX,DK,DRX,Blue,Siwoo,Gwen,Gwen,TOP,2,8.0,1.0,True,Win
2883360,5,DK,DRX,DK,DRX,Blue,Lucid,LeeSin,Lee Sin,JGL,3,9.0,1.0,True,Win
2883360,5,DK,DRX,DRX,DK,Red,Willer,Sejuani,Aphelios,JGL,4,10.0,1.0,False,Loss
2883360,5,DK,DRX,DRX,DK,Red,Ucal,Tristana,Lulu,MID,5,11.0,1.0,False,Loss
2883360,5,DK,DRX,DK,DRX,Blue,ShowMaker,TwistedFate,Twisted Fate,MID,6,12.0,1.0,True,Win
2883360,5,DK,DRX,DK,DRX,Blue,Smash,Jinx,Jinx,BOT,7,17.0,2.0,True,Win
2883360,5,DK,DRX,DRX,DK,Red,Jiwoo,Aphelios,Sejuani,BOT,8,18.0,2.0,False,Loss
2883360,5,DK,DRX,DRX,DK,Red,Andil,Lulu,Tristana,SUP,9,19.0,2.0,False,Loss
2883360,5,DK,DRX,DK,DRX,Blue,Career,Thresh,Thresh,SUP,10,20.0,2.0,True,Win
2883361,1,BFX,T1,T1,BFX,Red,Doran,Ornn,Azir,TOP,1,7.0,1.0,False,Loss
2883361,1,BFX,T1,BFX,T1,Blue,Clear,Rumble,Rumble,TOP,2,8.0,1.0,True,Win
2883361,1,BFX,T1,BFX,T1,Blue,Raptor,Pantheon,Pantheon,JGL,3,9.0,1.0,True,Win
2883361,1,BFX,T1,T1,BFX,Red,Oner,XinZhao,Ornn,JGL,4,10.0,1.0,False,Loss
2883361,1,BFX,T1,T1,BFX,Red,Faker,Azir,Xin Zhao,MID,5,11.0,1.0,False,Loss
2883361,1,BFX,T1,BFX,T1,Blue,VicLa,Orianna,Orianna,MID,6,12.0,1.0,True,Win
2883361,1,BFX,T1,BFX,T1,Blue,Diable,Aphelios,Aphelios,BOT,7,17.0,2.0,True,Win
2883361,1,BFX,T1,T1,BFX,Red,Peyz,Jinx,Jinx,BOT,8,18.0,2.0,False,Loss
2883361,1,BFX,T1,T1,BFX,Red,Keria,Thresh,Thresh,SUP,9,19.0,2.0,False,Loss
2883361,1,BFX,T1,BFX,T1,Blue,Kellin,Lulu,Lulu,SUP,10,20.0,2.0,True,Win
2883361,2,BFX,T1,T1,BFX,Red,Doran,RekSai,Varus,TOP,1,7.0,1.0,True,Win
2883361,2,BFX,T1,BFX,T1,Blue,Clear,Renekton,Jarvan IV,TOP,2,8.0,1.0,False,Loss
2883361,2,BFX,T1,BFX,T1,Blue,Raptor,JarvanIV,Ahri,JGL,3,9.0,1.0,False,Loss
2883361,2,BFX,T1,T1,BFX,Red,Oner,Ambessa,Ambessa,JGL,4,10.0,1.0,True,Win
2883361,2,BFX,T1,T1,BFX,Red,Faker,Sylas,Sylas,MID,5,11.0,1.0,True,Win
2883361,2,BFX,T1,BFX,T1,Blue,VicLa,Ahri,Renekton,MID,6,12.0,1.0,False,Loss
2883361,2,BFX,T1,BFX,T1,Blue,Diable,Sivir,Sivir,BOT,7,17.0,2.0,False,Loss
2883361,2,BFX,T1,T1,BFX,Red,Peyz,Varus,Alistar,BOT,8,18.0,2.0,True,Win
2883361,2,BFX,T1,T1,BFX,Red,Keria,Alistar,Rek'Sai,SUP,9,19.0,2.0,True,Win
2883361,2,BFX,T1,BFX,T1,Blue,Kellin,Poppy,Poppy,SUP,10,20.0,2.0,False,Loss
2883361,3,T1,BFX,BFX,T1,Red,Clear,Ryze,Ryze,TOP,1,7.0,1.0,True,Win
2883361,3,T1,BFX,T1,BFX,Blue,Doran,Kennen,Anivia,TOP,2,8.0,1.0,False,Loss
2883361,3,T1,BFX,T1,BFX,Blue,Oner,MonkeyKing,Wukong,JGL,3,9.0,1.0,False,Loss
2883361,3,T1,BFX,BFX,T1,Red,Raptor,Maokai,Ashe,JGL,4,10.0,1.0,True,Win
2883361,3,T1,BFX,BFX,T1,Red,VicLa,Yone,Seraphine,MID,5,11.0,1.0,True,Win
2883361,3,T1,BFX,T1,BFX,Blue,Faker,Anivia,Kennen,MID,6,12.0,1.0,False,Loss
2883361,3,T1,BFX,T1,BFX,Blue,Peyz,Jhin,Jhin,BOT,7,17.0,2.0,False,Loss
2883361,3,T1,BFX,BFX,T1,Red,Diable,Ashe,Yone,BOT,8,18.0,2.0,True,Win
2883361,3,T1,BFX,BFX,T1,Red,Kellin,Seraphine,Maokai,SUP,9,19.0,2.0,True,Win
2883361,3,T1,BFX,T1,BFX,Blue,Keria,Rakan,Rakan,SUP,10,20.0,2.0,False,Loss
2883361,4,BFX,T1,BFX,T1,Blue,Clear,Gnar,Lucian,TOP,1,7.0,1.0,True,Win
2883361,4,BFX,T1,T1,BFX,Red,Doran,Jax,Aurora,TOP,2,8.0,1.0,False,Loss
2883361,4,BFX,T1,T1,BFX,Red,Oner,Malphite,Yunara,JGL,3,9.0,1.0,False,Loss
2883361,4,BFX,T1,BFX,T1,Blue,Raptor,Trundle,Milio,JGL,4,10.0,1.0,True,Win
2883361,4,BFX,T1,BFX,T1,Blue,VicLa,TwistedFate,Twisted Fate,MID,5,11.0,1.0,True,Win
2883361,4,BFX,T1,T1,BFX,Red,Faker,Aurora,Nautilus,MID,6,12.0,1.0,False,Loss
2883361,4,BFX,T1,T1,BFX,Red,Peyz,Yunara,Malphite,BOT,7,17.0,2.0,False,Loss
2883361,4,BFX,T1,BFX,T1,Blue,Diable,Lucian,Gnar,BOT,8,18.0,2.0,True,Win
2883361,4,BFX,T1,BFX,T1,Blue,Kellin,Milio,Trundle,SUP,9,19.0,2.0,True,Win
2883361,4,BFX,T1,T1,BFX,Red,Keria,Nautilus,Jax,SUP,10,20.0,2.0,False,Loss
2883362,1,DK,GEN,GEN,DK,Red,Kiin,Rumble,Rumble,TOP,1,7.0,1.0,True,Win
2883362,1,DK,GEN,DK,GEN,Blue,Siwoo,Ornn,Azir,TOP,2,8.0,1.0,False,Loss
2883362,1,DK,GEN,DK,GEN,Blue,Lucid,JarvanIV,Jarvan IV,JGL,3,9.0,1.0,False,Loss
2883362,1,DK,GEN,GEN,DK,Red,Canyon,Vi,Vi,JGL,4,10.0,1.0,True,Win
2883362,1,DK,GEN,GEN,DK,Red,Chovy,Taliyah,Taliyah,MID,5,11.0,1.0,True,Win
2883362,1,DK,GEN,DK,GEN,Blue,ShowMaker,Azir,Ornn,MID,6,12.0,1.0,False,Loss
2883362,1,DK,GEN,DK,GEN,Blue,Smash,Ezreal,Ezreal,BOT,7,17.0,2.0,False,Loss
2883362,1,DK,GEN,GEN,DK,Red,Ruler,Jhin,Jhin,BOT,8,18.0,2.0,True,Win
2883362,1,DK,GEN,GEN,DK,Red,Duro,Rakan,Rakan,SUP,9,19.0,2.0,True,Win
2883362,1,DK,GEN,DK,GEN,Blue,Career,Yuumi,Yuumi,SUP,10,20.0,2.0,False,Loss
2883362,2,DK,GEN,DK,GEN,Blue,Siwoo,Gwen,Yunara,TOP,1,7.0,1.0,True,Win
2883362,2,DK,GEN,GEN,DK,Red,Kiin,Jayce,Corki,TOP,2,8.0,1.0,False,Loss
2883362,2,DK,GEN,GEN,DK,Red,Canyon,XinZhao,Xin Zhao,JGL,3,9.0,1.0,False,Loss
2883362,2,DK,GEN,DK,GEN,Blue,Lucid,MonkeyKing,Wukong,JGL,4,10.0,1.0,True,Win
2883362,2,DK,GEN,DK,GEN,Blue,ShowMaker,Cassiopeia,Gwen,MID,5,11.0,1.0,True,Win
2883362,2,DK,GEN,GEN,DK,Red,Chovy,Ahri,Ahri,MID,6,12.0,1.0,False,Loss
2883362,2,DK,GEN,GEN,DK,Red,Ruler,Corki,Jayce,BOT,7,17.0,2.0,False,Loss
2883362,2,DK,GEN,DK,GEN,Blue,Smash,Yunara,Lulu,BOT,8,18.0,2.0,True,Win
2883362,2,DK,GEN,DK,GEN,Blue,Career,Lulu,Cassiopeia,SUP,9,19.0,2.0,True,Win
2883362,2,DK,GEN,GEN,DK,Red,Duro,Nami,Nami,SUP,10,20.0,2.0,False,Loss
2883362,3,DK,GEN,GEN,DK,Red,Kiin,Zaahen,Ryze,TOP,1,7.0,1.0,True,Win
2883362,3,DK,GEN,DK,GEN,Blue,Siwoo,Jax,Ashe,TOP,2,8.0,1.0,False,Loss
2883362,3,DK,GEN,DK,GEN,Blue,Lucid,DrMundo,Dr. Mundo,JGL,3,9.0,1.0,False,Loss
2883362,3,DK,GEN,GEN,DK,Red,Canyon,Pantheon,Pantheon,JGL,4,10.0,1.0,True,Win
2883362,3,DK,GEN,GEN,DK,Red,Chovy,Ryze,Zaahen,MID,5,11.0,1.0,True,Win
2883362,3,DK,GEN,DK,GEN,Blue,ShowMaker,Malzahar,Seraphine,MID,6,12.0,1.0,False,Loss
2883362,3,DK,GEN,DK,GEN,Blue,Smash,Ashe,Jax,BOT,7,17.0,2.0,False,Loss
2883362,3,DK,GEN,GEN,DK,Red,Ruler,Kalista,Kalista,BOT,8,18.0,2.0,True,Win
2883362,3,DK,GEN,GEN,DK,Red,Duro,Renata,Renata Glasc,SUP,9,19.0,2.0,True,Win
2883362,3,DK,GEN,DK,GEN,Blue,Career,Seraphine,Malzahar,SUP,10,20.0,2.0,False,Loss
2883362,4,GEN,DK,GEN,DK,Blue,Kiin,RekSai,Aurora,TOP,1,7.0,1.0,True,Win
2883362,4,GEN,DK,DK,GEN,Red,Siwoo,Sion,Sion,TOP,2,8.0,1.0,False,Loss
2883362,4,GEN,DK,DK,GEN,Red,Lucid,Aatrox,Aphelios,JGL,3,9.0,1.0,False,Loss
2883362,4,GEN,DK,GEN,DK,Blue,Canyon,Nocturne,Nocturne,JGL,4,10.0,1.0,True,Win
2883362,4,GEN,DK,GEN,DK,Blue,Chovy,Aurora,Rek'Sai,MID,5,11.0,1.0,True,Win
2883362,4,GEN,DK,DK,GEN,Red,ShowMaker,Anivia,Thresh,MID,6,12.0,1.0,False,Loss
2883362,4,GEN,DK,DK,GEN,Red,Smash,Aphelios,Aatrox,BOT,7,17.0,2.0,False,Loss
2883362,4,GEN,DK,GEN,DK,Blue,Ruler,MissFortune,Miss Fortune,BOT,8,18.0,2.0,True,Win
2883362,4,GEN,DK,GEN,DK,Blue,Duro,Rell,Rell,SUP,9,19.0,2.0,True,Win
2883362,4,GEN,DK,DK,GEN,Red,Career,Thresh,Anivia,SUP,10,20.0,2.0,False,Loss
2883363,1,DRX,DNS,DNS,DRX,Red,DuDu,Rumble,Rumble,TOP,1,7.0,1.0,True,Win
2883363,1,DRX,DNS,DRX,DNS,Blue,Rich,Ornn,Ambessa,TOP,2,8.0,1.0,False,Loss
2883363,1,DRX,DNS,DRX,DNS,Blue,Willer,Ambessa,Azir,JGL,3,9.0,1.0,False,Loss
2883363,1,DRX,DNS,DNS,DRX,Red,Pyosik,Pantheon,Pantheon,JGL,4,10.0,1.0,True,Win
2883363,1,DRX,DNS,DNS,DRX,Red,Clozer,Orianna,Orianna,MID,5,11.0,1.0,True,Win
2883363,1,DRX,DNS,DRX,DNS,Blue,Ucal,Azir,Ornn,MID,6,12.0,1.0,False,Loss
2883363,1,DRX,DNS,DRX,DNS,Blue,Jiwoo,Ezreal,Ezreal,BOT,7,17.0,2.0,False,Loss
2883363,1,DRX,DNS,DNS,DRX,Red,deokdam,Jhin,Jhin,BOT,8,18.0,2.0,True,Win
2883363,1,DRX,DNS,DNS,DRX,Red,Peter,Alistar,Alistar,SUP,9,19.0,2.0,True,Win
2883363,1,DRX,DNS,DRX,DNS,Blue,Andil,Nautilus,Nautilus,SUP,10,20.0,2.0,False,Loss
2883363,2,DNS,DRX,DRX,DNS,Red,Rich,Kennen,Xin Zhao,TOP,1,7.0,1.0,False,Loss
2883363,2,DNS,DRX,DNS,DRX,Blue,DuDu,Yorick,Varus,TOP,2,8.0,1.0,True,Win
2883363,2,DNS,DRX,DNS,DRX,Blue,Pyosik,MonkeyKing,Ahri,JGL,3,9.0,1.0,True,Win
2883363,2,DNS,DRX,DRX,DNS,Red,Willer,XinZhao,Sivir,JGL,4,10.0,1.0,False,Loss
2883363,2,DNS,DRX,DRX,DNS,Red,Ucal,Aurora,Aurora,MID,5,11.0,1.0,False,Loss
2883363,2,DNS,DRX,DNS,DRX,Blue,Clozer,Ahri,Wukong,MID,6,12.0,1.0,True,Win
2883363,2,DNS,DRX,DNS,DRX,Blue,deokdam,Varus,Rakan,BOT,7,17.0,2.0,True,Win
2883363,2,DNS,DRX,DRX,DNS,Red,Jiwoo,Sivir,Leona,BOT,8,18.0,2.0,False,Loss
2883363,2,DNS,DRX,DRX,DNS,Red,Andil,Leona,Kennen,SUP,9,19.0,2.0,False,Loss
2883363,2,DNS,DRX,DNS,DRX,Blue,Peter,Rakan,Yorick,SUP,10,20.0,2.0,True,Win
2883363,3,DNS,DRX,DNS,DRX,Blue,DuDu,Jax,Ryze,TOP,1,7.0,1.0,False,Loss
2883363,3,DNS,DRX,DRX,DNS,Red,Rich,Gnar,Gnar,TOP,2,8.0,1.0,True,Win
2883363,3,DNS,DRX,DRX,DNS,Red,Willer,Vi,Vi,JGL,3,9.0,1.0,True,Win
2883363,3,DNS,DRX,DNS,DRX,Blue,Pyosik,JarvanIV,Jarvan IV,JGL,4,10.0,1.0,False,Loss
2883363,3,DNS,DRX,DNS,DRX,Blue,Clozer,Ryze,Jax,MID,5,11.0,1.0,False,Loss
2883363,3,DNS,DRX,DRX,DNS,Red,Ucal,Taliyah,Taliyah,MID,6,12.0,1.0,True,Win
2883363,3,DNS,DRX,DRX,DNS,Red,Jiwoo,Kaisa,Neeko,BOT,7,17.0,2.0,True,Win
2883363,3,DNS,DRX,DNS,DRX,Blue,deokdam,Xayah,Xayah,BOT,8,18.0,2.0,False,Loss
2883363,3,DNS,DRX,DNS,DRX,Blue,Peter,Lulu,Lulu,SUP,9,19.0,2.0,False,Loss
2883363,3,DNS,DRX,DRX,DNS,Red,Andil,Neeko,Kai'Sa,SUP,10,20.0,2.0,True,Win
2883363,4,DRX,DNS,DRX,DNS,Blue,Rich,Jayce,Yunara,TOP,1,7.0,1.0,False,Loss
2883363,4,DRX,DNS,DNS,DRX,Red,DuDu,Renekton,Renekton,TOP,2,8.0,1.0,True,Win
2883363,4,DRX,DNS,DNS,DRX,Red,Pyosik,Naafiri,Corki,JGL,3,9.0,1.0,True,Win
2883363,4,DRX,DNS,DRX,DNS,Blue,Willer,DrMundo,Dr. Mundo,JGL,4,10.0,1.0,False,Loss
2883363,4,DRX,DNS,DRX,DNS,Blue,Ucal,TwistedFate,Jayce,MID,5,11.0,1.0,False,Loss
2883363,4,DRX,DNS,DNS,DRX,Red,Clozer,Viktor,Rell,MID,6,12.0,1.0,True,Win
2883363,4,DRX,DNS,DNS,DRX,Red,deokdam,Corki,Naafiri,BOT,7,17.0,2.0,True,Win
2883363,4,DRX,DNS,DRX,DNS,Blue,Jiwoo,Yunara,Twisted Fate,BOT,8,18.0,2.0,False,Loss
2883363,4,DRX,DNS,DRX,DNS,Blue,Andil,Karma,Karma,SUP,9,19.0,2.0,False,Loss
2883363,4,DRX,DNS,DNS,DRX,Red,Peter,Rell,Viktor,SUP,10,20.0,2.0,True,Win
2883364,1,DNS,DK,DK,DNS,Red,Siwoo,Ambessa,Ambessa,TOP,1,7.0,1.0,True,Win
2883364,1,DNS,DK,DNS,DK,Blue,DuDu,Gwen,Corki,TOP,2,8.0,1.0,False,Loss
2883364,1,DNS,DK,DNS,DK,Blue,Pyosik,Vi,Vi,JGL,3,9.0,1.0,False,Loss
2883364,1,DNS,DK,DK,DNS,Red,Lucid,XinZhao,Ezreal,JGL,4,10.0,1.0,True,Win
2883364,1,DNS,DK,DK,DNS,Red,ShowMaker,Azir,Azir,MID,5,11.0,1.0,True,Win
2883364,1,DNS,DK,DNS,DK,Blue,Clozer,Taliyah,Taliyah,MID,6,12.0,1.0,False,Loss
2883364,1,DNS,DK,DNS,DK,Blue,deokdam,Corki,Nautilus,BOT,7,17.0,2.0,False,Loss
2883364,1,DNS,DK,DK,DNS,Red,Smash,Ezreal,Xin Zhao,BOT,8,18.0,2.0,True,Win
2883364,1,DNS,DK,DK,DNS,Red,Career,Leona,Leona,SUP,9,19.0,2.0,True,Win
2883364,1,DNS,DK,DNS,DK,Blue,Peter,Nautilus,Gwen,SUP,10,20.0,2.0,False,Loss
2883364,2,DK,DNS,DNS,DK,Red,DuDu,Rumble,Rumble,TOP,1,7.0,1.0,False,Loss
2883364,2,DK,DNS,DK,DNS,Blue,Siwoo,KSante,Ryze,TOP,2,8.0,1.0,True,Win
2883364,2,DK,DNS,DK,DNS,Blue,Lucid,JarvanIV,Jarvan IV,JGL,3,9.0,1.0,True,Win
2883364,2,DK,DNS,DNS,DK,Red,Pyosik,Sejuani,Sejuani,JGL,4,10.0,1.0,False,Loss
2883364,2,DK,DNS,DNS,DK,Red,Clozer,Yone,Yone,MID,5,11.0,1.0,False,Loss
2883364,2,DK,DNS,DK,DNS,Blue,ShowMaker,Ryze,K'Sante,MID,6,12.0,1.0,True,Win
2883364,2,DK,DNS,DK,DNS,Blue,Smash,Aphelios,Aphelios,BOT,7,17.0,2.0,True,Win
2883364,2,DK,DNS,DNS,DK,Red,deokdam,Kalista,Kalista,BOT,8,18.0,2.0,False,Loss
2883364,2,DK,DNS,DNS,DK,Red,Peter,Renata,Renata Glasc,SUP,9,19.0,2.0,False,Loss
2883364,2,DK,DNS,DK,DNS,Blue,Career,Lulu,Lulu,SUP,10,20.0,2.0,True,Win
2883364,3,DK,DNS,DK,DNS,Blue,Siwoo,Aurora,Aurora,TOP,1,7.0,1.0,False,Loss
2883364,3,DK,DNS,DNS,DK,Red,DuDu,Renekton,Varus,TOP,2,8.0,1.0,True,Win
2883364,3,DK,DNS,DNS,DK,Red,Pyosik,MonkeyKing,Wukong,JGL,3,9.0,1.0,True,Win
2883364,3,DK,DNS,DK,DNS,Blue,Lucid,LeeSin,Lee Sin,JGL,4,10.0,1.0,False,Loss
2883364,3,DK,DNS,DK,DNS,Blue,ShowMaker,Leblanc,Bard,MID,5,11.0,1.0,False,Loss
2883364,3,DK,DNS,DNS,DK,Red,Clozer,Galio,Rakan,MID,6,12.0,1.0,True,Win
2883364,3,DK,DNS,DNS,DK,Red,deokdam,Varus,Renekton,BOT,7,17.0,2.0,True,Win
2883364,3,DK,DNS,DK,DNS,Blue,Smash,Jhin,Jhin,BOT,8,18.0,2.0,False,Loss
2883364,3,DK,DNS,DK,DNS,Blue,Career,Bard,LeBlanc,SUP,9,19.0,2.0,False,Loss
2883364,3,DK,DNS,DNS,DK,Red,Peter,Rakan,Galio,SUP,10,20.0,2.0,True,Win
2883364,4,DNS,DK,DK,DNS,Red,Siwoo,Sion,Ahri,TOP,1,7.0,1.0,True,Win
2883364,4,DNS,DK,DNS,DK,Blue,DuDu,Kennen,Yunara,TOP,2,8.0,1.0,False,Loss
2883364,4,DNS,DK,DNS,DK,Blue,Pyosik,Naafiri,Neeko,JGL,3,9.0,1.0,False,Loss
2883364,4,DNS,DK,DK,DNS,Red,Lucid,Aatrox,Ashe,JGL,4,10.0,1.0,True,Win
2883364,4,DNS,DK,DK,DNS,Red,ShowMaker,Ahri,Seraphine,MID,5,11.0,1.0,True,Win
2883364,4,DNS,DK,DNS,DK,Blue,Clozer,Viktor,Kennen,MID,6,12.0,1.0,False,Loss
2883364,4,DNS,DK,DNS,DK,Blue,deokdam,Yunara,Naafiri,BOT,7,17.0,2.0,False,Loss
2883364,4,DNS,DK,DK,DNS,Red,Smash,Ashe,Sion,BOT,8,18.0,2.0,True,Win
2883364,4,DNS,DK,DK,DNS,Red,Career,Seraphine,Aatrox,SUP,9,19.0,2.0,True,Win
2883364,4,DNS,DK,DNS,DK,Blue,Peter,Neeko,Viktor,SUP,10,20.0,2.0,False,Loss
2883365,1,GEN,BFX,GEN,BFX,Blue,Kiin,RekSai,Varus,TOP,1,7.0,1.0,True,Win
2883365,1,GEN,BFX,BFX,GEN,Red,Clear,Ambessa,Pantheon,TOP,2,8.0,1.0,False,Loss
2883365,1,GEN,BFX,BFX,GEN,Red,Raptor,Pantheon,Azir,JGL,3,9.0,1.0,False,Loss
2883365,1,GEN,BFX,GEN,BFX,Blue,Canyon,Vi,Taliyah,JGL,4,10.0,1.0,True,Win
2883365,1,GEN,BFX,GEN,BFX,Blue,Chovy,Taliyah,Vi,MID,5,11.0,1.0,True,Win
2883365,1,GEN,BFX,BFX,GEN,Red,VicLa,Azir,Ambessa,MID,6,12.0,1.0,False,Loss
2883365,1,GEN,BFX,BFX,GEN,Red,Diable,Jhin,Jhin,BOT,7,17.0,2.0,False,Loss
2883365,1,GEN,BFX,GEN,BFX,Blue,Ruler,Varus,Rakan,BOT,8,18.0,2.0,True,Win
2883365,1,GEN,BFX,GEN,BFX,Blue,Duro,Rakan,Rek'Sai,SUP,9,19.0,2.0,True,Win
2883365,1,GEN,BFX,BFX,GEN,Red,Kellin,Poppy,Poppy,SUP,10,20.0,2.0,False,Loss
2883365,2,GEN,BFX,GEN,BFX,Blue,Kiin,Zaahen,Aurora,TOP,1,7.0,1.0,True,Win
2883365,2,GEN,BFX,BFX,GEN,Red,Clear,Sion,Xin Zhao,TOP,2,8.0,1.0,False,Loss
2883365,2,GEN,BFX,BFX,GEN,Red,Raptor,XinZhao,Lucian,JGL,3,9.0,1.0,False,Loss
2883365,2,GEN,BFX,GEN,BFX,Blue,Canyon,MonkeyKing,Ashe,JGL,4,10.0,1.0,True,Win
2883365,2,GEN,BFX,GEN,BFX,Blue,Chovy,Aurora,Seraphine,MID,5,11.0,1.0,True,Win
2883365,2,GEN,BFX,BFX,GEN,Red,VicLa,Ahri,Milio,MID,6,12.0,1.0,False,Loss
2883365,2,GEN,BFX,BFX,GEN,Red,Diable,Lucian,Sion,BOT,7,17.0,2.0,False,Loss
2883365,2,GEN,BFX,GEN,BFX,Blue,Ruler,Ashe,Wukong,BOT,8,18.0,2.0,True,Win
2883365,2,GEN,BFX,GEN,BFX,Blue,Duro,Seraphine,Zaahen,SUP,9,19.0,2.0,True,Win
2883365,2,GEN,BFX,BFX,GEN,Red,Kellin,Milio,Ahri,SUP,10,20.0,2.0,False,Loss
2883365,3,GEN,BFX,BFX,GEN,Red,Clear,Gwen,Twisted Fate,TOP,1,7.0,1.0,True,Win
2883365,3,GEN,BFX,GEN,BFX,Blue,Kiin,Gnar,Mel,TOP,2,8.0,1.0,False,Loss
2883365,3,GEN,BFX,GEN,BFX,Blue,Canyon,Aatrox,Yunara,JGL,3,9.0,1.0,False,Loss
2883365,3,GEN,BFX,BFX,GEN,Red,Raptor,DrMundo,Ezreal,JGL,4,10.0,1.0,True,Win
2883365,3,GEN,BFX,BFX,GEN,Red,VicLa,TwistedFate,Karma,MID,5,11.0,1.0,True,Win
2883365,3,GEN,BFX,GEN,BFX,Blue,Chovy,Mel,Lulu,MID,6,12.0,1.0,False,Loss
2883365,3,GEN,BFX,GEN,BFX,Blue,Ruler,Yunara,Aatrox,BOT,7,17.0,2.0,False,Loss
2883365,3,GEN,BFX,BFX,GEN,Red,Diable,Ezreal,Dr. Mundo,BOT,8,18.0,2.0,True,Win
2883365,3,GEN,BFX,BFX,GEN,Red,Kellin,Karma,Gwen,SUP,9,19.0,2.0,True,Win
2883365,3,GEN,BFX,GEN,BFX,Blue,Duro,Lulu,Gnar,SUP,10,20.0,2.0,False,Loss
2883365,4,GEN,BFX,GEN,BFX,Blue,Kiin,Renekton,Renekton,TOP,1,7.0,1.0,True,Win
2883365,4,GEN,BFX,BFX,GEN,Red,Clear,Ornn,Aphelios,TOP,2,8.0,1.0,False,Loss
2883365,4,GEN,BFX,BFX,GEN,Red,Raptor,JarvanIV,Jarvan IV,JGL,3,9.0,1.0,False,Loss
2883365,4,GEN,BFX,GEN,BFX,Blue,Canyon,Nidalee,Nidalee,JGL,4,10.0,1.0,True,Win
2883365,4,GEN,BFX,GEN,BFX,Blue,Chovy,Zoe,Zoe,MID,5,11.0,1.0,True,Win
2883365,4,GEN,BFX,BFX,GEN,Red,VicLa,Syndra,Thresh,MID,6,12.0,1.0,False,Loss
2883365,4,GEN,BFX,BFX,GEN,Red,Diable,Aphelios,Syndra,BOT,7,17.0,2.0,False,Loss
2883365,4,GEN,BFX,GEN,BFX,Blue,Ruler,Jinx,Nautilus,BOT,8,18.0,2.0,True,Win
2883365,4,GEN,BFX,GEN,BFX,Blue,Duro,Nautilus,Jinx,SUP,9,19.0,2.0,True,Win
2883365,4,GEN,BFX,BFX,GEN,Red,Kellin,Thresh,Ornn,SUP,10,20.0,2.0,False,Loss
2883366,1,DK,T1,T1,DK,Red,Doran,Rumble,Rumble,TOP,1,7.0,1.0,True,Win
2883366,1,DK,T1,DK,T1,Blue,Siwoo,KSante,Orianna,TOP,2,8.0,1.0,False,Loss
2883366,1,DK,T1,DK,T1,Blue,Lucid,JarvanIV,Jarvan IV,JGL,3,9.0,1.0,False,Loss
2883366,1,DK,T1,T1,DK,Red,Oner,XinZhao,Azir,JGL,4,10.0,1.0,True,Win
2883366,1,DK,T1,T1,DK,Red,Faker,Azir,Xin Zhao,MID,5,11.0,1.0,True,Win
2883366,1,DK,T1,DK,T1,Blue,ShowMaker,Orianna,K'Sante,MID,6,12.0,1.0,False,Loss
2883366,1,DK,T1,DK,T1,Blue,Smash,Ashe,Ashe,BOT,7,17.0,2.0,False,Loss
2883366,1,DK,T1,T1,DK,Red,Peyz,Zeri,Zeri,BOT,8,18.0,2.0,True,Win
2883366,1,DK,T1,T1,DK,Red,Keria,Yuumi,Yuumi,SUP,9,19.0,2.0,True,Win
2883366,1,DK,T1,DK,T1,Blue,Career,Seraphine,Seraphine,SUP,10,20.0,2.0,False,Loss
2883366,2,DK,T1,T1,DK,Red,Doran,Jayce,Pantheon,TOP,1,7.0,1.0,True,Win
2883366,2,DK,T1,DK,T1,Blue,Siwoo,Sion,Ryze,TOP,2,8.0,1.0,False,Loss
2883366,2,DK,T1,DK,T1,Blue,Lucid,LeeSin,Lee Sin,JGL,3,9.0,1.0,False,Loss
2883366,2,DK,T1,T1,DK,Red,Oner,Pantheon,Jayce,JGL,4,10.0,1.0,True,Win
2883366,2,DK,T1,T1,DK,Red,Faker,Taliyah,Taliyah,MID,5,11.0,1.0,True,Win
2883366,2,DK,T1,DK,T1,Blue,ShowMaker,Ryze,Sion,MID,6,12.0,1.0,False,Loss
2883366,2,DK,T1,DK,T1,Blue,Smash,Ezreal,Ezreal,BOT,7,17.0,2.0,False,Loss
2883366,2,DK,T1,T1,DK,Red,Peyz,Yunara,Yunara,BOT,8,18.0,2.0,True,Win
2883366,2,DK,T1,T1,DK,Red,Keria,Karma,Karma,SUP,9,19.0,2.0,True,Win
2883366,2,DK,T1,DK,T1,Blue,Career,Blitzcrank,Blitzcrank,SUP,10,20.0,2.0,False,Loss
2883366,3,T1,DK,DK,T1,Red,Siwoo,Olaf,Ambessa,TOP,1,7.0,1.0,True,Win
2883366,3,T1,DK,T1,DK,Blue,Doran,Renekton,Aphelios,TOP,2,8.0,1.0,False,Loss
2883366,3,T1,DK,T1,DK,Blue,Oner,Khazix,Lulu,JGL,3,9.0,1.0,False,Loss
2883366,3,T1,DK,DK,T1,Red,Lucid,Ambessa,Lucian,JGL,4,10.0,1.0,True,Win
2883366,3,T1,DK,DK,T1,Red,ShowMaker,Ahri,Nami,MID,5,11.0,1.0,True,Win
2883366,3,T1,DK,T1,DK,Blue,Faker,TwistedFate,Renekton,MID,6,12.0,1.0,False,Loss
2883366,3,T1,DK,T1,DK,Blue,Peyz,Aphelios,Twisted Fate,BOT,7,17.0,2.0,False,Loss
2883366,3,T1,DK,DK,T1,Red,Smash,Lucian,Ahri,BOT,8,18.0,2.0,True,Win
2883366,3,T1,DK,DK,T1,Red,Career,Nami,Olaf,SUP,9,19.0,2.0,True,Win
2883366,3,T1,DK,T1,DK,Blue,Keria,Lulu,Kha'Zix,SUP,10,20.0,2.0,False,Loss
2883366,4,DK,T1,T1,DK,Red,Doran,Sylas,Varus,TOP,1,7.0,1.0,False,Loss
2883366,4,DK,T1,DK,T1,Blue,Siwoo,Gnar,Wukong,TOP,2,8.0,1.0,True,Win
2883366,4,DK,T1,DK,T1,Blue,Lucid,MonkeyKing,Sivir,JGL,3,9.0,1.0,True,Win
2883366,4,DK,T1,T1,DK,Red,Oner,Zaahen,Zaahen,JGL,4,10.0,1.0,False,Loss
2883366,4,DK,T1,T1,DK,Red,Faker,Galio,Galio,MID,5,11.0,1.0,False,Loss
2883366,4,DK,T1,DK,T1,Blue,ShowMaker,Cassiopeia,Gnar,MID,6,12.0,1.0,True,Win
2883366,4,DK,T1,DK,T1,Blue,Smash,Sivir,Alistar,BOT,7,17.0,2.0,True,Win
2883366,4,DK,T1,T1,DK,Red,Peyz,Varus,Sylas,BOT,8,18.0,2.0,False,Loss
2883366,4,DK,T1,T1,DK,Red,Keria,Rakan,Rakan,SUP,9,19.0,2.0,False,Loss
2883366,4,DK,T1,DK,T1,Blue,Career,Alistar,Cassiopeia,SUP,10,20.0,2.0,True,Win
2883366,5,DK,T1,T1,DK,Red,Doran,Kennen,Kennen,TOP,1,7.0,1.0,False,Loss
2883366,5,DK,T1,DK,T1,Blue,Siwoo,Gwen,Gwen,TOP,2,8.0,1.0,True,Win
2883366,5,DK,T1,DK,T1,Blue,Lucid,Maokai,Neeko,JGL,3,9.0,1.0,True,Win
2883366,5,DK,T1,T1,DK,Red,Oner,Aatrox,Kalista,JGL,4,10.0,1.0,False,Loss
2883366,5,DK,T1,T1,DK,Red,Faker,Anivia,Renata Glasc,MID,5,11.0,1.0,False,Loss
2883366,5,DK,T1,DK,T1,Blue,ShowMaker,Tristana,Miss Fortune,MID,6,12.0,1.0,True,Win
2883366,5,DK,T1,DK,T1,Blue,Smash,MissFortune,Maokai,BOT,7,17.0,2.0,True,Win
2883366,5,DK,T1,T1,DK,Red,Peyz,Kalista,Anivia,BOT,8,18.0,2.0,False,Loss
2883366,5,DK,T1,T1,DK,Red,Keria,Renata,Aatrox,SUP,9,19.0,2.0,False,Loss
2883366,5,DK,T1,DK,T1,Blue,Career,Neeko,Tristana,SUP,10,20.0,2.0,True,Win
2883367,1,DK,BFX,DK,BFX,Blue,Siwoo,Sion,Azir,TOP,1,7.0,1.0,False,Loss
2883367,1,DK,BFX,BFX,DK,Red,Clear,Gnar,Varus,TOP,2,8.0,1.0,True,Win
2883367,1,DK,BFX,BFX,DK,Red,Raptor,JarvanIV,Jarvan IV,JGL,3,9.0,1.0,True,Win
2883367,1,DK,BFX,DK,BFX,Blue,Lucid,XinZhao,Xin Zhao,JGL,4,10.0,1.0,False,Loss
2883367,1,DK,BFX,DK,BFX,Blue,ShowMaker,Azir,Ezreal,MID,5,11.0,1.0,False,Loss
2883367,1,DK,BFX,BFX,DK,Red,VicLa,Taliyah,Taliyah,MID,6,12.0,1.0,True,Win
2883367,1,DK,BFX,BFX,DK,Red,Diable,Varus,Karma,BOT,7,17.0,2.0,True,Win
2883367,1,DK,BFX,DK,BFX,Blue,Smash,Ezreal,Yuumi,BOT,8,18.0,2.0,False,Loss
2883367,1,DK,BFX,DK,BFX,Blue,Career,Yuumi,Sion,SUP,9,19.0,2.0,False,Loss
2883367,1,DK,BFX,BFX,DK,Red,Kellin,Karma,Gnar,SUP,10,20.0,2.0,True,Win
2883367,2,BFX,DK,BFX,DK,Blue,Clear,Renekton,Ashe,TOP,1,7.0,1.0,True,Win
2883367,2,BFX,DK,DK,BFX,Red,Siwoo,Aurora,Wukong,TOP,2,8.0,1.0,False,Loss
2883367,2,BFX,DK,DK,BFX,Red,Lucid,MonkeyKing,Ziggs,JGL,3,9.0,1.0,False,Loss
2883367,2,BFX,DK,BFX,DK,Blue,Raptor,Trundle,Seraphine,JGL,4,10.0,1.0,True,Win
2883367,2,BFX,DK,BFX,DK,Blue,VicLa,Ryze,Ryze,MID,5,11.0,1.0,True,Win
2883367,2,BFX,DK,DK,BFX,Red,ShowMaker,Yone,Nautilus,MID,6,12.0,1.0,False,Loss
2883367,2,BFX,DK,DK,BFX,Red,Smash,Ziggs,Yone,BOT,7,17.0,2.0,False,Loss
2883367,2,BFX,DK,BFX,DK,Blue,Diable,Ashe,Renekton,BOT,8,18.0,2.0,True,Win
2883367,2,BFX,DK,BFX,DK,Blue,Kellin,Seraphine,Trundle,SUP,9,19.0,2.0,True,Win
2883367,2,BFX,DK,DK,BFX,Red,Career,Nautilus,Aurora,SUP,10,20.0,2.0,False,Loss
2883367,3,BFX,DK,DK,BFX,Red,Siwoo,Jax,Pantheon,TOP,1,7.0,1.0,False,Loss
2883367,3,BFX,DK,BFX,DK,Blue,Clear,KSante,Yunara,TOP,2,8.0,1.0,True,Win
2883367,3,BFX,DK,BFX,DK,Blue,Raptor,Nocturne,Lulu,JGL,3,9.0,1.0,True,Win
2883367,3,BFX,DK,DK,BFX,Red,Lucid,Pantheon,Corki,JGL,4,10.0,1.0,False,Loss
2883367,3,BFX,DK,DK,BFX,Red,ShowMaker,Zoe,Nami,MID,5,11.0,1.0,False,Loss
2883367,3,BFX,DK,BFX,DK,Blue,VicLa,Syndra,Nocturne,MID,6,12.0,1.0,True,Win
2883367,3,BFX,DK,BFX,DK,Blue,Diable,Yunara,K'Sante,BOT,7,17.0,2.0,True,Win
2883367,3,BFX,DK,DK,BFX,Red,Smash,Corki,Zoe,BOT,8,18.0,2.0,False,Loss
2883367,3,BFX,DK,DK,BFX,Red,Career,Nami,Jax,SUP,9,19.0,2.0,False,Loss
2883367,3,BFX,DK,BFX,DK,Blue,Kellin,Lulu,Syndra,SUP,10,20.0,2.0,True,Win
2883368,1,GEN,BFX,GEN,BFX,Blue,Kiin,Gwen,Ryze,TOP,1,7.0,1.0,True,Win
2883368,1,GEN,BFX,BFX,GEN,Red,Clear,Gnar,Varus,TOP,2,8.0,1.0,False,Loss
2883368,1,GEN,BFX,BFX,GEN,Red,Raptor,Pantheon,Pantheon,JGL,3,9.0,1.0,False,Loss
2883368,1,GEN,BFX,GEN,BFX,Blue,Canyon,JarvanIV,Gwen,JGL,4,10.0,1.0,True,Win
2883368,1,GEN,BFX,GEN,BFX,Blue,Chovy,Ryze,Jarvan IV,MID,5,11.0,1.0,True,Win
2883368,1,GEN,BFX,BFX,GEN,Red,VicLa,Taliyah,Taliyah,MID,6,12.0,1.0,False,Loss
2883368,1,GEN,BFX,BFX,GEN,Red,Diable,Varus,Gnar,BOT,7,17.0,2.0,False,Loss
2883368,1,GEN,BFX,GEN,BFX,Blue,Ruler,Sivir,Sivir,BOT,8,18.0,2.0,True,Win
2883368,1,GEN,BFX,GEN,BFX,Blue,Duro,Bard,Bard,SUP,9,19.0,2.0,True,Win
2883368,1,GEN,BFX,BFX,GEN,Red,Kellin,Rakan,Rakan,SUP,10,20.0,2.0,False,Loss
2883368,2,GEN,BFX,BFX,GEN,Red,Clear,Renekton,Orianna,TOP,1,7.0,1.0,False,Loss
2883368,2,GEN,BFX,GEN,BFX,Blue,Kiin,Zaahen,Ashe,TOP,2,8.0,1.0,True,Win
2883368,2,GEN,BFX,GEN,BFX,Blue,Canyon,Ambessa,Seraphine,JGL,3,9.0,1.0,True,Win
2883368,2,GEN,BFX,BFX,GEN,Red,Raptor,Nocturne,Nocturne,JGL,4,10.0,1.0,False,Loss
2883368,2,GEN,BFX,BFX,GEN,Red,VicLa,Orianna,Renekton,MID,5,11.0,1.0,False,Loss
2883368,2,GEN,BFX,GEN,BFX,Blue,Chovy,Galio,Galio,MID,6,12.0,1.0,True,Win
2883368,2,GEN,BFX,GEN,BFX,Blue,Ruler,Ashe,Ambessa,BOT,7,17.0,2.0,True,Win
2883368,2,GEN,BFX,BFX,GEN,Red,Diable,Kalista,Kalista,BOT,8,18.0,2.0,False,Loss
2883368,2,GEN,BFX,BFX,GEN,Red,Kellin,Renata,Renata Glasc,SUP,9,19.0,2.0,False,Loss
2883368,2,GEN,BFX,GEN,BFX,Blue,Duro,Seraphine,Zaahen,SUP,10,20.0,2.0,True,Win
2883368,3,GEN,BFX,BFX,GEN,Red,Clear,Sion,Azir,TOP,1,7.0,1.0,False,Loss
2883368,3,GEN,BFX,GEN,BFX,Blue,Kiin,Aatrox,Neeko,TOP,2,8.0,1.0,True,Win
2883368,3,GEN,BFX,GEN,BFX,Blue,Canyon,MonkeyKing,Wukong,JGL,3,9.0,1.0,True,Win
2883368,3,GEN,BFX,BFX,GEN,Red,Raptor,DrMundo,Lucian,JGL,4,10.0,1.0,False,Loss
2883368,3,GEN,BFX,BFX,GEN,Red,VicLa,Azir,Nami,MID,5,11.0,1.0,False,Loss
2883368,3,GEN,BFX,GEN,BFX,Blue,Chovy,Annie,Yunara,MID,6,12.0,1.0,True,Win
2883368,3,GEN,BFX,GEN,BFX,Blue,Ruler,Yunara,Annie,BOT,7,17.0,2.0,True,Win
2883368,3,GEN,BFX,BFX,GEN,Red,Diable,Lucian,Dr. Mundo,BOT,8,18.0,2.0,False,Loss
2883368,3,GEN,BFX,BFX,GEN,Red,Kellin,Nami,Sion,SUP,9,19.0,2.0,False,Loss
2883368,3,GEN,BFX,GEN,BFX,Blue,Duro,Neeko,Aatrox,SUP,10,20.0,2.0,True,Win
2883959,1,DRAG,3BL,DRAG,3BL,Blue,Juzu,Zaahen,Orianna,TOP,1,7.0,1.0,True,Win
2883959,1,DRAG,3BL,3BL,DRAG,Red,Claww,Udyr,Jarvan IV,TOP,2,8.0,1.0,False,Loss
2883959,1,DRAG,3BL,3BL,DRAG,Red,Silva2,JarvanIV,Yunara,JGL,3,9.0,1.0,False,Loss
2883959,1,DRAG,3BL,DRAG,3BL,Blue,Shlatan,MonkeyKing,Wukong,JGL,4,10.0,1.0,True,Win
2883959,1,DRAG,3BL,DRAG,3BL,Blue,Akashii,Orianna,Kai'Sa,MID,5,11.0,1.0,True,Win
2883959,1,DRAG,3BL,3BL,DRAG,Red,VAEII,Akali,Akali,MID,6,12.0,1.0,False,Loss
2883959,1,DRAG,3BL,3BL,DRAG,Red,choego,Yunara,Rell,BOT,7,17.0,2.0,False,Loss
2883959,1,DRAG,3BL,DRAG,3BL,Blue,thomasjalbi,Kaisa,Alistar,BOT,8,18.0,2.0,True,Win
2883959,1,DRAG,3BL,DRAG,3BL,Blue,Ihebic,Alistar,Zaahen,SUP,9,19.0,2.0,True,Win
2883959,1,DRAG,3BL,3BL,DRAG,Red,Zaremba,Rell,Udyr,SUP,10,20.0,2.0,False,Loss
2883959,2,DRAG,3BL,DRAG,3BL,Blue,Juzu,Rumble,Ambessa,TOP,1,7.0,1.0,True,Win
2883959,2,DRAG,3BL,3BL,DRAG,Red,Claww,Ornn,Nautilus,TOP,2,8.0,1.0,False,Loss
2883959,2,DRAG,3BL,3BL,DRAG,Red,Silva2,XinZhao,Corki,JGL,3,9.0,1.0,False,Loss
2883959,2,DRAG,3BL,DRAG,3BL,Blue,Shlatan,Ambessa,Neeko,JGL,4,10.0,1.0,True,Win
2883959,2,DRAG,3BL,DRAG,3BL,Blue,Akashii,Galio,Sivir,MID,5,11.0,1.0,True,Win
2883959,2,DRAG,3BL,3BL,DRAG,Red,VAEII,Mel,Xin Zhao,MID,6,12.0,1.0,False,Loss
2883959,2,DRAG,3BL,3BL,DRAG,Red,choego,Corki,Mel,BOT,7,17.0,2.0,False,Loss
2883959,2,DRAG,3BL,DRAG,3BL,Blue,thomasjalbi,Sivir,Galio,BOT,8,18.0,2.0,True,Win
2883959,2,DRAG,3BL,DRAG,3BL,Blue,Ihebic,Neeko,Rumble,SUP,9,19.0,2.0,True,Win
2883959,2,DRAG,3BL,3BL,DRAG,Red,Zaremba,Nautilus,Ornn,SUP,10,20.0,2.0,False,Loss
2883970,1,3BL,BAM,3BL,BAM,Blue,Claww,Ambessa,Ambessa,TOP,1,7.0,1.0,True,Win
2883970,1,3BL,BAM,BAM,3BL,Red,handm,Aatrox,Aatrox,TOP,2,8.0,1.0,False,Loss
2883970,1,3BL,BAM,BAM,3BL,Red,Moe,MonkeyKing,Yunara,JGL,3,9.0,1.0,False,Loss
2883970,1,3BL,BAM,3BL,BAM,Blue,Silva2,XinZhao,Rell,JGL,4,10.0,1.0,True,Win
2883970,1,3BL,BAM,3BL,BAM,Blue,VAEII,Orianna,Kai'Sa,MID,5,11.0,1.0,True,Win
2883970,1,3BL,BAM,BAM,3BL,Red,Warner,Ryze,Nautilus,MID,6,12.0,1.0,False,Loss
2883970,1,3BL,BAM,BAM,3BL,Red,Slayder,Yunara,Ryze,BOT,7,17.0,2.0,False,Loss
2883970,1,3BL,BAM,3BL,BAM,Blue,choego,Kaisa,Orianna,BOT,8,18.0,2.0,True,Win
2883970,1,3BL,BAM,3BL,BAM,Blue,Zaremba,Rell,Xin Zhao,SUP,9,19.0,2.0,True,Win
2883970,1,3BL,BAM,BAM,3BL,Red,sas,Nautilus,Wukong,SUP,10,20.0,2.0,False,Loss
2883970,2,3BL,BAM,3BL,BAM,Blue,Claww,Gnar,Corki,TOP,1,7.0,1.0,False,Loss
2883970,2,3BL,BAM,BAM,3BL,Red,handm,KSante,Lucian,TOP,2,8.0,1.0,True,Win
2883970,2,3BL,BAM,BAM,3BL,Red,Moe,Zaahen,K'Sante,JGL,3,9.0,1.0,True,Win
2883970,2,3BL,BAM,3BL,BAM,Blue,Silva2,Zac,Gnar,JGL,4,10.0,1.0,False,Loss
2883970,2,3BL,BAM,3BL,BAM,Blue,VAEII,Mel,Mel,MID,5,11.0,1.0,False,Loss
2883970,2,3BL,BAM,BAM,3BL,Red,Warner,Akali,Akali,MID,6,12.0,1.0,True,Win
2883970,2,3BL,BAM,BAM,3BL,Red,Slayder,Lucian,Braum,BOT,7,17.0,2.0,True,Win
2883970,2,3BL,BAM,3BL,BAM,Blue,choego,Corki,Rakan,BOT,8,18.0,2.0,False,Loss
2883970,2,3BL,BAM,3BL,BAM,Blue,Zaremba,Rakan,Zac,SUP,9,19.0,2.0,False,Loss
2883970,2,3BL,BAM,BAM,3BL,Red,sas,Braum,Zaahen,SUP,10,20.0,2.0,True,Win
2883970,3,BAM,3BL,BAM,3BL,Blue,handm,Sion,Sion,TOP,1,7.0,1.0,False,Loss
2883970,3,BAM,3BL,3BL,BAM,Red,Claww,Camille,Trundle,TOP,2,8.0,1.0,True,Win
2883970,3,BAM,3BL,3BL,BAM,Red,Silva2,Trundle,Leona,JGL,3,9.0,1.0,True,Win
2883970,3,BAM,3BL,BAM,3BL,Blue,Moe,Sylas,Sylas,JGL,4,10.0,1.0,False,Loss
2883970,3,BAM,3BL,BAM,3BL,Blue,Warner,Azir,Alistar,MID,5,11.0,1.0,False,Loss
2883970,3,BAM,3BL,3BL,BAM,Red,VAEII,Zoe,Tristana,MID,6,12.0,1.0,True,Win
2883970,3,BAM,3BL,3BL,BAM,Red,choego,Tristana,Camille,BOT,7,17.0,2.0,True,Win
2883970,3,BAM,3BL,BAM,3BL,Blue,Slayder,Ezreal,Ezreal,BOT,8,18.0,2.0,False,Loss
2883970,3,BAM,3BL,BAM,3BL,Blue,sas,Alistar,Azir,SUP,9,19.0,2.0,False,Loss
2883970,3,BAM,3BL,3BL,BAM,Red,Zaremba,Leona,Zoe,SUP,10,20.0,2.0,True,Win
2883978,1,NG,3BL,NG,3BL,Blue,Libra,Ambessa,Ambessa,TOP,1,7.0,1.0,False,Loss
2883978,1,NG,3BL,3BL,NG,Red,Claww,Udyr,Orianna,TOP,2,8.0,1.0,True,Win
2883978,1,NG,3BL,3BL,NG,Red,Silva2,MonkeyKing,Yunara,JGL,3,9.0,1.0,True,Win
2883978,1,NG,3BL,NG,3BL,Blue,Goliah,Jayce,Jayce,JGL,4,10.0,1.0,False,Loss
2883978,1,NG,3BL,NG,3BL,Blue,Deceiving,Akali,Akali,MID,5,11.0,1.0,False,Loss
2883978,1,NG,3BL,3BL,NG,Red,VAEII,Orianna,Wukong,MID,6,12.0,1.0,True,Win
2883978,1,NG,3BL,3BL,NG,Red,choego,Yunara,Udyr,BOT,7,17.0,2.0,True,Win
2883978,1,NG,3BL,NG,3BL,Blue,Lelouch2,Ezreal,Neeko,BOT,8,18.0,2.0,False,Loss
2883978,1,NG,3BL,NG,3BL,Blue,Fr0zen,Neeko,Ezreal,SUP,9,19.0,2.0,False,Loss
2883978,1,NG,3BL,3BL,NG,Red,Zaremba,Nautilus,Nautilus,SUP,10,20.0,2.0,True,Win
2883978,2,3BL,NG,3BL,NG,Blue,Claww,KSante,Xin Zhao,TOP,1,7.0,1.0,False,Loss
2883978,2,3BL,NG,NG,3BL,Red,Libra,Rumble,Trundle,TOP,2,8.0,1.0,True,Win
2883978,2,3BL,NG,NG,3BL,Red,Goliah,Trundle,Corki,JGL,3,9.0,1.0,True,Win
2883978,2,3BL,NG,3BL,NG,Blue,Silva2,XinZhao,Kai'Sa,JGL,4,10.0,1.0,False,Loss
2883978,2,3BL,NG,3BL,NG,Blue,VAEII,Mel,Mel,MID,5,11.0,1.0,False,Loss
2883978,2,3BL,NG,NG,3BL,Red,Deceiving,Galio,Galio,MID,6,12.0,1.0,True,Win
2883978,2,3BL,NG,NG,3BL,Red,Lelouch2,Corki,Leona,BOT,7,17.0,2.0,True,Win
2883978,2,3BL,NG,3BL,NG,Blue,choego,Kaisa,Rakan,BOT,8,18.0,2.0,False,Loss
2883978,2,3BL,NG,3BL,NG,Blue,Zaremba,Rakan,K'Sante,SUP,9,19.0,2.0,False,Loss
2883978,2,3BL,NG,NG,3BL,Red,Fr0zen,Leona,Rumble,SUP,10,20.0,2.0,True,Win
2883978,3,NG,3BL,NG,3BL,Blue,Libra,Jax,Rell,TOP,1,7.0,1.0,True,Win
2883978,3,NG,3BL,3BL,NG,Red,Claww,Chogath,Braum,TOP,2,8.0,1.0,False,Loss
2883978,3,NG,3BL,3BL,NG,Red,Silva2,JarvanIV,Jarvan IV,JGL,3,9.0,1.0,False,Loss
2883978,3,NG,3BL,NG,3BL,Blue,Goliah,Poppy,Poppy,JGL,4,10.0,1.0,True,Win
2883978,3,NG,3BL,NG,3BL,Blue,Deceiving,Ahri,Smolder,MID,5,11.0,1.0,True,Win
2883978,3,NG,3BL,3BL,NG,Red,VAEII,Zoe,Zoe,MID,6,12.0,1.0,False,Loss
2883978,3,NG,3BL,3BL,NG,Red,choego,Caitlyn,Caitlyn,BOT,7,17.0,2.0,False,Loss
2883978,3,NG,3BL,NG,3BL,Blue,Lelouch2,Smolder,Jax,BOT,8,18.0,2.0,True,Win
2883978,3,NG,3BL,NG,3BL,Blue,Fr0zen,Rell,Ahri,SUP,9,19.0,2.0,True,Win
2883978,3,NG,3BL,3BL,NG,Red,Zaremba,Braum,Cho'Gath,SUP,10,20.0,2.0,False,Loss
2883984,1,ANB,3BL,ANB,3BL,Blue,Color,Rumble,Orianna,TOP,1,7.0,1.0,False,Loss
2883984,1,ANB,3BL,3BL,ANB,Red,Claww,Udyr,Zoe,TOP,2,8.0,1.0,True,Win
2883984,1,ANB,3BL,3BL,ANB,Red,Silva2,Malphite,Yunara,JGL,3,9.0,1.0,True,Win
2883984,1,ANB,3BL,ANB,3BL,Blue,Shanks2,MonkeyKing,Wukong,JGL,4,10.0,1.0,False,Loss
2883984,1,ANB,3BL,ANB,3BL,Blue,Improver,Orianna,Rumble,MID,5,11.0,1.0,False,Loss
2883984,1,ANB,3BL,3BL,ANB,Red,VAEII,Zoe,Malphite,MID,6,12.0,1.0,True,Win
2883984,1,ANB,3BL,3BL,ANB,Red,choego,Yunara,Udyr,BOT,7,17.0,2.0,True,Win
2883984,1,ANB,3BL,ANB,3BL,Blue,Aeru,Kaisa,Kai'Sa,BOT,8,18.0,2.0,False,Loss
2883984,1,ANB,3BL,ANB,3BL,Blue,marlon,Nautilus,Nautilus,SUP,9,19.0,2.0,False,Loss
2883984,1,ANB,3BL,3BL,ANB,Red,Zaremba,Braum,Braum,SUP,10,20.0,2.0,True,Win
2883984,2,3BL,ANB,3BL,ANB,Blue,Claww,Sion,LeBlanc,TOP,1,7.0,1.0,False,Loss
2883984,2,3BL,ANB,ANB,3BL,Red,Color,Gnar,Galio,TOP,2,8.0,1.0,True,Win
2883984,2,3BL,ANB,ANB,3BL,Red,Shanks2,JarvanIV,Varus,JGL,3,9.0,1.0,True,Win
2883984,2,3BL,ANB,3BL,ANB,Blue,Silva2,Jax,Sivir,JGL,4,10.0,1.0,False,Loss
2883984,2,3BL,ANB,3BL,ANB,Blue,VAEII,Leblanc,Sion,MID,5,11.0,1.0,False,Loss
2883984,2,3BL,ANB,ANB,3BL,Red,Improver,Galio,Gnar,MID,6,12.0,1.0,True,Win
2883984,2,3BL,ANB,ANB,3BL,Red,Aeru,Varus,Jarvan IV,BOT,7,17.0,2.0,True,Win
2883984,2,3BL,ANB,3BL,ANB,Blue,choego,Sivir,Rell,BOT,8,18.0,2.0,False,Loss
2883984,2,3BL,ANB,3BL,ANB,Blue,Zaremba,Rell,Jax,SUP,9,19.0,2.0,False,Loss
2883984,2,3BL,ANB,ANB,3BL,Red,marlon,Lulu,Lulu,SUP,10,20.0,2.0,True,Win
2883984,3,3BL,ANB,3BL,ANB,Blue,Claww,KSante,Akali,TOP,1,7.0,1.0,True,Win
2883984,3,3BL,ANB,ANB,3BL,Red,Color,Poppy,Ryze,TOP,2,8.0,1.0,False,Loss
2883984,3,3BL,ANB,ANB,3BL,Red,Shanks2,Pantheon,Pantheon,JGL,3,9.0,1.0,False,Loss
2883984,3,3BL,ANB,3BL,ANB,Blue,Silva2,XinZhao,K'Sante,JGL,4,10.0,1.0,True,Win
2883984,3,3BL,ANB,3BL,ANB,Blue,VAEII,Akali,Xin Zhao,MID,5,11.0,1.0,True,Win
2883984,3,3BL,ANB,ANB,3BL,Red,Improver,Ryze,Poppy,MID,6,12.0,1.0,False,Loss
2883984,3,3BL,ANB,ANB,3BL,Red,Aeru,Tristana,Leona,BOT,7,17.0,2.0,False,Loss
2883984,3,3BL,ANB,3BL,ANB,Blue,choego,Lucian,Bard,BOT,8,18.0,2.0,True,Win
2883984,3,3BL,ANB,3BL,ANB,Blue,Zaremba,Bard,Lucian,SUP,9,19.0,2.0,True,Win
2883984,3,3BL,ANB,ANB,3BL,Red,marlon,Leona,Tristana,SUP,10,20.0,2.0,False,Loss
2883995,1,FNE,3BL,FNE,3BL,Blue,Krest,Rumble,Caitlyn,TOP,1,7.0,1.0,False,Loss
2883995,1,FNE,3BL,3BL,FNE,Red,Claww,Sion,Sion,TOP,2,8.0,1.0,True,Win
2883995,1,FNE,3BL,3BL,FNE,Red,Silva2,JarvanIV,Ezreal,JGL,3,9.0,1.0,True,Win
2883995,1,FNE,3BL,FNE,3BL,Blue,Stormax,Pantheon,Rumble,JGL,4,10.0,1.0,False,Loss
2883995,1,FNE,3BL,FNE,3BL,Blue,Random,Ryze,Nautilus,MID,5,11.0,1.0,False,Loss
2883995,1,FNE,3BL,3BL,FNE,Red,VAEII,Zoe,Braum,MID,6,12.0,1.0,True,Win
2883995,1,FNE,3BL,3BL,FNE,Red,choego,Ezreal,Jarvan IV,BOT,7,17.0,2.0,True,Win
2883995,1,FNE,3BL,FNE,3BL,Blue,Xicor,Caitlyn,Pantheon,BOT,8,18.0,2.0,False,Loss
2883995,1,FNE,3BL,FNE,3BL,Blue,B Butcher,Nautilus,Ryze,SUP,9,19.0,2.0,False,Loss
2883995,1,FNE,3BL,3BL,FNE,Red,Zaremba,Braum,Zoe,SUP,10,20.0,2.0,True,Win
2883995,2,3BL,FNE,3BL,FNE,Blue,Claww,Udyr,Yunara,TOP,1,7.0,1.0,False,Loss
2883995,2,3BL,FNE,FNE,3BL,Red,Krest,Aatrox,Wukong,TOP,2,8.0,1.0,True,Win
2883995,2,3BL,FNE,FNE,3BL,Red,Stormax,MonkeyKing,Varus,JGL,3,9.0,1.0,True,Win
2883995,2,3BL,FNE,3BL,FNE,Blue,Silva2,XinZhao,Xin Zhao,JGL,4,10.0,1.0,False,Loss
2883995,2,3BL,FNE,3BL,FNE,Blue,VAEII,Akali,Udyr,MID,5,11.0,1.0,False,Loss
2883995,2,3BL,FNE,FNE,3BL,Red,Random,Ahri,Aatrox,MID,6,12.0,1.0,True,Win
2883995,2,3BL,FNE,FNE,3BL,Red,Xicor,Varus,Rell,BOT,7,17.0,2.0,True,Win
2883995,2,3BL,FNE,3BL,FNE,Blue,choego,Yunara,Lulu,BOT,8,18.0,2.0,False,Loss
2883995,2,3BL,FNE,3BL,FNE,Blue,Zaremba,Lulu,Akali,SUP,9,19.0,2.0,False,Loss
2883995,2,3BL,FNE,FNE,3BL,Red,B Butcher,Rell,Ahri,SUP,10,20.0,2.0,True,Win
2883995,3,FNE,3BL,FNE,3BL,Blue,Krest,Ambessa,Ambessa,TOP,1,7.0,1.0,True,Win
2883995,3,FNE,3BL,3BL,FNE,Red,Claww,KSante,K'Sante,TOP,2,8.0,1.0,False,Loss
2883995,3,FNE,3BL,3BL,FNE,Red,Silva2,Sejuani,Corki,JGL,3,9.0,1.0,False,Loss
2883995,3,FNE,3BL,FNE,3BL,Blue,Stormax,Vi,Kai'Sa,JGL,4,10.0,1.0,True,Win
2883995,3,FNE,3BL,FNE,3BL,Blue,Random,Galio,Vi,MID,5,11.0,1.0,True,Win
2883995,3,FNE,3BL,3BL,FNE,Red,VAEII,Aurora,Sejuani,MID,6,12.0,1.0,False,Loss
2883995,3,FNE,3BL,3BL,FNE,Red,choego,Corki,Bard,BOT,7,17.0,2.0,False,Loss
2883995,3,FNE,3BL,FNE,3BL,Blue,Xicor,Kaisa,Pyke,BOT,8,18.0,2.0,True,Win
2883995,3,FNE,3BL,FNE,3BL,Blue,B Butcher,Pyke,Galio,SUP,9,19.0,2.0,True,Win
2883995,3,FNE,3BL,3BL,FNE,Red,Zaremba,Bard,Aurora,SUP,10,20.0,2.0,False,Loss
2883999,1,1M,3BL,1M,3BL,Blue,Loading,Gwen,Ryze,TOP,1,7.0,1.0,True,Win
2883999,1,1M,3BL,3BL,1M,Red,Claww,Sion,Neeko,TOP,2,8.0,1.0,False,Loss
2883999,1,1M,3BL,3BL,1M,Red,Silva2,MonkeyKing,Zoe,JGL,3,9.0,1.0,False,Loss
2883999,1,1M,3BL,1M,3BL,Blue,Zankiller,JarvanIV,Nautilus,JGL,4,10.0,1.0,True,Win
2883999,1,1M,3BL,1M,3BL,Blue,Baca,Ryze,Jarvan IV,MID,5,11.0,1.0,True,Win
2883999,1,1M,3BL,3BL,1M,Red,VAEII,Zoe,Wukong,MID,6,12.0,1.0,False,Loss
2883999,1,1M,3BL,3BL,1M,Red,choego,Ezreal,Ezreal,BOT,7,17.0,2.0,False,Loss
2883999,1,1M,3BL,1M,3BL,Blue,Jasten,Sivir,Sivir,BOT,8,18.0,2.0,True,Win
2883999,1,1M,3BL,1M,3BL,Blue,Sivvy,Nautilus,Gwen,SUP,9,19.0,2.0,True,Win
2883999,1,1M,3BL,3BL,1M,Red,Zaremba,Neeko,Sion,SUP,10,20.0,2.0,False,Loss
2883999,2,3BL,1M,3BL,1M,Blue,Claww,Ambessa,Orianna,TOP,1,7.0,1.0,True,Win
2883999,2,3BL,1M,1M,3BL,Red,Loading,Rumble,Rumble,TOP,2,8.0,1.0,False,Loss
2883999,2,3BL,1M,1M,3BL,Red,Zankiller,Viego,Galio,JGL,3,9.0,1.0,False,Loss
2883999,2,3BL,1M,3BL,1M,Blue,Silva2,DrMundo,Yunara,JGL,4,10.0,1.0,True,Win
2883999,2,3BL,1M,3BL,1M,Blue,VAEII,Orianna,Ambessa,MID,5,11.0,1.0,True,Win
2883999,2,3BL,1M,1M,3BL,Red,Baca,Galio,Kai'Sa,MID,6,12.0,1.0,False,Loss
2883999,2,3BL,1M,1M,3BL,Red,Jasten,Kaisa,Rell,BOT,7,17.0,2.0,False,Loss
2883999,2,3BL,1M,3BL,1M,Blue,choego,Yunara,Braum,BOT,8,18.0,2.0,True,Win
2883999,2,3BL,1M,3BL,1M,Blue,Zaremba,Braum,Dr. Mundo,SUP,9,19.0,2.0,True,Win
2883999,2,3BL,1M,1M,3BL,Red,Sivvy,Rell,Viego,SUP,10,20.0,2.0,False,Loss
2883999,3,1M,3BL,1M,3BL,Blue,Loading,Gnar,Taliyah,TOP,1,7.0,1.0,False,Loss
2883999,3,1M,3BL,3BL,1M,Red,Claww,Camille,Ahri,TOP,2,8.0,1.0,True,Win
2883999,3,1M,3BL,3BL,1M,Red,Silva2,Trundle,Leona,JGL,3,9.0,1.0,True,Win
2883999,3,1M,3BL,1M,3BL,Blue,Zankiller,Vi,Alistar,JGL,4,10.0,1.0,False,Loss
2883999,3,1M,3BL,1M,3BL,Blue,Baca,Taliyah,Vi,MID,5,11.0,1.0,False,Loss
2883999,3,1M,3BL,3BL,1M,Red,VAEII,Ahri,Trundle,MID,6,12.0,1.0,True,Win
2883999,3,1M,3BL,3BL,1M,Red,choego,Lucian,Lucian,BOT,7,17.0,2.0,True,Win
2883999,3,1M,3BL,1M,3BL,Blue,Jasten,Caitlyn,Caitlyn,BOT,8,18.0,2.0,False,Loss
2883999,3,1M,3BL,1M,3BL,Blue,Sivvy,Alistar,Gnar,SUP,9,19.0,2.0,False,Loss
2883999,3,1M,3BL,3BL,1M,Red,Zaremba,Leona,Camille,SUP,10,20.0,2.0,True,Win
2884012,1,3BL,GNG,3BL,GNG,Blue,Claww,Ornn,Varus,TOP,1,7.0,1.0,False,Loss
2884012,1,3BL,GNG,GNG,3BL,Red,Septico1,Rumble,Orianna,TOP,2,8.0,1.0,True,Win
2884012,1,3BL,GNG,GNG,3BL,Red,Kobs,Naafiri,Rumble,JGL,3,9.0,1.0,True,Win
2884012,1,3BL,GNG,3BL,GNG,Blue,Silva2,JarvanIV,Jarvan IV,JGL,4,10.0,1.0,False,Loss
2884012,1,3BL,GNG,3BL,GNG,Blue,VAEII,Akali,Akali,MID,5,11.0,1.0,False,Loss
2884012,1,3BL,GNG,GNG,3BL,Red,Robenong,Orianna,Naafiri,MID,6,12.0,1.0,True,Win
2884012,1,3BL,GNG,GNG,3BL,Red,Skream,Corki,Neeko,BOT,7,17.0,2.0,True,Win
2884012,1,3BL,GNG,3BL,GNG,Blue,choego,Varus,Ornn,BOT,8,18.0,2.0,False,Loss
2884012,1,3BL,GNG,3BL,GNG,Blue,Zaremba,Nautilus,Nautilus,SUP,9,19.0,2.0,False,Loss
2884012,1,3BL,GNG,GNG,3BL,Red,Aymen,Neeko,Corki,SUP,10,20.0,2.0,True,Win
2884012,2,GNG,3BL,GNG,3BL,Blue,Septico1,Ambessa,Ambessa,TOP,1,7.0,1.0,False,Loss
2884012,2,GNG,3BL,3BL,GNG,Red,Claww,Sion,Yunara,TOP,2,8.0,1.0,True,Win
2884012,2,GNG,3BL,3BL,GNG,Red,Silva2,XinZhao,Xin Zhao,JGL,3,9.0,1.0,True,Win
2884012,2,GNG,3BL,GNG,3BL,Blue,Kobs,DrMundo,Aphelios,JGL,4,10.0,1.0,False,Loss
2884012,2,GNG,3BL,GNG,3BL,Blue,Robenong,Azir,Azir,MID,5,11.0,1.0,False,Loss
2884012,2,GNG,3BL,3BL,GNG,Red,VAEII,Ahri,Ahri,MID,6,12.0,1.0,True,Win
2884012,2,GNG,3BL,3BL,GNG,Red,choego,Yunara,Lulu,BOT,7,17.0,2.0,True,Win
2884012,2,GNG,3BL,GNG,3BL,Blue,Skream,Aphelios,Dr. Mundo,BOT,8,18.0,2.0,False,Loss
2884012,2,GNG,3BL,GNG,3BL,Blue,Aymen,Rakan,Rakan,SUP,9,19.0,2.0,False,Loss
2884012,2,GNG,3BL,3BL,GNG,Red,Zaremba,Lulu,Sion,SUP,10,20.0,2.0,True,Win
2884012,3,3BL,GNG,3BL,GNG,Blue,Claww,Gnar,Wukong,TOP,1,7.0,1.0,True,Win
2884012,3,3BL,GNG,GNG,3BL,Red,Septico1,Irelia,Vi,TOP,2,8.0,1.0,False,Loss
2884012,3,3BL,GNG,GNG,3BL,Red,Kobs,Vi,Taliyah,JGL,3,9.0,1.0,False,Loss
2884012,3,3BL,GNG,3BL,GNG,Blue,Silva2,MonkeyKing,LeBlanc,JGL,4,10.0,1.0,True,Win
2884012,3,3BL,GNG,3BL,GNG,Blue,VAEII,Leblanc,Ezreal,MID,5,11.0,1.0,True,Win
2884012,3,3BL,GNG,GNG,3BL,Red,Robenong,Taliyah,Kai'Sa,MID,6,12.0,1.0,False,Loss
2884012,3,3BL,GNG,GNG,3BL,Red,Skream,Kaisa,Bard,BOT,7,17.0,2.0,False,Loss
2884012,3,3BL,GNG,3BL,GNG,Blue,choego,Ezreal,Leona,BOT,8,18.0,2.0,True,Win
2884012,3,3BL,GNG,3BL,GNG,Blue,Zaremba,Leona,Gnar,SUP,9,19.0,2.0,True,Win
2884012,3,3BL,GNG,GNG,3BL,Red,Aymen,Bard,Irelia,SUP,10,20.0,2.0,False,Loss
2884018,1,FNE,3BL,FNE,3BL,Blue,Krest,Ambessa,Ambessa,TOP,1,7.0,1.0,True,Win
2884018,1,FNE,3BL,3BL,FNE,Red,Claww,Camille,Yunara,TOP,2,8.0,1.0,False,Loss
2884018,1,FNE,3BL,3BL,FNE,Red,Silva2,MonkeyKing,Wukong,JGL,3,9.0,1.0,False,Loss
2884018,1,FNE,3BL,FNE,3BL,Blue,Stormax,Vi,Azir,JGL,4,10.0,1.0,True,Win
2884018,1,FNE,3BL,FNE,3BL,Blue,Random,Azir,Caitlyn,MID,5,11.0,1.0,True,Win
2884018,1,FNE,3BL,3BL,FNE,Red,VAEII,Leblanc,Lulu,MID,6,12.0,1.0,False,Loss
2884018,1,FNE,3BL,3BL,FNE,Red,choego,Yunara,LeBlanc,BOT,7,17.0,2.0,False,Loss
2884018,1,FNE,3BL,FNE,3BL,Blue,Xicor,Caitlyn,Bard,BOT,8,18.0,2.0,True,Win
2884018,1,FNE,3BL,FNE,3BL,Blue,B Butcher,Bard,Vi,SUP,9,19.0,2.0,True,Win
2884018,1,FNE,3BL,3BL,FNE,Red,Zaremba,Lulu,Camille,SUP,10,20.0,2.0,False,Loss
2884018,2,3BL,FNE,3BL,FNE,Blue,Claww,Sion,Xin Zhao,TOP,1,7.0,1.0,False,Loss
2884018,2,3BL,FNE,FNE,3BL,Red,Krest,Rumble,Rumble,TOP,2,8.0,1.0,True,Win
2884018,2,3BL,FNE,FNE,3BL,Red,Stormax,DrMundo,Dr. Mundo,JGL,3,9.0,1.0,True,Win
2884018,2,3BL,FNE,3BL,FNE,Blue,Silva2,XinZhao,Sion,JGL,4,10.0,1.0,False,Loss
2884018,2,3BL,FNE,3BL,FNE,Blue,VAEII,Mel,Mel,MID,5,11.0,1.0,False,Loss
2884018,2,3BL,FNE,FNE,3BL,Red,Random,Ryze,Ryze,MID,6,12.0,1.0,True,Win
2884018,2,3BL,FNE,FNE,3BL,Red,Xicor,Aphelios,Aphelios,BOT,7,17.0,2.0,True,Win
2884018,2,3BL,FNE,3BL,FNE,Blue,choego,Jinx,Jinx,BOT,8,18.0,2.0,False,Loss
2884018,2,3BL,FNE,3BL,FNE,Blue,Zaremba,Leona,Leona,SUP,9,19.0,2.0,False,Loss
2884018,2,3BL,FNE,FNE,3BL,Red,B Butcher,Rell,Rell,SUP,10,20.0,2.0,True,Win
2884022,1,3BL,DRAG,3BL,DRAG,Blue,Claww,Ambessa,Ambessa,TOP,1,7.0,1.0,False,Loss
2884022,1,3BL,DRAG,DRAG,3BL,Red,Juzu,Rumble,Rumble,TOP,2,8.0,1.0,True,Win
2884022,1,3BL,DRAG,DRAG,3BL,Red,Shlatan,Vi,Vi,JGL,3,9.0,1.0,True,Win
2884022,1,3BL,DRAG,3BL,DRAG,Blue,Silva2,XinZhao,Xin Zhao,JGL,4,10.0,1.0,False,Loss
2884022,1,3BL,DRAG,3BL,DRAG,Blue,VAEII,Ryze,Yunara,MID,5,11.0,1.0,False,Loss
2884022,1,3BL,DRAG,DRAG,3BL,Red,Akashii,Viktor,Kai'Sa,MID,6,12.0,1.0,True,Win
2884022,1,3BL,DRAG,DRAG,3BL,Red,Jalleba,Kaisa,Neeko,BOT,7,17.0,2.0,True,Win
2884022,1,3BL,DRAG,3BL,DRAG,Blue,choego,Yunara,Nami,BOT,8,18.0,2.0,False,Loss
2884022,1,3BL,DRAG,3BL,DRAG,Blue,Zaremba,Nami,Ryze,SUP,9,19.0,2.0,False,Loss
2884022,1,3BL,DRAG,DRAG,3BL,Red,Ihebic,Neeko,Viktor,SUP,10,20.0,2.0,True,Win
2884022,2,DRAG,3BL,DRAG,3BL,Blue,Juzu,Aurora,Jarvan IV,TOP,1,7.0,1.0,True,Win
2884022,2,DRAG,3BL,3BL,DRAG,Red,Claww,DrMundo,Zaahen,TOP,2,8.0,1.0,False,Loss
2884022,2,DRAG,3BL,3BL,DRAG,Red,Silva2,Zaahen,Ezreal,JGL,3,9.0,1.0,False,Loss
2884022,2,DRAG,3BL,DRAG,3BL,Blue,Shlatan,JarvanIV,Jhin,JGL,4,10.0,1.0,True,Win
2884022,2,DRAG,3BL,DRAG,3BL,Blue,Akashii,Sylas,Aurora,MID,5,11.0,1.0,True,Win
2884022,2,DRAG,3BL,3BL,DRAG,Red,VAEII,Ahri,Ahri,MID,6,12.0,1.0,False,Loss
2884022,2,DRAG,3BL,3BL,DRAG,Red,choego,Ezreal,Leona,BOT,7,17.0,2.0,False,Loss
2884022,2,DRAG,3BL,DRAG,3BL,Blue,Jalleba,Jhin,Rakan,BOT,8,18.0,2.0,True,Win
2884022,2,DRAG,3BL,DRAG,3BL,Blue,Ihebic,Rakan,Sylas,SUP,9,19.0,2.0,True,Win
2884022,2,DRAG,3BL,3BL,DRAG,Red,Zaremba,Leona,Dr. Mundo,SUP,10,20.0,2.0,False,Loss
2884028,1,ANB,3BL,ANB,3BL,Blue,Color,Gwen,Varus,TOP,1,7.0,1.0,True,Win
2884028,1,ANB,3BL,3BL,ANB,Red,Claww,Sion,Jarvan IV,TOP,2,8.0,1.0,False,Loss
2884028,1,ANB,3BL,3BL,ANB,Red,Silva2,JarvanIV,Ezreal,JGL,3,9.0,1.0,False,Loss
2884028,1,ANB,3BL,ANB,3BL,Blue,Shanks2,MonkeyKing,Wukong,JGL,4,10.0,1.0,True,Win
2884028,1,ANB,3BL,ANB,3BL,Blue,Improver,Akali,Akali,MID,5,11.0,1.0,True,Win
2884028,1,ANB,3BL,3BL,ANB,Red,VAEII,Mel,Sion,MID,6,12.0,1.0,False,Loss
2884028,1,ANB,3BL,3BL,ANB,Red,choego,Ezreal,Mel,BOT,7,17.0,2.0,False,Loss
2884028,1,ANB,3BL,ANB,3BL,Blue,Aeru,Varus,Gwen,BOT,8,18.0,2.0,True,Win
2884028,1,ANB,3BL,ANB,3BL,Blue,marlon,Bard,Bard,SUP,9,19.0,2.0,True,Win
2884028,1,ANB,3BL,3BL,ANB,Red,Zaremba,Leona,Leona,SUP,10,20.0,2.0,False,Loss
2884028,2,ANB,3BL,ANB,3BL,Blue,Color,Rumble,Ahri,TOP,1,7.0,1.0,True,Win
2884028,2,ANB,3BL,3BL,ANB,Red,Claww,KSante,Xin Zhao,TOP,2,8.0,1.0,False,Loss
2884028,2,ANB,3BL,3BL,ANB,Red,Silva2,XinZhao,Aurora,JGL,3,9.0,1.0,False,Loss
2884028,2,ANB,3BL,ANB,3BL,Blue,Shanks2,Vi,Vi,JGL,4,10.0,1.0,True,Win
2884028,2,ANB,3BL,ANB,3BL,Blue,Improver,Ahri,Rumble,MID,5,11.0,1.0,True,Win
2884028,2,ANB,3BL,3BL,ANB,Red,VAEII,Aurora,K'Sante,MID,6,12.0,1.0,False,Loss
2884028,2,ANB,3BL,3BL,ANB,Red,choego,Yunara,Yunara,BOT,7,17.0,2.0,False,Loss
2884028,2,ANB,3BL,ANB,3BL,Blue,Aeru,Caitlyn,Caitlyn,BOT,8,18.0,2.0,True,Win
2884028,2,ANB,3BL,ANB,3BL,Blue,marlon,Karma,Karma,SUP,9,19.0,2.0,True,Win
2884028,2,ANB,3BL,3BL,ANB,Red,Zaremba,Nami,Nami,SUP,10,20.0,2.0,False,Loss
2884033,1,3BL,DRAG,3BL,DRAG,Blue,Claww,Sion,Yunara,TOP,1,7.0,1.0,True,Win
2884033,1,3BL,DRAG,DRAG,3BL,Red,Juzu,Gwen,Kai'Sa,TOP,2,8.0,1.0,False,Loss
2884033,1,3BL,DRAG,DRAG,3BL,Red,Shlatan,Vi,Vi,JGL,3,9.0,1.0,False,Loss
2884033,1,3BL,DRAG,3BL,DRAG,Blue,ShizuOo,MonkeyKing,Braum,JGL,4,10.0,1.0,True,Win
2884033,1,3BL,DRAG,3BL,DRAG,Blue,VAEII,Akali,Wukong,MID,5,11.0,1.0,True,Win
2884033,1,3BL,DRAG,DRAG,3BL,Red,Akashii,Aurora,Rakan,MID,6,12.0,1.0,False,Loss
2884033,1,3BL,DRAG,DRAG,3BL,Red,Jalleba,Kaisa,Aurora,BOT,7,17.0,2.0,False,Loss
2884033,1,3BL,DRAG,3BL,DRAG,Blue,choego,Yunara,Akali,BOT,8,18.0,2.0,True,Win
2884033,1,3BL,DRAG,3BL,DRAG,Blue,Zaremba,Braum,Sion,SUP,9,19.0,2.0,True,Win
2884033,1,3BL,DRAG,DRAG,3BL,Red,Ihebic,Rakan,Gwen,SUP,10,20.0,2.0,False,Loss
2884033,2,3BL,DRAG,3BL,DRAG,Blue,Claww,Gnar,Ezreal,TOP,1,7.0,1.0,True,Win
2884033,2,3BL,DRAG,DRAG,3BL,Red,Juzu,KSante,Azir,TOP,2,8.0,1.0,False,Loss
2884033,2,3BL,DRAG,DRAG,3BL,Red,Shlatan,XinZhao,Xin Zhao,JGL,3,9.0,1.0,False,Loss
2884033,2,3BL,DRAG,3BL,DRAG,Blue,ShizuOo,LeeSin,Lee Sin,JGL,4,10.0,1.0,True,Win
2884033,2,3BL,DRAG,3BL,DRAG,Blue,VAEII,Zoe,Zoe,MID,5,11.0,1.0,True,Win
2884033,2,3BL,DRAG,DRAG,3BL,Red,Akashii,Azir,Jhin,MID,6,12.0,1.0,False,Loss
2884033,2,3BL,DRAG,DRAG,3BL,Red,Jalleba,Jhin,K'Sante,BOT,7,17.0,2.0,False,Loss
2884033,2,3BL,DRAG,3BL,DRAG,Blue,choego,Ezreal,Gnar,BOT,8,18.0,2.0,True,Win
2884033,2,3BL,DRAG,3BL,DRAG,Blue,Zaremba,Leona,Leona,SUP,9,19.0,2.0,True,Win
2884033,2,3BL,DRAG,DRAG,3BL,Red,Ihebic,Bard,Bard,SUP,10,20.0,2.0,False,Loss
2884034,1,ANB,3BL,ANB,3BL,Blue,Color,Gnar,Akali,TOP,1,7.0,1.0,False,Loss
2884034,1,ANB,3BL,3BL,ANB,Red,Claww,Camille,Ryze,TOP,2,8.0,1.0,True,Win
2884034,1,ANB,3BL,3BL,ANB,Red,ShizuOo,Zaahen,Zaahen,JGL,3,9.0,1.0,True,Win
2884034,1,ANB,3BL,ANB,3BL,Blue,Shanks2,MonkeyKing,Wukong,JGL,4,10.0,1.0,False,Loss
2884034,1,ANB,3BL,ANB,3BL,Blue,Improver,Akali,Gnar,MID,5,11.0,1.0,False,Loss
2884034,1,ANB,3BL,3BL,ANB,Red,VAEII,Ryze,Camille,MID,6,12.0,1.0,True,Win
2884034,1,ANB,3BL,3BL,ANB,Red,choego,Corki,Corki,BOT,7,17.0,2.0,True,Win
2884034,1,ANB,3BL,ANB,3BL,Blue,Aeru,Xayah,Xayah,BOT,8,18.0,2.0,False,Loss
2884034,1,ANB,3BL,ANB,3BL,Blue,marlon,Rakan,Rakan,SUP,9,19.0,2.0,False,Loss
2884034,1,ANB,3BL,3BL,ANB,Red,Zaremba,Leona,Leona,SUP,10,20.0,2.0,True,Win
2884034,2,ANB,3BL,ANB,3BL,Blue,Color,Gwen,Ambessa,TOP,1,7.0,1.0,False,Loss
2884034,2,ANB,3BL,3BL,ANB,Red,Claww,Kennen,Taliyah,TOP,2,8.0,1.0,True,Win
2884034,2,ANB,3BL,3BL,ANB,Red,ShizuOo,Vi,Vi,JGL,3,9.0,1.0,True,Win
2884034,2,ANB,3BL,ANB,3BL,Blue,Shanks2,Ambessa,Aurora,JGL,4,10.0,1.0,False,Loss
2884034,2,ANB,3BL,ANB,3BL,Blue,Improver,Aurora,Kai'Sa,MID,5,11.0,1.0,False,Loss
2884034,2,ANB,3BL,3BL,ANB,Red,VAEII,Taliyah,Yunara,MID,6,12.0,1.0,True,Win
2884034,2,ANB,3BL,3BL,ANB,Red,choego,Yunara,Nautilus,BOT,7,17.0,2.0,True,Win
2884034,2,ANB,3BL,ANB,3BL,Blue,Aeru,Kaisa,Rell,BOT,8,18.0,2.0,False,Loss
2884034,2,ANB,3BL,ANB,3BL,Blue,marlon,Rell,Gwen,SUP,9,19.0,2.0,False,Loss
2884034,2,ANB,3BL,3BL,ANB,Red,Zaremba,Nautilus,Kennen,SUP,10,20.0,2.0,True,Win
2884040,1,3BL,BAM,3BL,BAM,Blue,Claww,Sion,Varus,TOP,1,7.0,1.0,False,Loss
2884040,1,3BL,BAM,BAM,3BL,Red,handm,Aatrox,Ezreal,TOP,2,8.0,1.0,True,Win
2884040,1,3BL,BAM,BAM,3BL,Red,Moe,MonkeyKing,Aatrox,JGL,3,9.0,1.0,True,Win
2884040,1,3BL,BAM,3BL,BAM,Blue,ShizuOo,Zaahen,Zaahen,JGL,4,10.0,1.0,False,Loss
2884040,1,3BL,BAM,3BL,BAM,Blue,VAEII,Ryze,Ryze,MID,5,11.0,1.0,False,Loss
2884040,1,3BL,BAM,BAM,3BL,Red,Warner,Taliyah,Taliyah,MID,6,12.0,1.0,True,Win
2884040,1,3BL,BAM,BAM,3BL,Red,Slayder,Ezreal,Leona,BOT,7,17.0,2.0,True,Win
2884040,1,3BL,BAM,3BL,BAM,Blue,choego,Varus,Nautilus,BOT,8,18.0,2.0,False,Loss
2884040,1,3BL,BAM,3BL,BAM,Blue,Zaremba,Nautilus,Sion,SUP,9,19.0,2.0,False,Loss
2884040,1,3BL,BAM,BAM,3BL,Red,sas,Leona,Wukong,SUP,10,20.0,2.0,True,Win
2884040,2,BAM,3BL,BAM,3BL,Blue,handm,Renekton,Orianna,TOP,1,7.0,1.0,True,Win
2884040,2,BAM,3BL,3BL,BAM,Red,Claww,Gnar,Ambessa,TOP,2,8.0,1.0,False,Loss
2884040,2,BAM,3BL,3BL,BAM,Red,ShizuOo,Ambessa,Ahri,JGL,3,9.0,1.0,False,Loss
2884040,2,BAM,3BL,BAM,3BL,Blue,Moe,Khazix,Renekton,JGL,4,10.0,1.0,True,Win
2884040,2,BAM,3BL,BAM,3BL,Blue,Warner,Orianna,Neeko,MID,5,11.0,1.0,True,Win
2884040,2,BAM,3BL,3BL,BAM,Red,VAEII,Ahri,Karma,MID,6,12.0,1.0,False,Loss
2884040,2,BAM,3BL,3BL,BAM,Red,choego,Caitlyn,Gnar,BOT,7,17.0,2.0,False,Loss
2884040,2,BAM,3BL,BAM,3BL,Blue,Slayder,Yunara,Yunara,BOT,8,18.0,2.0,True,Win
2884040,2,BAM,3BL,BAM,3BL,Blue,sas,Neeko,Kha'Zix,SUP,9,19.0,2.0,True,Win
2884040,2,BAM,3BL,3BL,BAM,Red,Zaremba,Karma,Caitlyn,SUP,10,20.0,2.0,False,Loss
2884040,3,BAM,3BL,BAM,3BL,Blue,handm,KSante,K'Sante,TOP,1,7.0,1.0,True,Win
2884040,3,BAM,3BL,3BL,BAM,Red,Claww,Camille,Kai'Sa,TOP,2,8.0,1.0,False,Loss
2884040,3,BAM,3BL,3BL,BAM,Red,ShizuOo,Vi,Vi,JGL,3,9.0,1.0,False,Loss
2884040,3,BAM,3BL,BAM,3BL,Blue,Moe,Rengar,Rengar,JGL,4,10.0,1.0,True,Win
2884040,3,BAM,3BL,BAM,3BL,Blue,Warner,Galio,Sivir,MID,5,11.0,1.0,True,Win
2884040,3,BAM,3BL,3BL,BAM,Red,VAEII,Hwei,Alistar,MID,6,12.0,1.0,False,Loss
2884040,3,BAM,3BL,3BL,BAM,Red,choego,Kaisa,Camille,BOT,7,17.0,2.0,False,Loss
2884040,3,BAM,3BL,BAM,3BL,Blue,Slayder,Sivir,Poppy,BOT,8,18.0,2.0,True,Win
2884040,3,BAM,3BL,BAM,3BL,Blue,sas,Poppy,Galio,SUP,9,19.0,2.0,True,Win
2884040,3,BAM,3BL,3BL,BAM,Red,Zaremba,Alistar,Hwei,SUP,10,20.0,2.0,False,Loss
2884854,1,DRX,BRO,BRO,DRX,Red,Casting,Renekton,Ryze,TOP,1,7.0,1.0,False,Loss
2884854,1,DRX,BRO,DRX,BRO,Blue,Rich,Gnar,Taliyah,TOP,2,8.0,1.0,True,Win
2884854,1,DRX,BRO,DRX,BRO,Blue,Willer,XinZhao,Yunara,JGL,3,9.0,1.0,True,Win
2884854,1,DRX,BRO,BRO,DRX,Red,GIDEON,Pantheon,Pantheon,JGL,4,10.0,1.0,False,Loss
2884854,1,DRX,BRO,BRO,DRX,Red,Roamer,Ryze,Renekton,MID,5,11.0,1.0,False,Loss
2884854,1,DRX,BRO,DRX,BRO,Blue,Ucal,Taliyah,Gnar,MID,6,12.0,1.0,True,Win
2884854,1,DRX,BRO,DRX,BRO,Blue,Jiwoo,Yunara,Xin Zhao,BOT,7,17.0,2.0,True,Win
2884854,1,DRX,BRO,BRO,DRX,Red,Teddy,Ezreal,Ezreal,BOT,8,18.0,2.0,False,Loss
2884854,1,DRX,BRO,BRO,DRX,Red,Namgung,Braum,Braum,SUP,9,19.0,2.0,False,Loss
2884854,1,DRX,BRO,DRX,BRO,Blue,Andil,Bard,Bard,SUP,10,20.0,2.0,True,Win
2884854,2,DRX,BRO,DRX,BRO,Blue,Rich,Ambessa,Orianna,TOP,1,7.0,1.0,False,Loss
2884854,2,DRX,BRO,BRO,DRX,Red,Casting,Gwen,Jarvan IV,TOP,2,8.0,1.0,True,Win
2884854,2,DRX,BRO,BRO,DRX,Red,GIDEON,JarvanIV,Azir,JGL,3,9.0,1.0,True,Win
2884854,2,DRX,BRO,DRX,BRO,Blue,Willer,Vi,Ambessa,JGL,4,10.0,1.0,False,Loss
2884854,2,DRX,BRO,DRX,BRO,Blue,Ucal,Orianna,Neeko,MID,5,11.0,1.0,False,Loss
2884854,2,DRX,BRO,BRO,DRX,Red,Roamer,Azir,Gwen,MID,6,12.0,1.0,True,Win
2884854,2,DRX,BRO,BRO,DRX,Red,Teddy,Sivir,Sivir,BOT,7,17.0,2.0,True,Win
2884854,2,DRX,BRO,DRX,BRO,Blue,Jiwoo,Kaisa,Kai'Sa,BOT,8,18.0,2.0,False,Loss
2884854,2,DRX,BRO,DRX,BRO,Blue,Andil,Neeko,Vi,SUP,9,19.0,2.0,False,Loss
2884854,2,DRX,BRO,BRO,DRX,Red,Namgung,Karma,Karma,SUP,10,20.0,2.0,True,Win
2884854,3,BRO,DRX,BRO,DRX,Blue,Casting,Aurora,Aurora,TOP,1,7.0,1.0,True,Win
2884854,3,BRO,DRX,DRX,BRO,Red,Rich,Zaahen,Wukong,TOP,2,8.0,1.0,False,Loss
2884854,3,BRO,DRX,DRX,BRO,Red,Willer,MonkeyKing,Ahri,JGL,3,9.0,1.0,False,Loss
2884854,3,BRO,DRX,BRO,DRX,Blue,GIDEON,Trundle,Aphelios,JGL,4,10.0,1.0,True,Win
2884854,3,BRO,DRX,BRO,DRX,Blue,Roamer,Sylas,Thresh,MID,5,11.0,1.0,True,Win
2884854,3,BRO,DRX,DRX,BRO,Red,Ucal,Ahri,Zaahen,MID,6,12.0,1.0,False,Loss
2884854,3,BRO,DRX,DRX,BRO,Red,Jiwoo,Zeri,Alistar,BOT,7,17.0,2.0,False,Loss
2884854,3,BRO,DRX,BRO,DRX,Blue,Teddy,Aphelios,Sylas,BOT,8,18.0,2.0,True,Win
2884854,3,BRO,DRX,BRO,DRX,Blue,Namgung,Thresh,Trundle,SUP,9,19.0,2.0,True,Win
2884854,3,BRO,DRX,DRX,BRO,Red,Andil,Alistar,Zeri,SUP,10,20.0,2.0,False,Loss
2884854,4,BRO,DRX,DRX,BRO,Red,Rich,Jax,Malphite,TOP,1,7.0,1.0,True,Win
2884854,4,BRO,DRX,BRO,DRX,Blue,Casting,Yorick,Akali,TOP,2,8.0,1.0,False,Loss
2884854,4,BRO,DRX,BRO,DRX,Blue,GIDEON,Sejuani,Sejuani,JGL,3,9.0,1.0,False,Loss
2884854,4,BRO,DRX,DRX,BRO,Red,Willer,Malphite,Xayah,JGL,4,10.0,1.0,True,Win
2884854,4,BRO,DRX,DRX,BRO,Red,Ucal,Viktor,Rakan,MID,5,11.0,1.0,True,Win
2884854,4,BRO,DRX,BRO,DRX,Blue,Roamer,Akali,Yorick,MID,6,12.0,1.0,False,Loss
2884854,4,BRO,DRX,BRO,DRX,Blue,Teddy,Kalista,Kalista,BOT,7,17.0,2.0,False,Loss
2884854,4,BRO,DRX,DRX,BRO,Red,Jiwoo,Xayah,Jax,BOT,8,18.0,2.0,True,Win
2884854,4,BRO,DRX,DRX,BRO,Red,Andil,Rakan,Viktor,SUP,9,19.0,2.0,True,Win
2884854,4,BRO,DRX,BRO,DRX,Blue,Namgung,Renata,Renata Glasc,SUP,10,20.0,2.0,False,Loss
2884854,5,DRX,BRO,BRO,DRX,Red,Casting,Sion,Zoe,TOP,1,7.0,1.0,False,Loss
2884854,5,DRX,BRO,DRX,BRO,Blue,Rich,KSante,Syndra,TOP,2,8.0,1.0,True,Win
2884854,5,DRX,BRO,DRX,BRO,Blue,Willer,Aatrox,Nautilus,JGL,3,9.0,1.0,True,Win
2884854,5,DRX,BRO,BRO,DRX,Red,GIDEON,Nocturne,Rell,JGL,4,10.0,1.0,False,Loss
2884854,5,DRX,BRO,BRO,DRX,Red,Roamer,Zoe,Nocturne,MID,5,11.0,1.0,False,Loss
2884854,5,DRX,BRO,DRX,BRO,Blue,Ucal,Syndra,Jhin,MID,6,12.0,1.0,True,Win
2884854,5,DRX,BRO,DRX,BRO,Blue,Jiwoo,Jhin,Aatrox,BOT,7,17.0,2.0,True,Win
2884854,5,DRX,BRO,BRO,DRX,Red,Teddy,Tristana,Tristana,BOT,8,18.0,2.0,False,Loss
2884854,5,DRX,BRO,BRO,DRX,Red,Namgung,Rell,Sion,SUP,9,19.0,2.0,False,Loss
2884854,5,DRX,BRO,DRX,BRO,Blue,Andil,Nautilus,K'Sante,SUP,10,20.0,2.0,True,Win
2884855,1,BFX,DNS,BFX,DNS,Blue,Clear,Renekton,Azir,TOP,1,7.0,1.0,True,Win
2884855,1,BFX,DNS,DNS,BFX,Red,DuDu,Sion,Orianna,TOP,2,8.0,1.0,False,Loss
2884855,1,BFX,DNS,DNS,BFX,Red,Pyosik,JarvanIV,Jarvan IV,JGL,3,9.0,1.0,False,Loss
2884855,1,BFX,DNS,BFX,DNS,Blue,Raptor,Vi,Renekton,JGL,4,10.0,1.0,True,Win
2884855,1,BFX,DNS,BFX,DNS,Blue,VicLa,Azir,Vi,MID,5,11.0,1.0,True,Win
2884855,1,BFX,DNS,DNS,BFX,Red,Clozer,Orianna,Yunara,MID,6,12.0,1.0,False,Loss
2884855,1,BFX,DNS,DNS,BFX,Red,deokdam,Yunara,Lulu,BOT,7,17.0,2.0,False,Loss
2884855,1,BFX,DNS,BFX,DNS,Blue,Diable,Lucian,Lucian,BOT,8,18.0,2.0,True,Win
2884855,1,BFX,DNS,BFX,DNS,Blue,Kellin,Nami,Nami,SUP,9,19.0,2.0,True,Win
2884855,1,BFX,DNS,DNS,BFX,Red,Peter,Lulu,Sion,SUP,10,20.0,2.0,False,Loss
2884855,2,BFX,DNS,DNS,BFX,Red,DuDu,Ambessa,Ambessa,TOP,1,7.0,1.0,False,Loss
2884855,2,BFX,DNS,BFX,DNS,Blue,Clear,Kennen,Ryze,TOP,2,8.0,1.0,True,Win
2884855,2,BFX,DNS,BFX,DNS,Blue,Raptor,XinZhao,Xin Zhao,JGL,3,9.0,1.0,True,Win
2884855,2,BFX,DNS,DNS,BFX,Red,Pyosik,MonkeyKing,Wukong,JGL,4,10.0,1.0,False,Loss
2884855,2,BFX,DNS,DNS,BFX,Red,Clozer,Taliyah,Taliyah,MID,5,11.0,1.0,False,Loss
2884855,2,BFX,DNS,BFX,DNS,Blue,VicLa,Ryze,Bard,MID,6,12.0,1.0,True,Win
2884855,2,BFX,DNS,BFX,DNS,Blue,Diable,Corki,Corki,BOT,7,17.0,2.0,True,Win
2884855,2,BFX,DNS,DNS,BFX,Red,deokdam,Sivir,Sivir,BOT,8,18.0,2.0,False,Loss
2884855,2,BFX,DNS,DNS,BFX,Red,Peter,Rakan,Rakan,SUP,9,19.0,2.0,False,Loss
2884855,2,BFX,DNS,BFX,DNS,Blue,Kellin,Bard,Kennen,SUP,10,20.0,2.0,True,Win
2884855,3,BFX,DNS,DNS,BFX,Red,DuDu,KSante,Neeko,TOP,1,7.0,1.0,True,Win
2884855,3,BFX,DNS,BFX,DNS,Blue,Clear,Gnar,Aurora,TOP,2,8.0,1.0,False,Loss
2884855,3,BFX,DNS,BFX,DNS,Blue,Raptor,Aatrox,Ezreal,JGL,3,9.0,1.0,False,Loss
2884855,3,BFX,DNS,DNS,BFX,Red,Pyosik,LeeSin,K'Sante,JGL,4,10.0,1.0,True,Win
2884855,3,BFX,DNS,DNS,BFX,Red,Clozer,Syndra,Kai'Sa,MID,5,11.0,1.0,True,Win
2884855,3,BFX,DNS,BFX,DNS,Blue,VicLa,Aurora,Gnar,MID,6,12.0,1.0,False,Loss
2884855,3,BFX,DNS,BFX,DNS,Blue,Diable,Ezreal,Rell,BOT,7,17.0,2.0,False,Loss
2884855,3,BFX,DNS,DNS,BFX,Red,deokdam,Kaisa,Syndra,BOT,8,18.0,2.0,True,Win
2884855,3,BFX,DNS,DNS,BFX,Red,Life,Neeko,Lee Sin,SUP,9,19.0,2.0,True,Win
2884855,3,BFX,DNS,BFX,DNS,Blue,Kellin,Rell,Aatrox,SUP,10,20.0,2.0,False,Loss
2884855,4,DNS,BFX,BFX,DNS,Red,Clear,Jax,Jayce,TOP,1,7.0,1.0,True,Win
2884855,4,DNS,BFX,DNS,BFX,Blue,DuDu,RekSai,Ziggs,TOP,2,8.0,1.0,False,Loss
2884855,4,DNS,BFX,DNS,BFX,Blue,Pyosik,Sejuani,Pantheon,JGL,3,9.0,1.0,False,Loss
2884855,4,DNS,BFX,BFX,DNS,Red,Raptor,Lillia,Jhin,JGL,4,10.0,1.0,True,Win
2884855,4,DNS,BFX,BFX,DNS,Red,VicLa,Jayce,Leona,MID,5,11.0,1.0,True,Win
2884855,4,DNS,BFX,DNS,BFX,Blue,Clozer,Yone,Yone,MID,6,12.0,1.0,False,Loss
2884855,4,DNS,BFX,DNS,BFX,Blue,deokdam,Ziggs,Sejuani,BOT,7,17.0,2.0,False,Loss
2884855,4,DNS,BFX,BFX,DNS,Red,Diable,Jhin,Jax,BOT,8,18.0,2.0,True,Win
2884855,4,DNS,BFX,BFX,DNS,Red,Kellin,Leona,Lillia,SUP,9,19.0,2.0,True,Win
2884855,4,DNS,BFX,DNS,BFX,Blue,Life,Pantheon,Rek'Sai,SUP,10,20.0,2.0,False,Loss
2884858,1,KT,NS,NS,KT,Red,Kingen,Aatrox,Yunara,TOP,1,7.0,1.0,True,Win
2884858,1,KT,NS,KT,NS,Blue,PerfecT,Ambessa,Taliyah,TOP,2,8.0,1.0,False,Loss
2884858,1,KT,NS,KT,NS,Blue,Cuzz,Vi,Vi,JGL,3,9.0,1.0,False,Loss
2884858,1,KT,NS,NS,KT,Red,Sponge,Pantheon,Pantheon,JGL,4,10.0,1.0,True,Win
2884858,1,KT,NS,NS,KT,Red,Scout,Ryze,Ryze,MID,5,11.0,1.0,True,Win
2884858,1,KT,NS,KT,NS,Blue,Bdd,Taliyah,Ambessa,MID,6,12.0,1.0,False,Loss
2884858,1,KT,NS,KT,NS,Blue,Aiming,Corki,Corki,BOT,7,17.0,2.0,False,Loss
2884858,1,KT,NS,NS,KT,Red,Taeyoon,Yunara,Neeko,BOT,8,18.0,2.0,True,Win
2884858,1,KT,NS,NS,KT,Red,Lehends,Neeko,Aatrox,SUP,9,19.0,2.0,True,Win
2884858,1,KT,NS,KT,NS,Blue,Pollu,Nautilus,Nautilus,SUP,10,20.0,2.0,False,Loss
2884858,2,NS,KT,KT,NS,Red,PerfecT,Renekton,Azir,TOP,1,7.0,1.0,False,Loss
2884858,2,NS,KT,NS,KT,Blue,Kingen,Gnar,Xin Zhao,TOP,2,8.0,1.0,True,Win
2884858,2,NS,KT,NS,KT,Blue,Sponge,XinZhao,Orianna,JGL,3,9.0,1.0,True,Win
2884858,2,NS,KT,KT,NS,Red,Cuzz,MonkeyKing,Wukong,JGL,4,10.0,1.0,False,Loss
2884858,2,NS,KT,KT,NS,Red,Bdd,Azir,Renekton,MID,5,11.0,1.0,False,Loss
2884858,2,NS,KT,NS,KT,Blue,Scout,Orianna,Gnar,MID,6,12.0,1.0,True,Win
2884858,2,NS,KT,NS,KT,Blue,Taeyoon,Kalista,Kalista,BOT,7,17.0,2.0,True,Win
2884858,2,NS,KT,KT,NS,Red,Aiming,Ezreal,Ezreal,BOT,8,18.0,2.0,False,Loss
2884858,2,NS,KT,KT,NS,Red,Ghost,Karma,Karma,SUP,9,19.0,2.0,False,Loss
2884858,2,NS,KT,NS,KT,Blue,Lehends,Renata,Renata Glasc,SUP,10,20.0,2.0,True,Win
2884858,3,NS,KT,NS,KT,Blue,Kingen,KSante,Malphite,TOP,1,7.0,1.0,False,Loss
2884858,3,NS,KT,KT,NS,Red,PerfecT,Zaahen,Aphelios,TOP,2,8.0,1.0,True,Win
2884858,3,NS,KT,KT,NS,Red,Cuzz,DrMundo,Dr. Mundo,JGL,3,9.0,1.0,True,Win
2884858,3,NS,KT,NS,KT,Blue,Sponge,Malphite,Jinx,JGL,4,10.0,1.0,False,Loss
2884858,3,NS,KT,NS,KT,Blue,Scout,Yone,Lulu,MID,5,11.0,1.0,False,Loss
2884858,3,NS,KT,KT,NS,Red,Bdd,Ahri,Blitzcrank,MID,6,12.0,1.0,True,Win
2884858,3,NS,KT,KT,NS,Red,Aiming,Aphelios,Zaahen,BOT,7,17.0,2.0,True,Win
2884858,3,NS,KT,NS,KT,Blue,Taeyoon,Jinx,Yone,BOT,8,18.0,2.0,False,Loss
2884858,3,NS,KT,NS,KT,Blue,Lehends,Lulu,K'Sante,SUP,9,19.0,2.0,False,Loss
2884858,3,NS,KT,KT,NS,Red,Ghost,Blitzcrank,Ahri,SUP,10,20.0,2.0,True,Win
2884858,4,KT,NS,NS,KT,Red,Kingen,Gragas,Jarvan IV,TOP,1,7.0,1.0,False,Loss
2884858,4,KT,NS,KT,NS,Blue,PerfecT,RekSai,Lucian,TOP,2,8.0,1.0,True,Win
2884858,4,KT,NS,KT,NS,Blue,Cuzz,Jax,Akali,JGL,3,9.0,1.0,True,Win
2884858,4,KT,NS,NS,KT,Red,Sponge,JarvanIV,Caitlyn,JGL,4,10.0,1.0,False,Loss
2884858,4,KT,NS,NS,KT,Red,Scout,Galio,Galio,MID,5,11.0,1.0,False,Loss
2884858,4,KT,NS,KT,NS,Blue,Bdd,Akali,Braum,MID,6,12.0,1.0,True,Win
2884858,4,KT,NS,KT,NS,Blue,Aiming,Lucian,Jax,BOT,7,17.0,2.0,True,Win
2884858,4,KT,NS,NS,KT,Red,Taeyoon,Caitlyn,Tahm Kench,BOT,8,18.0,2.0,False,Loss
2884858,4,KT,NS,NS,KT,Red,Lehends,TahmKench,Gragas,SUP,9,19.0,2.0,False,Loss
2884858,4,KT,NS,KT,NS,Blue,Ghost,Braum,Rek'Sai,SUP,10,20.0,2.0,True,Win
2884858,5,KT,NS,NS,KT,Red,Kingen,Olaf,Aurora,TOP,1,7.0,1.0,True,Win
2884858,5,KT,NS,KT,NS,Blue,PerfecT,Sion,Nocturne,TOP,2,8.0,1.0,False,Loss
2884858,5,KT,NS,KT,NS,Blue,Cuzz,Nocturne,Sion,JGL,3,9.0,1.0,False,Loss
2884858,5,KT,NS,NS,KT,Red,Sponge,Trundle,Kai'Sa,JGL,4,10.0,1.0,True,Win
2884858,5,KT,NS,NS,KT,Red,Scout,Aurora,Trundle,MID,5,11.0,1.0,True,Win
2884858,5,KT,NS,KT,NS,Blue,Bdd,Syndra,Rakan,MID,6,12.0,1.0,False,Loss
2884858,5,KT,NS,KT,NS,Blue,Aiming,MissFortune,Miss Fortune,BOT,7,17.0,2.0,False,Loss
2884858,5,KT,NS,NS,KT,Red,Taeyoon,Kaisa,Shen,BOT,8,18.0,2.0,True,Win
2884858,5,KT,NS,NS,KT,Red,Lehends,Shen,Olaf,SUP,9,19.0,2.0,True,Win
2884858,5,KT,NS,KT,NS,Blue,Ghost,Rakan,Syndra,SUP,10,20.0,2.0,False,Loss
2884859,3,DK,T1,T1,DK,Red,Doran,Ambessa,Ambessa,TOP,1,7.0,1.0,True,Win
2884859,3,DK,T1,DK,T1,Blue,Siwoo,Rumble,Rumble,TOP,2,8.0,1.0,False,Loss
2884859,3,DK,T1,DK,T1,Blue,Lucid,XinZhao,XinZhao,JGL,3,9.0,1.0,False,Loss
2884859,3,DK,T1,T1,DK,Red,Oner,JarvanIV,JarvanIV,JGL,4,10.0,1.0,True,Win
2884859,3,DK,T1,T1,DK,Red,Faker,Azir,Azir,MID,5,11.0,1.0,True,Win
2884859,3,DK,T1,DK,T1,Blue,ShowMaker,Orianna,Orianna,MID,6,12.0,1.0,False,Loss
2884859,3,DK,T1,DK,T1,Blue,Smash,Ezreal,Ezreal,BOT,7,17.0,2.0,False,Loss
2884859,3,DK,T1,T1,DK,Red,Peyz,Jhin,Jhin,BOT,8,18.0,2.0,True,Win
2884859,3,DK,T1,T1,DK,Red,Keria,Neeko,Neeko,SUP,9,19.0,2.0,True,Win
2884859,3,DK,T1,DK,T1,Blue,Career,Karma,Karma,SUP,10,20.0,2.0,False,Loss
2884859,4,T1,DK,T1,DK,Blue,Doran,Sion,Sion,TOP,1,,,True,Win
2884859,4,T1,DK,T1,DK,Blue,Oner,Vi,Vi,JGL,2,,,True,Win
2884859,4,T1,DK,T1,DK,Blue,Faker,Ryze,Ryze,MID,3,,,True,Win
2884859,4,T1,DK,T1,DK,Blue,Peyz,Kaisa,Kaisa,BOT,4,,,True,Win
2884859,4,T1,DK,T1,DK,Blue,Keria,Nautilus,Nautilus,SUP,5,,,True,Win
2884859,4,T1,DK,DK,T1,Red,Siwoo,Zaahen,Zaahen,TOP,6,,,False,Loss
2884859,4,T1,DK,DK,T1,Red,Lucid,MonkeyKing,MonkeyKing,JGL,7,,,False,Loss
2884859,4,T1,DK,DK,T1,Red,ShowMaker,Anivia,Anivia,MID,8,,,False,Loss
2884859,4,T1,DK,DK,T1,Red,Smash,Corki,Corki,BOT,9,,,False,Loss
2884859,4,T1,DK,DK,T1,Red,Career,Alistar,Alistar,SUP,10,,,False,Loss
2884859,5,T1,DK,T1,DK,Blue,Doran,Kennen,Kennen,TOP,1,,,True,Win
2884859,5,T1,DK,T1,DK,Blue,Oner,Nocturne,Nocturne,JGL,2,,,True,Win
2884859,5,T1,DK,T1,DK,Blue,Faker,Galio,Galio,MID,3,,,True,Win
2884859,5,T1,DK,T1,DK,Blue,Peyz,Varus,Varus,BOT,4,,,True,Win
2884859,5,T1,DK,T1,DK,Blue,Keria,Rell,Rell,SUP,5,,,True,Win
2884859,5,T1,DK,DK,T1,Red,Siwoo,Yorick,Yorick,TOP,6,,,False,Loss
2884859,5,T1,DK,DK,T1,Red,Lucid,Pantheon,Pantheon,JGL,7,,,False,Loss
2884859,5,T1,DK,DK,T1,Red,ShowMaker,Ahri,Ahri,MID,8,,,False,Loss
2884859,5,T1,DK,DK,T1,Red,Smash,Lucian,Lucian,BOT,9,,,False,Loss
2884859,5,T1,DK,DK,T1,Red,Career,Nami,Nami,SUP,10,,,False,Loss
2884861,1,GEN,HLE,HLE,GEN,Red,Zeus,KSante,Azir,TOP,1,7.0,1.0,False,Loss
2884861,1,GEN,HLE,GEN,HLE,Blue,Kiin,Aurora,Neeko,TOP,2,8.0,1.0,True,Win
2884861,1,GEN,HLE,GEN,HLE,Blue,Canyon,Vi,Vi,JGL,3,9.0,1.0,True,Win
2884861,1,GEN,HLE,HLE,GEN,Red,Kanavi,XinZhao,Corki,JGL,4,10.0,1.0,False,Loss
2884861,1,GEN,HLE,HLE,GEN,Red,Zeka,Azir,Xin Zhao,MID,5,11.0,1.0,False,Loss
2884861,1,GEN,HLE,GEN,HLE,Blue,Chovy,Yone,Yunara,MID,6,12.0,1.0,True,Win
2884861,1,GEN,HLE,GEN,HLE,Blue,Ruler,Yunara,Aurora,BOT,7,17.0,2.0,True,Win
2884861,1,GEN,HLE,HLE,GEN,Red,Gumayusi,Corki,Rakan,BOT,8,18.0,2.0,False,Loss
2884861,1,GEN,HLE,HLE,GEN,Red,Delight,Rakan,K'Sante,SUP,9,19.0,2.0,False,Loss
2884861,1,GEN,HLE,GEN,HLE,Blue,Duro,Neeko,Yone,SUP,10,20.0,2.0,True,Win
2884861,2,GEN,HLE,HLE,GEN,Red,Zeus,Renekton,Orianna,TOP,1,7.0,1.0,False,Loss
2884861,2,GEN,HLE,GEN,HLE,Blue,Kiin,Gnar,Aatrox,TOP,2,8.0,1.0,True,Win
2884861,2,GEN,HLE,GEN,HLE,Blue,Canyon,Aatrox,Galio,JGL,3,9.0,1.0,True,Win
2884861,2,GEN,HLE,HLE,GEN,Red,Kanavi,JarvanIV,Renekton,JGL,4,10.0,1.0,False,Loss
2884861,2,GEN,HLE,HLE,GEN,Red,Zeka,Orianna,Jarvan IV,MID,5,11.0,1.0,False,Loss
2884861,2,GEN,HLE,GEN,HLE,Blue,Chovy,Galio,Gnar,MID,6,12.0,1.0,True,Win
2884861,2,GEN,HLE,GEN,HLE,Blue,Ruler,Jhin,Jhin,BOT,7,17.0,2.0,True,Win
2884861,2,GEN,HLE,HLE,GEN,Red,Gumayusi,MissFortune,Miss Fortune,BOT,8,18.0,2.0,False,Loss
2884861,2,GEN,HLE,HLE,GEN,Red,Delight,Rell,Rell,SUP,9,19.0,2.0,False,Loss
2884861,2,GEN,HLE,GEN,HLE,Blue,Duro,Bard,Bard,SUP,10,20.0,2.0,True,Win
2884861,3,GEN,HLE,GEN,HLE,Blue,Kiin,Ornn,Pantheon,TOP,1,7.0,1.0,True,Win
2884861,3,GEN,HLE,HLE,GEN,Red,Zeus,Rumble,Rumble,TOP,2,8.0,1.0,False,Loss
2884861,3,GEN,HLE,HLE,GEN,Red,Kanavi,Trundle,Ryze,JGL,3,9.0,1.0,False,Loss
2884861,3,GEN,HLE,GEN,HLE,Blue,Canyon,Pantheon,Ornn,JGL,4,10.0,1.0,True,Win
2884861,3,GEN,HLE,GEN,HLE,Blue,Chovy,Cassiopeia,Cassiopeia,MID,5,11.0,1.0,True,Win
2884861,3,GEN,HLE,HLE,GEN,Red,Zeka,Ryze,Trundle,MID,6,12.0,1.0,False,Loss
2884861,3,GEN,HLE,HLE,GEN,Red,Gumayusi,Sivir,Alistar,BOT,7,17.0,2.0,False,Loss
2884861,3,GEN,HLE,GEN,HLE,Blue,Ruler,Aphelios,Aphelios,BOT,8,18.0,2.0,True,Win
2884861,3,GEN,HLE,GEN,HLE,Blue,Duro,Thresh,Thresh,SUP,9,19.0,2.0,True,Win
2884861,3,GEN,HLE,HLE,GEN,Red,Delight,Alistar,Sivir,SUP,10,20.0,2.0,False,Loss
2885344,1,FLY,C9,C9,FLY,Red,Thanatos,Renekton,Taliyah,TOP,1,7.0,1.0,True,Win
2885344,1,FLY,C9,FLY,C9,Blue,Gakgos,Gnar,Ryze,TOP,2,8.0,1.0,False,Loss
2885344,1,FLY,C9,FLY,C9,Blue,Gryffinn,MonkeyKing,Wukong,JGL,3,9.0,1.0,False,Loss
2885344,1,FLY,C9,C9,FLY,Red,Blaber,Zaahen,Corki,JGL,4,10.0,1.0,True,Win
2885344,1,FLY,C9,C9,FLY,Red,APA,Taliyah,Zaahen,MID,5,11.0,1.0,True,Win
2885344,1,FLY,C9,FLY,C9,Blue,Quad,Ryze,Senna,MID,6,12.0,1.0,False,Loss
2885344,1,FLY,C9,FLY,C9,Blue,Massu,Sion,Sion,BOT,7,17.0,2.0,False,Loss
2885344,1,FLY,C9,C9,FLY,Red,Zven,Corki,Renekton,BOT,8,18.0,2.0,True,Win
2885344,1,FLY,C9,C9,FLY,Red,Vulcan,Nautilus,Nautilus,SUP,9,19.0,2.0,True,Win
2885344,1,FLY,C9,FLY,C9,Blue,Cryogen,Senna,Gnar,SUP,10,20.0,2.0,False,Loss
2885344,2,C9,FLY,FLY,C9,Red,Gakgos,Jayce,Karma,TOP,1,7.0,1.0,True,Win
2885344,2,C9,FLY,C9,FLY,Blue,Thanatos,KSante,Azir,TOP,2,8.0,1.0,False,Loss
2885344,2,C9,FLY,C9,FLY,Blue,Blaber,Nidalee,Yunara,JGL,3,9.0,1.0,False,Loss
2885344,2,C9,FLY,FLY,C9,Red,Gryffinn,Trundle,Orianna,JGL,4,10.0,1.0,True,Win
2885344,2,C9,FLY,FLY,C9,Red,Quad,Orianna,Ezreal,MID,5,11.0,1.0,True,Win
2885344,2,C9,FLY,C9,FLY,Blue,APA,Azir,Lulu,MID,6,12.0,1.0,False,Loss
2885344,2,C9,FLY,C9,FLY,Blue,Zven,Yunara,K'Sante,BOT,7,17.0,2.0,False,Loss
2885344,2,C9,FLY,FLY,C9,Red,Massu,Ezreal,Jayce,BOT,8,18.0,2.0,True,Win
2885344,2,C9,FLY,FLY,C9,Red,Cryogen,Karma,Trundle,SUP,9,19.0,2.0,True,Win
2885344,2,C9,FLY,C9,FLY,Blue,Vulcan,Lulu,Nidalee,SUP,10,20.0,2.0,False,Loss
2885344,3,C9,FLY,C9,FLY,Blue,Thanatos,Aurora,Varus,TOP,1,7.0,1.0,True,Win
2885344,3,C9,FLY,FLY,C9,Red,Gakgos,Rumble,Rumble,TOP,2,8.0,1.0,False,Loss
2885344,3,C9,FLY,FLY,C9,Red,Gryffinn,Vi,Jhin,JGL,3,9.0,1.0,False,Loss
2885344,3,C9,FLY,C9,FLY,Blue,Blaber,Nocturne,Aurora,JGL,4,10.0,1.0,True,Win
2885344,3,C9,FLY,C9,FLY,Blue,APA,Neeko,Neeko,MID,5,11.0,1.0,True,Win
2885344,3,C9,FLY,FLY,C9,Red,Quad,Sylas,Alistar,MID,6,12.0,1.0,False,Loss
2885344,3,C9,FLY,FLY,C9,Red,Massu,Jhin,Vi,BOT,7,17.0,2.0,False,Loss
2885344,3,C9,FLY,C9,FLY,Blue,Zven,Varus,Nocturne,BOT,8,18.0,2.0,True,Win
2885344,3,C9,FLY,C9,FLY,Blue,Vulcan,Rakan,Rakan,SUP,9,19.0,2.0,True,Win
2885344,3,C9,FLY,FLY,C9,Red,Cryogen,Alistar,Sylas,SUP,10,20.0,2.0,False,Loss
2885349,1,C9,FLY,C9,FLY,Blue,Thanatos,KSante,Ambessa,TOP,1,7.0,1.0,True,Win
2885349,1,C9,FLY,FLY,C9,Red,Gakgos,Rumble,Rumble,TOP,2,8.0,1.0,False,Loss
2885349,1,C9,FLY,FLY,C9,Red,Gryffinn,Zaahen,Zaahen,JGL,3,9.0,1.0,False,Loss
2885349,1,C9,FLY,C9,FLY,Blue,Blaber,Ambessa,K'Sante,JGL,4,10.0,1.0,True,Win
2885349,1,C9,FLY,C9,FLY,Blue,APA,Galio,Neeko,MID,5,11.0,1.0,True,Win
2885349,1,C9,FLY,FLY,C9,Red,Quad,Ryze,Ryze,MID,6,12.0,1.0,False,Loss
2885349,1,C9,FLY,FLY,C9,Red,Massu,Jhin,Alistar,BOT,7,17.0,2.0,False,Loss
2885349,1,C9,FLY,C9,FLY,Blue,Zven,Corki,Corki,BOT,8,18.0,2.0,True,Win
2885349,1,C9,FLY,C9,FLY,Blue,Vulcan,Neeko,Galio,SUP,9,19.0,2.0,True,Win
2885349,1,C9,FLY,FLY,C9,Red,Cryogen,Alistar,Jhin,SUP,10,20.0,2.0,False,Loss
2885349,2,C9,FLY,FLY,C9,Red,Gakgos,Sion,Azir,TOP,1,7.0,1.0,False,Loss
2885349,2,C9,FLY,C9,FLY,Blue,Thanatos,Renekton,Renekton,TOP,2,8.0,1.0,True,Win
2885349,2,C9,FLY,C9,FLY,Blue,Blaber,Vi,Taliyah,JGL,3,9.0,1.0,True,Win
2885349,2,C9,FLY,FLY,C9,Red,Gryffinn,Trundle,Sion,JGL,4,10.0,1.0,False,Loss
2885349,2,C9,FLY,FLY,C9,Red,Quad,Azir,Trundle,MID,5,11.0,1.0,False,Loss
2885349,2,C9,FLY,C9,FLY,Blue,APA,Taliyah,Vi,MID,6,12.0,1.0,True,Win
2885349,2,C9,FLY,C9,FLY,Blue,Zven,Yunara,Yunara,BOT,7,17.0,2.0,True,Win
2885349,2,C9,FLY,FLY,C9,Red,Massu,Aphelios,Aphelios,BOT,8,18.0,2.0,False,Loss
2885349,2,C9,FLY,FLY,C9,Red,Cryogen,Lulu,Lulu,SUP,9,19.0,2.0,False,Loss
2885349,2,C9,FLY,C9,FLY,Blue,Vulcan,Nami,Nami,SUP,10,20.0,2.0,True,Win
2885349,3,C9,FLY,C9,FLY,Blue,Thanatos,Gnar,Orianna,TOP,1,7.0,1.0,True,Win
2885349,3,C9,FLY,FLY,C9,Red,Gakgos,Aurora,Aurora,TOP,2,8.0,1.0,False,Loss
2885349,3,C9,FLY,FLY,C9,Red,Gryffinn,Nocturne,Nocturne,JGL,3,9.0,1.0,False,Loss
2885349,3,C9,FLY,C9,FLY,Blue,Blaber,MonkeyKing,Wukong,JGL,4,10.0,1.0,True,Win
2885349,3,C9,FLY,C9,FLY,Blue,APA,Orianna,Bard,MID,5,11.0,1.0,True,Win
2885349,3,C9,FLY,FLY,C9,Red,Quad,Akali,Akali,MID,6,12.0,1.0,False,Loss
2885349,3,C9,FLY,FLY,C9,Red,Massu,Kalista,Kalista,BOT,7,17.0,2.0,False,Loss
2885349,3,C9,FLY,C9,FLY,Blue,Zven,Sivir,Sivir,BOT,8,18.0,2.0,True,Win
2885349,3,C9,FLY,C9,FLY,Blue,Vulcan,Bard,Gnar,SUP,9,19.0,2.0,True,Win
2885349,3,C9,FLY,FLY,C9,Red,Cryogen,Renata,Renata Glasc,SUP,10,20.0,2.0,False,Loss
2885351,1,SEN,C9,C9,SEN,Red,Thanatos,Gnar,Taliyah,TOP,1,7.0,1.0,True,Win
2885351,1,SEN,C9,SEN,C9,Blue,Impact,Renekton,Ambessa,TOP,2,8.0,1.0,False,Loss
2885351,1,SEN,C9,SEN,C9,Blue,HamBak,Ambessa,Renekton,JGL,3,9.0,1.0,False,Loss
2885351,1,SEN,C9,C9,SEN,Red,Blaber,Pantheon,Pantheon,JGL,4,10.0,1.0,True,Win
2885351,1,SEN,C9,C9,SEN,Red,APA,Taliyah,Gnar,MID,5,11.0,1.0,True,Win
2885351,1,SEN,C9,SEN,C9,Blue,DARKWINGS,Ryze,Ryze,MID,6,12.0,1.0,False,Loss
2885351,1,SEN,C9,SEN,C9,Blue,Rahel,Corki,Bard,BOT,7,17.0,2.0,False,Loss
2885351,1,SEN,C9,C9,SEN,Red,Zven,Yunara,Yunara,BOT,8,18.0,2.0,True,Win
2885351,1,SEN,C9,C9,SEN,Red,Vulcan,Lulu,Lulu,SUP,9,19.0,2.0,True,Win
2885351,1,SEN,C9,SEN,C9,Blue,huhi,Bard,Corki,SUP,10,20.0,2.0,False,Loss
2885351,2,C9,SEN,SEN,C9,Red,Impact,Rumble,Rumble,TOP,1,7.0,1.0,False,Loss
2885351,2,C9,SEN,C9,SEN,Blue,Thanatos,KSante,Varus,TOP,2,8.0,1.0,True,Win
2885351,2,C9,SEN,C9,SEN,Blue,Blaber,MonkeyKing,K'Sante,JGL,3,9.0,1.0,True,Win
2885351,2,C9,SEN,SEN,C9,Red,HamBak,Vi,Vi,JGL,4,10.0,1.0,False,Loss
2885351,2,C9,SEN,SEN,C9,Red,DARKWINGS,Hwei,Jhin,MID,5,11.0,1.0,False,Loss
2885351,2,C9,SEN,C9,SEN,Blue,APA,Viktor,Wukong,MID,6,12.0,1.0,True,Win
2885351,2,C9,SEN,C9,SEN,Blue,Zven,Varus,Viktor,BOT,7,17.0,2.0,True,Win
2885351,2,C9,SEN,SEN,C9,Red,Rahel,Jhin,Hwei,BOT,8,18.0,2.0,False,Loss
2885351,2,C9,SEN,SEN,C9,Red,huhi,Rakan,Rakan,SUP,9,19.0,2.0,False,Loss
2885351,2,C9,SEN,C9,SEN,Blue,Vulcan,Nautilus,Nautilus,SUP,10,20.0,2.0,True,Win
2885351,3,C9,SEN,C9,SEN,Blue,Thanatos,RekSai,Ziggs,TOP,1,7.0,1.0,True,Win
2885351,3,C9,SEN,SEN,C9,Red,Impact,Sion,Lucian,TOP,2,8.0,1.0,False,Loss
2885351,3,C9,SEN,SEN,C9,Red,HamBak,JarvanIV,Nami,JGL,3,9.0,1.0,False,Loss
2885351,3,C9,SEN,C9,SEN,Blue,Blaber,Maokai,Aphelios,JGL,4,10.0,1.0,True,Win
2885351,3,C9,SEN,C9,SEN,Blue,APA,Ziggs,Thresh,MID,5,11.0,1.0,True,Win
2885351,3,C9,SEN,SEN,C9,Red,DARKWINGS,TwistedFate,Jarvan IV,MID,6,12.0,1.0,False,Loss
2885351,3,C9,SEN,SEN,C9,Red,Rahel,Lucian,Sion,BOT,7,17.0,2.0,False,Loss
2885351,3,C9,SEN,C9,SEN,Blue,Zven,Aphelios,Rek'Sai,BOT,8,18.0,2.0,True,Win
2885351,3,C9,SEN,C9,SEN,Blue,Vulcan,Thresh,Maokai,SUP,9,19.0,2.0,True,Win
2885351,3,C9,SEN,SEN,C9,Red,huhi,Nami,Twisted Fate,SUP,10,20.0,2.0,False,Loss
2887886,1,SLY,YUA,SLY,YUA,Blue,Kryze,Sion,Azir,TOP,1,7.0,1.0,True,Win
2887886,1,SLY,YUA,YUA,SLY,Red,sea,Ambessa,Ambessa,TOP,2,8.0,1.0,False,Loss
2887886,1,SLY,YUA,YUA,SLY,Red,Shiina,Nocturne,Akali,JGL,3,9.0,1.0,False,Loss
2887886,1,SLY,YUA,SLY,YUA,Blue,Zicssi,RekSai,Yunara,JGL,4,10.0,1.0,True,Win
2887886,1,SLY,YUA,SLY,YUA,Blue,Jool,Azir,Neeko,MID,5,11.0,1.0,True,Win
2887886,1,SLY,YUA,YUA,SLY,Red,Sashy,Akali,Karma,MID,6,12.0,1.0,False,Loss
2887886,1,SLY,YUA,YUA,SLY,Red,Aloonea,Lux,Lux,BOT,7,17.0,2.0,False,Loss
2887886,1,SLY,YUA,SLY,YUA,Blue,Aetinoth,Yunara,Sion,BOT,8,18.0,2.0,True,Win
2887886,1,SLY,YUA,SLY,YUA,Blue,Piero,Neeko,Rek'Sai,SUP,9,19.0,2.0,True,Win
2887886,1,SLY,YUA,YUA,SLY,Red,Colomblbl,Karma,Nocturne,SUP,10,20.0,2.0,False,Loss
2887887,1,FFL,ELS,FFL,ELS,Blue,Adam,Renekton,Yunara,TOP,1,7.0,1.0,True,Win
2887887,1,FFL,ELS,ELS,FFL,Red,Kallesyn,Darius,Kai'Sa,TOP,2,8.0,1.0,False,Loss
2887887,1,FFL,ELS,ELS,FFL,Red,Motomoto,Gwen,Gwen,JGL,3,9.0,1.0,False,Loss
2887887,1,FFL,ELS,FFL,ELS,Blue,NattyNatt,Vi,Ryze,JGL,4,10.0,1.0,True,Win
2887887,1,FFL,ELS,FFL,ELS,Blue,SAKEN,Ryze,Vi,MID,5,11.0,1.0,True,Win
2887887,1,FFL,ELS,ELS,FFL,Red,Louis,Syndra,Syndra,MID,6,12.0,1.0,False,Loss
2887887,1,FFL,ELS,ELS,FFL,Red,Yen3,Kaisa,Rell,BOT,7,17.0,2.0,False,Loss
2887887,1,FFL,ELS,FFL,ELS,Blue,3XA,Yunara,Renekton,BOT,8,18.0,2.0,True,Win
2887887,1,FFL,ELS,FFL,ELS,Blue,Targamas,Braum,Braum,SUP,9,19.0,2.0,True,Win
2887887,1,FFL,ELS,ELS,FFL,Red,Hexom,Rell,Darius,SUP,10,20.0,2.0,False,Loss
2892447,1,SLY,VITB,SLY,VITB,Blue,Kryze,Rumble,Yunara,TOP,1,7.0,1.0,True,Win
2892447,1,SLY,VITB,VITB,SLY,Red,Potent,Zaahen,Azir,TOP,2,8.0,1.0,False,Loss
2892447,1,SLY,VITB,VITB,SLY,Red,Dawciu,DrMundo,Corki,JGL,3,9.0,1.0,False,Loss
2892447,1,SLY,VITB,SLY,VITB,Blue,Zicssi,XinZhao,Taliyah,JGL,4,10.0,1.0,True,Win
2892447,1,SLY,VITB,SLY,VITB,Blue,Jool,Taliyah,Rumble,MID,5,11.0,1.0,True,Win
2892447,1,SLY,VITB,VITB,SLY,Red,Czajek,Azir,Zaahen,MID,6,12.0,1.0,False,Loss
2892447,1,SLY,VITB,VITB,SLY,Red,Vizzpers,Corki,Dr. Mundo,BOT,7,17.0,2.0,False,Loss
2892447,1,SLY,VITB,SLY,VITB,Blue,Aetinoth,Yunara,Xin Zhao,BOT,8,18.0,2.0,True,Win
2892447,1,SLY,VITB,SLY,VITB,Blue,Piero,Alistar,Alistar,SUP,9,19.0,2.0,True,Win
2892447,1,SLY,VITB,VITB,SLY,Red,Dekap,Karma,Karma,SUP,10,20.0,2.0,False,Loss
2892449,1,FK,ZYB,FK,ZYB,Blue,Adam,Ambessa,Varus,TOP,1,7.0,1.0,True,Win
2892449,1,FK,ZYB,ZYB,FK,Red,H1ro,Gnar,Dr. Mundo,TOP,2,8.0,1.0,False,Loss
2892449,1,FK,ZYB,ZYB,FK,Red,Manaty,DrMundo,Orianna,JGL,3,9.0,1.0,False,Loss
2892449,1,FK,ZYB,FK,ZYB,Blue,NattyNatt,JarvanIV,Jarvan IV,JGL,4,10.0,1.0,True,Win
2892449,1,FK,ZYB,FK,ZYB,Blue,SAKEN,Azir,Azir,MID,5,11.0,1.0,True,Win
2892449,1,FK,ZYB,ZYB,FK,Red,Nisqy,Orianna,Sivir,MID,6,12.0,1.0,False,Loss
2892449,1,FK,ZYB,ZYB,FK,Red,Jezu,Sivir,Rell,BOT,7,17.0,2.0,False,Loss
2892449,1,FK,ZYB,FK,ZYB,Blue,3XA,Varus,Bard,BOT,8,18.0,2.0,True,Win
2892449,1,FK,ZYB,FK,ZYB,Blue,Targamas,Bard,Ambessa,SUP,9,19.0,2.0,True,Win
2892449,1,FK,ZYB,ZYB,FK,Red,RIIPPP,Rell,Gnar,SUP,10,20.0,2.0,False,Loss
2897347,1,SLY,SC,SLY,SC,Blue,Kryze,Rumble,Varus,TOP,1,7.0,1.0,False,Loss
2897347,1,SLY,SC,SC,SLY,Red,Yeti,Ambessa,Ryze,TOP,2,8.0,1.0,True,Win
2897347,1,SLY,SC,SC,SLY,Red,Spooky,Qiyana,Ambessa,JGL,3,9.0,1.0,True,Win
2897347,1,SLY,SC,SLY,SC,Blue,Zicssi,XinZhao,Cassiopeia,JGL,4,10.0,1.0,False,Loss
2897347,1,SLY,SC,SLY,SC,Blue,Jool,Cassiopeia,Xin Zhao,MID,5,11.0,1.0,False,Loss
2897347,1,SLY,SC,SC,SLY,Red,Nafkelah,Ryze,Qiyana,MID,6,12.0,1.0,True,Win
2897347,1,SLY,SC,SC,SLY,Red,Deadly,Ezreal,Ezreal,BOT,7,17.0,2.0,True,Win
2897347,1,SLY,SC,SLY,SC,Blue,Aetinoth,Varus,Rumble,BOT,8,18.0,2.0,False,Loss
2897347,1,SLY,SC,SLY,SC,Blue,Piero,Rell,Rell,SUP,9,19.0,2.0,False,Loss
2897347,1,SLY,SC,SC,SLY,Red,Steeelback,Leona,Leona,SUP,10,20.0,2.0,True,Win
2897348,1,FK,LIL,FK,LIL,Blue,Adam,Jayce,Jayce,TOP,1,7.0,1.0,False,Loss
2897348,1,FK,LIL,LIL,FK,Red,Addusto,Rumble,Rumble,TOP,2,8.0,1.0,True,Win
2897348,1,FK,LIL,LIL,FK,Red,Karim KT,Vi,Vi,JGL,3,9.0,1.0,True,Win
2897348,1,FK,LIL,FK,LIL,Blue,NattyNatt,XinZhao,Xayah,JGL,4,10.0,1.0,False,Loss
2897348,1,FK,LIL,FK,LIL,Blue,SAKEN,Orianna,Rakan,MID,5,11.0,1.0,False,Loss
2897348,1,FK,LIL,LIL,FK,Red,Koussay,Ahri,Ahri,MID,6,12.0,1.0,True,Win
2897348,1,FK,LIL,LIL,FK,Red,Vespa,Caitlyn,Caitlyn,BOT,7,17.0,2.0,True,Win
2897348,1,FK,LIL,FK,LIL,Blue,3XA,Xayah,Orianna,BOT,8,18.0,2.0,False,Loss
2897348,1,FK,LIL,FK,LIL,Blue,Targamas,Rakan,Xin Zhao,SUP,9,19.0,2.0,False,Loss
2897348,1,FK,LIL,LIL,FK,Red,SENECA,Nautilus,Nautilus,SUP,10,20.0,2.0,True,Win
2897352,1,TLNP,FK,TLNP,FK,Blue,Spooder,Rumble,Dr. Mundo,TOP,1,7.0,1.0,False,Loss
2897352,1,TLNP,FK,FK,TLNP,Red,Adam,Sion,Yunara,TOP,2,8.0,1.0,True,Win
2897352,1,TLNP,FK,FK,TLNP,Red,NattyNatt,Aatrox,Ryze,JGL,3,9.0,1.0,True,Win
2897352,1,TLNP,FK,TLNP,FK,Blue,Stefan,DrMundo,Alistar,JGL,4,10.0,1.0,False,Loss
2897352,1,TLNP,FK,TLNP,FK,Blue,Toffe,Orianna,Orianna,MID,5,11.0,1.0,False,Loss
2897352,1,TLNP,FK,FK,TLNP,Red,SAKEN,Ryze,Bard,MID,6,12.0,1.0,True,Win
2897352,1,TLNP,FK,FK,TLNP,Red,3XA,Yunara,Aatrox,BOT,7,17.0,2.0,True,Win
2897352,1,TLNP,FK,TLNP,FK,Blue,Axelent,Sivir,Sivir,BOT,8,18.0,2.0,False,Loss
2897352,1,TLNP,FK,TLNP,FK,Blue,Thomas,Alistar,Rumble,SUP,9,19.0,2.0,False,Loss
2897352,1,TLNP,FK,FK,TLNP,Red,Targamas,Bard,Sion,SUP,10,20.0,2.0,True,Win
2897353,1,SLY,VITB,SLY,VITB,Blue,Kryze,Sion,Jayce,TOP,1,7.0,1.0,True,Win
2897353,1,SLY,VITB,VITB,SLY,Red,Potent,Renekton,Vi,TOP,2,8.0,1.0,False,Loss
2897353,1,SLY,VITB,VITB,SLY,Red,Dawciu,Vi,Ezreal,JGL,3,9.0,1.0,False,Loss
2897353,1,SLY,VITB,SLY,VITB,Blue,Zicssi,Jayce,Sion,JGL,4,10.0,1.0,True,Win
2897353,1,SLY,VITB,SLY,VITB,Blue,Jool,Azir,Azir,MID,5,11.0,1.0,True,Win
2897353,1,SLY,VITB,VITB,SLY,Red,Czajek,Taliyah,Taliyah,MID,6,12.0,1.0,False,Loss
2897353,1,SLY,VITB,VITB,SLY,Red,Vizzpers,Ezreal,Renekton,BOT,7,17.0,2.0,False,Loss
2897353,1,SLY,VITB,SLY,VITB,Blue,Aetinoth,Jhin,Jhin,BOT,8,18.0,2.0,True,Win
2897353,1,SLY,VITB,SLY,VITB,Blue,Piero,Bard,Bard,SUP,9,19.0,2.0,True,Win
2897353,1,SLY,VITB,VITB,SLY,Red,Dekap,Pyke,Pyke,SUP,10,20.0,2.0,False,Loss
2897356,1,SLY,BKR,SLY,BKR,Blue,Kryze,Gnar,Jayce,TOP,1,7.0,1.0,True,Win
2897356,1,SLY,BKR,BKR,SLY,Red,Boda,Sylas,Varus,TOP,2,8.0,1.0,False,Loss
2897356,1,SLY,BKR,BKR,SLY,Red,Jeykup,JarvanIV,Jarvan IV,JGL,3,9.0,1.0,False,Loss
2897356,1,SLY,BKR,SLY,BKR,Blue,Zicssi,Jayce,Azir,JGL,4,10.0,1.0,True,Win
2897356,1,SLY,BKR,SLY,BKR,Blue,Jool,Azir,Jhin,MID,5,11.0,1.0,True,Win
2897356,1,SLY,BKR,BKR,SLY,Red,Sayn,Yone,Yone,MID,6,12.0,1.0,False,Loss
2897356,1,SLY,BKR,BKR,SLY,Red,UNF0RGIVEN,Varus,Nautilus,BOT,7,17.0,2.0,False,Loss
2897356,1,SLY,BKR,SLY,BKR,Blue,Aetinoth,Jhin,Leona,BOT,8,18.0,2.0,True,Win
2897356,1,SLY,BKR,SLY,BKR,Blue,Piero,Leona,Gnar,SUP,9,19.0,2.0,True,Win
2897356,1,SLY,BKR,BKR,SLY,Red,Doss,Nautilus,Sylas,SUP,10,20.0,2.0,False,Loss
2897359,1,SC,FK,SC,FK,Blue,Yeti,Ornn,Ryze,TOP,1,7.0,1.0,True,Win
2897359,1,SC,FK,FK,SC,Red,Adam,Rumble,Yunara,TOP,2,8.0,1.0,False,Loss
2897359,1,SC,FK,FK,SC,Red,NattyNatt,JarvanIV,Jarvan IV,JGL,3,9.0,1.0,False,Loss
2897359,1,SC,FK,SC,FK,Blue,Spooky,Vi,Vi,JGL,4,10.0,1.0,True,Win
2897359,1,SC,FK,SC,FK,Blue,Nafkelah,Ryze,Kai'Sa,MID,5,11.0,1.0,True,Win
2897359,1,SC,FK,FK,SC,Red,SAKEN,Syndra,Syndra,MID,6,12.0,1.0,False,Loss
2897359,1,SC,FK,FK,SC,Red,3XA,Yunara,Rumble,BOT,7,17.0,2.0,False,Loss
2897359,1,SC,FK,SC,FK,Blue,Deadly,Kaisa,Ornn,BOT,8,18.0,2.0,True,Win
2897359,1,SC,FK,SC,FK,Blue,Steeelback,Rakan,Rakan,SUP,9,19.0,2.0,True,Win
2897359,1,SC,FK,FK,SC,Red,Targamas,Poppy,Poppy,SUP,10,20.0,2.0,False,Loss
2900587,1,SLY,GL,SLY,GL,Blue,Kryze,Rumble,Azir,TOP,1,7.0,1.0,True,Win
2900587,1,SLY,GL,GL,SLY,Red,Carlsen,Aurora,Sejuani,TOP,2,8.0,1.0,False,Loss
2900587,1,SLY,GL,GL,SLY,Red,Thayger,Sejuani,Yone,JGL,3,9.0,1.0,False,Loss
2900587,1,SLY,GL,SLY,GL,Blue,Zicssi,XinZhao,Xin Zhao,JGL,4,10.0,1.0,True,Win
2900587,1,SLY,GL,SLY,GL,Blue,Jool,Azir,Rumble,MID,5,11.0,1.0,True,Win
2900587,1,SLY,GL,GL,SLY,Red,OMON,Yone,Aurora,MID,6,12.0,1.0,False,Loss
2900587,1,SLY,GL,GL,SLY,Red,HARPOON,Lucian,Lucian,BOT,7,17.0,2.0,False,Loss
2900587,1,SLY,GL,SLY,GL,Blue,Aetinoth,Xayah,Xayah,BOT,8,18.0,2.0,True,Win
2900587,1,SLY,GL,SLY,GL,Blue,Piero,Rakan,Rakan,SUP,9,19.0,2.0,True,Win
2900587,1,SLY,GL,GL,SLY,Red,Zoelys,Nautilus,Nautilus,SUP,10,20.0,2.0,False,Loss
2900588,1,FK,ZYB,FK,ZYB,Blue,Adam,Sion,Azir,TOP,1,7.0,1.0,True,Win
2900588,1,FK,ZYB,ZYB,FK,Red,H1ro,Smolder,Ezreal,TOP,2,8.0,1.0,False,Loss
2900588,1,FK,ZYB,ZYB,FK,Red,Manaty,Ivern,Taliyah,JGL,3,9.0,1.0,False,Loss
2900588,1,FK,ZYB,FK,ZYB,Blue,NattyNatt,XinZhao,Jhin,JGL,4,10.0,1.0,True,Win
2900588,1,FK,ZYB,FK,ZYB,Blue,SAKEN,Azir,Sion,MID,5,11.0,1.0,True,Win
2900588,1,FK,ZYB,ZYB,FK,Red,Nisqy,Taliyah,Leona,MID,6,12.0,1.0,False,Loss
2900588,1,FK,ZYB,ZYB,FK,Red,Jezu,Ezreal,Smolder,BOT,7,17.0,2.0,False,Loss
2900588,1,FK,ZYB,FK,ZYB,Blue,3XA,Jhin,Xin Zhao,BOT,8,18.0,2.0,True,Win
2900588,1,FK,ZYB,FK,ZYB,Blue,Targamas,Bard,Bard,SUP,9,19.0,2.0,True,Win
2900588,1,FK,ZYB,ZYB,FK,Red,RIIPPP,Leona,Ivern,SUP,10,20.0,2.0,False,Loss
2900591,1,SLY,TLNP,SLY,TLNP,Blue,Kryze,Sion,Yunara,TOP,1,7.0,1.0,True,Win
2900591,1,SLY,TLNP,TLNP,SLY,Red,Spooder,Rumble,Rumble,TOP,2,8.0,1.0,False,Loss
2900591,1,SLY,TLNP,TLNP,SLY,Red,Stefan,MonkeyKing,Corki,JGL,3,9.0,1.0,False,Loss
2900591,1,SLY,TLNP,SLY,TLNP,Blue,Zicssi,Zaahen,Sion,JGL,4,10.0,1.0,True,Win
2900591,1,SLY,TLNP,SLY,TLNP,Blue,Jool,Ryze,Ryze,MID,5,11.0,1.0,True,Win
2900591,1,SLY,TLNP,TLNP,SLY,Red,Toffe,Taliyah,Taliyah,MID,6,12.0,1.0,False,Loss
2900591,1,SLY,TLNP,TLNP,SLY,Red,Axelent,Corki,Wukong,BOT,7,17.0,2.0,False,Loss
2900591,1,SLY,TLNP,SLY,TLNP,Blue,Aetinoth,Yunara,Rell,BOT,8,18.0,2.0,True,Win
2900591,1,SLY,TLNP,SLY,TLNP,Blue,Piero,Rell,Zaahen,SUP,9,19.0,2.0,True,Win
2900591,1,SLY,TLNP,TLNP,SLY,Red,Thomas,Nami,Nami,SUP,10,20.0,2.0,False,Loss
2900594,1,FK,VITB,FK,VITB,Blue,Adam,Ornn,Ryze,TOP,1,7.0,1.0,True,Win
2900594,1,FK,VITB,VITB,FK,Red,Potent,Ambessa,Pantheon,TOP,2,8.0,1.0,False,Loss
2900594,1,FK,VITB,VITB,FK,Red,Dawciu,Pantheon,Taliyah,JGL,3,9.0,1.0,False,Loss
2900594,1,FK,VITB,FK,VITB,Blue,NattyNatt,JarvanIV,Jarvan IV,JGL,4,10.0,1.0,True,Win
2900594,1,FK,VITB,FK,VITB,Blue,SAKEN,Ryze,Ornn,MID,5,11.0,1.0,True,Win
2900594,1,FK,VITB,VITB,FK,Red,Czajek,Taliyah,Ambessa,MID,6,12.0,1.0,False,Loss
2900594,1,FK,VITB,VITB,FK,Red,Vizzpers,Ezreal,Ezreal,BOT,7,17.0,2.0,False,Loss
2900594,1,FK,VITB,FK,VITB,Blue,3XA,Jhin,Jhin,BOT,8,18.0,2.0,True,Win
2900594,1,FK,VITB,FK,VITB,Blue,Targamas,Alistar,Alistar,SUP,9,19.0,2.0,True,Win
2900594,1,FK,VITB,VITB,FK,Red,Dekap,Rakan,Rakan,SUP,10,20.0,2.0,False,Loss
2900596,1,SLY,ZYB,SLY,ZYB,Blue,Kryze,Rumble,Varus,TOP,1,7.0,1.0,True,Win
2900596,1,SLY,ZYB,ZYB,SLY,Red,Sleyer,KSante,Dr. Mundo,TOP,2,8.0,1.0,False,Loss
2900596,1,SLY,ZYB,ZYB,SLY,Red,Manaty,DrMundo,Kai'Sa,JGL,3,9.0,1.0,False,Loss
2900596,1,SLY,ZYB,SLY,ZYB,Blue,Zicssi,JarvanIV,Jarvan IV,JGL,4,10.0,1.0,True,Win
2900596,1,SLY,ZYB,SLY,ZYB,Blue,Jool,Yone,Rumble,MID,5,11.0,1.0,True,Win
2900596,1,SLY,ZYB,ZYB,SLY,Red,Nisqy,Zoe,Neeko,MID,6,12.0,1.0,False,Loss
2900596,1,SLY,ZYB,ZYB,SLY,Red,Jezu,Kaisa,K'Sante,BOT,7,17.0,2.0,False,Loss
2900596,1,SLY,ZYB,SLY,ZYB,Blue,Aetinoth,Varus,Yone,BOT,8,18.0,2.0,True,Win
2900596,1,SLY,ZYB,SLY,ZYB,Blue,Piero,Karma,Karma,SUP,9,19.0,2.0,True,Win
2900596,1,SLY,ZYB,ZYB,SLY,Red,RIIPPP,Neeko,Zoe,SUP,10,20.0,2.0,False,Loss
2900597,1,FK,JL,FK,JL,Blue,Adam,Renekton,Vi,TOP,1,7.0,1.0,False,Loss
2900597,1,FK,JL,JL,FK,Red,Vertigo,Ornn,Ahri,TOP,2,8.0,1.0,True,Win
2900597,1,FK,JL,JL,FK,Red,Shift,MonkeyKing,Yunara,JGL,3,9.0,1.0,True,Win
2900597,1,FK,JL,FK,JL,Blue,NattyNatt,Vi,Taliyah,JGL,4,10.0,1.0,False,Loss
2900597,1,FK,JL,FK,JL,Blue,SAKEN,Taliyah,Jhin,MID,5,11.0,1.0,False,Loss
2900597,1,FK,JL,JL,FK,Red,Czekolad,Ahri,Bard,MID,6,12.0,1.0,True,Win
2900597,1,FK,JL,JL,FK,Red,Comp,Yunara,Wukong,BOT,7,17.0,2.0,True,Win
2900597,1,FK,JL,FK,JL,Blue,3XA,Jhin,Renekton,BOT,8,18.0,2.0,False,Loss
2900597,1,FK,JL,FK,JL,Blue,Targamas,Rakan,Rakan,SUP,9,19.0,2.0,False,Loss
2900597,1,FK,JL,JL,FK,Red,HungryPanda,Bard,Ornn,SUP,10,20.0,2.0,True,Win
2900603,1,JL,SLY,JL,SLY,Blue,Vertigo,Rumble,Rumble,TOP,1,7.0,1.0,False,Loss
2900603,1,JL,SLY,SLY,JL,Red,Kryze,KSante,Corki,TOP,2,8.0,1.0,True,Win
2900603,1,JL,SLY,SLY,JL,Red,Zicssi,JarvanIV,K'Sante,JGL,3,9.0,1.0,True,Win
2900603,1,JL,SLY,JL,SLY,Blue,Shift,Pantheon,Ryze,JGL,4,10.0,1.0,False,Loss
2900603,1,JL,SLY,JL,SLY,Blue,Czekolad,Ryze,Pantheon,MID,5,11.0,1.0,False,Loss
2900603,1,JL,SLY,SLY,JL,Red,Jool,Taliyah,Taliyah,MID,6,12.0,1.0,True,Win
2900603,1,JL,SLY,SLY,JL,Red,Aetinoth,Corki,Jarvan IV,BOT,7,17.0,2.0,True,Win
2900603,1,JL,SLY,JL,SLY,Blue,Comp,Aphelios,Aphelios,BOT,8,18.0,2.0,False,Loss
2900603,1,JL,SLY,JL,SLY,Blue,HungryPanda,Thresh,Thresh,SUP,9,19.0,2.0,False,Loss
2900603,1,JL,SLY,SLY,JL,Red,Piero,Bard,Bard,SUP,10,20.0,2.0,True,Win
2900604,1,FK,BKR,FK,BKR,Blue,Adam,Sion,Orianna,TOP,1,7.0,1.0,True,Win
2900604,1,FK,BKR,BKR,FK,Red,Boda,Varus,Varus,TOP,2,8.0,1.0,False,Loss
2900604,1,FK,BKR,BKR,FK,Red,Jeykup,Jayce,Syndra,JGL,3,9.0,1.0,False,Loss
2900604,1,FK,BKR,FK,BKR,Blue,NattyNatt,Sylas,Jhin,JGL,4,10.0,1.0,True,Win
2900604,1,FK,BKR,FK,BKR,Blue,SAKEN,Orianna,Sion,MID,5,11.0,1.0,True,Win
2900604,1,FK,BKR,BKR,FK,Red,Sayn,Syndra,Jayce,MID,6,12.0,1.0,False,Loss
2900604,1,FK,BKR,BKR,FK,Red,UNF0RGIVEN,Corki,Alistar,BOT,7,17.0,2.0,False,Loss
2900604,1,FK,BKR,FK,BKR,Blue,3XA,Jhin,Bard,BOT,8,18.0,2.0,True,Win
2900604,1,FK,BKR,FK,BKR,Blue,Targamas,Bard,Sylas,SUP,9,19.0,2.0,True,Win
2900604,1,FK,BKR,BKR,FK,Red,Doss,Alistar,Corki,SUP,10,20.0,2.0,False,Loss
2901028,1,TH,G2,TH,G2,Blue,Tracyn,Sion,Dr. Mundo,TOP,1,7.0,1.0,False,Loss
2901028,1,TH,G2,G2,TH,Red,BrokenBlade,Gwen,Vi,TOP,2,8.0,1.0,True,Win
2901028,1,TH,G2,G2,TH,Red,SkewMond,Vi,Ryze,JGL,3,9.0,1.0,True,Win
2901028,1,TH,G2,TH,G2,Blue,Sheo,DrMundo,Anivia,JGL,4,10.0,1.0,False,Loss
2901028,1,TH,G2,TH,G2,Blue,Serin,Anivia,Aphelios,MID,5,11.0,1.0,False,Loss
2901028,1,TH,G2,G2,TH,Red,Caps,Ryze,Bard,MID,6,12.0,1.0,True,Win
2901028,1,TH,G2,G2,TH,Red,Hans Sama,Caitlyn,Caitlyn,BOT,7,17.0,2.0,True,Win
2901028,1,TH,G2,TH,G2,Blue,Ice,Aphelios,Sion,BOT,8,18.0,2.0,False,Loss
2901028,1,TH,G2,TH,G2,Blue,Stend,Pyke,Pyke,SUP,9,19.0,2.0,False,Loss
2901028,1,TH,G2,G2,TH,Red,Labrov,Bard,Gwen,SUP,10,20.0,2.0,True,Win
2901028,2,G2,TH,G2,TH,Blue,BrokenBlade,KSante,Orianna,TOP,1,7.0,1.0,True,Win
2901028,2,G2,TH,TH,G2,Red,Tracyn,Gnar,Azir,TOP,2,8.0,1.0,False,Loss
2901028,2,G2,TH,TH,G2,Red,Sheo,Pantheon,Pantheon,JGL,3,9.0,1.0,False,Loss
2901028,2,G2,TH,G2,TH,Blue,SkewMond,Trundle,Kai'Sa,JGL,4,10.0,1.0,True,Win
2901028,2,G2,TH,G2,TH,Blue,Caps,Orianna,Neeko,MID,5,11.0,1.0,True,Win
2901028,2,G2,TH,TH,G2,Red,Serin,Azir,Nautilus,MID,6,12.0,1.0,False,Loss
2901028,2,G2,TH,TH,G2,Red,Ice,MissFortune,Miss Fortune,BOT,7,17.0,2.0,False,Loss
2901028,2,G2,TH,G2,TH,Blue,Hans Sama,Kaisa,K'Sante,BOT,8,18.0,2.0,True,Win
2901028,2,G2,TH,G2,TH,Blue,Labrov,Neeko,Trundle,SUP,9,19.0,2.0,True,Win
2901028,2,G2,TH,TH,G2,Red,Stend,Nautilus,Gnar,SUP,10,20.0,2.0,False,Loss
2901029,1,KC,GX,KC,GX,Blue,Canna,Rumble,Varus,TOP,1,7.0,1.0,True,Win
2901029,1,KC,GX,GX,KC,Red,Lot,Ornn,Orianna,TOP,2,8.0,1.0,False,Loss
2901029,1,KC,GX,GX,KC,Red,ISMA,JarvanIV,Jarvan IV,JGL,3,9.0,1.0,False,Loss
2901029,1,KC,GX,KC,GX,Blue,Yike,XinZhao,Xin Zhao,JGL,4,10.0,1.0,True,Win
2901029,1,KC,GX,KC,GX,Blue,kyeahoo,Galio,Galio,MID,5,11.0,1.0,True,Win
2901029,1,KC,GX,GX,KC,Red,Jackies,Orianna,Ezreal,MID,6,12.0,1.0,False,Loss
2901029,1,KC,GX,GX,KC,Red,Noah,Ezreal,Bard,BOT,7,17.0,2.0,False,Loss
2901029,1,KC,GX,KC,GX,Blue,Caliste,Varus,Rumble,BOT,8,18.0,2.0,True,Win
2901029,1,KC,GX,KC,GX,Blue,Busio,Rakan,Rakan,SUP,9,19.0,2.0,True,Win
2901029,1,KC,GX,GX,KC,Red,Jun,Bard,Ornn,SUP,10,20.0,2.0,False,Loss
2901029,2,GX,KC,GX,KC,Blue,Lot,KSante,Azir,TOP,1,7.0,1.0,False,Loss
2901029,2,GX,KC,KC,GX,Red,Canna,Gwen,Yunara,TOP,2,8.0,1.0,True,Win
2901029,2,GX,KC,KC,GX,Red,Yike,Vi,Vi,JGL,3,9.0,1.0,True,Win
2901029,2,GX,KC,GX,KC,Blue,ISMA,Poppy,Corki,JGL,4,10.0,1.0,False,Loss
2901029,2,GX,KC,GX,KC,Blue,Jackies,Azir,Nami,MID,5,11.0,1.0,False,Loss
2901029,2,GX,KC,KC,GX,Red,kyeahoo,Aurora,Aurora,MID,6,12.0,1.0,True,Win
2901029,2,GX,KC,KC,GX,Red,Caliste,Yunara,Lulu,BOT,7,17.0,2.0,True,Win
2901029,2,GX,KC,GX,KC,Blue,Noah,Corki,K'Sante,BOT,8,18.0,2.0,False,Loss
2901029,2,GX,KC,GX,KC,Blue,Jun,Nami,Poppy,SUP,9,19.0,2.0,False,Loss
2901029,2,GX,KC,KC,GX,Red,Busio,Lulu,Gwen,SUP,10,20.0,2.0,True,Win
2901030,1,G2,KC,KC,G2,Red,Canna,Sion,Azir,TOP,1,7.0,1.0,False,Loss
2901030,1,G2,KC,G2,KC,Blue,BrokenBlade,Gwen,Taliyah,TOP,2,8.0,1.0,True,Win
2901030,1,G2,KC,G2,KC,Blue,SkewMond,Vi,Vi,JGL,3,9.0,1.0,True,Win
2901030,1,G2,KC,KC,G2,Red,Yike,Zaahen,Sion,JGL,4,10.0,1.0,False,Loss
2901030,1,G2,KC,KC,G2,Red,kyeahoo,Azir,Bard,MID,5,11.0,1.0,False,Loss
2901030,1,G2,KC,G2,KC,Blue,Caps,Taliyah,Gwen,MID,6,12.0,1.0,True,Win
2901030,1,G2,KC,G2,KC,Blue,Hans Sama,Kaisa,Neeko,BOT,7,17.0,2.0,True,Win
2901030,1,G2,KC,KC,G2,Red,Caliste,Ezreal,Ezreal,BOT,8,18.0,2.0,False,Loss
2901030,1,G2,KC,KC,G2,Red,Busio,Bard,Zaahen,SUP,9,19.0,2.0,False,Loss
2901030,1,G2,KC,G2,KC,Blue,Labrov,Neeko,Kai'Sa,SUP,10,20.0,2.0,True,Win
2901030,2,G2,KC,KC,G2,Red,Canna,Galio,Galio,TOP,1,7.0,1.0,False,Loss
2901030,2,G2,KC,G2,KC,Blue,BrokenBlade,Rumble,Rumble,TOP,2,8.0,1.0,False,Loss
2901030,2,G2,KC,G2,KC,Blue,SkewMond,JarvanIV,Jarvan IV,JGL,3,9.0,1.0,False,Loss
2901030,2,G2,KC,KC,G2,Red,Yike,Ambessa,Ambessa,JGL,4,10.0,1.0,False,Loss
2901030,2,G2,KC,KC,G2,Red,kyeahoo,Anivia,Anivia,MID,5,11.0,1.0,False,Loss
2901030,2,G2,KC,G2,KC,Blue,Caps,Ryze,Ryze,MID,6,12.0,1.0,False,Loss
2901030,2,G2,KC,G2,KC,Blue,Hans Sama,Corki,Corki,BOT,7,17.0,2.0,False,Loss
2901030,2,G2,KC,KC,G2,Red,Caliste,Ashe,Ashe,BOT,8,18.0,2.0,False,Loss
2901030,2,G2,KC,KC,G2,Red,Busio,Seraphine,Seraphine,SUP,9,19.0,2.0,False,Loss
2901030,2,G2,KC,G2,KC,Blue,Labrov,Nami,Nami,SUP,10,20.0,2.0,False,Loss
2901030,3,G2,KC,G2,KC,Blue,BrokenBlade,Rumble,Rumble,TOP,1,,,True,Win
2901030,3,G2,KC,G2,KC,Blue,SkewMond,JarvanIV,JarvanIV,JGL,2,,,True,Win
2901030,3,G2,KC,G2,KC,Blue,Caps,Ryze,Ryze,MID,3,,,True,Win
2901030,3,G2,KC,G2,KC,Blue,Hans Sama,Corki,Corki,BOT,4,,,True,Win
2901030,3,G2,KC,G2,KC,Blue,Labrov,Nami,Nami,SUP,5,,,True,Win
2901030,3,G2,KC,KC,G2,Red,Canna,Galio,Galio,TOP,6,,,False,Loss
2901030,3,G2,KC,KC,G2,Red,Yike,Ambessa,Ambessa,JGL,7,,,False,Loss
2901030,3,G2,KC,KC,G2,Red,kyeahoo,Anivia,Anivia,MID,8,,,False,Loss
2901030,3,G2,KC,KC,G2,Red,Caliste,Ashe,Ashe,BOT,9,,,False,Loss
2901030,3,G2,KC,KC,G2,Red,Busio,Seraphine,Seraphine,SUP,10,,,False,Loss
2901031,1,MKOI,NAVI,MKOI,NAVI,Blue,Myrwn,Ornn,Zaahen,TOP,1,7.0,1.0,True,Win
2901031,1,MKOI,NAVI,NAVI,MKOI,Red,Maynter,Rumble,Rumble,TOP,2,8.0,1.0,False,Loss
2901031,1,MKOI,NAVI,NAVI,MKOI,Red,Rhilech,XinZhao,Corki,JGL,3,9.0,1.0,False,Loss
2901031,1,MKOI,NAVI,MKOI,NAVI,Blue,Elyoya,Zaahen,Ezreal,JGL,4,10.0,1.0,True,Win
2901031,1,MKOI,NAVI,MKOI,NAVI,Blue,Jojopyun,Azir,Azir,MID,5,11.0,1.0,True,Win
2901031,1,MKOI,NAVI,NAVI,MKOI,Red,Poby,Yone,Yone,MID,6,12.0,1.0,False,Loss
2901031,1,MKOI,NAVI,NAVI,MKOI,Red,SamD,Corki,Xin Zhao,BOT,7,17.0,2.0,False,Loss
2901031,1,MKOI,NAVI,MKOI,NAVI,Blue,Supa,Ezreal,Ornn,BOT,8,18.0,2.0,True,Win
2901031,1,MKOI,NAVI,MKOI,NAVI,Blue,Alvaro,Rell,Rell,SUP,9,19.0,2.0,True,Win
2901031,1,MKOI,NAVI,NAVI,MKOI,Red,Parus,Nautilus,Nautilus,SUP,10,20.0,2.0,False,Loss
2901031,2,MKOI,NAVI,MKOI,NAVI,Blue,Myrwn,KSante,Pantheon,TOP,1,7.0,1.0,True,Win
2901031,2,MKOI,NAVI,NAVI,MKOI,Red,Maynter,Gnar,Dr. Mundo,TOP,2,8.0,1.0,False,Loss
2901031,2,MKOI,NAVI,NAVI,MKOI,Red,Rhilech,DrMundo,Ryze,JGL,3,9.0,1.0,False,Loss
2901031,2,MKOI,NAVI,MKOI,NAVI,Blue,Elyoya,Pantheon,Aphelios,JGL,4,10.0,1.0,True,Win
2901031,2,MKOI,NAVI,MKOI,NAVI,Blue,Jojopyun,Anivia,Lulu,MID,5,11.0,1.0,True,Win
2901031,2,MKOI,NAVI,NAVI,MKOI,Red,Poby,Ryze,Bard,MID,6,12.0,1.0,False,Loss
2901031,2,MKOI,NAVI,NAVI,MKOI,Red,SamD,MissFortune,Miss Fortune,BOT,7,17.0,2.0,False,Loss
2901031,2,MKOI,NAVI,MKOI,NAVI,Blue,Supa,Aphelios,K'Sante,BOT,8,18.0,2.0,True,Win
2901031,2,MKOI,NAVI,MKOI,NAVI,Blue,Alvaro,Lulu,Anivia,SUP,9,19.0,2.0,True,Win
2901031,2,MKOI,NAVI,NAVI,MKOI,Red,Parus,Bard,Gnar,SUP,10,20.0,2.0,False,Loss
2901032,1,GX,TH,GX,TH,Blue,Lot,Sion,Varus,TOP,1,7.0,1.0,True,Win
2901032,1,GX,TH,TH,GX,Red,Tracyn,Rumble,Rumble,TOP,2,8.0,1.0,False,Loss
2901032,1,GX,TH,TH,GX,Red,Sheo,Nocturne,Jhin,JGL,3,9.0,1.0,False,Loss
2901032,1,GX,TH,GX,TH,Blue,ISMA,Vi,Vi,JGL,4,10.0,1.0,True,Win
2901032,1,GX,TH,GX,TH,Blue,Jackies,Taliyah,Taliyah,MID,5,11.0,1.0,True,Win
2901032,1,GX,TH,TH,GX,Red,Serin,Aurora,Aurora,MID,6,12.0,1.0,False,Loss
2901032,1,GX,TH,TH,GX,Red,Ice,Jhin,Rakan,BOT,7,17.0,2.0,False,Loss
2901032,1,GX,TH,GX,TH,Blue,Noah,Varus,Bard,BOT,8,18.0,2.0,True,Win
2901032,1,GX,TH,GX,TH,Blue,Jun,Bard,Sion,SUP,9,19.0,2.0,True,Win
2901032,1,GX,TH,TH,GX,Red,Stend,Rakan,Nocturne,SUP,10,20.0,2.0,False,Loss
2901032,2,GX,TH,GX,TH,Blue,Lot,KSante,Ryze,TOP,1,7.0,1.0,False,Loss
2901032,2,GX,TH,TH,GX,Red,Tracyn,Gnar,Xin Zhao,TOP,2,8.0,1.0,True,Win
2901032,2,GX,TH,TH,GX,Red,Sheo,XinZhao,Anivia,JGL,3,9.0,1.0,True,Win
2901032,2,GX,TH,GX,TH,Blue,ISMA,Aatrox,Aatrox,JGL,4,10.0,1.0,False,Loss
2901032,2,GX,TH,GX,TH,Blue,Jackies,Ryze,K'Sante,MID,5,11.0,1.0,False,Loss
2901032,2,GX,TH,TH,GX,Red,Serin,Anivia,Gnar,MID,6,12.0,1.0,True,Win
2901032,2,GX,TH,TH,GX,Red,Ice,Corki,Corki,BOT,7,17.0,2.0,True,Win
2901032,2,GX,TH,GX,TH,Blue,Noah,Lucian,Lucian,BOT,8,18.0,2.0,False,Loss
2901032,2,GX,TH,GX,TH,Blue,Jun,Nami,Nami,SUP,9,19.0,2.0,False,Loss
2901032,2,GX,TH,TH,GX,Red,Stend,Rell,Rell,SUP,10,20.0,2.0,True,Win
2901032,3,GX,TH,TH,GX,Red,Tracyn,Ambessa,Ambessa,TOP,1,7.0,1.0,False,Loss
2901032,3,GX,TH,GX,TH,Blue,Lot,Zaahen,Zaahen,TOP,2,8.0,1.0,False,Loss
2901032,3,GX,TH,GX,TH,Blue,ISMA,Poppy,Poppy,JGL,3,9.0,1.0,False,Loss
2901032,3,GX,TH,TH,GX,Red,Sheo,Naafiri,Naafiri,JGL,4,10.0,1.0,False,Loss
2901032,3,GX,TH,TH,GX,Red,Serin,Ahri,Ahri,MID,5,11.0,1.0,False,Loss
2901032,3,GX,TH,GX,TH,Blue,Jackies,Azir,Azir,MID,6,12.0,1.0,False,Loss
2901032,3,GX,TH,GX,TH,Blue,Noah,Aphelios,Aphelios,BOT,7,17.0,2.0,False,Loss
2901032,3,GX,TH,TH,GX,Red,Ice,Jinx,Jinx,BOT,8,18.0,2.0,False,Loss
2901032,3,GX,TH,TH,GX,Red,Stend,Thresh,Thresh,SUP,9,19.0,2.0,False,Loss
2901032,3,GX,TH,GX,TH,Blue,Jun,Braum,Braum,SUP,10,20.0,2.0,False,Loss
2901034,1,VIT,FNC,FNC,VIT,Red,Empyros,Sion,Yunara,TOP,1,7.0,1.0,False,Loss
2901034,1,VIT,FNC,VIT,FNC,Blue,Naak Nako,Gnar,Corki,TOP,2,8.0,1.0,True,Win
2901034,1,VIT,FNC,VIT,FNC,Blue,Lyncas,XinZhao,Azir,JGL,3,9.0,1.0,True,Win
2901034,1,VIT,FNC,FNC,VIT,Red,Razork,Nocturne,Nocturne,JGL,4,10.0,1.0,False,Loss
2901034,1,VIT,FNC,FNC,VIT,Red,Vladi,Orianna,Orianna,MID,5,11.0,1.0,False,Loss
2901034,1,VIT,FNC,VIT,FNC,Blue,Humanoid,Azir,Nami,MID,6,12.0,1.0,True,Win
2901034,1,VIT,FNC,VIT,FNC,Blue,Carzzy,Corki,Xin Zhao,BOT,7,17.0,2.0,True,Win
2901034,1,VIT,FNC,FNC,VIT,Red,Upset,Yunara,Lulu,BOT,8,18.0,2.0,False,Loss
2901034,1,VIT,FNC,FNC,VIT,Red,Lospa,Lulu,Sion,SUP,9,19.0,2.0,False,Loss
2901034,1,VIT,FNC,VIT,FNC,Blue,Fleshy,Nami,Gnar,SUP,10,20.0,2.0,True,Win
2901034,2,VIT,FNC,VIT,FNC,Blue,Naak Nako,KSante,Ryze,TOP,1,7.0,1.0,True,Win
2901034,2,VIT,FNC,FNC,VIT,Red,Empyros,Zaahen,Ezreal,TOP,2,8.0,1.0,False,Loss
2901034,2,VIT,FNC,FNC,VIT,Red,Razork,JarvanIV,Zaahen,JGL,3,9.0,1.0,False,Loss
2901034,2,VIT,FNC,VIT,FNC,Blue,Lyncas,Aatrox,Karma,JGL,4,10.0,1.0,True,Win
2901034,2,VIT,FNC,VIT,FNC,Blue,Humanoid,Ryze,Jhin,MID,5,11.0,1.0,True,Win
2901034,2,VIT,FNC,FNC,VIT,Red,Vladi,Anivia,Anivia,MID,6,12.0,1.0,False,Loss
2901034,2,VIT,FNC,FNC,VIT,Red,Upset,Ezreal,Alistar,BOT,7,17.0,2.0,False,Loss
2901034,2,VIT,FNC,VIT,FNC,Blue,Carzzy,Jhin,K'Sante,BOT,8,18.0,2.0,True,Win
2901034,2,VIT,FNC,VIT,FNC,Blue,Fleshy,Karma,Aatrox,SUP,9,19.0,2.0,True,Win
2901034,2,VIT,FNC,FNC,VIT,Red,Lospa,Alistar,Jarvan IV,SUP,10,20.0,2.0,False,Loss
2901035,1,VIT,KC,KC,VIT,Red,Canna,RekSai,RekSai,TOP,1,7.0,1.0,False,Loss
2901035,1,VIT,KC,VIT,KC,Blue,Naak Nako,Ambessa,Ambessa,TOP,2,8.0,1.0,True,Win
2901035,1,VIT,KC,VIT,KC,Blue,Lyncas,DrMundo,DrMundo,JGL,3,9.0,1.0,True,Win
2901035,1,VIT,KC,KC,VIT,Red,Yike,Vi,Vi,JGL,4,10.0,1.0,False,Loss
2901035,1,VIT,KC,KC,VIT,Red,kyeahoo,Taliyah,Taliyah,MID,5,11.0,1.0,False,Loss
2901035,1,VIT,KC,VIT,KC,Blue,Humanoid,Ryze,Ryze,MID,6,12.0,1.0,True,Win
2901035,1,VIT,KC,VIT,KC,Blue,Carzzy,Ezreal,Ezreal,BOT,7,17.0,2.0,True,Win
2901035,1,VIT,KC,KC,VIT,Red,Caliste,Yunara,Yunara,BOT,8,18.0,2.0,False,Loss
2901035,1,VIT,KC,KC,VIT,Red,Busio,Neeko,Neeko,SUP,9,19.0,2.0,False,Loss
2901035,1,VIT,KC,VIT,KC,Blue,Fleshy,Karma,Karma,SUP,10,20.0,2.0,True,Win
2901035,2,VIT,KC,VIT,KC,Blue,Naak Nako,Yasuo,Yasuo,TOP,1,,,False,Loss
2901035,2,VIT,KC,VIT,KC,Blue,Lyncas,Nocturne,Nocturne,JGL,2,,,False,Loss
2901035,2,VIT,KC,VIT,KC,Blue,Humanoid,Orianna,Orianna,MID,3,,,False,Loss
2901035,2,VIT,KC,VIT,KC,Blue,Carzzy,Corki,Corki,BOT,4,,,False,Loss
2901035,2,VIT,KC,VIT,KC,Blue,Fleshy,Rell,Rell,SUP,5,,,False,Loss
2901035,2,VIT,KC,KC,VIT,Red,Canna,Aurora,Aurora,TOP,6,,,True,Win
2901035,2,VIT,KC,KC,VIT,Red,Yike,JarvanIV,JarvanIV,JGL,7,,,True,Win
2901035,2,VIT,KC,KC,VIT,Red,kyeahoo,Azir,Azir,MID,8,,,True,Win
2901035,2,VIT,KC,KC,VIT,Red,Caliste,Xayah,Xayah,BOT,9,,,True,Win
2901035,2,VIT,KC,KC,VIT,Red,Busio,Rakan,Rakan,SUP,10,,,True,Win
2901035,3,VIT,KC,VIT,KC,Blue,Naak Nako,KSante,KSante,TOP,1,,,False,Loss
2901035,3,VIT,KC,VIT,KC,Blue,Lyncas,XinZhao,XinZhao,JGL,2,,,False,Loss
2901035,3,VIT,KC,VIT,KC,Blue,Humanoid,TwistedFate,TwistedFate,MID,3,,,False,Loss
2901035,3,VIT,KC,VIT,KC,Blue,Carzzy,Seraphine,Seraphine,BOT,4,,,False,Loss
2901035,3,VIT,KC,VIT,KC,Blue,Fleshy,Braum,Braum,SUP,5,,,False,Loss
2901035,3,VIT,KC,KC,VIT,Red,Canna,Rumble,Rumble,TOP,6,,,True,Win
2901035,3,VIT,KC,KC,VIT,Red,Yike,MonkeyKing,MonkeyKing,JGL,7,,,True,Win
2901035,3,VIT,KC,KC,VIT,Red,kyeahoo,Ahri,Ahri,MID,8,,,True,Win
2901035,3,VIT,KC,KC,VIT,Red,Caliste,Zeri,Zeri,BOT,9,,,True,Win
2901035,3,VIT,KC,KC,VIT,Red,Busio,Alistar,Alistar,SUP,10,,,True,Win
2901036,1,NAVI,GX,NAVI,GX,Blue,Maynter,Sion,Varus,TOP,1,7.0,1.0,True,Win
2901036,1,NAVI,GX,GX,NAVI,Red,Lot,Gwen,Pantheon,TOP,2,8.0,1.0,False,Loss
2901036,1,NAVI,GX,GX,NAVI,Red,ISMA,Pantheon,Ezreal,JGL,3,9.0,1.0,False,Loss
2901036,1,NAVI,GX,NAVI,GX,Blue,Rhilech,Qiyana,Azir,JGL,4,10.0,1.0,True,Win
2901036,1,NAVI,GX,NAVI,GX,Blue,Poby,Azir,Sion,MID,5,11.0,1.0,True,Win
2901036,1,NAVI,GX,GX,NAVI,Red,Jackies,Aurora,Gwen,MID,6,12.0,1.0,False,Loss
2901036,1,NAVI,GX,GX,NAVI,Red,Noah,Ezreal,Aurora,BOT,7,17.0,2.0,False,Loss
2901036,1,NAVI,GX,NAVI,GX,Blue,SamD,Varus,Bard,BOT,8,18.0,2.0,True,Win
2901036,1,NAVI,GX,NAVI,GX,Blue,Parus,Bard,Qiyana,SUP,9,19.0,2.0,True,Win
2901036,1,NAVI,GX,GX,NAVI,Red,Jun,Neeko,Neeko,SUP,10,20.0,2.0,False,Loss
2901036,2,NAVI,GX,GX,NAVI,Red,Lot,KSante,Ryze,TOP,1,7.0,1.0,True,Win
2901036,2,NAVI,GX,NAVI,GX,Blue,Maynter,Gnar,Anivia,TOP,2,8.0,1.0,False,Loss
2901036,2,NAVI,GX,NAVI,GX,Blue,Rhilech,JarvanIV,Jarvan IV,JGL,3,9.0,1.0,False,Loss
2901036,2,NAVI,GX,GX,NAVI,Red,ISMA,XinZhao,Xin Zhao,JGL,4,10.0,1.0,True,Win
2901036,2,NAVI,GX,GX,NAVI,Red,Jackies,Ryze,K'Sante,MID,5,11.0,1.0,True,Win
2901036,2,NAVI,GX,NAVI,GX,Blue,Poby,Anivia,Gnar,MID,6,12.0,1.0,False,Loss
2901036,2,NAVI,GX,NAVI,GX,Blue,SamD,Corki,Corki,BOT,7,17.0,2.0,False,Loss
2901036,2,NAVI,GX,GX,NAVI,Red,Noah,Ashe,Ashe,BOT,8,18.0,2.0,True,Win
2901036,2,NAVI,GX,GX,NAVI,Red,Jun,Seraphine,Seraphine,SUP,9,19.0,2.0,True,Win
2901036,2,NAVI,GX,NAVI,GX,Blue,Parus,Nami,Nami,SUP,10,20.0,2.0,False,Loss
2901036,3,GX,NAVI,NAVI,GX,Red,Maynter,Rumble,Rumble,TOP,1,7.0,1.0,False,Loss
2901036,3,GX,NAVI,GX,NAVI,Blue,Lot,Ornn,Ornn,TOP,2,8.0,1.0,True,Win
2901036,3,GX,NAVI,GX,NAVI,Blue,ISMA,Aatrox,Yunara,JGL,3,9.0,1.0,True,Win
2901036,3,GX,NAVI,NAVI,GX,Red,Rhilech,MonkeyKing,Aphelios,JGL,4,10.0,1.0,False,Loss
2901036,3,GX,NAVI,NAVI,GX,Red,Poby,Ahri,Lulu,MID,5,11.0,1.0,False,Loss
2901036,3,GX,NAVI,GX,NAVI,Blue,Jackies,Taliyah,Nautilus,MID,6,12.0,1.0,True,Win
2901036,3,GX,NAVI,GX,NAVI,Blue,Noah,Yunara,Aatrox,BOT,7,17.0,2.0,True,Win
2901036,3,GX,NAVI,NAVI,GX,Red,SamD,Aphelios,Wukong,BOT,8,18.0,2.0,False,Loss
2901036,3,GX,NAVI,NAVI,GX,Red,Parus,Lulu,Ahri,SUP,9,19.0,2.0,False,Loss
2901036,3,GX,NAVI,GX,NAVI,Blue,Jun,Nautilus,Taliyah,SUP,10,20.0,2.0,True,Win
2901037,1,G2,MKOI,G2,MKOI,Blue,BrokenBlade,Sion,Orianna,TOP,1,7.0,1.0,True,Win
2901037,1,G2,MKOI,MKOI,G2,Red,Myrwn,Ambessa,Galio,TOP,2,8.0,1.0,False,Loss
2901037,1,G2,MKOI,MKOI,G2,Red,Elyoya,Vi,Vi,JGL,3,9.0,1.0,False,Loss
2901037,1,G2,MKOI,G2,MKOI,Blue,SkewMond,Zaahen,Bard,JGL,4,10.0,1.0,True,Win
2901037,1,G2,MKOI,G2,MKOI,Blue,Caps,Orianna,Zaahen,MID,5,11.0,1.0,True,Win
2901037,1,G2,MKOI,MKOI,G2,Red,Jojopyun,Galio,Neeko,MID,6,12.0,1.0,False,Loss
2901037,1,G2,MKOI,MKOI,G2,Red,Supa,Ezreal,Ezreal,BOT,7,17.0,2.0,False,Loss
2901037,1,G2,MKOI,G2,MKOI,Blue,Hans Sama,Sivir,Sivir,BOT,8,18.0,2.0,True,Win
2901037,1,G2,MKOI,G2,MKOI,Blue,Labrov,Bard,Sion,SUP,9,19.0,2.0,True,Win
2901037,1,G2,MKOI,MKOI,G2,Red,Alvaro,Neeko,Ambessa,SUP,10,20.0,2.0,False,Loss
2901037,2,G2,MKOI,MKOI,G2,Red,Myrwn,Ornn,Ryze,TOP,1,7.0,1.0,False,Loss
2901037,2,G2,MKOI,G2,MKOI,Blue,BrokenBlade,Rumble,Rumble,TOP,2,8.0,1.0,True,Win
2901037,2,G2,MKOI,G2,MKOI,Blue,SkewMond,JarvanIV,Jarvan IV,JGL,3,9.0,1.0,True,Win
2901037,2,G2,MKOI,MKOI,G2,Red,Elyoya,XinZhao,Ornn,JGL,4,10.0,1.0,False,Loss
2901037,2,G2,MKOI,MKOI,G2,Red,Jojopyun,Ryze,Caitlyn,MID,5,11.0,1.0,False,Loss
2901037,2,G2,MKOI,G2,MKOI,Blue,Caps,Taliyah,Taliyah,MID,6,12.0,1.0,True,Win
2901037,2,G2,MKOI,G2,MKOI,Blue,Hans Sama,Ashe,Ashe,BOT,7,17.0,2.0,True,Win
2901037,2,G2,MKOI,MKOI,G2,Red,Supa,Caitlyn,Xin Zhao,BOT,8,18.0,2.0,False,Loss
2901037,2,G2,MKOI,MKOI,G2,Red,Alvaro,Seraphine,Seraphine,SUP,9,19.0,2.0,False,Loss
2901037,2,G2,MKOI,G2,MKOI,Blue,Labrov,Nautilus,Nautilus,SUP,10,20.0,2.0,True,Win
2901037,3,G2,MKOI,G2,MKOI,Blue,BrokenBlade,KSante,KSante,TOP,1,,,True,Win
2901037,3,G2,MKOI,G2,MKOI,Blue,SkewMond,MonkeyKing,MonkeyKing,JGL,2,,,True,Win
2901037,3,G2,MKOI,G2,MKOI,Blue,Caps,Ahri,Ahri,MID,3,,,True,Win
2901037,3,G2,MKOI,G2,MKOI,Blue,Hans Sama,Yunara,Yunara,BOT,4,,,True,Win
2901037,3,G2,MKOI,G2,MKOI,Blue,Labrov,Lulu,Lulu,SUP,5,,,True,Win
2901037,3,G2,MKOI,MKOI,G2,Red,Myrwn,Aurora,Aurora,TOP,6,,,False,Loss
2901037,3,G2,MKOI,MKOI,G2,Red,Elyoya,Jayce,Jayce,JGL,7,,,False,Loss
2901037,3,G2,MKOI,MKOI,G2,Red,Jojopyun,Cassiopeia,Cassiopeia,MID,8,,,False,Loss
2901037,3,G2,MKOI,MKOI,G2,Red,Supa,Corki,Corki,BOT,9,,,False,Loss
2901037,3,G2,MKOI,MKOI,G2,Red,Alvaro,Rakan,Rakan,SUP,10,,,False,Loss
2901038,1,GX,KC,KC,GX,Red,Canna,Rumble,Rumble,TOP,1,7.0,1.0,True,Win
2901038,1,GX,KC,GX,KC,Blue,Lot,Ornn,Orianna,TOP,2,8.0,1.0,False,Loss
2901038,1,GX,KC,GX,KC,Blue,ISMA,JarvanIV,Jarvan IV,JGL,3,9.0,1.0,False,Loss
2901038,1,GX,KC,KC,GX,Red,Yike,XinZhao,Xin Zhao,JGL,4,10.0,1.0,True,Win
2901038,1,GX,KC,KC,GX,Red,kyeahoo,Azir,Azir,MID,5,11.0,1.0,True,Win
2901038,1,GX,KC,GX,KC,Blue,Jackies,Orianna,Ornn,MID,6,12.0,1.0,False,Loss
2901038,1,GX,KC,GX,KC,Blue,Noah,Ashe,Ashe,BOT,7,17.0,2.0,False,Loss
2901038,1,GX,KC,KC,GX,Red,Caliste,Jhin,Jhin,BOT,8,18.0,2.0,True,Win
2901038,1,GX,KC,KC,GX,Red,Busio,Bard,Bard,SUP,9,19.0,2.0,True,Win
2901038,1,GX,KC,GX,KC,Blue,Jun,Seraphine,Seraphine,SUP,10,20.0,2.0,False,Loss
2901038,2,GX,KC,GX,KC,Blue,Lot,Sion,Sion,TOP,1,7.0,1.0,False,Loss
2901038,2,GX,KC,KC,GX,Red,Canna,RekSai,Corki,TOP,2,8.0,1.0,True,Win
2901038,2,GX,KC,KC,GX,Red,Yike,DrMundo,Aurora,JGL,3,9.0,1.0,True,Win
2901038,2,GX,KC,GX,KC,Blue,ISMA,Aatrox,Ezreal,JGL,4,10.0,1.0,False,Loss
2901038,2,GX,KC,GX,KC,Blue,Jackies,Taliyah,Neeko,MID,5,11.0,1.0,False,Loss
2901038,2,GX,KC,KC,GX,Red,kyeahoo,Aurora,Nami,MID,6,12.0,1.0,True,Win
2901038,2,GX,KC,KC,GX,Red,Caliste,Corki,Dr. Mundo,BOT,7,17.0,2.0,True,Win
2901038,2,GX,KC,GX,KC,Blue,Noah,Ezreal,Taliyah,BOT,8,18.0,2.0,False,Loss
2901038,2,GX,KC,GX,KC,Blue,Jun,Neeko,Aatrox,SUP,9,19.0,2.0,False,Loss
2901038,2,GX,KC,KC,GX,Red,Busio,Nami,Rek'Sai,SUP,10,20.0,2.0,True,Win
2901038,3,GX,KC,GX,KC,Blue,Lot,Gnar,Vi,TOP,1,7.0,1.0,False,Loss
2901038,3,GX,KC,KC,GX,Red,Canna,Kennen,Xayah,TOP,2,8.0,1.0,True,Win
2901038,3,GX,KC,KC,GX,Red,Yike,Naafiri,Rakan,JGL,3,9.0,1.0,True,Win
2901038,3,GX,KC,GX,KC,Blue,ISMA,Vi,Aphelios,JGL,4,10.0,1.0,False,Loss
2901038,3,GX,KC,GX,KC,Blue,Jackies,Karma,Thresh,MID,5,11.0,1.0,False,Loss
2901038,3,GX,KC,KC,GX,Red,kyeahoo,Ahri,Ahri,MID,6,12.0,1.0,True,Win
2901038,3,GX,KC,KC,GX,Red,Caliste,Xayah,Naafiri,BOT,7,17.0,2.0,True,Win
2901038,3,GX,KC,GX,KC,Blue,Noah,Aphelios,Gnar,BOT,8,18.0,2.0,False,Loss
2901038,3,GX,KC,GX,KC,Blue,Jun,Thresh,Karma,SUP,9,19.0,2.0,False,Loss
2901038,3,GX,KC,KC,GX,Red,Busio,Rakan,Kennen,SUP,10,20.0,2.0,True,Win
2901039,1,MKOI,KC,MKOI,KC,Blue,Myrwn,Ambessa,Azir,TOP,1,7.0,1.0,True,Win
2901039,1,MKOI,KC,KC,MKOI,Red,Canna,Varus,Varus,TOP,2,8.0,1.0,False,Loss
2901039,1,MKOI,KC,KC,MKOI,Red,Yike,Pantheon,Pantheon,JGL,3,9.0,1.0,False,Loss
2901039,1,MKOI,KC,MKOI,KC,Blue,Elyoya,JarvanIV,Jarvan IV,JGL,4,10.0,1.0,True,Win
2901039,1,MKOI,KC,MKOI,KC,Blue,Jojopyun,Azir,Ambessa,MID,5,11.0,1.0,True,Win
2901039,1,MKOI,KC,KC,MKOI,Red,kyeahoo,Orianna,Orianna,MID,6,12.0,1.0,False,Loss
2901039,1,MKOI,KC,KC,MKOI,Red,Caliste,Ezreal,Ezreal,BOT,7,17.0,2.0,False,Loss
2901039,1,MKOI,KC,MKOI,KC,Blue,Supa,Sivir,Sivir,BOT,8,18.0,2.0,True,Win
2901039,1,MKOI,KC,MKOI,KC,Blue,Alvaro,Rakan,Rakan,SUP,9,19.0,2.0,True,Win
2901039,1,MKOI,KC,KC,MKOI,Red,Busio,Alistar,Alistar,SUP,10,20.0,2.0,False,Loss
2901039,2,MKOI,KC,KC,MKOI,Red,Canna,Sion,Ryze,TOP,1,7.0,1.0,True,Win
2901039,2,MKOI,KC,MKOI,KC,Blue,Myrwn,Zaahen,Yunara,TOP,2,8.0,1.0,False,Loss
2901039,2,MKOI,KC,MKOI,KC,Blue,Elyoya,XinZhao,Lulu,JGL,3,9.0,1.0,False,Loss
2901039,2,MKOI,KC,KC,MKOI,Red,Yike,MonkeyKing,Ashe,JGL,4,10.0,1.0,True,Win
2901039,2,MKOI,KC,KC,MKOI,Red,kyeahoo,Ryze,Seraphine,MID,5,11.0,1.0,True,Win
2901039,2,MKOI,KC,MKOI,KC,Blue,Jojopyun,Aurora,Xin Zhao,MID,6,12.0,1.0,False,Loss
2901039,2,MKOI,KC,MKOI,KC,Blue,Supa,Yunara,Aurora,BOT,7,17.0,2.0,False,Loss
2901039,2,MKOI,KC,KC,MKOI,Red,Caliste,Ashe,Sion,BOT,8,18.0,2.0,True,Win
2901039,2,MKOI,KC,KC,MKOI,Red,Busio,Seraphine,Wukong,SUP,9,19.0,2.0,True,Win
2901039,2,MKOI,KC,MKOI,KC,Blue,Alvaro,Lulu,Zaahen,SUP,10,20.0,2.0,False,Loss
2901039,3,MKOI,KC,MKOI,KC,Blue,Myrwn,Renekton,Taliyah,TOP,1,7.0,1.0,True,Win
2901039,3,MKOI,KC,KC,MKOI,Red,Canna,Jayce,Jhin,TOP,2,8.0,1.0,False,Loss
2901039,3,MKOI,KC,KC,MKOI,Red,Yike,Sejuani,Syndra,JGL,3,9.0,1.0,False,Loss
2901039,3,MKOI,KC,MKOI,KC,Blue,Elyoya,Qiyana,Kai'Sa,JGL,4,10.0,1.0,True,Win
2901039,3,MKOI,KC,MKOI,KC,Blue,Jojopyun,Taliyah,Nautilus,MID,5,11.0,1.0,True,Win
2901039,3,MKOI,KC,KC,MKOI,Red,kyeahoo,Syndra,Rell,MID,6,12.0,1.0,False,Loss
2901039,3,MKOI,KC,KC,MKOI,Red,Caliste,Jhin,Jayce,BOT,7,17.0,2.0,False,Loss
2901039,3,MKOI,KC,MKOI,KC,Blue,Supa,Kaisa,Qiyana,BOT,8,18.0,2.0,True,Win
2901039,3,MKOI,KC,MKOI,KC,Blue,Alvaro,Nautilus,Renekton,SUP,9,19.0,2.0,True,Win
2901039,3,MKOI,KC,KC,MKOI,Red,Busio,Rell,Sejuani,SUP,10,20.0,2.0,False,Loss
2901039,4,MKOI,KC,KC,MKOI,Red,Canna,Gnar,Vi,TOP,1,7.0,1.0,True,Win
2901039,4,MKOI,KC,MKOI,KC,Blue,Myrwn,Poppy,Ahri,TOP,2,8.0,1.0,False,Loss
2901039,4,MKOI,KC,MKOI,KC,Blue,Elyoya,Malphite,Neeko,JGL,3,9.0,1.0,False,Loss
2901039,4,MKOI,KC,KC,MKOI,Red,Yike,Vi,Karma,JGL,4,10.0,1.0,True,Win
2901039,4,MKOI,KC,KC,MKOI,Red,kyeahoo,Viktor,Corki,MID,5,11.0,1.0,True,Win
2901039,4,MKOI,KC,MKOI,KC,Blue,Jojopyun,Ahri,Aphelios,MID,6,12.0,1.0,False,Loss
2901039,4,MKOI,KC,MKOI,KC,Blue,Supa,Aphelios,Poppy,BOT,7,17.0,2.0,False,Loss
2901039,4,MKOI,KC,KC,MKOI,Red,Caliste,Corki,Gnar,BOT,8,18.0,2.0,True,Win
2901039,4,MKOI,KC,KC,MKOI,Red,Busio,Karma,Viktor,SUP,9,19.0,2.0,True,Win
2901039,4,MKOI,KC,MKOI,KC,Blue,Alvaro,Neeko,Malphite,SUP,10,20.0,2.0,False,Loss
2901039,5,MKOI,KC,MKOI,KC,Blue,Myrwn,KSante,Lucian,TOP,1,7.0,1.0,False,Loss
2901039,5,MKOI,KC,KC,MKOI,Red,Canna,Akali,Kalista,TOP,2,8.0,1.0,True,Win
2901039,5,MKOI,KC,KC,MKOI,Red,Yike,Khazix,Renata Glasc,JGL,3,9.0,1.0,True,Win
2901039,5,MKOI,KC,MKOI,KC,Blue,Elyoya,Gwen,Milio,JGL,4,10.0,1.0,False,Loss
2901039,5,MKOI,KC,MKOI,KC,Blue,Jojopyun,Yone,Gwen,MID,5,11.0,1.0,False,Loss
2901039,5,MKOI,KC,KC,MKOI,Red,kyeahoo,Galio,Akali,MID,6,12.0,1.0,True,Win
2901039,5,MKOI,KC,KC,MKOI,Red,Caliste,Kalista,Galio,BOT,7,17.0,2.0,True,Win
2901039,5,MKOI,KC,MKOI,KC,Blue,Supa,Lucian,Yone,BOT,8,18.0,2.0,False,Loss
2901039,5,MKOI,KC,MKOI,KC,Blue,Alvaro,Milio,K'Sante,SUP,9,19.0,2.0,False,Loss
2901039,5,MKOI,KC,KC,MKOI,Red,Busio,Renata,Kha'Zix,SUP,10,20.0,2.0,True,Win
2901114,1,BCE,BOOM,BCE,BOOM,Blue,Agresivoo,Rumble,Rumble,TOP,1,7.0,1.0,False,Loss
2901114,1,BCE,BOOM,BOOM,BCE,Red,frajgo,KSante,Ryze,TOP,2,8.0,1.0,True,Win
2901114,1,BCE,BOOM,BOOM,BCE,Red,Guli,Nunu,Corki,JGL,3,9.0,1.0,True,Win
2901114,1,BCE,BOOM,BCE,BOOM,Blue,mikusik,XinZhao,Xin Zhao,JGL,4,10.0,1.0,False,Loss
2901114,1,BCE,BOOM,BCE,BOOM,Blue,Tenshi,Azir,Azir,MID,5,11.0,1.0,False,Loss
2901114,1,BCE,BOOM,BOOM,BCE,Red,Mrozku,Ryze,K'Sante,MID,6,12.0,1.0,True,Win
2901114,1,BCE,BOOM,BOOM,BCE,Red,Odi11,Corki,Nunu & Willump,BOT,7,17.0,2.0,True,Win
2901114,1,BCE,BOOM,BCE,BOOM,Blue,Woolite,Sivir,Alistar,BOT,8,18.0,2.0,False,Loss
2901114,1,BCE,BOOM,BCE,BOOM,Blue,Jactroll,Alistar,Sivir,SUP,9,19.0,2.0,False,Loss
2901114,1,BCE,BOOM,BOOM,BCE,Red,minemaciek,Karma,Karma,SUP,10,20.0,2.0,True,Win
2901120,1,LDS,BCE,LDS,BCE,Blue,Makk,Sion,Syndra,TOP,1,7.0,1.0,False,Loss
2901120,1,LDS,BCE,BCE,LDS,Red,Agresivoo,Aatrox,Karma,TOP,2,8.0,1.0,True,Win
2901120,1,LDS,BCE,BCE,LDS,Red,mikusik,XinZhao,Xin Zhao,JGL,3,9.0,1.0,True,Win
2901120,1,LDS,BCE,LDS,BCE,Blue,belit,Qiyana,Qiyana,JGL,4,10.0,1.0,False,Loss
2901120,1,LDS,BCE,LDS,BCE,Blue,lee sang,Syndra,Bard,MID,5,11.0,1.0,False,Loss
2901120,1,LDS,BCE,BCE,LDS,Red,Tenshi,Viktor,Viktor,MID,6,12.0,1.0,True,Win
2901120,1,LDS,BCE,BCE,LDS,Red,Woolite,Corki,Corki,BOT,7,17.0,2.0,True,Win
2901120,1,LDS,BCE,LDS,BCE,Blue,Klorell,Sivir,Sivir,BOT,8,18.0,2.0,False,Loss
2901120,1,LDS,BCE,LDS,BCE,Blue,Robertoos,Bard,Sion,SUP,9,19.0,2.0,False,Loss
2901120,1,LDS,BCE,BCE,LDS,Red,Jactroll,Karma,Aatrox,SUP,10,20.0,2.0,True,Win
2901124,1,BCE,DOC,BCE,DOC,Blue,Agresivoo,Rumble,Orianna,TOP,1,7.0,1.0,True,Win
2901124,1,BCE,DOC,DOC,BCE,Red,PmK,Naafiri,Ryze,TOP,2,8.0,1.0,False,Loss
2901124,1,BCE,DOC,DOC,BCE,Red,FullClear,Vi,Vi,JGL,3,9.0,1.0,False,Loss
2901124,1,BCE,DOC,BCE,DOC,Blue,mikusik,JarvanIV,Jarvan IV,JGL,4,10.0,1.0,True,Win
2901124,1,BCE,DOC,BCE,DOC,Blue,Tenshi,Orianna,Rumble,MID,5,11.0,1.0,True,Win
2901124,1,BCE,DOC,DOC,BCE,Red,Birkyy,Ryze,Naafiri,MID,6,12.0,1.0,False,Loss
2901124,1,BCE,DOC,DOC,BCE,Red,Anyone,Tristana,Tristana,BOT,7,17.0,2.0,False,Loss
2901124,1,BCE,DOC,BCE,DOC,Blue,Woolite,Kaisa,Alistar,BOT,8,18.0,2.0,True,Win
2901124,1,BCE,DOC,BCE,DOC,Blue,Jactroll,Alistar,Kai'Sa,SUP,9,19.0,2.0,True,Win
2901124,1,BCE,DOC,DOC,BCE,Red,Huron,Rakan,Rakan,SUP,10,20.0,2.0,False,Loss
2901124,2,DOC,BCE,DOC,BCE,Blue,PmK,DrMundo,Zaahen,TOP,1,7.0,1.0,False,Loss
2901124,2,DOC,BCE,BCE,DOC,Red,Agresivoo,Sion,Xin Zhao,TOP,2,8.0,1.0,True,Win
2901124,2,DOC,BCE,BCE,DOC,Red,mikusik,XinZhao,Taliyah,JGL,3,9.0,1.0,True,Win
2901124,2,DOC,BCE,DOC,BCE,Blue,FullClear,Zaahen,Aurora,JGL,4,10.0,1.0,False,Loss
2901124,2,DOC,BCE,DOC,BCE,Blue,Birkyy,Aurora,Ezreal,MID,5,11.0,1.0,False,Loss
2901124,2,DOC,BCE,BCE,DOC,Red,Tenshi,Taliyah,Sivir,MID,6,12.0,1.0,True,Win
2901124,2,DOC,BCE,BCE,DOC,Red,Woolite,Sivir,Sion,BOT,7,17.0,2.0,True,Win
2901124,2,DOC,BCE,DOC,BCE,Blue,Anyone,Ezreal,Dr. Mundo,BOT,8,18.0,2.0,False,Loss
2901124,2,DOC,BCE,DOC,BCE,Blue,Huron,Bard,Bard,SUP,9,19.0,2.0,False,Loss
2901124,2,DOC,BCE,BCE,DOC,Red,Jactroll,Nautilus,Nautilus,SUP,10,20.0,2.0,True,Win
2901124,3,DOC,BCE,DOC,BCE,Blue,PmK,Ornn,Pantheon,TOP,1,7.0,1.0,False,Loss
2901124,3,DOC,BCE,BCE,DOC,Red,Agresivoo,Gnar,Corki,TOP,2,8.0,1.0,True,Win
2901124,3,DOC,BCE,BCE,DOC,Red,mikusik,Ambessa,Ambessa,JGL,3,9.0,1.0,True,Win
2901124,3,DOC,BCE,DOC,BCE,Blue,FullClear,Pantheon,Ashe,JGL,4,10.0,1.0,False,Loss
2901124,3,DOC,BCE,DOC,BCE,Blue,Birkyy,Zoe,Seraphine,MID,5,11.0,1.0,False,Loss
2901124,3,DOC,BCE,BCE,DOC,Red,Tenshi,Ahri,Pyke,MID,6,12.0,1.0,True,Win
2901124,3,DOC,BCE,BCE,DOC,Red,Woolite,Corki,Ahri,BOT,7,17.0,2.0,True,Win
2901124,3,DOC,BCE,DOC,BCE,Blue,Anyone,Ashe,Zoe,BOT,8,18.0,2.0,False,Loss
2901124,3,DOC,BCE,DOC,BCE,Blue,Huron,Seraphine,Ornn,SUP,9,19.0,2.0,False,Loss
2901124,3,DOC,BCE,BCE,DOC,Red,Jactroll,Pyke,Gnar,SUP,10,20.0,2.0,True,Win
2901126,1,BCE,OAE,BCE,OAE,Blue,Agresivoo,Aatrox,Ryze,TOP,1,7.0,1.0,False,Loss
2901126,1,BCE,OAE,OAE,BCE,Red,HeSSZero,Ornn,Jarvan IV,TOP,2,8.0,1.0,True,Win
2901126,1,BCE,OAE,OAE,BCE,Red,Joki37,JarvanIV,Ahri,JGL,3,9.0,1.0,True,Win
2901126,1,BCE,OAE,BCE,OAE,Blue,mikusik,MonkeyKing,Yunara,JGL,4,10.0,1.0,False,Loss
2901126,1,BCE,OAE,BCE,OAE,Blue,Tenshi,Ryze,Wukong,MID,5,11.0,1.0,False,Loss
2901126,1,BCE,OAE,OAE,BCE,Red,Sobek,Ahri,Ezreal,MID,6,12.0,1.0,True,Win
2901126,1,BCE,OAE,OAE,BCE,Red,ejsner,Ezreal,Ornn,BOT,7,17.0,2.0,True,Win
2901126,1,BCE,OAE,BCE,OAE,Blue,Woolite,Yunara,Aatrox,BOT,8,18.0,2.0,False,Loss
2901126,1,BCE,OAE,BCE,OAE,Blue,Jactroll,Nautilus,Nautilus,SUP,9,19.0,2.0,False,Loss
2901126,1,BCE,OAE,OAE,BCE,Red,Raxxo,Rell,Rell,SUP,10,20.0,2.0,True,Win
2901126,2,OAE,BCE,OAE,BCE,Blue,HeSSZero,Sion,Sion,TOP,1,7.0,1.0,True,Win
2901126,2,OAE,BCE,BCE,OAE,Red,Agresivoo,Gwen,Vi,TOP,2,8.0,1.0,False,Loss
2901126,2,OAE,BCE,BCE,OAE,Red,mikusik,Vi,Corki,JGL,3,9.0,1.0,False,Loss
2901126,2,OAE,BCE,OAE,BCE,Blue,Joki37,Zyra,Zyra,JGL,4,10.0,1.0,True,Win
2901126,2,OAE,BCE,OAE,BCE,Blue,Sobek,Yone,Yone,MID,5,11.0,1.0,True,Win
2901126,2,OAE,BCE,BCE,OAE,Red,Tenshi,Syndra,Gwen,MID,6,12.0,1.0,False,Loss
2901126,2,OAE,BCE,BCE,OAE,Red,Woolite,Corki,Syndra,BOT,7,17.0,2.0,False,Loss
2901126,2,OAE,BCE,OAE,BCE,Blue,ejsner,Jhin,Jhin,BOT,8,18.0,2.0,True,Win
2901126,2,OAE,BCE,OAE,BCE,Blue,Raxxo,Bard,Bard,SUP,9,19.0,2.0,True,Win
2901126,2,OAE,BCE,BCE,OAE,Red,Jactroll,Rakan,Rakan,SUP,10,20.0,2.0,False,Loss
2901126,3,BCE,OAE,BCE,OAE,Blue,Agresivoo,Renekton,Karma,TOP,1,7.0,1.0,True,Win
2901126,3,BCE,OAE,OAE,BCE,Red,HeSSZero,Gnar,Leona,TOP,2,8.0,1.0,False,Loss
2901126,3,BCE,OAE,OAE,BCE,Red,Joki37,Pantheon,Pantheon,JGL,3,9.0,1.0,False,Loss
2901126,3,BCE,OAE,BCE,OAE,Blue,mikusik,Zaahen,Caitlyn,JGL,4,10.0,1.0,True,Win
2901126,3,BCE,OAE,BCE,OAE,Blue,Tenshi,Viktor,Zaahen,MID,5,11.0,1.0,True,Win
2901126,3,BCE,OAE,OAE,BCE,Red,Sobek,Mel,Miss Fortune,MID,6,12.0,1.0,False,Loss
2901126,3,BCE,OAE,OAE,BCE,Red,ejsner,MissFortune,Mel,BOT,7,17.0,2.0,False,Loss
2901126,3,BCE,OAE,BCE,OAE,Blue,Woolite,Caitlyn,Viktor,BOT,8,18.0,2.0,True,Win
2901126,3,BCE,OAE,BCE,OAE,Blue,Jactroll,Karma,Renekton,SUP,9,19.0,2.0,True,Win
2901126,3,BCE,OAE,OAE,BCE,Red,Raxxo,Leona,Gnar,SUP,10,20.0,2.0,False,Loss
2901126,4,OAE,BCE,OAE,BCE,Blue,HeSSZero,KSante,K'Sante,TOP,1,7.0,1.0,False,Loss
2901126,4,OAE,BCE,BCE,OAE,Red,Agresivoo,Poppy,Ashe,TOP,2,8.0,1.0,True,Win
2901126,4,OAE,BCE,BCE,OAE,Red,mikusik,DrMundo,Seraphine,JGL,3,9.0,1.0,True,Win
2901126,4,OAE,BCE,OAE,BCE,Blue,Joki37,FiddleSticks,Yasuo,JGL,4,10.0,1.0,False,Loss
2901126,4,OAE,BCE,OAE,BCE,Blue,Sobek,Yasuo,Kai'Sa,MID,5,11.0,1.0,False,Loss
2901126,4,OAE,BCE,BCE,OAE,Red,Tenshi,Vex,Vex,MID,6,12.0,1.0,True,Win
2901126,4,OAE,BCE,BCE,OAE,Red,Woolite,Ashe,Dr. Mundo,BOT,7,17.0,2.0,True,Win
2901126,4,OAE,BCE,OAE,BCE,Blue,ejsner,Kaisa,Lulu,BOT,8,18.0,2.0,False,Loss
2901126,4,OAE,BCE,OAE,BCE,Blue,Raxxo,Lulu,Fiddlesticks,SUP,9,19.0,2.0,False,Loss
2901126,4,OAE,BCE,BCE,OAE,Red,Jactroll,Seraphine,Poppy,SUP,10,20.0,2.0,True,Win
2901126,5,BCE,OAE,BCE,OAE,Blue,Agresivoo,Aurora,Xin Zhao,TOP,1,7.0,1.0,True,Win
2901126,5,BCE,OAE,OAE,BCE,Red,HeSSZero,Ambessa,Braum,TOP,2,8.0,1.0,False,Loss
2901126,5,BCE,OAE,OAE,BCE,Red,Joki37,Shen,Shen,JGL,3,9.0,1.0,False,Loss
2901126,5,BCE,OAE,BCE,OAE,Blue,mikusik,XinZhao,Aphelios,JGL,4,10.0,1.0,True,Win
2901126,5,BCE,OAE,BCE,OAE,Blue,Tenshi,Taliyah,Thresh,MID,5,11.0,1.0,True,Win
2901126,5,BCE,OAE,OAE,BCE,Red,Sobek,Azir,Ambessa,MID,6,12.0,1.0,False,Loss
2901126,5,BCE,OAE,OAE,BCE,Red,ejsner,Tristana,Azir,BOT,7,17.0,2.0,False,Loss
2901126,5,BCE,OAE,BCE,OAE,Blue,Woolite,Aphelios,Taliyah,BOT,8,18.0,2.0,True,Win
2901126,5,BCE,OAE,BCE,OAE,Blue,Jactroll,Thresh,Aurora,SUP,9,19.0,2.0,True,Win
2901126,5,BCE,OAE,OAE,BCE,Red,Raxxo,Braum,Tristana,SUP,10,20.0,2.0,False,Loss
2901127,1,FSK,BCE,FSK,BCE,Blue,Sinmivak,Rumble,Rumble,TOP,1,7.0,1.0,False,Loss
2901127,1,FSK,BCE,BCE,FSK,Red,Agresivoo,KSante,K'Sante,TOP,2,8.0,1.0,True,Win
2901127,1,FSK,BCE,BCE,FSK,Red,mikusik,Zaahen,Yunara,JGL,3,9.0,1.0,True,Win
2901127,1,FSK,BCE,FSK,BCE,Blue,Cinkrof,Pantheon,Ryze,JGL,4,10.0,1.0,False,Loss
2901127,1,FSK,BCE,FSK,BCE,Blue,Secrett,Ryze,Pantheon,MID,5,11.0,1.0,False,Loss
2901127,1,FSK,BCE,BCE,FSK,Red,Tenshi,Anivia,Anivia,MID,6,12.0,1.0,True,Win
2901127,1,FSK,BCE,BCE,FSK,Red,Woolite,Yunara,Zaahen,BOT,7,17.0,2.0,True,Win
2901127,1,FSK,BCE,FSK,BCE,Blue,zamulek,KogMaw,Kog'Maw,BOT,8,18.0,2.0,False,Loss
2901127,1,FSK,BCE,FSK,BCE,Blue,Kaseko,Braum,Braum,SUP,9,19.0,2.0,False,Loss
2901127,1,FSK,BCE,BCE,FSK,Red,Jactroll,Alistar,Alistar,SUP,10,20.0,2.0,True,Win
2901127,2,FSK,BCE,FSK,BCE,Blue,Sinmivak,Gwen,Karma,TOP,1,7.0,1.0,False,Loss
2901127,2,FSK,BCE,BCE,FSK,Red,Agresivoo,Sion,Sion,TOP,2,8.0,1.0,True,Win
2901127,2,FSK,BCE,BCE,FSK,Red,mikusik,Kindred,Nautilus,JGL,3,9.0,1.0,True,Win
2901127,2,FSK,BCE,FSK,BCE,Blue,Cinkrof,Trundle,Gwen,JGL,4,10.0,1.0,False,Loss
2901127,2,FSK,BCE,FSK,BCE,Blue,Secrett,Yone,Trundle,MID,5,11.0,1.0,False,Loss
2901127,2,FSK,BCE,BCE,FSK,Red,Tenshi,Ahri,Ahri,MID,6,12.0,1.0,True,Win
2901127,2,FSK,BCE,BCE,FSK,Red,Woolite,Corki,Kindred,BOT,7,17.0,2.0,True,Win
2901127,2,FSK,BCE,FSK,BCE,Blue,zamulek,Ezreal,Ezreal,BOT,8,18.0,2.0,False,Loss
2901127,2,FSK,BCE,FSK,BCE,Blue,Kaseko,Karma,Yone,SUP,9,19.0,2.0,False,Loss
2901127,2,FSK,BCE,BCE,FSK,Red,Jactroll,Nautilus,Corki,SUP,10,20.0,2.0,True,Win
2901127,3,BCE,FSK,BCE,FSK,Blue,Agresivoo,Ornn,Xin Zhao,TOP,1,7.0,1.0,True,Win
2901127,3,BCE,FSK,FSK,BCE,Red,Sinmivak,Ambessa,Vi,TOP,2,8.0,1.0,False,Loss
2901127,3,BCE,FSK,FSK,BCE,Red,Cinkrof,Vi,Varus,JGL,3,9.0,1.0,False,Loss
2901127,3,BCE,FSK,BCE,FSK,Blue,mikusik,XinZhao,Sivir,JGL,4,10.0,1.0,True,Win
2901127,3,BCE,FSK,BCE,FSK,Blue,Tenshi,Azir,Bard,MID,5,11.0,1.0,True,Win
2901127,3,BCE,FSK,FSK,BCE,Red,Secrett,Viktor,Leona,MID,6,12.0,1.0,False,Loss
2901127,3,BCE,FSK,FSK,BCE,Red,zamulek,Varus,Viktor,BOT,7,17.0,2.0,False,Loss
2901127,3,BCE,FSK,BCE,FSK,Blue,Woolite,Sivir,Ornn,BOT,8,18.0,2.0,True,Win
2901127,3,BCE,FSK,BCE,FSK,Blue,Jactroll,Bard,Azir,SUP,9,19.0,2.0,True,Win
2901127,3,BCE,FSK,FSK,BCE,Red,Kaseko,Leona,Ambessa,SUP,10,20.0,2.0,False,Loss
2901128,1,BCE,BOOM,BCE,BOOM,Blue,Agresivoo,Sion,Karma,TOP,1,7.0,1.0,False,Loss
2901128,1,BCE,BOOM,BOOM,BCE,Red,frajgo,Zaahen,Bard,TOP,2,8.0,1.0,True,Win
2901128,1,BCE,BOOM,BOOM,BCE,Red,Guli,JarvanIV,Jarvan IV,JGL,3,9.0,1.0,True,Win
2901128,1,BCE,BOOM,BCE,BOOM,Blue,mikusik,Qiyana,Corki,JGL,4,10.0,1.0,False,Loss
2901128,1,BCE,BOOM,BCE,BOOM,Blue,Tenshi,Aurora,Qiyana,MID,5,11.0,1.0,False,Loss
2901128,1,BCE,BOOM,BOOM,BCE,Red,Mrozku,Taliyah,Caitlyn,MID,6,12.0,1.0,True,Win
2901128,1,BCE,BOOM,BOOM,BCE,Red,Odi11,Caitlyn,Taliyah,BOT,7,17.0,2.0,True,Win
2901128,1,BCE,BOOM,BCE,BOOM,Blue,Woolite,Corki,Sion,BOT,8,18.0,2.0,False,Loss
2901128,1,BCE,BOOM,BCE,BOOM,Blue,Jactroll,Karma,Aurora,SUP,9,19.0,2.0,False,Loss
2901128,1,BCE,BOOM,BOOM,BCE,Red,minemaciek,Bard,Zaahen,SUP,10,20.0,2.0,True,Win
2901128,2,BOOM,BCE,BOOM,BCE,Blue,frajgo,Rumble,Rumble,TOP,1,7.0,1.0,True,Win
2901128,2,BOOM,BCE,BCE,BOOM,Red,Agresivoo,KSante,K'Sante,TOP,2,8.0,1.0,False,Loss
2901128,2,BOOM,BCE,BCE,BOOM,Red,mikusik,Pantheon,Yunara,JGL,3,9.0,1.0,False,Loss
2901128,2,BOOM,BCE,BOOM,BCE,Blue,Guli,Diana,Neeko,JGL,4,10.0,1.0,True,Win
2901128,2,BOOM,BCE,BOOM,BCE,Blue,Mrozku,Yasuo,Aphelios,MID,5,11.0,1.0,True,Win
2901128,2,BOOM,BCE,BCE,BOOM,Red,Tenshi,Ahri,Nautilus,MID,6,12.0,1.0,False,Loss
2901128,2,BOOM,BCE,BCE,BOOM,Red,Woolite,Yunara,Ahri,BOT,7,17.0,2.0,False,Loss
2901128,2,BOOM,BCE,BOOM,BCE,Blue,Odi11,Aphelios,Yasuo,BOT,8,18.0,2.0,True,Win
2901128,2,BOOM,BCE,BOOM,BCE,Blue,minemaciek,Neeko,Diana,SUP,9,19.0,2.0,True,Win
2901128,2,BOOM,BCE,BCE,BOOM,Red,Jactroll,Nautilus,Pantheon,SUP,10,20.0,2.0,False,Loss
2901128,3,BCE,BOOM,BCE,BOOM,Blue,Agresivoo,Renekton,Ambessa,TOP,1,7.0,1.0,True,Win
2901128,3,BCE,BOOM,BOOM,BCE,Red,frajgo,Gnar,Wukong,TOP,2,8.0,1.0,False,Loss
2901128,3,BCE,BOOM,BOOM,BCE,Red,Guli,MonkeyKing,Alistar,JGL,3,9.0,1.0,False,Loss
2901128,3,BCE,BOOM,BCE,BOOM,Blue,mikusik,Ambessa,Xayah,JGL,4,10.0,1.0,True,Win
2901128,3,BCE,BOOM,BCE,BOOM,Blue,Tenshi,Viktor,Rakan,MID,5,11.0,1.0,True,Win
2901128,3,BCE,BOOM,BOOM,BCE,Red,Mrozku,Yone,Ziggs,MID,6,12.0,1.0,False,Loss
2901128,3,BCE,BOOM,BOOM,BCE,Red,Odi11,Ziggs,Yone,BOT,7,17.0,2.0,False,Loss
2901128,3,BCE,BOOM,BCE,BOOM,Blue,Woolite,Xayah,Renekton,BOT,8,18.0,2.0,True,Win
2901128,3,BCE,BOOM,BCE,BOOM,Blue,Jactroll,Rakan,Viktor,SUP,9,19.0,2.0,True,Win
2901128,3,BCE,BOOM,BOOM,BCE,Red,minemaciek,Alistar,Gnar,SUP,10,20.0,2.0,False,Loss
2901128,4,BCE,BOOM,BCE,BOOM,Blue,Agresivoo,Ornn,Orianna,TOP,1,7.0,1.0,False,Loss
2901128,4,BCE,BOOM,BOOM,BCE,Red,frajgo,Aatrox,Vi,TOP,2,8.0,1.0,True,Win
2901128,4,BCE,BOOM,BOOM,BCE,Red,Guli,Vi,Ryze,JGL,3,9.0,1.0,True,Win
2901128,4,BCE,BOOM,BCE,BOOM,Blue,mikusik,Naafiri,Naafiri,JGL,4,10.0,1.0,False,Loss
2901128,4,BCE,BOOM,BCE,BOOM,Blue,Tenshi,Orianna,Rell,MID,5,11.0,1.0,False,Loss
2901128,4,BCE,BOOM,BOOM,BCE,Red,Mrozku,Ryze,Leona,MID,6,12.0,1.0,True,Win
2901128,4,BCE,BOOM,BOOM,BCE,Red,Odi11,Ezreal,Ezreal,BOT,7,17.0,2.0,True,Win
2901128,4,BCE,BOOM,BCE,BOOM,Blue,Woolite,Jhin,Ornn,BOT,8,18.0,2.0,False,Loss
2901128,4,BCE,BOOM,BCE,BOOM,Blue,Jactroll,Rell,Jhin,SUP,9,19.0,2.0,False,Loss
2901128,4,BCE,BOOM,BOOM,BCE,Red,minemaciek,Leona,Aatrox,SUP,10,20.0,2.0,True,Win
2903592,1,SLY,FK,SLY,FK,Blue,Kryze,Sion,Orianna,TOP,1,7.0,1.0,False,Loss
2903592,1,SLY,FK,FK,SLY,Red,Adam,Ambessa,Ryze,TOP,2,8.0,1.0,True,Win
2903592,1,SLY,FK,FK,SLY,Red,NattyNatt,Sylas,Ezreal,JGL,3,9.0,1.0,True,Win
2903592,1,SLY,FK,SLY,FK,Blue,Zicssi,Zaahen,Sion,JGL,4,10.0,1.0,False,Loss
2903592,1,SLY,FK,SLY,FK,Blue,Jool,Orianna,Kai'Sa,MID,5,11.0,1.0,False,Loss
2903592,1,SLY,FK,FK,SLY,Red,SAKEN,Ryze,Ambessa,MID,6,12.0,1.0,True,Win
2903592,1,SLY,FK,FK,SLY,Red,3XA,Ezreal,Alistar,BOT,7,17.0,2.0,True,Win
2903592,1,SLY,FK,SLY,FK,Blue,Aetinoth,Kaisa,Zaahen,BOT,8,18.0,2.0,False,Loss
2903592,1,SLY,FK,SLY,FK,Blue,Piero,Neeko,Neeko,SUP,9,19.0,2.0,False,Loss
2903592,1,SLY,FK,FK,SLY,Red,Targamas,Alistar,Sylas,SUP,10,20.0,2.0,True,Win
2903596,1,LIL,SLY,LIL,SLY,Blue,Alan,Ornn,Orianna,TOP,1,7.0,1.0,False,Loss
2903596,1,LIL,SLY,SLY,LIL,Red,Kryze,Gnar,Azir,TOP,2,8.0,1.0,True,Win
2903596,1,LIL,SLY,SLY,LIL,Red,Zicssi,XinZhao,Xin Zhao,JGL,3,9.0,1.0,True,Win
2903596,1,LIL,SLY,LIL,SLY,Blue,Karim KT,LeeSin,Ornn,JGL,4,10.0,1.0,False,Loss
2903596,1,LIL,SLY,LIL,SLY,Blue,Koussay,Orianna,Lee Sin,MID,5,11.0,1.0,False,Loss
2903596,1,LIL,SLY,SLY,LIL,Red,Jool,Azir,Gnar,MID,6,12.0,1.0,True,Win
2903596,1,LIL,SLY,SLY,LIL,Red,Aetinoth,Corki,Corki,BOT,7,17.0,2.0,True,Win
2903596,1,LIL,SLY,LIL,SLY,Blue,Vespa,Jinx,Jinx,BOT,8,18.0,2.0,False,Loss
2903596,1,LIL,SLY,LIL,SLY,Blue,SENECA,Nautilus,Nautilus,SUP,9,19.0,2.0,False,Loss
2903596,1,LIL,SLY,SLY,LIL,Red,Piero,Leona,Leona,SUP,10,20.0,2.0,True,Win
2903597,1,FK,GL,FK,GL,Blue,Adam,Darius,Orianna,TOP,1,7.0,1.0,True,Win
2903597,1,FK,GL,GL,FK,Red,Carlsen,Sion,Sion,TOP,2,8.0,1.0,False,Loss
2903597,1,FK,GL,GL,FK,Red,Thayger,Pantheon,Ahri,JGL,3,9.0,1.0,False,Loss
2903597,1,FK,GL,FK,GL,Blue,NattyNatt,Zaahen,Darius,JGL,4,10.0,1.0,True,Win
2903597,1,FK,GL,FK,GL,Blue,SAKEN,Orianna,Varus,MID,5,11.0,1.0,True,Win
2903597,1,FK,GL,GL,FK,Red,OMON,Ahri,Pantheon,MID,6,12.0,1.0,False,Loss
2903597,1,FK,GL,GL,FK,Red,HARPOON,Corki,Corki,BOT,7,17.0,2.0,False,Loss
2903597,1,FK,GL,FK,GL,Blue,3XA,Varus,Zaahen,BOT,8,18.0,2.0,True,Win
2903597,1,FK,GL,FK,GL,Blue,Targamas,Nautilus,Nautilus,SUP,9,19.0,2.0,True,Win
2903597,1,FK,GL,GL,FK,Red,Zoelys,Renata,Renata Glasc,SUP,10,20.0,2.0,False,Loss
2903662,1,BCE,DOC,BCE,DOC,Blue,Agresivoo,KSante,Jayce,TOP,1,7.0,1.0,True,Win
2903662,1,BCE,DOC,DOC,BCE,Red,PmK,Kled,Ambessa,TOP,2,8.0,1.0,False,Loss
2903662,1,BCE,DOC,DOC,BCE,Red,FullClear,Ambessa,Ezreal,JGL,3,9.0,1.0,False,Loss
2903662,1,BCE,DOC,BCE,DOC,Blue,mikusik,Jayce,Ryze,JGL,4,10.0,1.0,True,Win
2903662,1,BCE,DOC,BCE,DOC,Blue,Tenshi,Ryze,Nautilus,MID,5,11.0,1.0,True,Win
2903662,1,BCE,DOC,DOC,BCE,Red,Birkyy,Ahri,Ahri,MID,6,12.0,1.0,False,Loss
2903662,1,BCE,DOC,DOC,BCE,Red,Anyone,Ezreal,Leona,BOT,7,17.0,2.0,False,Loss
2903662,1,BCE,DOC,BCE,DOC,Blue,Woolite,Yunara,Yunara,BOT,8,18.0,2.0,True,Win
2903662,1,BCE,DOC,BCE,DOC,Blue,Jactroll,Nautilus,K'Sante,SUP,9,19.0,2.0,True,Win
2903662,1,BCE,DOC,DOC,BCE,Red,Huron,Leona,Kled,SUP,10,20.0,2.0,False,Loss
2904053,1,NAVI,FNC,FNC,NAVI,Red,Empyros,Renekton,Renekton,TOP,1,7.0,1.0,False,Loss
2904053,1,NAVI,FNC,NAVI,FNC,Blue,Maynter,KSante,K'Sante,TOP,2,8.0,1.0,True,Win
2904053,1,NAVI,FNC,NAVI,FNC,Blue,Rhilech,Zaahen,Zaahen,JGL,3,9.0,1.0,True,Win
2904053,1,NAVI,FNC,FNC,NAVI,Red,Razork,XinZhao,Xin Zhao,JGL,4,10.0,1.0,False,Loss
2904053,1,NAVI,FNC,FNC,NAVI,Red,Vladi,Orianna,Orianna,MID,5,11.0,1.0,False,Loss
2904053,1,NAVI,FNC,NAVI,FNC,Blue,Poby,Azir,Azir,MID,6,12.0,1.0,True,Win
2904053,1,NAVI,FNC,NAVI,FNC,Blue,SamD,Corki,Corki,BOT,7,17.0,2.0,True,Win
2904053,1,NAVI,FNC,FNC,NAVI,Red,Upset,Kaisa,Kai'Sa,BOT,8,18.0,2.0,False,Loss
2904053,1,NAVI,FNC,FNC,NAVI,Red,Lospa,Nautilus,Nautilus,SUP,9,19.0,2.0,False,Loss
2904053,1,NAVI,FNC,NAVI,FNC,Blue,Parus,Leona,Leona,SUP,10,20.0,2.0,True,Win
2904053,2,FNC,NAVI,NAVI,FNC,Red,Maynter,Sion,Aatrox,TOP,1,7.0,1.0,True,Win
2904053,2,FNC,NAVI,FNC,NAVI,Blue,Empyros,Jax,Pantheon,TOP,2,8.0,1.0,False,Loss
2904053,2,FNC,NAVI,FNC,NAVI,Blue,Razork,Pantheon,Taliyah,JGL,3,9.0,1.0,False,Loss
2904053,2,FNC,NAVI,NAVI,FNC,Red,Rhilech,Aatrox,Ahri,JGL,4,10.0,1.0,True,Win
2904053,2,FNC,NAVI,NAVI,FNC,Red,Poby,Ahri,Ezreal,MID,5,11.0,1.0,True,Win
2904053,2,FNC,NAVI,FNC,NAVI,Blue,Vladi,Taliyah,Yunara,MID,6,12.0,1.0,False,Loss
2904053,2,FNC,NAVI,FNC,NAVI,Blue,Upset,Yunara,Alistar,BOT,7,17.0,2.0,False,Loss
2904053,2,FNC,NAVI,NAVI,FNC,Red,SamD,Ezreal,Bard,BOT,8,18.0,2.0,True,Win
2904053,2,FNC,NAVI,NAVI,FNC,Red,Parus,Bard,Sion,SUP,9,19.0,2.0,True,Win
2904053,2,FNC,NAVI,FNC,NAVI,Blue,Lospa,Alistar,Jax,SUP,10,20.0,2.0,False,Loss
2904099,1,MKOI,VIT,MKOI,VIT,Blue,Myrwn,Zaahen,Zaahen,TOP,1,,,True,Win
2904099,1,MKOI,VIT,MKOI,VIT,Blue,Elyoya,XinZhao,XinZhao,JGL,2,,,True,Win
2904099,1,MKOI,VIT,MKOI,VIT,Blue,Jojopyun,Taliyah,Taliyah,MID,3,,,True,Win
2904099,1,MKOI,VIT,MKOI,VIT,Blue,Supa,Yunara,Yunara,BOT,4,,,True,Win
2904099,1,MKOI,VIT,MKOI,VIT,Blue,Alvaro,Alistar,Alistar,SUP,5,,,True,Win
2904099,1,MKOI,VIT,VIT,MKOI,Red,Naak Nako,Jayce,Jayce,TOP,6,,,False,Loss
2904099,1,MKOI,VIT,VIT,MKOI,Red,Lyncas,DrMundo,DrMundo,JGL,7,,,False,Loss
2904099,1,MKOI,VIT,VIT,MKOI,Red,Humanoid,Azir,Azir,MID,8,,,False,Loss
2904099,1,MKOI,VIT,VIT,MKOI,Red,Carzzy,Corki,Corki,BOT,9,,,False,Loss
2904099,1,MKOI,VIT,VIT,MKOI,Red,Fleshy,Bard,Bard,SUP,10,,,False,Loss
2904260,1,BCE,ONT,BCE,ONT,Blue,Agresivoo,Renekton,Orianna,TOP,1,7.0,1.0,True,Win
2904260,1,BCE,ONT,ONT,BCE,Red,Zora,Gnar,Yunara,TOP,2,8.0,1.0,False,Loss
2904260,1,BCE,ONT,ONT,BCE,Red,ShazQ,MonkeyKing,Syndra,JGL,3,9.0,1.0,False,Loss
2904260,1,BCE,ONT,BCE,ONT,Blue,mikusik,Vi,Varus,JGL,4,10.0,1.0,True,Win
2904260,1,BCE,ONT,BCE,ONT,Blue,Tenshi,Orianna,Vi,MID,5,11.0,1.0,True,Win
2904260,1,BCE,ONT,ONT,BCE,Red,Syzyf,Syndra,Wukong,MID,6,12.0,1.0,False,Loss
2904260,1,BCE,ONT,ONT,BCE,Red,Sidav,Yunara,Leona,BOT,7,17.0,2.0,False,Loss
2904260,1,BCE,ONT,BCE,ONT,Blue,Woolite,Varus,Neeko,BOT,8,18.0,2.0,True,Win
2904260,1,BCE,ONT,BCE,ONT,Blue,Jactroll,Neeko,Renekton,SUP,9,19.0,2.0,True,Win
2904260,1,BCE,ONT,ONT,BCE,Red,Envy1,Leona,Gnar,SUP,10,20.0,2.0,False,Loss
2904260,2,BCE,ONT,BCE,ONT,Blue,Agresivoo,Ambessa,Ryze,TOP,1,7.0,1.0,True,Win
2904260,2,BCE,ONT,ONT,BCE,Red,Zora,Yorick,Ezreal,TOP,2,8.0,1.0,False,Loss
2904260,2,BCE,ONT,ONT,BCE,Red,ShazQ,XinZhao,Anivia,JGL,3,9.0,1.0,False,Loss
2904260,2,BCE,ONT,BCE,ONT,Blue,mikusik,Nocturne,Kai'Sa,JGL,4,10.0,1.0,True,Win
2904260,2,BCE,ONT,BCE,ONT,Blue,Tenshi,Ryze,Ambessa,MID,5,11.0,1.0,True,Win
2904260,2,BCE,ONT,ONT,BCE,Red,Syzyf,Anivia,Alistar,MID,6,12.0,1.0,False,Loss
2904260,2,BCE,ONT,ONT,BCE,Red,Sidav,Ezreal,Xin Zhao,BOT,7,17.0,2.0,False,Loss
2904260,2,BCE,ONT,BCE,ONT,Blue,Woolite,Kaisa,Nocturne,BOT,8,18.0,2.0,True,Win
2904260,2,BCE,ONT,BCE,ONT,Blue,Jactroll,Rakan,Rakan,SUP,9,19.0,2.0,True,Win
2904260,2,BCE,ONT,ONT,BCE,Red,Envy1,Alistar,Yorick,SUP,10,20.0,2.0,False,Loss
2904261,1,BCE,FSK,BCE,FSK,Blue,Agresivoo,KSante,Orianna,TOP,1,7.0,1.0,False,Loss
2904261,1,BCE,FSK,FSK,BCE,Red,Sinmivak,Gnar,Ryze,TOP,2,8.0,1.0,False,Loss
2904261,1,BCE,FSK,FSK,BCE,Red,Cinkrof,Vi,Lulu,JGL,3,9.0,1.0,False,Loss
2904261,1,BCE,FSK,BCE,FSK,Blue,mikusik,Nocturne,Nautilus,JGL,4,10.0,1.0,False,Loss
2904261,1,BCE,FSK,BCE,FSK,Blue,Tenshi,Orianna,Nocturne,MID,5,11.0,1.0,False,Loss
2904261,1,BCE,FSK,FSK,BCE,Red,Secrett,Ryze,Xayah,MID,6,12.0,1.0,False,Loss
2904261,1,BCE,FSK,FSK,BCE,Red,zamulek,Xayah,Vi,BOT,7,17.0,2.0,False,Loss
2904261,1,BCE,FSK,BCE,FSK,Blue,Woolite,Ezreal,Ezreal,BOT,8,18.0,2.0,False,Loss
2904261,1,BCE,FSK,BCE,FSK,Blue,Jactroll,Nautilus,K'Sante,SUP,9,19.0,2.0,False,Loss
2904261,1,BCE,FSK,FSK,BCE,Red,Kaseko,Lulu,Gnar,SUP,10,20.0,2.0,False,Loss
2904261,2,BCE,FSK,BCE,FSK,Blue,Agresivoo,KSante,KSante,TOP,1,7.0,1.0,False,Loss
2904261,2,BCE,FSK,FSK,BCE,Red,Sinmivak,Gnar,Gnar,TOP,2,8.0,1.0,True,Win
2904261,2,BCE,FSK,FSK,BCE,Red,Cinkrof,Vi,Vi,JGL,3,9.0,1.0,True,Win
2904261,2,BCE,FSK,BCE,FSK,Blue,mikusik,Nocturne,Nocturne,JGL,4,10.0,1.0,False,Loss
2904261,2,BCE,FSK,BCE,FSK,Blue,Tenshi,Orianna,Orianna,MID,5,11.0,1.0,False,Loss
2904261,2,BCE,FSK,FSK,BCE,Red,Secrett,Ryze,Ryze,MID,6,12.0,1.0,True,Win
2904261,2,BCE,FSK,FSK,BCE,Red,zamulek,Xayah,Xayah,BOT,7,17.0,2.0,True,Win
2904261,2,BCE,FSK,BCE,FSK,Blue,Woolite,Ezreal,Ezreal,BOT,8,18.0,2.0,False,Loss
2904261,2,BCE,FSK,BCE,FSK,Blue,Jactroll,Nautilus,Nautilus,SUP,9,19.0,2.0,False,Loss
2904261,2,BCE,FSK,FSK,BCE,Red,Kaseko,Lulu,Lulu,SUP,10,20.0,2.0,True,Win
2905334,1,FK,JL,FK,JL,Blue,Adam,Sion,Orianna,TOP,1,7.0,1.0,True,Win
2905334,1,FK,JL,JL,FK,Red,Vertigo,RekSai,Varus,TOP,2,8.0,1.0,False,Loss
2905334,1,FK,JL,JL,FK,Red,Shift,Zaahen,Syndra,JGL,3,9.0,1.0,False,Loss
2905334,1,FK,JL,FK,JL,Blue,NattyNatt,DrMundo,Dr. Mundo,JGL,4,10.0,1.0,True,Win
2905334,1,FK,JL,FK,JL,Blue,SAKEN,Orianna,Jhin,MID,5,11.0,1.0,True,Win
2905334,1,FK,JL,JL,FK,Red,Czekolad,Syndra,Zaahen,MID,6,12.0,1.0,False,Loss
2905334,1,FK,JL,JL,FK,Red,Comp,Varus,Alistar,BOT,7,17.0,2.0,False,Loss
2905334,1,FK,JL,FK,JL,Blue,3XA,Jhin,Sion,BOT,8,18.0,2.0,True,Win
2905334,1,FK,JL,FK,JL,Blue,Targamas,Karma,Karma,SUP,9,19.0,2.0,True,Win
2905334,1,FK,JL,JL,FK,Red,HungryPanda,Alistar,Rek'Sai,SUP,10,20.0,2.0,False,Loss
2905335,1,FK,GL,FK,GL,Blue,Adam,Sion,Ryze,TOP,1,7.0,1.0,False,Loss
2905335,1,FK,GL,GL,FK,Red,Carlsen,Gwen,Orianna,TOP,2,8.0,1.0,True,Win
2905335,1,FK,GL,GL,FK,Red,Thayger,Nocturne,Corki,JGL,3,9.0,1.0,True,Win
2905335,1,FK,GL,FK,GL,Blue,NattyNatt,Qiyana,Sion,JGL,4,10.0,1.0,False,Loss
2905335,1,FK,GL,FK,GL,Blue,SAKEN,Ryze,Ezreal,MID,5,11.0,1.0,False,Loss
2905335,1,FK,GL,GL,FK,Red,OMON,Orianna,Gwen,MID,6,12.0,1.0,True,Win
2905335,1,FK,GL,GL,FK,Red,HARPOON,Corki,Nocturne,BOT,7,17.0,2.0,True,Win
2905335,1,FK,GL,FK,GL,Blue,3XA,Ezreal,Alistar,BOT,8,18.0,2.0,False,Loss
2905335,1,FK,GL,FK,GL,Blue,Targamas,Alistar,Qiyana,SUP,9,19.0,2.0,False,Loss
2905335,1,FK,GL,GL,FK,Red,Zoelys,Neeko,Neeko,SUP,10,20.0,2.0,True,Win
2906183,1,FK,SC,FK,SC,Blue,Adam,Gnar,Varus,TOP,1,7.0,1.0,True,Win
2906183,1,FK,SC,SC,FK,Red,Yeti,Ornn,Azir,TOP,2,8.0,1.0,False,Loss
2906183,1,FK,SC,SC,FK,Red,Spooky,Zaahen,Jhin,JGL,3,9.0,1.0,False,Loss
2906183,1,FK,SC,FK,SC,Blue,NattyNatt,XinZhao,Xin Zhao,JGL,4,10.0,1.0,True,Win
2906183,1,FK,SC,FK,SC,Blue,SAKEN,Ryze,Ryze,MID,5,11.0,1.0,True,Win
2906183,1,FK,SC,SC,FK,Red,Nafkelah,Azir,Ornn,MID,6,12.0,1.0,False,Loss
2906183,1,FK,SC,SC,FK,Red,Deadly,Jhin,Zaahen,BOT,7,17.0,2.0,False,Loss
2906183,1,FK,SC,FK,SC,Blue,3XA,Varus,Bard,BOT,8,18.0,2.0,True,Win
2906183,1,FK,SC,FK,SC,Blue,Targamas,Bard,Gnar,SUP,9,19.0,2.0,True,Win
2906183,1,FK,SC,SC,FK,Red,Steeelback,Nautilus,Nautilus,SUP,10,20.0,2.0,False,Loss
2906183,2,FK,SC,FK,SC,Blue,Adam,Renekton,Ahri,TOP,1,7.0,1.0,True,Win
2906183,2,FK,SC,SC,FK,Red,Yeti,RekSai,Aurora,TOP,2,8.0,1.0,False,Loss
2906183,2,FK,SC,SC,FK,Red,Spooky,Nocturne,Nocturne,JGL,3,9.0,1.0,False,Loss
2906183,2,FK,SC,FK,SC,Blue,NattyNatt,Aatrox,Ezreal,JGL,4,10.0,1.0,True,Win
2906183,2,FK,SC,FK,SC,Blue,SAKEN,Ahri,Karma,MID,5,11.0,1.0,True,Win
2906183,2,FK,SC,SC,FK,Red,Nafkelah,Aurora,Yunara,MID,6,12.0,1.0,False,Loss
2906183,2,FK,SC,SC,FK,Red,Deadly,Yunara,Alistar,BOT,7,17.0,2.0,False,Loss
2906183,2,FK,SC,FK,SC,Blue,3XA,Ezreal,Aatrox,BOT,8,18.0,2.0,True,Win
2906183,2,FK,SC,FK,SC,Blue,Targamas,Karma,Renekton,SUP,9,19.0,2.0,True,Win
2906183,2,FK,SC,SC,FK,Red,Steeelback,Alistar,Rek'Sai,SUP,10,20.0,2.0,False,Loss
2906183,3,SC,FK,SC,FK,Blue,Yeti,Sion,Sion,TOP,1,7.0,1.0,False,Loss
2906183,3,SC,FK,FK,SC,Red,Adam,KSante,Orianna,TOP,2,8.0,1.0,True,Win
2906183,3,SC,FK,FK,SC,Red,NattyNatt,Rengar,Nami,JGL,3,9.0,1.0,True,Win
2906183,3,SC,FK,SC,FK,Blue,Spooky,Jayce,Caitlyn,JGL,4,10.0,1.0,False,Loss
2906183,3,SC,FK,SC,FK,Blue,Nafkelah,Galio,Neeko,MID,5,11.0,1.0,False,Loss
2906183,3,SC,FK,FK,SC,Red,SAKEN,Orianna,Corki,MID,6,12.0,1.0,True,Win
2906183,3,SC,FK,FK,SC,Red,3XA,Corki,K'Sante,BOT,7,17.0,2.0,True,Win
2906183,3,SC,FK,SC,FK,Blue,Deadly,Caitlyn,Jayce,BOT,8,18.0,2.0,False,Loss
2906183,3,SC,FK,SC,FK,Blue,Steeelback,Neeko,Galio,SUP,9,19.0,2.0,False,Loss
2906183,3,SC,FK,FK,SC,Red,Targamas,Nami,Rengar,SUP,10,20.0,2.0,True,Win
2906187,1,GL,SLY,GL,SLY,Blue,Carlsen,KSante,Azir,TOP,1,7.0,1.0,False,Loss
2906187,1,GL,SLY,SLY,GL,Red,Kryze,Gwen,Taliyah,TOP,2,8.0,1.0,True,Win
2906187,1,GL,SLY,SLY,GL,Red,Zicssi,Vi,Corki,JGL,3,9.0,1.0,True,Win
2906187,1,GL,SLY,GL,SLY,Blue,Thayger,DrMundo,Dr. Mundo,JGL,4,10.0,1.0,False,Loss
2906187,1,GL,SLY,GL,SLY,Blue,OMON,Azir,Ezreal,MID,5,11.0,1.0,False,Loss
2906187,1,GL,SLY,SLY,GL,Red,Jool,Taliyah,Vi,MID,6,12.0,1.0,True,Win
2906187,1,GL,SLY,SLY,GL,Red,Aetinoth,Corki,Nami,BOT,7,17.0,2.0,True,Win
2906187,1,GL,SLY,GL,SLY,Blue,HARPOON,Ezreal,K'Sante,BOT,8,18.0,2.0,False,Loss
2906187,1,GL,SLY,GL,SLY,Blue,Zoelys,Karma,Karma,SUP,9,19.0,2.0,False,Loss
2906187,1,GL,SLY,SLY,GL,Red,Piero,Nami,Gwen,SUP,10,20.0,2.0,True,Win
2906187,2,SLY,GL,SLY,GL,Blue,Kryze,Rumble,Rumble,TOP,1,7.0,1.0,False,Loss
2906187,2,SLY,GL,GL,SLY,Red,Carlsen,Ornn,Varus,TOP,2,8.0,1.0,True,Win
2906187,2,SLY,GL,GL,SLY,Red,Thayger,JarvanIV,Jarvan IV,JGL,3,9.0,1.0,True,Win
2906187,2,SLY,GL,SLY,GL,Blue,Zicssi,MonkeyKing,Bard,JGL,4,10.0,1.0,False,Loss
2906187,2,SLY,GL,SLY,GL,Blue,Jool,Sylas,Jhin,MID,5,11.0,1.0,False,Loss
2906187,2,SLY,GL,GL,SLY,Red,OMON,Aurora,Ornn,MID,6,12.0,1.0,True,Win
2906187,2,SLY,GL,GL,SLY,Red,HARPOON,Varus,Alistar,BOT,7,17.0,2.0,True,Win
2906187,2,SLY,GL,SLY,GL,Blue,Aetinoth,Jhin,Sylas,BOT,8,18.0,2.0,False,Loss
2906187,2,SLY,GL,SLY,GL,Blue,Piero,Bard,Wukong,SUP,9,19.0,2.0,False,Loss
2906187,2,SLY,GL,GL,SLY,Red,Zoelys,Alistar,Aurora,SUP,10,20.0,2.0,True,Win
2906187,3,GL,SLY,GL,SLY,Blue,Carlsen,Renekton,Ryze,TOP,1,7.0,1.0,False,Loss
2906187,3,GL,SLY,SLY,GL,Red,Kryze,Sion,Anivia,TOP,2,8.0,1.0,True,Win
2906187,3,GL,SLY,SLY,GL,Red,Zicssi,Pantheon,Pantheon,JGL,3,9.0,1.0,True,Win
2906187,3,GL,SLY,GL,SLY,Blue,Thayger,Zaahen,Zaahen,JGL,4,10.0,1.0,False,Loss
2906187,3,GL,SLY,GL,SLY,Blue,OMON,Ryze,Renekton,MID,5,11.0,1.0,False,Loss
2906187,3,GL,SLY,SLY,GL,Red,Jool,Anivia,Sion,MID,6,12.0,1.0,True,Win
2906187,3,GL,SLY,SLY,GL,Red,Aetinoth,Aphelios,Aphelios,BOT,7,17.0,2.0,True,Win
2906187,3,GL,SLY,GL,SLY,Blue,HARPOON,Ziggs,Ziggs,BOT,8,18.0,2.0,False,Loss
2906187,3,GL,SLY,GL,SLY,Blue,Zoelys,Rell,Rell,SUP,9,19.0,2.0,False,Loss
2906187,3,GL,SLY,SLY,GL,Red,Piero,Leona,Leona,SUP,10,20.0,2.0,True,Win
2906187,4,SLY,GL,SLY,GL,Blue,Kryze,Gnar,Ahri,TOP,1,7.0,1.0,True,Win
2906187,4,SLY,GL,GL,SLY,Red,Carlsen,Jayce,Mel,TOP,2,8.0,1.0,False,Loss
2906187,4,SLY,GL,GL,SLY,Red,Thayger,Aatrox,Aatrox,JGL,3,9.0,1.0,False,Loss
2906187,4,SLY,GL,SLY,GL,Blue,Zicssi,XinZhao,Xin Zhao,JGL,4,10.0,1.0,True,Win
2906187,4,SLY,GL,SLY,GL,Blue,Jool,Ahri,Gnar,MID,5,11.0,1.0,True,Win
2906187,4,SLY,GL,GL,SLY,Red,OMON,Mel,Jayce,MID,6,12.0,1.0,False,Loss
2906187,4,SLY,GL,GL,SLY,Red,HARPOON,Xayah,Rakan,BOT,7,17.0,2.0,False,Loss
2906187,4,SLY,GL,SLY,GL,Blue,Aetinoth,Jinx,Jinx,BOT,8,18.0,2.0,True,Win
2906187,4,SLY,GL,SLY,GL,Blue,Piero,Lulu,Lulu,SUP,9,19.0,2.0,True,Win
2906187,4,SLY,GL,GL,SLY,Red,Zoelys,Rakan,Xayah,SUP,10,20.0,2.0,False,Loss
2906946,1,SLY,HMB,HMB,SLY,Red,APP,Rumble,Rumble,TOP,1,7.0,1.0,False,Loss
2906946,1,SLY,HMB,SLY,HMB,Blue,Kryze,Varus,Azir,TOP,2,8.0,1.0,True,Win
2906946,1,SLY,HMB,SLY,HMB,Blue,Zicssi,Poppy,Varus,JGL,3,9.0,1.0,True,Win
2906946,1,SLY,HMB,HMB,SLY,Red,adi1,Vi,Vi,JGL,4,10.0,1.0,False,Loss
2906946,1,SLY,HMB,HMB,SLY,Red,Vigil,Ahri,Ahri,MID,5,11.0,1.0,False,Loss
2906946,1,SLY,HMB,SLY,HMB,Blue,Jool,Azir,Poppy,MID,6,12.0,1.0,True,Win
2906946,1,SLY,HMB,SLY,HMB,Blue,Aetinoth,Corki,Corki,BOT,7,17.0,2.0,True,Win
2906946,1,SLY,HMB,HMB,SLY,Red,Tyrone,Ezreal,Ezreal,BOT,8,18.0,2.0,False,Loss
2906946,1,SLY,HMB,HMB,SLY,Red,Click,Rakan,Rakan,SUP,9,19.0,2.0,False,Loss
2906946,1,SLY,HMB,SLY,HMB,Blue,Piero,Alistar,Alistar,SUP,10,20.0,2.0,True,Win
2906946,2,SLY,HMB,SLY,HMB,Blue,Kryze,Sion,Yunara,TOP,1,7.0,1.0,True,Win
2906946,2,SLY,HMB,HMB,SLY,Red,APP,Aatrox,Ashe,TOP,2,8.0,1.0,False,Loss
2906946,2,SLY,HMB,HMB,SLY,Red,adi1,XinZhao,Xin Zhao,JGL,3,9.0,1.0,False,Loss
2906946,2,SLY,HMB,SLY,HMB,Blue,Zicssi,MonkeyKing,Orianna,JGL,4,10.0,1.0,True,Win
2906946,2,SLY,HMB,SLY,HMB,Blue,Jool,Orianna,Wukong,MID,5,11.0,1.0,True,Win
2906946,2,SLY,HMB,HMB,SLY,Red,Vigil,Galio,Seraphine,MID,6,12.0,1.0,False,Loss
2906946,2,SLY,HMB,HMB,SLY,Red,Tyrone,Ashe,Galio,BOT,7,17.0,2.0,False,Loss
2906946,2,SLY,HMB,SLY,HMB,Blue,Aetinoth,Yunara,Sion,BOT,8,18.0,2.0,True,Win
2906946,2,SLY,HMB,SLY,HMB,Blue,Piero,Lulu,Lulu,SUP,9,19.0,2.0,True,Win
2906946,2,SLY,HMB,HMB,SLY,Red,Click,Seraphine,Aatrox,SUP,10,20.0,2.0,False,Loss
2906958,1,BCE,HMB,BCE,HMB,Blue,Agresivoo,Sion,Jarvan IV,TOP,1,7.0,1.0,True,Win
2906958,1,BCE,HMB,HMB,BCE,Red,APP,Rumble,Rumble,TOP,2,8.0,1.0,False,Loss
2906958,1,BCE,HMB,HMB,BCE,Red,adi1,MonkeyKing,Corki,JGL,3,9.0,1.0,False,Loss
2906958,1,BCE,HMB,BCE,HMB,Blue,mikusik,JarvanIV,Sion,JGL,4,10.0,1.0,True,Win
2906958,1,BCE,HMB,BCE,HMB,Blue,Tenshi,Ahri,Ahri,MID,5,11.0,1.0,True,Win
2906958,1,BCE,HMB,HMB,BCE,Red,Vigil,Azir,Azir,MID,6,12.0,1.0,False,Loss
2906958,1,BCE,HMB,HMB,BCE,Red,Tyrone,Corki,Wukong,BOT,7,17.0,2.0,False,Loss
2906958,1,BCE,HMB,BCE,HMB,Blue,Woolite,Caitlyn,Caitlyn,BOT,8,18.0,2.0,True,Win
2906958,1,BCE,HMB,BCE,HMB,Blue,Jactroll,Karma,Karma,SUP,9,19.0,2.0,True,Win
2906958,1,BCE,HMB,HMB,BCE,Red,Click,Nautilus,Nautilus,SUP,10,20.0,2.0,False,Loss
2906958,2,BCE,HMB,BCE,HMB,Blue,Agresivoo,Jayce,Neeko,TOP,1,7.0,1.0,True,Win
2906958,2,BCE,HMB,HMB,BCE,Red,APP,Renekton,Varus,TOP,2,8.0,1.0,False,Loss
2906958,2,BCE,HMB,HMB,BCE,Red,adi1,Khazix,Ryze,JGL,3,9.0,1.0,False,Loss
2906958,2,BCE,HMB,BCE,HMB,Blue,mikusik,Zaahen,Anivia,JGL,4,10.0,1.0,True,Win
2906958,2,BCE,HMB,BCE,HMB,Blue,Tenshi,Anivia,Ezreal,MID,5,11.0,1.0,True,Win
2906958,2,BCE,HMB,HMB,BCE,Red,Vigil,Ryze,Bard,MID,6,12.0,1.0,False,Loss
2906958,2,BCE,HMB,HMB,BCE,Red,Tyrone,Varus,Renekton,BOT,7,17.0,2.0,False,Loss
2906958,2,BCE,HMB,BCE,HMB,Blue,Woolite,Ezreal,Zaahen,BOT,8,18.0,2.0,True,Win
2906958,2,BCE,HMB,BCE,HMB,Blue,Jactroll,Neeko,Jayce,SUP,9,19.0,2.0,True,Win
2906958,2,BCE,HMB,HMB,BCE,Red,Click,Bard,Kha'Zix,SUP,10,20.0,2.0,False,Loss
2906959,1,3BL,FK,FK,3BL,Red,Adam,Rumble,Varus,TOP,1,7.0,1.0,True,Win
2906959,1,3BL,FK,3BL,FK,Blue,Claww,Sion,Ezreal,TOP,2,8.0,1.0,False,Loss
2906959,1,3BL,FK,3BL,FK,Blue,ShizuOo,Ambessa,Ambessa,JGL,3,9.0,1.0,False,Loss
2906959,1,3BL,FK,FK,3BL,Red,NattyNatt,XinZhao,Azir,JGL,4,10.0,1.0,True,Win
2906959,1,3BL,FK,FK,3BL,Red,SAKEN,Azir,Rumble,MID,5,11.0,1.0,True,Win
2906959,1,3BL,FK,3BL,FK,Blue,VAEII,Ahri,Ahri,MID,6,12.0,1.0,False,Loss
2906959,1,3BL,FK,3BL,FK,Blue,choego,Ezreal,Sion,BOT,7,17.0,2.0,False,Loss
2906959,1,3BL,FK,FK,3BL,Red,3XA,Varus,Nautilus,BOT,8,18.0,2.0,True,Win
2906959,1,3BL,FK,FK,3BL,Red,Targamas,Nautilus,Xin Zhao,SUP,9,19.0,2.0,True,Win
2906959,1,3BL,FK,3BL,FK,Blue,Zaremba,Braum,Braum,SUP,10,20.0,2.0,False,Loss
2906959,2,3BL,FK,3BL,FK,Blue,Claww,Malphite,Orianna,TOP,1,7.0,1.0,False,Loss
2906959,2,3BL,FK,FK,3BL,Red,Adam,Jayce,Ryze,TOP,2,8.0,1.0,True,Win
2906959,2,3BL,FK,FK,3BL,Red,NattyNatt,JarvanIV,Jarvan IV,JGL,3,9.0,1.0,True,Win
2906959,2,3BL,FK,3BL,FK,Blue,ShizuOo,LeeSin,Corki,JGL,4,10.0,1.0,False,Loss
2906959,2,3BL,FK,3BL,FK,Blue,VAEII,Orianna,Nami,MID,5,11.0,1.0,False,Loss
2906959,2,3BL,FK,FK,3BL,Red,SAKEN,Ryze,Jayce,MID,6,12.0,1.0,True,Win
2906959,2,3BL,FK,FK,3BL,Red,3XA,Ashe,Ashe,BOT,7,17.0,2.0,True,Win
2906959,2,3BL,FK,3BL,FK,Blue,choego,Corki,Lee Sin,BOT,8,18.0,2.0,False,Loss
2906959,2,3BL,FK,3BL,FK,Blue,Zaremba,Nami,Malphite,SUP,9,19.0,2.0,False,Loss
2906959,2,3BL,FK,FK,3BL,Red,Targamas,Seraphine,Seraphine,SUP,10,20.0,2.0,True,Win
2906975,1,BCE,FK,FK,BCE,Red,Adam,Rumble,Ryze,TOP,1,7.0,1.0,True,Win
2906975,1,BCE,FK,BCE,FK,Blue,Agresivoo,Ornn,Xin Zhao,TOP,2,8.0,1.0,False,Loss
2906975,1,BCE,FK,BCE,FK,Blue,mikusik,XinZhao,Yunara,JGL,3,9.0,1.0,False,Loss
2906975,1,BCE,FK,FK,BCE,Red,NattyNatt,Pantheon,Varus,JGL,4,10.0,1.0,True,Win
2906975,1,BCE,FK,FK,BCE,Red,SAKEN,Ryze,Pantheon,MID,5,11.0,1.0,True,Win
2906975,1,BCE,FK,BCE,FK,Blue,Tenshi,Anivia,Anivia,MID,6,12.0,1.0,False,Loss
2906975,1,BCE,FK,BCE,FK,Blue,Woolite,Yunara,Neeko,BOT,7,17.0,2.0,False,Loss
2906975,1,BCE,FK,FK,BCE,Red,3XA,Varus,Alistar,BOT,8,18.0,2.0,True,Win
2906975,1,BCE,FK,FK,BCE,Red,Targamas,Alistar,Rumble,SUP,9,19.0,2.0,True,Win
2906975,1,BCE,FK,BCE,FK,Blue,Jactroll,Neeko,Ornn,SUP,10,20.0,2.0,False,Loss
2906975,2,BCE,FK,BCE,FK,Blue,Agresivoo,KSante,Jarvan IV,TOP,1,7.0,1.0,False,Loss
2906975,2,BCE,FK,FK,BCE,Red,Adam,Gnar,Corki,TOP,2,8.0,1.0,True,Win
2906975,2,BCE,FK,FK,BCE,Red,NattyNatt,MonkeyKing,Wukong,JGL,3,9.0,1.0,True,Win
2906975,2,BCE,FK,BCE,FK,Blue,mikusik,JarvanIV,Karma,JGL,4,10.0,1.0,False,Loss
2906975,2,BCE,FK,BCE,FK,Blue,Tenshi,Syndra,Ezreal,MID,5,11.0,1.0,False,Loss
2906975,2,BCE,FK,FK,BCE,Red,SAKEN,Aurora,Nami,MID,6,12.0,1.0,True,Win
2906975,2,BCE,FK,FK,BCE,Red,3XA,Corki,Aurora,BOT,7,17.0,2.0,True,Win
2906975,2,BCE,FK,BCE,FK,Blue,Woolite,Ezreal,Syndra,BOT,8,18.0,2.0,False,Loss
2906975,2,BCE,FK,BCE,FK,Blue,Jactroll,Karma,K'Sante,SUP,9,19.0,2.0,False,Loss
2906975,2,BCE,FK,FK,BCE,Red,Targamas,Nami,Gnar,SUP,10,20.0,2.0,True,Win
2906979,1,HMB,3BL,HMB,3BL,Blue,APP,Gnar,Vi,TOP,1,7.0,1.0,True,Win
2906979,1,HMB,3BL,3BL,HMB,Red,Claww,KSante,Orianna,TOP,2,8.0,1.0,False,Loss
2906979,1,HMB,3BL,3BL,HMB,Red,ShizuOo,MonkeyKing,Wukong,JGL,3,9.0,1.0,False,Loss
2906979,1,HMB,3BL,HMB,3BL,Blue,adi1,Vi,Varus,JGL,4,10.0,1.0,True,Win
2906979,1,HMB,3BL,HMB,3BL,Blue,Vigil,Azir,Azir,MID,5,11.0,1.0,True,Win
2906979,1,HMB,3BL,3BL,HMB,Red,VAEII,Orianna,Ezreal,MID,6,12.0,1.0,False,Loss
2906979,1,HMB,3BL,3BL,HMB,Red,choego,Ezreal,K'Sante,BOT,7,17.0,2.0,False,Loss
2906979,1,HMB,3BL,HMB,3BL,Blue,Tyrone,Varus,Gnar,BOT,8,18.0,2.0,True,Win
2906979,1,HMB,3BL,HMB,3BL,Blue,Click,Bard,Bard,SUP,9,19.0,2.0,True,Win
2906979,1,HMB,3BL,3BL,HMB,Red,Zaremba,Nautilus,Nautilus,SUP,10,20.0,2.0,False,Loss
2906979,2,HMB,3BL,HMB,3BL,Blue,APP,Sion,Yunara,TOP,1,7.0,1.0,True,Win
2906979,2,HMB,3BL,3BL,HMB,Red,Claww,Camille,Kai'Sa,TOP,2,8.0,1.0,False,Loss
2906979,2,HMB,3BL,3BL,HMB,Red,ShizuOo,XinZhao,Xin Zhao,JGL,3,9.0,1.0,False,Loss
2906979,2,HMB,3BL,HMB,3BL,Blue,adi1,Pantheon,Lulu,JGL,4,10.0,1.0,True,Win
2906979,2,HMB,3BL,HMB,3BL,Blue,Vigil,Sylas,Pantheon,MID,5,11.0,1.0,True,Win
2906979,2,HMB,3BL,3BL,HMB,Red,VAEII,Mel,Leona,MID,6,12.0,1.0,False,Loss
2906979,2,HMB,3BL,3BL,HMB,Red,choego,Kaisa,Mel,BOT,7,17.0,2.0,False,Loss
2906979,2,HMB,3BL,HMB,3BL,Blue,Tyrone,Yunara,Sion,BOT,8,18.0,2.0,True,Win
2906979,2,HMB,3BL,HMB,3BL,Blue,Click,Lulu,Sylas,SUP,9,19.0,2.0,True,Win
2906979,2,HMB,3BL,3BL,HMB,Red,Zaremba,Leona,Camille,SUP,10,20.0,2.0,False,Loss
2908840,1,G2,KC,G2,KC,Blue,BrokenBlade,Shen,Orianna,TOP,1,7.0,1.0,True,Win
2908840,1,G2,KC,KC,G2,Red,Canna,Ambessa,Galio,TOP,2,8.0,1.0,False,Loss
2908840,1,G2,KC,KC,G2,Red,Yike,JarvanIV,Jarvan IV,JGL,3,9.0,1.0,False,Loss
2908840,1,G2,KC,G2,KC,Blue,SkewMond,Aatrox,Aatrox,JGL,4,10.0,1.0,True,Win
2908840,1,G2,KC,G2,KC,Blue,Caps,Orianna,Bard,MID,5,11.0,1.0,True,Win
2908840,1,G2,KC,KC,G2,Red,kyeahoo,Galio,Ambessa,MID,6,12.0,1.0,False,Loss
2908840,1,G2,KC,KC,G2,Red,Caliste,Lucian,Nami,BOT,7,17.0,2.0,False,Loss
2908840,1,G2,KC,G2,KC,Blue,Hans Sama,Caitlyn,Caitlyn,BOT,8,18.0,2.0,True,Win
2908840,1,G2,KC,G2,KC,Blue,Labrov,Bard,Shen,SUP,9,19.0,2.0,True,Win
2908840,1,G2,KC,KC,G2,Red,Busio,Nami,Lucian,SUP,10,20.0,2.0,False,Loss
2908840,2,G2,KC,KC,G2,Red,Canna,Gwen,Ryze,TOP,1,7.0,1.0,False,Loss
2908840,2,G2,KC,G2,KC,Blue,BrokenBlade,Yasuo,Ashe,TOP,2,8.0,1.0,True,Win
2908840,2,G2,KC,G2,KC,Blue,SkewMond,DrMundo,Dr. Mundo,JGL,3,9.0,1.0,True,Win
2908840,2,G2,KC,KC,G2,Red,Yike,Naafiri,Naafiri,JGL,4,10.0,1.0,False,Loss
2908840,2,G2,KC,KC,G2,Red,kyeahoo,Ryze,Gwen,MID,5,11.0,1.0,False,Loss
2908840,2,G2,KC,G2,KC,Blue,Caps,Taliyah,Seraphine,MID,6,12.0,1.0,True,Win
2908840,2,G2,KC,G2,KC,Blue,Hans Sama,Ashe,Yasuo,BOT,7,17.0,2.0,True,Win
2908840,2,G2,KC,KC,G2,Red,Caliste,Ezreal,Ezreal,BOT,8,18.0,2.0,False,Loss
2908840,2,G2,KC,KC,G2,Red,Busio,Karma,Karma,SUP,9,19.0,2.0,False,Loss
2908840,2,G2,KC,G2,KC,Blue,Labrov,Seraphine,Taliyah,SUP,10,20.0,2.0,True,Win
2908840,3,G2,KC,KC,G2,Red,Canna,Rumble,Rumble,TOP,1,7.0,1.0,True,Win
2908840,3,G2,KC,G2,KC,Blue,BrokenBlade,Ornn,Ornn,TOP,2,8.0,1.0,False,Loss
2908840,3,G2,KC,G2,KC,Blue,SkewMond,Pantheon,Pantheon,JGL,3,9.0,1.0,False,Loss
2908840,3,G2,KC,KC,G2,Red,Yike,MonkeyKing,Wukong,JGL,4,10.0,1.0,True,Win
2908840,3,G2,KC,KC,G2,Red,kyeahoo,Ahri,Ahri,MID,5,11.0,1.0,True,Win
2908840,3,G2,KC,G2,KC,Blue,Caps,Sylas,Sylas,MID,6,12.0,1.0,False,Loss
2908840,3,G2,KC,G2,KC,Blue,Hans Sama,Corki,Corki,BOT,7,17.0,2.0,False,Loss
2908840,3,G2,KC,KC,G2,Red,Caliste,Jhin,Jhin,BOT,8,18.0,2.0,True,Win
2908840,3,G2,KC,KC,G2,Red,Busio,Nautilus,Nautilus,SUP,9,19.0,2.0,True,Win
2908840,3,G2,KC,G2,KC,Blue,Labrov,Rell,Rell,SUP,10,20.0,2.0,False,Loss
2908840,4,G2,KC,G2,KC,Blue,BrokenBlade,Renekton,Yunara,TOP,1,7.0,1.0,False,Loss
2908840,4,G2,KC,KC,G2,Red,Canna,Gnar,Vi,TOP,2,8.0,1.0,True,Win
2908840,4,G2,KC,KC,G2,Red,Yike,Vi,Rakan,JGL,3,9.0,1.0,True,Win
2908840,4,G2,KC,G2,KC,Blue,SkewMond,XinZhao,Xin Zhao,JGL,4,10.0,1.0,False,Loss
2908840,4,G2,KC,G2,KC,Blue,Caps,Syndra,Renata Glasc,MID,5,11.0,1.0,False,Loss
2908840,4,G2,KC,KC,G2,Red,kyeahoo,Viktor,Xayah,MID,6,12.0,1.0,True,Win
2908840,4,G2,KC,KC,G2,Red,Caliste,Xayah,Viktor,BOT,7,17.0,2.0,True,Win
2908840,4,G2,KC,G2,KC,Blue,Hans Sama,Yunara,Renekton,BOT,8,18.0,2.0,False,Loss
2908840,4,G2,KC,G2,KC,Blue,Labrov,Renata,Syndra,SUP,9,19.0,2.0,False,Loss
2908840,4,G2,KC,KC,G2,Red,Busio,Rakan,Gnar,SUP,10,20.0,2.0,True,Win
2908840,5,G2,KC,G2,KC,Blue,BrokenBlade,Kled,Neeko,TOP,1,7.0,1.0,True,Win
2908840,5,G2,KC,KC,G2,Red,Canna,Sion,Sion,TOP,2,8.0,1.0,False,Loss
2908840,5,G2,KC,KC,G2,Red,Yike,Maokai,Aurora,JGL,3,9.0,1.0,False,Loss
2908840,5,G2,KC,G2,KC,Blue,SkewMond,Skarner,Kai'Sa,JGL,4,10.0,1.0,True,Win
2908840,5,G2,KC,G2,KC,Blue,Caps,Anivia,Kled,MID,5,11.0,1.0,True,Win
2908840,5,G2,KC,KC,G2,Red,kyeahoo,Aurora,Alistar,MID,6,12.0,1.0,False,Loss
2908840,5,G2,KC,KC,G2,Red,Caliste,Sivir,Maokai,BOT,7,17.0,2.0,False,Loss
2908840,5,G2,KC,G2,KC,Blue,Hans Sama,Kaisa,Skarner,BOT,8,18.0,2.0,True,Win
2908840,5,G2,KC,G2,KC,Blue,Labrov,Neeko,Anivia,SUP,9,19.0,2.0,True,Win
2908840,5,G2,KC,KC,G2,Red,Busio,Alistar,Sivir,SUP,10,20.0,2.0,False,Loss
2908919,1,FK,TLNP,FK,TLNP,Blue,Adam,Gnar,Azir,TOP,1,7.0,1.0,True,Win
2908919,1,FK,TLNP,TLNP,FK,Red,Spooder,Sion,Taliyah,TOP,2,8.0,1.0,False,Loss
2908919,1,FK,TLNP,TLNP,FK,Red,Stefan,XinZhao,Xin Zhao,JGL,3,9.0,1.0,False,Loss
2908919,1,FK,TLNP,FK,TLNP,Blue,NattyNatt,Skarner,Varus,JGL,4,10.0,1.0,True,Win
2908919,1,FK,TLNP,FK,TLNP,Blue,SAKEN,Azir,Skarner,MID,5,11.0,1.0,True,Win
2908919,1,FK,TLNP,TLNP,FK,Red,Toffe,Taliyah,Sion,MID,6,12.0,1.0,False,Loss
2908919,1,FK,TLNP,TLNP,FK,Red,Axelent,Sivir,Alistar,BOT,7,17.0,2.0,False,Loss
2908919,1,FK,TLNP,FK,TLNP,Blue,3XA,Varus,Bard,BOT,8,18.0,2.0,True,Win
2908919,1,FK,TLNP,FK,TLNP,Blue,Targamas,Bard,Gnar,SUP,9,19.0,2.0,True,Win
2908919,1,FK,TLNP,TLNP,FK,Red,Thomas,Alistar,Sivir,SUP,10,20.0,2.0,False,Loss
2908919,2,FK,TLNP,FK,TLNP,Blue,Adam,Renekton,Ryze,TOP,1,7.0,1.0,True,Win
2908919,2,FK,TLNP,TLNP,FK,Red,Spooder,KSante,Karma,TOP,2,8.0,1.0,False,Loss
2908919,2,FK,TLNP,TLNP,FK,Red,Stefan,Pantheon,Pantheon,JGL,3,9.0,1.0,False,Loss
2908919,2,FK,TLNP,FK,TLNP,Blue,NattyNatt,Aatrox,Aatrox,JGL,4,10.0,1.0,True,Win
2908919,2,FK,TLNP,FK,TLNP,Blue,SAKEN,Ryze,Ezreal,MID,5,11.0,1.0,True,Win
2908919,2,FK,TLNP,TLNP,FK,Red,Toffe,Syndra,Syndra,MID,6,12.0,1.0,False,Loss
2908919,2,FK,TLNP,TLNP,FK,Red,Axelent,Kaisa,Kai'Sa,BOT,7,17.0,2.0,False,Loss
2908919,2,FK,TLNP,FK,TLNP,Blue,3XA,Ezreal,Renekton,BOT,8,18.0,2.0,True,Win
2908919,2,FK,TLNP,FK,TLNP,Blue,Targamas,Rakan,Rakan,SUP,9,19.0,2.0,True,Win
2908919,2,FK,TLNP,TLNP,FK,Red,Thomas,Karma,K'Sante,SUP,10,20.0,2.0,False,Loss
2908919,3,TLNP,FK,TLNP,FK,Blue,Spooder,Ornn,Yunara,TOP,1,7.0,1.0,True,Win
2908919,3,TLNP,FK,FK,TLNP,Red,Adam,Aurora,Aurora,TOP,2,8.0,1.0,False,Loss
2908919,3,TLNP,FK,FK,TLNP,Red,NattyNatt,Vi,Vi,JGL,3,9.0,1.0,False,Loss
2908919,3,TLNP,FK,TLNP,FK,Blue,Stefan,Nocturne,Lulu,JGL,4,10.0,1.0,True,Win
2908919,3,TLNP,FK,TLNP,FK,Blue,Toffe,Viktor,Nocturne,MID,5,11.0,1.0,True,Win
2908919,3,TLNP,FK,FK,TLNP,Red,SAKEN,Ahri,Ahri,MID,6,12.0,1.0,False,Loss
2908919,3,TLNP,FK,FK,TLNP,Red,3XA,Aphelios,Aphelios,BOT,7,17.0,2.0,False,Loss
2908919,3,TLNP,FK,TLNP,FK,Blue,Axelent,Yunara,Viktor,BOT,8,18.0,2.0,True,Win
2908919,3,TLNP,FK,TLNP,FK,Blue,Thomas,Lulu,Ornn,SUP,9,19.0,2.0,True,Win
2908919,3,TLNP,FK,FK,TLNP,Red,Targamas,Thresh,Thresh,SUP,10,20.0,2.0,False,Loss
2908919,4,FK,TLNP,FK,TLNP,Blue,Adam,Camille,Jarvan IV,TOP,1,7.0,1.0,True,Win
2908919,4,FK,TLNP,TLNP,FK,Red,Spooder,Ambessa,Ambessa,TOP,2,8.0,1.0,False,Loss
2908919,4,FK,TLNP,TLNP,FK,Red,Stefan,Naafiri,Corki,JGL,3,9.0,1.0,False,Loss
2908919,4,FK,TLNP,FK,TLNP,Blue,NattyNatt,JarvanIV,Lucian,JGL,4,10.0,1.0,True,Win
2908919,4,FK,TLNP,FK,TLNP,Blue,SAKEN,Galio,Nami,MID,5,11.0,1.0,True,Win
2908919,4,FK,TLNP,TLNP,FK,Red,Toffe,Smolder,Neeko,MID,6,12.0,1.0,False,Loss
2908919,4,FK,TLNP,TLNP,FK,Red,Axelent,Corki,Naafiri,BOT,7,17.0,2.0,False,Loss
2908919,4,FK,TLNP,FK,TLNP,Blue,3XA,Lucian,Camille,BOT,8,18.0,2.0,True,Win
2908919,4,FK,TLNP,FK,TLNP,Blue,Targamas,Nami,Galio,SUP,9,19.0,2.0,True,Win
2908919,4,FK,TLNP,TLNP,FK,Red,Thomas,Neeko,Smolder,SUP,10,20.0,2.0,False,Loss
2908920,1,GL,FK,GL,FK,Blue,Carlsen,Gwen,Yunara,TOP,1,7.0,1.0,False,Loss
2908920,1,GL,FK,FK,GL,Red,Adam,Sion,Xin Zhao,TOP,2,8.0,1.0,True,Win
2908920,1,GL,FK,FK,GL,Red,NattyNatt,XinZhao,Aurora,JGL,3,9.0,1.0,True,Win
2908920,1,GL,FK,GL,FK,Blue,Thayger,Vi,Vi,JGL,4,10.0,1.0,False,Loss
2908920,1,GL,FK,GL,FK,Blue,OMON,Taliyah,Taliyah,MID,5,11.0,1.0,False,Loss
2908920,1,GL,FK,FK,GL,Red,SAKEN,Aurora,Sion,MID,6,12.0,1.0,True,Win
2908920,1,GL,FK,FK,GL,Red,3XA,Ezreal,Nautilus,BOT,7,17.0,2.0,True,Win
2908920,1,GL,FK,GL,FK,Blue,HARPOON,Yunara,Rell,BOT,8,18.0,2.0,False,Loss
2908920,1,GL,FK,GL,FK,Blue,Zoelys,Rell,Gwen,SUP,9,19.0,2.0,False,Loss
2908920,1,GL,FK,FK,GL,Red,Targamas,Nautilus,Ezreal,SUP,10,20.0,2.0,True,Win
2908920,2,GL,FK,GL,FK,Blue,Carlsen,Zaahen,Jarvan IV,TOP,1,7.0,1.0,True,Win
2908920,2,GL,FK,FK,GL,Red,Adam,Ambessa,Aatrox,TOP,2,8.0,1.0,False,Loss
2908920,2,GL,FK,FK,GL,Red,NattyNatt,Aatrox,LeBlanc,JGL,3,9.0,1.0,False,Loss
2908920,2,GL,FK,GL,FK,Blue,Thayger,JarvanIV,Ashe,JGL,4,10.0,1.0,True,Win
2908920,2,GL,FK,GL,FK,Blue,OMON,Ahri,Seraphine,MID,5,11.0,1.0,True,Win
2908920,2,GL,FK,FK,GL,Red,SAKEN,Leblanc,Ambessa,MID,6,12.0,1.0,False,Loss
2908920,2,GL,FK,FK,GL,Red,3XA,Zeri,Zeri,BOT,7,17.0,2.0,False,Loss
2908920,2,GL,FK,GL,FK,Blue,HARPOON,Ashe,Ahri,BOT,8,18.0,2.0,True,Win
2908920,2,GL,FK,GL,FK,Blue,Zoelys,Seraphine,Zaahen,SUP,9,19.0,2.0,True,Win
2908920,2,GL,FK,FK,GL,Red,Targamas,Lulu,Lulu,SUP,10,20.0,2.0,False,Loss
2908920,3,FK,GL,FK,GL,Blue,Adam,KSante,Varus,TOP,1,7.0,1.0,False,Loss
2908920,3,FK,GL,GL,FK,Red,Carlsen,Yorick,Jhin,TOP,2,8.0,1.0,True,Win
2908920,3,FK,GL,GL,FK,Red,Thayger,Pantheon,Pantheon,JGL,3,9.0,1.0,True,Win
2908920,3,FK,GL,FK,GL,Blue,NattyNatt,MonkeyKing,K'Sante,JGL,4,10.0,1.0,False,Loss
2908920,3,FK,GL,FK,GL,Blue,SAKEN,Viktor,Viktor,MID,5,11.0,1.0,False,Loss
2908920,3,FK,GL,GL,FK,Red,OMON,Syndra,Bard,MID,6,12.0,1.0,True,Win
2908920,3,FK,GL,GL,FK,Red,HARPOON,Jhin,Yorick,BOT,7,17.0,2.0,True,Win
2908920,3,FK,GL,FK,GL,Blue,3XA,Varus,Rakan,BOT,8,18.0,2.0,False,Loss
2908920,3,FK,GL,FK,GL,Blue,Targamas,Rakan,Wukong,SUP,9,19.0,2.0,False,Loss
2908920,3,FK,GL,GL,FK,Red,Zoelys,Bard,Syndra,SUP,10,20.0,2.0,True,Win
2908920,4,FK,GL,FK,GL,Blue,Adam,Jayce,Orianna,TOP,1,7.0,1.0,True,Win
2908920,4,FK,GL,GL,FK,Red,Carlsen,Malphite,Lucian,TOP,2,8.0,1.0,False,Loss
2908920,4,FK,GL,GL,FK,Red,Thayger,Skarner,Milio,JGL,3,9.0,1.0,False,Loss
2908920,4,FK,GL,FK,GL,Blue,NattyNatt,Chogath,Corki,JGL,4,10.0,1.0,True,Win
2908920,4,FK,GL,FK,GL,Blue,SAKEN,Orianna,Neeko,MID,5,11.0,1.0,True,Win
2908920,4,FK,GL,GL,FK,Red,OMON,Akali,Akali,MID,6,12.0,1.0,False,Loss
2908920,4,FK,GL,GL,FK,Red,HARPOON,Lucian,Skarner,BOT,7,17.0,2.0,False,Loss
2908920,4,FK,GL,FK,GL,Blue,3XA,Corki,Cho'Gath,BOT,8,18.0,2.0,True,Win
2908920,4,FK,GL,FK,GL,Blue,Targamas,Neeko,Jayce,SUP,9,19.0,2.0,True,Win
2908920,4,FK,GL,GL,FK,Red,Zoelys,Milio,Malphite,SUP,10,20.0,2.0,False,Loss
2908920,5,GL,FK,GL,FK,Blue,Carlsen,Renekton,Maokai,TOP,1,7.0,1.0,True,Win
2908920,5,GL,FK,FK,GL,Red,Adam,Olaf,Kalista,TOP,2,8.0,1.0,False,Loss
2908920,5,GL,FK,FK,GL,Red,NattyNatt,Nocturne,Nocturne,JGL,3,9.0,1.0,False,Loss
2908920,5,GL,FK,GL,FK,Blue,Thayger,Maokai,Renata Glasc,JGL,4,10.0,1.0,True,Win
2908920,5,GL,FK,GL,FK,Blue,OMON,AurelionSol,Aphelios,MID,5,11.0,1.0,True,Win
2908920,5,GL,FK,FK,GL,Red,SAKEN,Mel,Mel,MID,6,12.0,1.0,False,Loss
2908920,5,GL,FK,FK,GL,Red,3XA,Kalista,Karma,BOT,7,17.0,2.0,False,Loss
2908920,5,GL,FK,GL,FK,Blue,HARPOON,Aphelios,Aurelion Sol,BOT,8,18.0,2.0,True,Win
2908920,5,GL,FK,GL,FK,Blue,Zoelys,Renata,Renekton,SUP,9,19.0,2.0,True,Win
2908920,5,GL,FK,FK,GL,Red,Targamas,Karma,Olaf,SUP,10,20.0,2.0,False,Loss
2908921,1,GL,SLY,GL,SLY,Blue,Carlsen,KSante,Jarvan IV,TOP,1,7.0,1.0,False,Loss
2908921,1,GL,SLY,SLY,GL,Red,Kryze,Gnar,Corki,TOP,2,8.0,1.0,True,Win
2908921,1,GL,SLY,SLY,GL,Red,Zicssi,Vi,Vi,JGL,3,9.0,1.0,True,Win
2908921,1,GL,SLY,GL,SLY,Blue,Thayger,JarvanIV,Ashe,JGL,4,10.0,1.0,False,Loss
2908921,1,GL,SLY,GL,SLY,Blue,OMON,Mel,Seraphine,MID,5,11.0,1.0,False,Loss
2908921,1,GL,SLY,SLY,GL,Red,Jool,Ahri,Pyke,MID,6,12.0,1.0,True,Win
2908921,1,GL,SLY,SLY,GL,Red,Aetinoth,Corki,Ahri,BOT,7,17.0,2.0,True,Win
2908921,1,GL,SLY,GL,SLY,Blue,HARPOON,Ashe,K'Sante,BOT,8,18.0,2.0,False,Loss
2908921,1,GL,SLY,GL,SLY,Blue,Zoelys,Seraphine,Mel,SUP,9,19.0,2.0,False,Loss
2908921,1,GL,SLY,SLY,GL,Red,Piero,Pyke,Gnar,SUP,10,20.0,2.0,True,Win
2908921,2,SLY,GL,SLY,GL,Blue,Kryze,Rumble,Rumble,TOP,1,7.0,1.0,True,Win
2908921,2,SLY,GL,GL,SLY,Red,Carlsen,Ornn,Ornn,TOP,2,8.0,1.0,False,Loss
2908921,2,SLY,GL,GL,SLY,Red,Thayger,Pantheon,Pantheon,JGL,3,9.0,1.0,False,Loss
2908921,2,SLY,GL,SLY,GL,Blue,Zicssi,MonkeyKing,Wukong,JGL,4,10.0,1.0,True,Win
2908921,2,SLY,GL,SLY,GL,Blue,Jool,Ryze,Ryze,MID,5,11.0,1.0,True,Win
2908921,2,SLY,GL,GL,SLY,Red,OMON,Taliyah,Taliyah,MID,6,12.0,1.0,False,Loss
2908921,2,SLY,GL,GL,SLY,Red,HARPOON,Ezreal,Ezreal,BOT,7,17.0,2.0,False,Loss
2908921,2,SLY,GL,SLY,GL,Blue,Aetinoth,Sivir,Sivir,BOT,8,18.0,2.0,True,Win
2908921,2,SLY,GL,SLY,GL,Blue,Piero,Alistar,Alistar,SUP,9,19.0,2.0,True,Win
2908921,2,SLY,GL,GL,SLY,Red,Zoelys,Nami,Nami,SUP,10,20.0,2.0,False,Loss
2908921,3,GL,SLY,GL,SLY,Blue,Carlsen,Aurora,Aurora,TOP,1,7.0,1.0,False,Loss
2908921,3,GL,SLY,SLY,GL,Red,Kryze,Vayne,Syndra,TOP,2,8.0,1.0,True,Win
2908921,3,GL,SLY,SLY,GL,Red,Zicssi,DrMundo,Dr. Mundo,JGL,3,9.0,1.0,True,Win
2908921,3,GL,SLY,GL,SLY,Blue,Thayger,Aatrox,Aatrox,JGL,4,10.0,1.0,False,Loss
2908921,3,GL,SLY,GL,SLY,Blue,OMON,Renekton,Renekton,MID,5,11.0,1.0,False,Loss
2908921,3,GL,SLY,SLY,GL,Red,Jool,Syndra,Vayne,MID,6,12.0,1.0,True,Win
2908921,3,GL,SLY,SLY,GL,Red,Aetinoth,Jinx,Jinx,BOT,7,17.0,2.0,True,Win
2908921,3,GL,SLY,GL,SLY,Blue,HARPOON,Caitlyn,Caitlyn,BOT,8,18.0,2.0,False,Loss
2908921,3,GL,SLY,GL,SLY,Blue,Zoelys,Karma,Karma,SUP,9,19.0,2.0,False,Loss
2908921,3,GL,SLY,SLY,GL,Red,Piero,Rell,Rell,SUP,10,20.0,2.0,True,Win
2914448,1,GX,FNC,FNC,GX,Red,Empyros,Sion,Karma,TOP,1,7.0,1.0,False,Loss
2914448,1,GX,FNC,GX,FNC,Blue,Lot,Ambessa,Ashe,TOP,2,8.0,1.0,True,Win
2914448,1,GX,FNC,GX,FNC,Blue,ISMA,XinZhao,Xin Zhao,JGL,3,9.0,1.0,True,Win
2914448,1,GX,FNC,FNC,GX,Red,Razork,Pantheon,Ezreal,JGL,4,10.0,1.0,False,Loss
2914448,1,GX,FNC,FNC,GX,Red,Vladi,Viktor,Pantheon,MID,5,11.0,1.0,False,Loss
2914448,1,GX,FNC,GX,FNC,Blue,Jackies,Aurora,Seraphine,MID,6,12.0,1.0,True,Win
2914448,1,GX,FNC,GX,FNC,Blue,Noah,Ashe,Aurora,BOT,7,17.0,2.0,True,Win
2914448,1,GX,FNC,FNC,GX,Red,Upset,Ezreal,Sion,BOT,8,18.0,2.0,False,Loss
2914448,1,GX,FNC,FNC,GX,Red,Lospa,Karma,Viktor,SUP,9,19.0,2.0,False,Loss
2914448,1,GX,FNC,GX,FNC,Blue,Jun,Seraphine,Ambessa,SUP,10,20.0,2.0,True,Win
2914448,2,GX,FNC,FNC,GX,Red,Empyros,Rumble,Rumble,TOP,1,7.0,1.0,True,Win
2914448,2,GX,FNC,GX,FNC,Blue,Lot,KSante,K'Sante,TOP,2,8.0,1.0,False,Loss
2914448,2,GX,FNC,GX,FNC,Blue,ISMA,DrMundo,Yunara,JGL,3,9.0,1.0,False,Loss
2914448,2,GX,FNC,FNC,GX,Red,Razork,Zaahen,Corki,JGL,4,10.0,1.0,True,Win
2914448,2,GX,FNC,FNC,GX,Red,Vladi,Ahri,Nami,MID,5,11.0,1.0,True,Win
2914448,2,GX,FNC,GX,FNC,Blue,Jackies,Annie,Lulu,MID,6,12.0,1.0,False,Loss
2914448,2,GX,FNC,GX,FNC,Blue,Noah,Yunara,Dr. Mundo,BOT,7,17.0,2.0,False,Loss
2914448,2,GX,FNC,FNC,GX,Red,Upset,Corki,Zaahen,BOT,8,18.0,2.0,True,Win
2914448,2,GX,FNC,FNC,GX,Red,Lospa,Nami,Ahri,SUP,9,19.0,2.0,True,Win
2914448,2,GX,FNC,GX,FNC,Blue,Jun,Lulu,Annie,SUP,10,20.0,2.0,False,Loss
2914448,3,GX,FNC,GX,FNC,Blue,Lot,Renekton,Vi,TOP,1,7.0,1.0,True,Win
2914448,3,GX,FNC,FNC,GX,Red,Empyros,Gnar,Taliyah,TOP,2,8.0,1.0,False,Loss
2914448,3,GX,FNC,FNC,GX,Red,Razork,MonkeyKing,Wukong,JGL,3,9.0,1.0,False,Loss
2914448,3,GX,FNC,GX,FNC,Blue,ISMA,Vi,Varus,JGL,4,10.0,1.0,True,Win
2914448,3,GX,FNC,GX,FNC,Blue,Jackies,Akali,Akali,MID,5,11.0,1.0,True,Win
2914448,3,GX,FNC,FNC,GX,Red,Vladi,Taliyah,Sivir,MID,6,12.0,1.0,False,Loss
2914448,3,GX,FNC,FNC,GX,Red,Upset,Sivir,Neeko,BOT,7,17.0,2.0,False,Loss
2914448,3,GX,FNC,GX,FNC,Blue,Noah,Varus,Rakan,BOT,8,18.0,2.0,True,Win
2914448,3,GX,FNC,GX,FNC,Blue,Jun,Rakan,Renekton,SUP,9,19.0,2.0,True,Win
2914448,3,GX,FNC,FNC,GX,Red,Lospa,Neeko,Gnar,SUP,10,20.0,2.0,False,Loss
2914449,1,VIT,KC,VIT,KC,Blue,Naak Nako,Renekton,Orianna,TOP,1,7.0,1.0,True,Win
2914449,1,VIT,KC,KC,VIT,Red,Canna,Aurora,Seraphine,TOP,2,8.0,1.0,False,Loss
2914449,1,VIT,KC,KC,VIT,Red,Yike,XinZhao,Ashe,JGL,3,9.0,1.0,False,Loss
2914449,1,VIT,KC,VIT,KC,Blue,Lyncas,Aatrox,Caitlyn,JGL,4,10.0,1.0,True,Win
2914449,1,VIT,KC,VIT,KC,Blue,Humanoid,Orianna,Bard,MID,5,11.0,1.0,True,Win
2914449,1,VIT,KC,KC,VIT,Red,kyeahoo,Galio,Galio,MID,6,12.0,1.0,False,Loss
2914449,1,VIT,KC,KC,VIT,Red,Caliste,Ashe,Xin Zhao,BOT,7,17.0,2.0,False,Loss
2914449,1,VIT,KC,VIT,KC,Blue,Carzzy,Caitlyn,Renekton,BOT,8,18.0,2.0,True,Win
2914449,1,VIT,KC,VIT,KC,Blue,Fleshy,Bard,Aatrox,SUP,9,19.0,2.0,True,Win
2914449,1,VIT,KC,KC,VIT,Red,Busio,Seraphine,Aurora,SUP,10,20.0,2.0,False,Loss
2914449,2,VIT,KC,KC,VIT,Red,Canna,Ambessa,Azir,TOP,1,7.0,1.0,True,Win
2914449,2,VIT,KC,VIT,KC,Blue,Naak Nako,Jax,Varus,TOP,2,8.0,1.0,False,Loss
2914449,2,VIT,KC,VIT,KC,Blue,Lyncas,JarvanIV,Jarvan IV,JGL,3,9.0,1.0,False,Loss
2914449,2,VIT,KC,KC,VIT,Red,Yike,MonkeyKing,Ezreal,JGL,4,10.0,1.0,True,Win
2914449,2,VIT,KC,KC,VIT,Red,kyeahoo,Azir,Ambessa,MID,5,11.0,1.0,True,Win
2914449,2,VIT,KC,VIT,KC,Blue,Humanoid,Leblanc,Rakan,MID,6,12.0,1.0,False,Loss
2914449,2,VIT,KC,VIT,KC,Blue,Carzzy,Varus,LeBlanc,BOT,7,17.0,2.0,False,Loss
2914449,2,VIT,KC,KC,VIT,Red,Caliste,Ezreal,Wukong,BOT,8,18.0,2.0,True,Win
2914449,2,VIT,KC,KC,VIT,Red,Busio,Leona,Leona,SUP,9,19.0,2.0,True,Win
2914449,2,VIT,KC,VIT,KC,Blue,Fleshy,Rakan,Jax,SUP,10,20.0,2.0,False,Loss
2914449,3,VIT,KC,VIT,KC,Blue,Naak Nako,KSante,Karma,TOP,1,7.0,1.0,False,Loss
2914449,3,VIT,KC,KC,VIT,Red,Canna,Rumble,Corki,TOP,2,8.0,1.0,True,Win
2914449,3,VIT,KC,KC,VIT,Red,Yike,Nocturne,Rumble,JGL,3,9.0,1.0,True,Win
2914449,3,VIT,KC,VIT,KC,Blue,Lyncas,Naafiri,K'Sante,JGL,4,10.0,1.0,False,Loss
2914449,3,VIT,KC,VIT,KC,Blue,Humanoid,Annie,Jhin,MID,5,11.0,1.0,False,Loss
2914449,3,VIT,KC,KC,VIT,Red,kyeahoo,Ahri,Nami,MID,6,12.0,1.0,True,Win
2914449,3,VIT,KC,KC,VIT,Red,Caliste,Corki,Nocturne,BOT,7,17.0,2.0,True,Win
2914449,3,VIT,KC,VIT,KC,Blue,Carzzy,Jhin,Annie,BOT,8,18.0,2.0,False,Loss
2914449,3,VIT,KC,VIT,KC,Blue,Fleshy,Karma,Naafiri,SUP,9,19.0,2.0,False,Loss
2914449,3,VIT,KC,KC,VIT,Red,Busio,Nami,Ahri,SUP,10,20.0,2.0,True,Win
2914450,1,MKOI,NAVI,NAVI,MKOI,Red,Maynter,Ornn,Karma,TOP,1,7.0,1.0,True,Win
2914450,1,MKOI,NAVI,MKOI,NAVI,Blue,Myrwn,Rumble,Ezreal,TOP,2,8.0,1.0,False,Loss
2914450,1,MKOI,NAVI,MKOI,NAVI,Blue,Elyoya,XinZhao,Xin Zhao,JGL,3,9.0,1.0,False,Loss
2914450,1,MKOI,NAVI,NAVI,MKOI,Red,Rhilech,Aatrox,Sivir,JGL,4,10.0,1.0,True,Win
2914450,1,MKOI,NAVI,NAVI,MKOI,Red,Poby,Aurora,Aatrox,MID,5,11.0,1.0,True,Win
2914450,1,MKOI,NAVI,MKOI,NAVI,Blue,Jojopyun,Syndra,Nami,MID,6,12.0,1.0,False,Loss
2914450,1,MKOI,NAVI,MKOI,NAVI,Blue,Supa,Ezreal,Rumble,BOT,7,17.0,2.0,False,Loss
2914450,1,MKOI,NAVI,NAVI,MKOI,Red,SamD,Sivir,Ornn,BOT,8,18.0,2.0,True,Win
2914450,1,MKOI,NAVI,NAVI,MKOI,Red,Parus,Karma,Aurora,SUP,9,19.0,2.0,True,Win
2914450,1,MKOI,NAVI,MKOI,NAVI,Blue,Alvaro,Nami,Syndra,SUP,10,20.0,2.0,False,Loss
2914450,2,MKOI,NAVI,MKOI,NAVI,Blue,Myrwn,Shen,Orianna,TOP,1,7.0,1.0,True,Win
2914450,2,MKOI,NAVI,NAVI,MKOI,Red,Maynter,Sion,Azir,TOP,2,8.0,1.0,False,Loss
2914450,2,MKOI,NAVI,NAVI,MKOI,Red,Rhilech,Ambessa,Ambessa,JGL,3,9.0,1.0,False,Loss
2914450,2,MKOI,NAVI,MKOI,NAVI,Blue,Elyoya,Nocturne,Nocturne,JGL,4,10.0,1.0,True,Win
2914450,2,MKOI,NAVI,MKOI,NAVI,Blue,Jojopyun,Orianna,Yunara,MID,5,11.0,1.0,True,Win
2914450,2,MKOI,NAVI,NAVI,MKOI,Red,Poby,Azir,Bard,MID,6,12.0,1.0,False,Loss
2914450,2,MKOI,NAVI,NAVI,MKOI,Red,SamD,Jhin,Jhin,BOT,7,17.0,2.0,False,Loss
2914450,2,MKOI,NAVI,MKOI,NAVI,Blue,Supa,Yunara,Neeko,BOT,8,18.0,2.0,True,Win
2914450,2,MKOI,NAVI,MKOI,NAVI,Blue,Alvaro,Neeko,Shen,SUP,9,19.0,2.0,True,Win
2914450,2,MKOI,NAVI,NAVI,MKOI,Red,Parus,Bard,Sion,SUP,10,20.0,2.0,False,Loss
2914450,3,MKOI,NAVI,NAVI,MKOI,Red,Maynter,Gnar,Vi,TOP,1,7.0,1.0,True,Win
2914450,3,MKOI,NAVI,MKOI,NAVI,Blue,Myrwn,Gwen,Zaahen,TOP,2,8.0,1.0,False,Loss
2914450,3,MKOI,NAVI,MKOI,NAVI,Blue,Elyoya,Zaahen,Miss Fortune,JGL,3,9.0,1.0,False,Loss
2914450,3,MKOI,NAVI,NAVI,MKOI,Red,Rhilech,Vi,Ahri,JGL,4,10.0,1.0,True,Win
2914450,3,MKOI,NAVI,NAVI,MKOI,Red,Poby,Ahri,Gnar,MID,5,11.0,1.0,True,Win
2914450,3,MKOI,NAVI,MKOI,NAVI,Blue,Jojopyun,Sylas,Nautilus,MID,6,12.0,1.0,False,Loss
2914450,3,MKOI,NAVI,MKOI,NAVI,Blue,Supa,MissFortune,Sylas,BOT,7,17.0,2.0,False,Loss
2914450,3,MKOI,NAVI,NAVI,MKOI,Red,SamD,Xayah,Xayah,BOT,8,18.0,2.0,True,Win
2914450,3,MKOI,NAVI,NAVI,MKOI,Red,Parus,Rakan,Rakan,SUP,9,19.0,2.0,True,Win
2914450,3,MKOI,NAVI,MKOI,NAVI,Blue,Alvaro,Nautilus,Gwen,SUP,10,20.0,2.0,False,Loss
2914451,1,TH,SK,TH,SK,Blue,Tracyn,KSante,Vi,TOP,1,7.0,1.0,False,Loss
2914451,1,TH,SK,SK,TH,Red,Wunder,Ambessa,Ezreal,TOP,2,8.0,1.0,True,Win
2914451,1,TH,SK,SK,TH,Red,Skeanz,XinZhao,Xin Zhao,JGL,3,9.0,1.0,True,Win
2914451,1,TH,SK,TH,SK,Blue,Sheo,Vi,Sivir,JGL,4,10.0,1.0,False,Loss
2914451,1,TH,SK,TH,SK,Blue,Serin,Aurora,Karma,MID,5,11.0,1.0,False,Loss
2914451,1,TH,SK,SK,TH,Red,LIDER,Cassiopeia,Nami,MID,6,12.0,1.0,True,Win
2914451,1,TH,SK,SK,TH,Red,Jopa,Ezreal,Ambessa,BOT,7,17.0,2.0,True,Win
2914451,1,TH,SK,TH,SK,Blue,Ice,Sivir,K'Sante,BOT,8,18.0,2.0,False,Loss
2914451,1,TH,SK,TH,SK,Blue,Way,Karma,Aurora,SUP,9,19.0,2.0,False,Loss
2914451,1,TH,SK,SK,TH,Red,Mikyx,Nami,Cassiopeia,SUP,10,20.0,2.0,True,Win
2914451,2,SK,TH,SK,TH,Blue,Wunder,Sion,Orianna,TOP,1,7.0,1.0,False,Loss
2914451,2,SK,TH,TH,SK,Red,Tracyn,Rumble,Rumble,TOP,2,8.0,1.0,True,Win
2914451,2,SK,TH,TH,SK,Red,Sheo,Zaahen,Varus,JGL,3,9.0,1.0,True,Win
2914451,2,SK,TH,SK,TH,Blue,Skeanz,Nocturne,Nocturne,JGL,4,10.0,1.0,False,Loss
2914451,2,SK,TH,SK,TH,Blue,LIDER,Orianna,Sion,MID,5,11.0,1.0,False,Loss
2914451,2,SK,TH,TH,SK,Red,Serin,Akali,Akali,MID,6,12.0,1.0,True,Win
2914451,2,SK,TH,TH,SK,Red,Ice,Varus,Zaahen,BOT,7,17.0,2.0,True,Win
2914451,2,SK,TH,SK,TH,Blue,Jopa,Corki,Corki,BOT,8,18.0,2.0,False,Loss
2914451,2,SK,TH,SK,TH,Blue,Mikyx,Alistar,Alistar,SUP,9,19.0,2.0,False,Loss
2914451,2,SK,TH,TH,SK,Red,Way,Nautilus,Nautilus,SUP,10,20.0,2.0,True,Win
2914451,3,SK,TH,TH,SK,Red,Tracyn,Gnar,Ashe,TOP,1,7.0,1.0,True,Win
2914451,3,SK,TH,SK,TH,Blue,Wunder,Kennen,Yunara,TOP,2,8.0,1.0,False,Loss
2914451,3,SK,TH,SK,TH,Blue,Skeanz,Skarner,Milio,JGL,3,9.0,1.0,False,Loss
2914451,3,SK,TH,TH,SK,Red,Sheo,Sejuani,Seraphine,JGL,4,10.0,1.0,True,Win
2914451,3,SK,TH,TH,SK,Red,Serin,Mel,Mel,MID,5,11.0,1.0,True,Win
2914451,3,SK,TH,SK,TH,Blue,LIDER,Zed,Skarner,MID,6,12.0,1.0,False,Loss
2914451,3,SK,TH,SK,TH,Blue,Jopa,Yunara,Zed,BOT,7,17.0,2.0,False,Loss
2914451,3,SK,TH,TH,SK,Red,Ice,Ashe,Sejuani,BOT,8,18.0,2.0,True,Win
2914451,3,SK,TH,TH,SK,Red,Way,Seraphine,Gnar,SUP,9,19.0,2.0,True,Win
2914451,3,SK,TH,SK,TH,Blue,Mikyx,Milio,Kennen,SUP,10,20.0,2.0,False,Loss
2914453,1,MKOI,FNC,MKOI,FNC,Blue,Myrwn,Renekton,Azir,TOP,1,7.0,1.0,True,Win
2914453,1,MKOI,FNC,FNC,MKOI,Red,Empyros,Sion,Yunara,TOP,2,8.0,1.0,False,Loss
2914453,1,MKOI,FNC,FNC,MKOI,Red,Razork,XinZhao,Xin Zhao,JGL,3,9.0,1.0,False,Loss
2914453,1,MKOI,FNC,MKOI,FNC,Blue,Elyoya,Pantheon,Pantheon,JGL,4,10.0,1.0,True,Win
2914453,1,MKOI,FNC,MKOI,FNC,Blue,Jojopyun,Azir,Renekton,MID,5,11.0,1.0,True,Win
2914453,1,MKOI,FNC,FNC,MKOI,Red,Vladi,Aurora,Lulu,MID,6,12.0,1.0,False,Loss
2914453,1,MKOI,FNC,FNC,MKOI,Red,Upset,Yunara,Aurora,BOT,7,17.0,2.0,False,Loss
2914453,1,MKOI,FNC,MKOI,FNC,Blue,Supa,Corki,Corki,BOT,8,18.0,2.0,True,Win
2914453,1,MKOI,FNC,MKOI,FNC,Blue,Alvaro,Nami,Nami,SUP,9,19.0,2.0,True,Win
2914453,1,MKOI,FNC,FNC,MKOI,Red,Lospa,Lulu,Sion,SUP,10,20.0,2.0,False,Loss
2914453,2,MKOI,FNC,FNC,MKOI,Red,Empyros,KSante,Vi,TOP,1,7.0,1.0,False,Loss
2914453,2,MKOI,FNC,MKOI,FNC,Blue,Myrwn,Rumble,Rumble,TOP,2,8.0,1.0,True,Win
2914453,2,MKOI,FNC,MKOI,FNC,Blue,Elyoya,Nocturne,Nocturne,JGL,3,9.0,1.0,True,Win
2914453,2,MKOI,FNC,FNC,MKOI,Red,Razork,Vi,Ahri,JGL,4,10.0,1.0,False,Loss
2914453,2,MKOI,FNC,FNC,MKOI,Red,Vladi,Ahri,K'Sante,MID,5,11.0,1.0,False,Loss
2914453,2,MKOI,FNC,MKOI,FNC,Blue,Jojopyun,Lissandra,Lissandra,MID,6,12.0,1.0,True,Win
2914453,2,MKOI,FNC,MKOI,FNC,Blue,Supa,Aphelios,Neeko,BOT,7,17.0,2.0,True,Win
2914453,2,MKOI,FNC,FNC,MKOI,Red,Upset,Jhin,Jhin,BOT,8,18.0,2.0,False,Loss
2914453,2,MKOI,FNC,FNC,MKOI,Red,Lospa,Nautilus,Nautilus,SUP,9,19.0,2.0,False,Loss
2914453,2,MKOI,FNC,MKOI,FNC,Blue,Alvaro,Neeko,Aphelios,SUP,10,20.0,2.0,True,Win
2914454,1,SK,NAVI,NAVI,SK,Red,Maynter,KSante,Ryze,TOP,1,7.0,1.0,False,Loss
2914454,1,SK,NAVI,SK,NAVI,Blue,Wunder,Rumble,Seraphine,TOP,2,8.0,1.0,True,Win
2914454,1,SK,NAVI,SK,NAVI,Blue,Skeanz,XinZhao,Yasuo,JGL,3,9.0,1.0,True,Win
2914454,1,SK,NAVI,NAVI,SK,Red,Rhilech,Vi,Corki,JGL,4,10.0,1.0,False,Loss
2914454,1,SK,NAVI,NAVI,SK,Red,Poby,Ryze,Nami,MID,5,11.0,1.0,False,Loss
2914454,1,SK,NAVI,SK,NAVI,Blue,LIDER,Yasuo,Ashe,MID,6,12.0,1.0,True,Win
2914454,1,SK,NAVI,SK,NAVI,Blue,Jopa,Ashe,Rumble,BOT,7,17.0,2.0,True,Win
2914454,1,SK,NAVI,NAVI,SK,Red,SamD,Corki,K'Sante,BOT,8,18.0,2.0,False,Loss
2914454,1,SK,NAVI,NAVI,SK,Red,Parus,Nami,Vi,SUP,9,19.0,2.0,False,Loss
2914454,1,SK,NAVI,SK,NAVI,Blue,Mikyx,Seraphine,Xin Zhao,SUP,10,20.0,2.0,True,Win
2914454,2,SK,NAVI,SK,NAVI,Blue,Wunder,Ambessa,Neeko,TOP,1,7.0,1.0,False,Loss
2914454,2,SK,NAVI,NAVI,SK,Red,Maynter,RekSai,Aurora,TOP,2,8.0,1.0,True,Win
2914454,2,SK,NAVI,NAVI,SK,Red,Rhilech,Aatrox,Bard,JGL,3,9.0,1.0,True,Win
2914454,2,SK,NAVI,SK,NAVI,Blue,Skeanz,MonkeyKing,Ezreal,JGL,4,10.0,1.0,False,Loss
2914454,2,SK,NAVI,SK,NAVI,Blue,LIDER,Ahri,Ambessa,MID,5,11.0,1.0,False,Loss
2914454,2,SK,NAVI,NAVI,SK,Red,Poby,Aurora,Sivir,MID,6,12.0,1.0,True,Win
2914454,2,SK,NAVI,NAVI,SK,Red,SamD,Sivir,Aatrox,BOT,7,17.0,2.0,True,Win
2914454,2,SK,NAVI,SK,NAVI,Blue,Jopa,Ezreal,Ahri,BOT,8,18.0,2.0,False,Loss
2914454,2,SK,NAVI,SK,NAVI,Blue,Mikyx,Neeko,Wukong,SUP,9,19.0,2.0,False,Loss
2914454,2,SK,NAVI,NAVI,SK,Red,Parus,Bard,Rek'Sai,SUP,10,20.0,2.0,True,Win
2914454,3,SK,NAVI,NAVI,SK,Red,Maynter,Renekton,Lulu,TOP,1,7.0,1.0,True,Win
2914454,3,SK,NAVI,SK,NAVI,Blue,Wunder,Anivia,Yunara,TOP,2,8.0,1.0,False,Loss
2914454,3,SK,NAVI,SK,NAVI,Blue,Skeanz,Zaahen,Janna,JGL,3,9.0,1.0,False,Loss
2914454,3,SK,NAVI,NAVI,SK,Red,Rhilech,DrMundo,Aphelios,JGL,4,10.0,1.0,True,Win
2914454,3,SK,NAVI,NAVI,SK,Red,Poby,Viktor,Dr. Mundo,MID,5,11.0,1.0,True,Win
2914454,3,SK,NAVI,SK,NAVI,Blue,LIDER,Yone,Zaahen,MID,6,12.0,1.0,False,Loss
2914454,3,SK,NAVI,SK,NAVI,Blue,Jopa,Yunara,Anivia,BOT,7,17.0,2.0,False,Loss
2914454,3,SK,NAVI,NAVI,SK,Red,SamD,Aphelios,Viktor,BOT,8,18.0,2.0,True,Win
2914454,3,SK,NAVI,NAVI,SK,Red,Parus,Lulu,Renekton,SUP,9,19.0,2.0,True,Win
2914454,3,SK,NAVI,SK,NAVI,Blue,Mikyx,Janna,Yone,SUP,10,20.0,2.0,False,Loss
2914455,1,VIT,TH,VIT,TH,Blue,Naak Nako,Renekton,Azir,TOP,1,7.0,1.0,True,Win
2914455,1,VIT,TH,TH,VIT,Red,Tracyn,KSante,Ashe,TOP,2,8.0,1.0,False,Loss
2914455,1,VIT,TH,TH,VIT,Red,Sheo,JarvanIV,Jarvan IV,JGL,3,9.0,1.0,False,Loss
2914455,1,VIT,TH,VIT,TH,Blue,Lyncas,Pantheon,Ezreal,JGL,4,10.0,1.0,True,Win
2914455,1,VIT,TH,VIT,TH,Blue,Humanoid,Azir,Nami,MID,5,11.0,1.0,True,Win
2914455,1,VIT,TH,TH,VIT,Red,Serin,Leblanc,Seraphine,MID,6,12.0,1.0,False,Loss
2914455,1,VIT,TH,TH,VIT,Red,Ice,Ashe,LeBlanc,BOT,7,17.0,2.0,False,Loss
2914455,1,VIT,TH,VIT,TH,Blue,Carzzy,Ezreal,Pantheon,BOT,8,18.0,2.0,True,Win
2914455,1,VIT,TH,VIT,TH,Blue,Fleshy,Nami,Renekton,SUP,9,19.0,2.0,True,Win
2914455,1,VIT,TH,TH,VIT,Red,Way,Seraphine,K'Sante,SUP,10,20.0,2.0,False,Loss
2914455,2,VIT,TH,VIT,TH,Blue,Naak Nako,Rumble,Rumble,TOP,1,7.0,1.0,True,Win
2914455,2,VIT,TH,TH,VIT,Red,Tracyn,Sion,Lulu,TOP,2,8.0,1.0,False,Loss
2914455,2,VIT,TH,TH,VIT,Red,Sheo,XinZhao,Xin Zhao,JGL,3,9.0,1.0,False,Loss
2914455,2,VIT,TH,VIT,TH,Blue,Lyncas,MonkeyKing,Caitlyn,JGL,4,10.0,1.0,True,Win
2914455,2,VIT,TH,VIT,TH,Blue,Humanoid,Viktor,Bard,MID,5,11.0,1.0,True,Win
2914455,2,VIT,TH,TH,VIT,Red,Serin,Hwei,Sion,MID,6,12.0,1.0,False,Loss
2914455,2,VIT,TH,TH,VIT,Red,Ice,Jinx,Jinx,BOT,7,17.0,2.0,False,Loss
2914455,2,VIT,TH,VIT,TH,Blue,Carzzy,Caitlyn,Wukong,BOT,8,18.0,2.0,True,Win
2914455,2,VIT,TH,VIT,TH,Blue,Fleshy,Bard,Viktor,SUP,9,19.0,2.0,True,Win
2914455,2,VIT,TH,TH,VIT,Red,Way,Lulu,Hwei,SUP,10,20.0,2.0,False,Loss
2914456,1,SK,SHFT,SK,SHFT,Blue,Wunder,Sion,Orianna,TOP,1,7.0,1.0,True,Win
2914456,1,SK,SHFT,SHFT,SK,Red,Rooster,Gnar,Ryze,TOP,2,8.0,1.0,False,Loss
2914456,1,SK,SHFT,SHFT,SK,Red,Boukada,Pantheon,Pantheon,JGL,3,9.0,1.0,False,Loss
2914456,1,SK,SHFT,SK,SHFT,Blue,Skeanz,XinZhao,Xin Zhao,JGL,4,10.0,1.0,True,Win
2914456,1,SK,SHFT,SK,SHFT,Blue,LIDER,Orianna,Ezreal,MID,5,11.0,1.0,True,Win
2914456,1,SK,SHFT,SHFT,SK,Red,nuc,Ryze,Yunara,MID,6,12.0,1.0,False,Loss
2914456,1,SK,SHFT,SHFT,SK,Red,Paduck,Yunara,Lulu,BOT,7,17.0,2.0,False,Loss
2914456,1,SK,SHFT,SK,SHFT,Blue,Jopa,Ezreal,Sion,BOT,8,18.0,2.0,True,Win
2914456,1,SK,SHFT,SK,SHFT,Blue,Mikyx,Nami,Nami,SUP,9,19.0,2.0,True,Win
2914456,1,SK,SHFT,SHFT,SK,Red,Trymbi,Lulu,Gnar,SUP,10,20.0,2.0,False,Loss
2914456,2,SK,SHFT,SK,SHFT,Blue,Wunder,Ambessa,Ambessa,TOP,1,7.0,1.0,True,Win
2914456,2,SK,SHFT,SHFT,SK,Red,Rooster,Zaahen,Wukong,TOP,2,8.0,1.0,False,Loss
2914456,2,SK,SHFT,SHFT,SK,Red,Boukada,MonkeyKing,Corki,JGL,3,9.0,1.0,False,Loss
2914456,2,SK,SHFT,SK,SHFT,Blue,Skeanz,DrMundo,Xayah,JGL,4,10.0,1.0,True,Win
2914456,2,SK,SHFT,SK,SHFT,Blue,LIDER,Akali,Rakan,MID,5,11.0,1.0,True,Win
2914456,2,SK,SHFT,SHFT,SK,Red,nuc,Viktor,Nautilus,MID,6,12.0,1.0,False,Loss
2914456,2,SK,SHFT,SHFT,SK,Red,Paduck,Corki,Viktor,BOT,7,17.0,2.0,False,Loss
2914456,2,SK,SHFT,SK,SHFT,Blue,Jopa,Xayah,Dr. Mundo,BOT,8,18.0,2.0,True,Win
2914456,2,SK,SHFT,SK,SHFT,Blue,Mikyx,Rakan,Akali,SUP,9,19.0,2.0,True,Win
2914456,2,SK,SHFT,SHFT,SK,Red,Trymbi,Nautilus,Zaahen,SUP,10,20.0,2.0,False,Loss
2914457,1,G2,TH,G2,TH,Blue,BrokenBlade,Shen,Azir,TOP,1,7.0,1.0,True,Win
2914457,1,G2,TH,TH,G2,Red,Tracyn,Ambessa,Karma,TOP,2,8.0,1.0,False,Loss
2914457,1,G2,TH,TH,G2,Red,Sheo,Sejuani,Ezreal,JGL,3,9.0,1.0,False,Loss
2914457,1,G2,TH,G2,TH,Blue,SkewMond,XinZhao,Ashe,JGL,4,10.0,1.0,True,Win
2914457,1,G2,TH,G2,TH,Blue,Caps,Azir,Seraphine,MID,5,11.0,1.0,True,Win
2914457,1,G2,TH,TH,G2,Red,Serin,Mel,Mel,MID,6,12.0,1.0,False,Loss
2914457,1,G2,TH,TH,G2,Red,Ice,Ezreal,Ambessa,BOT,7,17.0,2.0,False,Loss
2914457,1,G2,TH,G2,TH,Blue,Hans Sama,Ashe,Shen,BOT,8,18.0,2.0,True,Win
2914457,1,G2,TH,G2,TH,Blue,Labrov,Seraphine,Xin Zhao,SUP,9,19.0,2.0,True,Win
2914457,1,G2,TH,TH,G2,Red,Way,Karma,Sejuani,SUP,10,20.0,2.0,False,Loss
2914457,2,G2,TH,TH,G2,Red,Tracyn,KSante,Varus,TOP,1,7.0,1.0,False,Loss
2914457,2,G2,TH,G2,TH,Blue,BrokenBlade,Poppy,Sivir,TOP,2,8.0,1.0,True,Win
2914457,2,G2,TH,G2,TH,Blue,SkewMond,Olaf,Bard,JGL,3,9.0,1.0,True,Win
2914457,2,G2,TH,TH,G2,Red,Sheo,LeeSin,Viktor,JGL,4,10.0,1.0,False,Loss
2914457,2,G2,TH,TH,G2,Red,Serin,Viktor,Alistar,MID,5,11.0,1.0,False,Loss
2914457,2,G2,TH,G2,TH,Blue,Caps,Akali,Akali,MID,6,12.0,1.0,True,Win
2914457,2,G2,TH,G2,TH,Blue,Hans Sama,Sivir,Olaf,BOT,7,17.0,2.0,True,Win
2914457,2,G2,TH,TH,G2,Red,Ice,Varus,K'Sante,BOT,8,18.0,2.0,False,Loss
2914457,2,G2,TH,TH,G2,Red,Way,Alistar,Lee Sin,SUP,9,19.0,2.0,False,Loss
2914457,2,G2,TH,G2,TH,Blue,Labrov,Bard,Poppy,SUP,10,20.0,2.0,True,Win
2914458,1,VIT,NAVI,NAVI,VIT,Red,Maynter,Rumble,Azir,TOP,1,7.0,1.0,False,Loss
2914458,1,VIT,NAVI,VIT,NAVI,Blue,Naak Nako,Gnar,Aurora,TOP,2,8.0,1.0,True,Win
2914458,1,VIT,NAVI,VIT,NAVI,Blue,Lyncas,XinZhao,Seraphine,JGL,3,9.0,1.0,True,Win
2914458,1,VIT,NAVI,NAVI,VIT,Red,Rhilech,JarvanIV,Corki,JGL,4,10.0,1.0,False,Loss
2914458,1,VIT,NAVI,NAVI,VIT,Red,Poby,Azir,Nami,MID,5,11.0,1.0,False,Loss
2914458,1,VIT,NAVI,VIT,NAVI,Blue,Humanoid,Aurora,Ashe,MID,6,12.0,1.0,True,Win
2914458,1,VIT,NAVI,VIT,NAVI,Blue,Carzzy,Ashe,Xin Zhao,BOT,7,17.0,2.0,True,Win
2914458,1,VIT,NAVI,NAVI,VIT,Red,SamD,Corki,Jarvan IV,BOT,8,18.0,2.0,False,Loss
2914458,1,VIT,NAVI,NAVI,VIT,Red,Parus,Nami,Rumble,SUP,9,19.0,2.0,False,Loss
2914458,1,VIT,NAVI,VIT,NAVI,Blue,Fleshy,Seraphine,Gnar,SUP,10,20.0,2.0,True,Win
2914458,2,VIT,NAVI,NAVI,VIT,Red,Maynter,Sion,Lulu,TOP,1,7.0,1.0,False,Loss
2914458,2,VIT,NAVI,VIT,NAVI,Blue,Naak Nako,Gwen,Neeko,TOP,2,8.0,1.0,True,Win
2914458,2,VIT,NAVI,VIT,NAVI,Blue,Lyncas,MonkeyKing,Wukong,JGL,3,9.0,1.0,True,Win
2914458,2,VIT,NAVI,NAVI,VIT,Red,Rhilech,Zaahen,Yunara,JGL,4,10.0,1.0,False,Loss
2914458,2,VIT,NAVI,NAVI,VIT,Red,Poby,Viktor,Sion,MID,5,11.0,1.0,False,Loss
2914458,2,VIT,NAVI,VIT,NAVI,Blue,Humanoid,AurelionSol,Ezreal,MID,6,12.0,1.0,True,Win
2914458,2,VIT,NAVI,VIT,NAVI,Blue,Carzzy,Ezreal,Gwen,BOT,7,17.0,2.0,True,Win
2914458,2,VIT,NAVI,NAVI,VIT,Red,SamD,Yunara,Viktor,BOT,8,18.0,2.0,False,Loss
2914458,2,VIT,NAVI,NAVI,VIT,Red,Parus,Lulu,Zaahen,SUP,9,19.0,2.0,False,Loss
2914458,2,VIT,NAVI,VIT,NAVI,Blue,Fleshy,Neeko,Aurelion Sol,SUP,10,20.0,2.0,True,Win
2914459,1,GX,SK,GX,SK,Blue,Lot,Sion,Ryze,TOP,1,7.0,1.0,True,Win
2914459,1,GX,SK,SK,GX,Red,Wunder,Gwen,Ezreal,TOP,2,8.0,1.0,False,Loss
2914459,1,GX,SK,SK,GX,Red,Skeanz,XinZhao,Xin Zhao,JGL,3,9.0,1.0,False,Loss
2914459,1,GX,SK,GX,SK,Blue,ISMA,Vi,Vi,JGL,4,10.0,1.0,True,Win
2914459,1,GX,SK,GX,SK,Blue,Jackies,Ryze,Kai'Sa,MID,5,11.0,1.0,True,Win
2914459,1,GX,SK,SK,GX,Red,LIDER,Galio,Karma,MID,6,12.0,1.0,False,Loss
2914459,1,GX,SK,SK,GX,Red,Jopa,Ezreal,Galio,BOT,7,17.0,2.0,False,Loss
2914459,1,GX,SK,GX,SK,Blue,Noah,Kaisa,Sion,BOT,8,18.0,2.0,True,Win
2914459,1,GX,SK,GX,SK,Blue,Jun,Neeko,Neeko,SUP,9,19.0,2.0,True,Win
2914459,1,GX,SK,SK,GX,Red,Mikyx,Karma,Gwen,SUP,10,20.0,2.0,False,Loss
2914459,2,GX,SK,GX,SK,Blue,Lot,Renekton,Ashe,TOP,1,7.0,1.0,True,Win
2914459,2,GX,SK,SK,GX,Red,Wunder,Anivia,Varus,TOP,2,8.0,1.0,False,Loss
2914459,2,GX,SK,SK,GX,Red,Skeanz,DrMundo,Dr. Mundo,JGL,3,9.0,1.0,False,Loss
2914459,2,GX,SK,GX,SK,Blue,ISMA,MonkeyKing,Seraphine,JGL,4,10.0,1.0,True,Win
2914459,2,GX,SK,GX,SK,Blue,Jackies,Ahri,Wukong,MID,5,11.0,1.0,True,Win
2914459,2,GX,SK,SK,GX,Red,LIDER,Sylas,Anivia,MID,6,12.0,1.0,False,Loss
2914459,2,GX,SK,SK,GX,Red,Jopa,Varus,Rell,BOT,7,17.0,2.0,False,Loss
2914459,2,GX,SK,GX,SK,Blue,Noah,Ashe,Renekton,BOT,8,18.0,2.0,True,Win
2914459,2,GX,SK,GX,SK,Blue,Jun,Seraphine,Ahri,SUP,9,19.0,2.0,True,Win
2914459,2,GX,SK,SK,GX,Red,Mikyx,Rell,Sylas,SUP,10,20.0,2.0,False,Loss
2914460,1,G2,FNC,FNC,G2,Red,Empyros,Jax,Orianna,TOP,1,7.0,1.0,False,Loss
2914460,1,G2,FNC,G2,FNC,Blue,BrokenBlade,KSante,Ashe,TOP,2,8.0,1.0,True,Win
2914460,1,G2,FNC,G2,FNC,Blue,SkewMond,XinZhao,Seraphine,JGL,3,9.0,1.0,True,Win
2914460,1,G2,FNC,FNC,G2,Red,Razork,Zaahen,Corki,JGL,4,10.0,1.0,False,Loss
2914460,1,G2,FNC,FNC,G2,Red,Vladi,Orianna,Nami,MID,5,11.0,1.0,False,Loss
2914460,1,G2,FNC,G2,FNC,Blue,Caps,Azir,Azir,MID,6,12.0,1.0,True,Win
2914460,1,G2,FNC,G2,FNC,Blue,Hans Sama,Ashe,Xin Zhao,BOT,7,17.0,2.0,True,Win
2914460,1,G2,FNC,FNC,G2,Red,Upset,Corki,Zaahen,BOT,8,18.0,2.0,False,Loss
2914460,1,G2,FNC,FNC,G2,Red,Lospa,Nami,Jax,SUP,9,19.0,2.0,False,Loss
2914460,1,G2,FNC,G2,FNC,Blue,Labrov,Seraphine,K'Sante,SUP,10,20.0,2.0,True,Win
2914460,2,G2,FNC,G2,FNC,Blue,BrokenBlade,Ambessa,Ambessa,TOP,1,,,False,Loss
2914460,2,G2,FNC,G2,FNC,Blue,SkewMond,Skarner,Skarner,JGL,2,,,False,Loss
2914460,2,G2,FNC,G2,FNC,Blue,Caps,Ahri,Ahri,MID,3,,,False,Loss
2914460,2,G2,FNC,G2,FNC,Blue,Hans Sama,Caitlyn,Caitlyn,BOT,4,,,False,Loss
2914460,2,G2,FNC,G2,FNC,Blue,Labrov,Bard,Bard,SUP,5,,,False,Loss
2914460,2,G2,FNC,FNC,G2,Red,Empyros,Sion,Sion,TOP,6,,,True,Win
2914460,2,G2,FNC,FNC,G2,Red,Razork,Pantheon,Pantheon,JGL,7,,,True,Win
2914460,2,G2,FNC,FNC,G2,Red,Vladi,Aurora,Aurora,MID,8,,,True,Win
2914460,2,G2,FNC,FNC,G2,Red,Upset,Yunara,Yunara,BOT,9,,,True,Win
2914460,2,G2,FNC,FNC,G2,Red,Lospa,Lulu,Lulu,SUP,10,,,True,Win
2914460,3,G2,FNC,G2,FNC,Blue,BrokenBlade,Renekton,Rakan,TOP,1,7.0,1.0,False,Loss
2914460,3,G2,FNC,FNC,G2,Red,Empyros,Kennen,Xayah,TOP,2,8.0,1.0,True,Win
2914460,3,G2,FNC,FNC,G2,Red,Razork,Vi,Vi,JGL,3,9.0,1.0,True,Win
2914460,3,G2,FNC,G2,FNC,Blue,SkewMond,Maokai,Ezreal,JGL,4,10.0,1.0,False,Loss
2914460,3,G2,FNC,G2,FNC,Blue,Caps,Viktor,Renekton,MID,5,11.0,1.0,False,Loss
2914460,3,G2,FNC,FNC,G2,Red,Vladi,Taliyah,Taliyah,MID,6,12.0,1.0,True,Win
2914460,3,G2,FNC,FNC,G2,Red,Upset,Xayah,Kennen,BOT,7,17.0,2.0,True,Win
2914460,3,G2,FNC,G2,FNC,Blue,Hans Sama,Ezreal,Maokai,BOT,8,18.0,2.0,False,Loss
2914460,3,G2,FNC,G2,FNC,Blue,Labrov,Rakan,Viktor,SUP,9,19.0,2.0,False,Loss
2914460,3,G2,FNC,FNC,G2,Red,Lospa,Alistar,Alistar,SUP,10,20.0,2.0,True,Win
2914461,1,GX,TH,TH,GX,Red,Tracyn,KSante,Karma,TOP,1,7.0,1.0,False,Loss
2914461,1,GX,TH,GX,TH,Blue,Lot,Ambessa,Varus,TOP,2,8.0,1.0,True,Win
2914461,1,GX,TH,GX,TH,Blue,ISMA,Vi,Vi,JGL,3,9.0,1.0,True,Win
2914461,1,GX,TH,TH,GX,Red,Sheo,MonkeyKing,Aurora,JGL,4,10.0,1.0,False,Loss
2914461,1,GX,TH,TH,GX,Red,Serin,Aurora,Jhin,MID,5,11.0,1.0,False,Loss
2914461,1,GX,TH,GX,TH,Blue,Jackies,Leblanc,LeBlanc,MID,6,12.0,1.0,True,Win
2914461,1,GX,TH,GX,TH,Blue,Noah,Varus,Alistar,BOT,7,17.0,2.0,True,Win
2914461,1,GX,TH,TH,GX,Red,Ice,Jhin,K'Sante,BOT,8,18.0,2.0,False,Loss
2914461,1,GX,TH,TH,GX,Red,Way,Karma,Wukong,SUP,9,19.0,2.0,False,Loss
2914461,1,GX,TH,GX,TH,Blue,Jun,Alistar,Ambessa,SUP,10,20.0,2.0,True,Win
2914461,2,GX,TH,GX,TH,Blue,Lot,Renekton,Ashe,TOP,1,7.0,1.0,False,Loss
2914461,2,GX,TH,TH,GX,Red,Tracyn,Gnar,Xin Zhao,TOP,2,8.0,1.0,True,Win
2914461,2,GX,TH,TH,GX,Red,Sheo,XinZhao,Yunara,JGL,3,9.0,1.0,True,Win
2914461,2,GX,TH,GX,TH,Blue,ISMA,JarvanIV,Jarvan IV,JGL,4,10.0,1.0,False,Loss
2914461,2,GX,TH,GX,TH,Blue,Jackies,Annie,Seraphine,MID,5,11.0,1.0,False,Loss
2914461,2,GX,TH,TH,GX,Red,Serin,Ahri,Lulu,MID,6,12.0,1.0,True,Win
2914461,2,GX,TH,TH,GX,Red,Ice,Yunara,Ahri,BOT,7,17.0,2.0,True,Win
2914461,2,GX,TH,GX,TH,Blue,Noah,Ashe,Renekton,BOT,8,18.0,2.0,False,Loss
2914461,2,GX,TH,GX,TH,Blue,Jun,Seraphine,Annie,SUP,9,19.0,2.0,False,Loss
2914461,2,GX,TH,TH,GX,Red,Way,Lulu,Gnar,SUP,10,20.0,2.0,True,Win
2914461,3,GX,TH,GX,TH,Blue,Lot,Jax,Bard,TOP,1,7.0,1.0,True,Win
2914461,3,GX,TH,TH,GX,Red,Tracyn,Sion,Nami,TOP,2,8.0,1.0,False,Loss
2914461,3,GX,TH,TH,GX,Red,Sheo,Pantheon,Ezreal,JGL,3,9.0,1.0,False,Loss
2914461,3,GX,TH,GX,TH,Blue,ISMA,Sejuani,Kai'Sa,JGL,4,10.0,1.0,True,Win
2914461,3,GX,TH,GX,TH,Blue,Jackies,Tristana,Sejuani,MID,5,11.0,1.0,True,Win
2914461,3,GX,TH,TH,GX,Red,Serin,Azir,Azir,MID,6,12.0,1.0,False,Loss
2914461,3,GX,TH,TH,GX,Red,Ice,Ezreal,Pantheon,BOT,7,17.0,2.0,False,Loss
2914461,3,GX,TH,GX,TH,Blue,Noah,Kaisa,Jax,BOT,8,18.0,2.0,True,Win
2914461,3,GX,TH,GX,TH,Blue,Jun,Bard,Tristana,SUP,9,19.0,2.0,True,Win
2914461,3,GX,TH,TH,GX,Red,Way,Nami,Sion,SUP,10,20.0,2.0,False,Loss
2914462,1,MKOI,VIT,VIT,MKOI,Red,Naak Nako,Renekton,Orianna,TOP,1,7.0,1.0,True,Win
2914462,1,MKOI,VIT,MKOI,VIT,Blue,Myrwn,KSante,Yunara,TOP,2,8.0,1.0,False,Loss
2914462,1,MKOI,VIT,MKOI,VIT,Blue,Elyoya,XinZhao,Lulu,JGL,3,9.0,1.0,False,Loss
2914462,1,MKOI,VIT,VIT,MKOI,Red,Lyncas,Pantheon,Corki,JGL,4,10.0,1.0,True,Win
2914462,1,MKOI,VIT,VIT,MKOI,Red,Humanoid,Orianna,Nami,MID,5,11.0,1.0,True,Win
2914462,1,MKOI,VIT,MKOI,VIT,Blue,Jojopyun,Azir,Azir,MID,6,12.0,1.0,False,Loss
2914462,1,MKOI,VIT,MKOI,VIT,Blue,Supa,Yunara,Xin Zhao,BOT,7,17.0,2.0,False,Loss
2914462,1,MKOI,VIT,VIT,MKOI,Red,Carzzy,Corki,Renekton,BOT,8,18.0,2.0,True,Win
2914462,1,MKOI,VIT,VIT,MKOI,Red,Fleshy,Nami,Pantheon,SUP,9,19.0,2.0,True,Win
2914462,1,MKOI,VIT,MKOI,VIT,Blue,Alvaro,Lulu,K'Sante,SUP,10,20.0,2.0,False,Loss
2914462,2,VIT,MKOI,MKOI,VIT,Red,Myrwn,Ambessa,Vi,TOP,1,7.0,1.0,True,Win
2914462,2,VIT,MKOI,VIT,MKOI,Blue,Naak Nako,Gnar,Wukong,TOP,2,8.0,1.0,False,Loss
2914462,2,VIT,MKOI,VIT,MKOI,Blue,Lyncas,MonkeyKing,Karma,JGL,3,9.0,1.0,False,Loss
2914462,2,VIT,MKOI,MKOI,VIT,Red,Elyoya,Vi,Ashe,JGL,4,10.0,1.0,True,Win
2914462,2,VIT,MKOI,MKOI,VIT,Red,Jojopyun,Viktor,Seraphine,MID,5,11.0,1.0,True,Win
2914462,2,VIT,MKOI,VIT,MKOI,Blue,Humanoid,Sylas,Ezreal,MID,6,12.0,1.0,False,Loss
2914462,2,VIT,MKOI,VIT,MKOI,Blue,Carzzy,Ezreal,Gnar,BOT,7,17.0,2.0,False,Loss
2914462,2,VIT,MKOI,MKOI,VIT,Red,Supa,Ashe,Ambessa,BOT,8,18.0,2.0,True,Win
2914462,2,VIT,MKOI,MKOI,VIT,Red,Alvaro,Seraphine,Viktor,SUP,9,19.0,2.0,True,Win
2914462,2,VIT,MKOI,VIT,MKOI,Blue,Fleshy,Karma,Sylas,SUP,10,20.0,2.0,False,Loss
2914462,3,MKOI,VIT,MKOI,VIT,Blue,Myrwn,Rumble,Jarvan IV,TOP,1,7.0,1.0,False,Loss
2914462,3,MKOI,VIT,VIT,MKOI,Red,Naak Nako,Ornn,Caitlyn,TOP,2,8.0,1.0,True,Win
2914462,3,MKOI,VIT,VIT,MKOI,Red,Lyncas,Aatrox,Aatrox,JGL,3,9.0,1.0,True,Win
2914462,3,MKOI,VIT,MKOI,VIT,Blue,Elyoya,JarvanIV,Rumble,JGL,4,10.0,1.0,False,Loss
2914462,3,MKOI,VIT,MKOI,VIT,Blue,Jojopyun,Mel,Varus,MID,5,11.0,1.0,False,Loss
2914462,3,MKOI,VIT,VIT,MKOI,Red,Humanoid,Hwei,Ornn,MID,6,12.0,1.0,True,Win
2914462,3,MKOI,VIT,VIT,MKOI,Red,Carzzy,Caitlyn,Alistar,BOT,7,17.0,2.0,True,Win
2914462,3,MKOI,VIT,MKOI,VIT,Blue,Supa,Varus,Braum,BOT,8,18.0,2.0,False,Loss
2914462,3,MKOI,VIT,MKOI,VIT,Blue,Alvaro,Braum,Mel,SUP,9,19.0,2.0,False,Loss
2914462,3,MKOI,VIT,VIT,MKOI,Red,Fleshy,Alistar,Hwei,SUP,10,20.0,2.0,True,Win
2914463,1,NAVI,TH,NAVI,TH,Blue,Maynter,Ambessa,Pantheon,TOP,1,7.0,1.0,True,Win
2914463,1,NAVI,TH,TH,NAVI,Red,Tracyn,KSante,Ashe,TOP,2,8.0,1.0,False,Loss
2914463,1,NAVI,TH,TH,NAVI,Red,Sheo,XinZhao,Seraphine,JGL,3,9.0,1.0,False,Loss
2914463,1,NAVI,TH,NAVI,TH,Blue,Rhilech,Pantheon,Caitlyn,JGL,4,10.0,1.0,True,Win
2914463,1,NAVI,TH,NAVI,TH,Blue,Poby,Aurora,Bard,MID,5,11.0,1.0,True,Win
2914463,1,NAVI,TH,TH,NAVI,Red,Serin,Leblanc,Xin Zhao,MID,6,12.0,1.0,False,Loss
2914463,1,NAVI,TH,TH,NAVI,Red,Ice,Ashe,K'Sante,BOT,7,17.0,2.0,False,Loss
2914463,1,NAVI,TH,NAVI,TH,Blue,SamD,Caitlyn,Ambessa,BOT,8,18.0,2.0,True,Win
2914463,1,NAVI,TH,NAVI,TH,Blue,Parus,Bard,Aurora,SUP,9,19.0,2.0,True,Win
2914463,1,NAVI,TH,TH,NAVI,Red,Way,Seraphine,LeBlanc,SUP,10,20.0,2.0,False,Loss
2914463,2,NAVI,TH,TH,NAVI,Red,Tracyn,Rumble,Rumble,TOP,1,7.0,1.0,False,Loss
2914463,2,NAVI,TH,NAVI,TH,Blue,Maynter,Sion,Yunara,TOP,2,8.0,1.0,True,Win
2914463,2,NAVI,TH,NAVI,TH,Blue,Rhilech,Aatrox,Lulu,JGL,3,9.0,1.0,True,Win
2914463,2,NAVI,TH,TH,NAVI,Red,Sheo,MonkeyKing,Xayah,JGL,4,10.0,1.0,False,Loss
2914463,2,NAVI,TH,TH,NAVI,Red,Serin,Annie,Rakan,MID,5,11.0,1.0,False,Loss
2914463,2,NAVI,TH,NAVI,TH,Blue,Poby,Ahri,Sion,MID,6,12.0,1.0,True,Win
2914463,2,NAVI,TH,NAVI,TH,Blue,SamD,Yunara,Ahri,BOT,7,17.0,2.0,True,Win
2914463,2,NAVI,TH,TH,NAVI,Red,Ice,Xayah,Annie,BOT,8,18.0,2.0,False,Loss
2914463,2,NAVI,TH,TH,NAVI,Red,Way,Rakan,Wukong,SUP,9,19.0,2.0,False,Loss
2914463,2,NAVI,TH,NAVI,TH,Blue,Parus,Lulu,Aatrox,SUP,10,20.0,2.0,True,Win
2914464,1,VIT,G2,G2,VIT,Red,BrokenBlade,Rumble,Rumble,TOP,1,7.0,1.0,False,Loss
2914464,1,VIT,G2,VIT,G2,Blue,Naak Nako,Aurora,Jarvan IV,TOP,2,8.0,1.0,True,Win
2914464,1,VIT,G2,VIT,G2,Blue,Lyncas,JarvanIV,Bard,JGL,3,9.0,1.0,True,Win
2914464,1,VIT,G2,G2,VIT,Red,SkewMond,Vi,Yunara,JGL,4,10.0,1.0,False,Loss
2914464,1,VIT,G2,G2,VIT,Red,Caps,Ahri,Lulu,MID,5,11.0,1.0,False,Loss
2914464,1,VIT,G2,VIT,G2,Blue,Humanoid,Lissandra,Caitlyn,MID,6,12.0,1.0,True,Win
2914464,1,VIT,G2,VIT,G2,Blue,Carzzy,Caitlyn,Aurora,BOT,7,17.0,2.0,True,Win
2914464,1,VIT,G2,G2,VIT,Red,Hans Sama,Yunara,Ahri,BOT,8,18.0,2.0,False,Loss
2914464,1,VIT,G2,G2,VIT,Red,Labrov,Lulu,Vi,SUP,9,19.0,2.0,False,Loss
2914464,1,VIT,G2,VIT,G2,Blue,Fleshy,Bard,Lissandra,SUP,10,20.0,2.0,True,Win
2914464,2,VIT,G2,VIT,G2,Blue,Naak Nako,Gnar,Azir,TOP,1,7.0,1.0,False,Loss
2914464,2,VIT,G2,G2,VIT,Red,BrokenBlade,Yasuo,Seraphine,TOP,2,8.0,1.0,True,Win
2914464,2,VIT,G2,G2,VIT,Red,SkewMond,XinZhao,Ashe,JGL,3,9.0,1.0,True,Win
2914464,2,VIT,G2,VIT,G2,Blue,Lyncas,Pantheon,Pantheon,JGL,4,10.0,1.0,False,Loss
2914464,2,VIT,G2,VIT,G2,Blue,Humanoid,Azir,Gnar,MID,5,11.0,1.0,False,Loss
2914464,2,VIT,G2,G2,VIT,Red,Caps,Leblanc,Xin Zhao,MID,6,12.0,1.0,True,Win
2914464,2,VIT,G2,G2,VIT,Red,Hans Sama,Ashe,Yasuo,BOT,7,17.0,2.0,True,Win
2914464,2,VIT,G2,VIT,G2,Blue,Carzzy,Ziggs,Ziggs,BOT,8,18.0,2.0,False,Loss
2914464,2,VIT,G2,VIT,G2,Blue,Fleshy,Rell,Rell,SUP,9,19.0,2.0,False,Loss
2914464,2,VIT,G2,G2,VIT,Red,Labrov,Seraphine,LeBlanc,SUP,10,20.0,2.0,True,Win
2914464,3,G2,VIT,VIT,G2,Red,Naak Nako,Aatrox,Nami,TOP,1,7.0,1.0,True,Win
2914464,3,G2,VIT,G2,VIT,Blue,BrokenBlade,Sion,Lucian,TOP,2,8.0,1.0,False,Loss
2914464,3,G2,VIT,G2,VIT,Blue,SkewMond,Olaf,Milio,JGL,3,9.0,1.0,False,Loss
2914464,3,G2,VIT,VIT,G2,Red,Lyncas,DrMundo,Ezreal,JGL,4,10.0,1.0,True,Win
2914464,3,G2,VIT,VIT,G2,Red,Humanoid,Syndra,Syndra,MID,5,11.0,1.0,True,Win
2914464,3,G2,VIT,G2,VIT,Blue,Caps,Zoe,Sion,MID,6,12.0,1.0,False,Loss
2914464,3,G2,VIT,G2,VIT,Blue,Hans Sama,Lucian,Zoe,BOT,7,17.0,2.0,False,Loss
2914464,3,G2,VIT,VIT,G2,Red,Carzzy,Ezreal,Dr. Mundo,BOT,8,18.0,2.0,True,Win
2914464,3,G2,VIT,VIT,G2,Red,Fleshy,Nami,Aatrox,SUP,9,19.0,2.0,True,Win
2914464,3,G2,VIT,G2,VIT,Blue,Labrov,Milio,Olaf,SUP,10,20.0,2.0,False,Loss
2914465,1,SK,MKOI,MKOI,SK,Red,Myrwn,Rumble,Ryze,TOP,1,7.0,1.0,True,Win
2914465,1,SK,MKOI,SK,MKOI,Blue,Wunder,Anivia,Seraphine,TOP,2,8.0,1.0,False,Loss
2914465,1,SK,MKOI,SK,MKOI,Blue,Skeanz,Pantheon,Pantheon,JGL,3,9.0,1.0,False,Loss
2914465,1,SK,MKOI,MKOI,SK,Red,Elyoya,MonkeyKing,Ezreal,JGL,4,10.0,1.0,True,Win
2914465,1,SK,MKOI,MKOI,SK,Red,Jojopyun,Ryze,Karma,MID,5,11.0,1.0,True,Win
2914465,1,SK,MKOI,SK,MKOI,Blue,LIDER,Irelia,Irelia,MID,6,12.0,1.0,False,Loss
2914465,1,SK,MKOI,SK,MKOI,Blue,Jopa,Seraphine,Nautilus,BOT,7,17.0,2.0,False,Loss
2914465,1,SK,MKOI,MKOI,SK,Red,Supa,Ezreal,Wukong,BOT,8,18.0,2.0,True,Win
2914465,1,SK,MKOI,MKOI,SK,Red,Alvaro,Karma,Rumble,SUP,9,19.0,2.0,True,Win
2914465,1,SK,MKOI,SK,MKOI,Blue,Mikyx,Nautilus,Anivia,SUP,10,20.0,2.0,False,Loss
2914465,2,MKOI,SK,MKOI,SK,Blue,Myrwn,Renekton,Xin Zhao,TOP,1,7.0,1.0,True,Win
2914465,2,MKOI,SK,SK,MKOI,Red,Wunder,Gnar,Nami,TOP,2,8.0,1.0,False,Loss
2914465,2,MKOI,SK,SK,MKOI,Red,Skeanz,JarvanIV,Corki,JGL,3,9.0,1.0,False,Loss
2914465,2,MKOI,SK,MKOI,SK,Blue,Elyoya,XinZhao,Sivir,JGL,4,10.0,1.0,True,Win
2914465,2,MKOI,SK,MKOI,SK,Blue,Jojopyun,Viktor,Lulu,MID,5,11.0,1.0,True,Win
2914465,2,MKOI,SK,SK,MKOI,Red,LIDER,Sylas,Jarvan IV,MID,6,12.0,1.0,False,Loss
2914465,2,MKOI,SK,SK,MKOI,Red,Jopa,Corki,Gnar,BOT,7,17.0,2.0,False,Loss
2914465,2,MKOI,SK,MKOI,SK,Blue,Supa,Sivir,Renekton,BOT,8,18.0,2.0,True,Win
2914465,2,MKOI,SK,MKOI,SK,Blue,Alvaro,Lulu,Viktor,SUP,9,19.0,2.0,True,Win
2914465,2,MKOI,SK,SK,MKOI,Red,Mikyx,Nami,Sylas,SUP,10,20.0,2.0,False,Loss
2914466,1,VIT,SHFT,VIT,SHFT,Blue,Naak Nako,Rumble,Azir,TOP,1,7.0,1.0,False,Loss
2914466,1,VIT,SHFT,SHFT,VIT,Red,Rooster,Jayce,Ezreal,TOP,2,8.0,1.0,True,Win
2914466,1,VIT,SHFT,SHFT,VIT,Red,Boukada,JarvanIV,Jarvan IV,JGL,3,9.0,1.0,True,Win
2914466,1,VIT,SHFT,VIT,SHFT,Blue,Lyncas,XinZhao,Corki,JGL,4,10.0,1.0,False,Loss
2914466,1,VIT,SHFT,VIT,SHFT,Blue,Humanoid,Azir,Nami,MID,5,11.0,1.0,False,Loss
2914466,1,VIT,SHFT,SHFT,VIT,Red,nuc,Taliyah,Karma,MID,6,12.0,1.0,True,Win
2914466,1,VIT,SHFT,SHFT,VIT,Red,Paduck,Ezreal,Taliyah,BOT,7,17.0,2.0,True,Win
2914466,1,VIT,SHFT,VIT,SHFT,Blue,Carzzy,Corki,Xin Zhao,BOT,8,18.0,2.0,False,Loss
2914466,1,VIT,SHFT,VIT,SHFT,Blue,Fleshy,Nami,Rumble,SUP,9,19.0,2.0,False,Loss
2914466,1,VIT,SHFT,SHFT,VIT,Red,Trymbi,Karma,Jayce,SUP,10,20.0,2.0,True,Win
2914466,2,VIT,SHFT,SHFT,VIT,Red,Rooster,Renekton,Bard,TOP,1,7.0,1.0,False,Loss
2914466,2,VIT,SHFT,VIT,SHFT,Blue,Naak Nako,Gnar,Yunara,TOP,2,8.0,1.0,True,Win
2914466,2,VIT,SHFT,VIT,SHFT,Blue,Lyncas,MonkeyKing,Wukong,JGL,3,9.0,1.0,True,Win
2914466,2,VIT,SHFT,SHFT,VIT,Red,Boukada,Vi,Vi,JGL,4,10.0,1.0,False,Loss
2914466,2,VIT,SHFT,SHFT,VIT,Red,nuc,Aurora,Aurora,MID,5,11.0,1.0,False,Loss
2914466,2,VIT,SHFT,VIT,SHFT,Blue,Humanoid,Akali,Lulu,MID,6,12.0,1.0,True,Win
2914466,2,VIT,SHFT,VIT,SHFT,Blue,Carzzy,Yunara,Akali,BOT,7,17.0,2.0,True,Win
2914466,2,VIT,SHFT,SHFT,VIT,Red,Paduck,Kaisa,Renekton,BOT,8,18.0,2.0,False,Loss
2914466,2,VIT,SHFT,SHFT,VIT,Red,Trymbi,Bard,Kai'Sa,SUP,9,19.0,2.0,False,Loss
2914466,2,VIT,SHFT,VIT,SHFT,Blue,Fleshy,Lulu,Gnar,SUP,10,20.0,2.0,True,Win
2914466,3,VIT,SHFT,VIT,SHFT,Blue,Naak Nako,Camille,Varus,TOP,1,7.0,1.0,True,Win
2914466,3,VIT,SHFT,SHFT,VIT,Red,Rooster,Zaahen,Ambessa,TOP,2,8.0,1.0,False,Loss
2914466,3,VIT,SHFT,SHFT,VIT,Red,Boukada,Ambessa,Neeko,JGL,3,9.0,1.0,False,Loss
2914466,3,VIT,SHFT,VIT,SHFT,Blue,Lyncas,Aatrox,Nautilus,JGL,4,10.0,1.0,True,Win
2914466,3,VIT,SHFT,VIT,SHFT,Blue,Humanoid,Galio,Aatrox,MID,5,11.0,1.0,True,Win
2914466,3,VIT,SHFT,SHFT,VIT,Red,nuc,Viktor,Mel,MID,6,12.0,1.0,False,Loss
2914466,3,VIT,SHFT,SHFT,VIT,Red,Paduck,Mel,Viktor,BOT,7,17.0,2.0,False,Loss
2914466,3,VIT,SHFT,VIT,SHFT,Blue,Carzzy,Varus,Galio,BOT,8,18.0,2.0,True,Win
2914466,3,VIT,SHFT,VIT,SHFT,Blue,Fleshy,Nautilus,Camille,SUP,9,19.0,2.0,True,Win
2914466,3,VIT,SHFT,SHFT,VIT,Red,Trymbi,Neeko,Zaahen,SUP,10,20.0,2.0,False,Loss
2914467,1,TH,KC,KC,TH,Red,Canna,Gnar,Ashe,TOP,1,7.0,1.0,True,Win
2914467,1,TH,KC,TH,KC,Blue,Tracyn,Ambessa,Vi,TOP,2,8.0,1.0,False,Loss
2914467,1,TH,KC,TH,KC,Blue,Sheo,Vi,Bard,JGL,3,9.0,1.0,False,Loss
2914467,1,TH,KC,KC,TH,Red,Yike,XinZhao,Seraphine,JGL,4,10.0,1.0,True,Win
2914467,1,TH,KC,KC,TH,Red,kyeahoo,Ahri,Xin Zhao,MID,5,11.0,1.0,True,Win
2914467,1,TH,KC,TH,KC,Blue,Serin,Galio,Ambessa,MID,6,12.0,1.0,False,Loss
2914467,1,TH,KC,TH,KC,Blue,Ice,Ziggs,Galio,BOT,7,17.0,2.0,False,Loss
2914467,1,TH,KC,KC,TH,Red,Caliste,Ashe,Ahri,BOT,8,18.0,2.0,True,Win
2914467,1,TH,KC,KC,TH,Red,Busio,Seraphine,Gnar,SUP,9,19.0,2.0,True,Win
2914467,1,TH,KC,TH,KC,Blue,Way,Bard,Ziggs,SUP,10,20.0,2.0,False,Loss
2914467,2,TH,KC,TH,KC,Blue,Tracyn,Sion,Yunara,TOP,1,7.0,1.0,False,Loss
2914467,2,TH,KC,KC,TH,Red,Canna,Renekton,Nami,TOP,2,8.0,1.0,True,Win
2914467,2,TH,KC,KC,TH,Red,Yike,Pantheon,Pantheon,JGL,3,9.0,1.0,True,Win
2914467,2,TH,KC,TH,KC,Blue,Sheo,LeeSin,Lulu,JGL,4,10.0,1.0,False,Loss
2914467,2,TH,KC,TH,KC,Blue,Serin,Ryze,Ryze,MID,5,11.0,1.0,False,Loss
2914467,2,TH,KC,KC,TH,Red,kyeahoo,Annie,Corki,MID,6,12.0,1.0,True,Win
2914467,2,TH,KC,KC,TH,Red,Caliste,Corki,Annie,BOT,7,17.0,2.0,True,Win
2914467,2,TH,KC,TH,KC,Blue,Ice,Yunara,Sion,BOT,8,18.0,2.0,False,Loss
2914467,2,TH,KC,TH,KC,Blue,Way,Lulu,Lee Sin,SUP,9,19.0,2.0,False,Loss
2914467,2,TH,KC,KC,TH,Red,Busio,Nami,Renekton,SUP,10,20.0,2.0,True,Win
2914468,1,SK,FNC,FNC,SK,Red,Empyros,KSante,Karma,TOP,1,7.0,1.0,False,Loss
2914468,1,SK,FNC,SK,FNC,Blue,Wunder,TwistedFate,Ezreal,TOP,2,8.0,1.0,True,Win
2914468,1,SK,FNC,SK,FNC,Blue,Skeanz,XinZhao,Xin Zhao,JGL,3,9.0,1.0,True,Win
2914468,1,SK,FNC,FNC,SK,Red,Razork,Pantheon,Pantheon,JGL,4,10.0,1.0,False,Loss
2914468,1,SK,FNC,FNC,SK,Red,Vladi,Ahri,Caitlyn,MID,5,11.0,1.0,False,Loss
2914468,1,SK,FNC,SK,FNC,Blue,LIDER,Viktor,Viktor,MID,6,12.0,1.0,True,Win
2914468,1,SK,FNC,SK,FNC,Blue,Jopa,Ezreal,Nami,BOT,7,17.0,2.0,True,Win
2914468,1,SK,FNC,FNC,SK,Red,Upset,Caitlyn,Ahri,BOT,8,18.0,2.0,False,Loss
2914468,1,SK,FNC,FNC,SK,Red,Lospa,Karma,K'Sante,SUP,9,19.0,2.0,False,Loss
2914468,1,SK,FNC,SK,FNC,Blue,Mikyx,Nami,Twisted Fate,SUP,10,20.0,2.0,True,Win
2914468,2,SK,FNC,FNC,SK,Red,Empyros,Sion,Lulu,TOP,1,7.0,1.0,False,Loss
2914468,2,SK,FNC,SK,FNC,Blue,Wunder,Rumble,Neeko,TOP,2,8.0,1.0,True,Win
2914468,2,SK,FNC,SK,FNC,Blue,Skeanz,Vi,Vi,JGL,3,9.0,1.0,True,Win
2914468,2,SK,FNC,FNC,SK,Red,Razork,Nocturne,Yunara,JGL,4,10.0,1.0,False,Loss
2914468,2,SK,FNC,FNC,SK,Red,Vladi,Aurora,Aurora,MID,5,11.0,1.0,False,Loss
2914468,2,SK,FNC,SK,FNC,Blue,LIDER,Zed,Rumble,MID,6,12.0,1.0,True,Win
2914468,2,SK,FNC,SK,FNC,Blue,Jopa,Jhin,Jhin,BOT,7,17.0,2.0,True,Win
2914468,2,SK,FNC,FNC,SK,Red,Upset,Yunara,Sion,BOT,8,18.0,2.0,False,Loss
2914468,2,SK,FNC,FNC,SK,Red,Lospa,Lulu,Nocturne,SUP,9,19.0,2.0,False,Loss
2914468,2,SK,FNC,SK,FNC,Blue,Mikyx,Neeko,Zed,SUP,10,20.0,2.0,True,Win
2914469,1,GX,SHFT,SHFT,GX,Red,Rooster,Jayce,Jarvan IV,TOP,1,7.0,1.0,False,Loss
2914469,1,GX,SHFT,GX,SHFT,Blue,Lot,KSante,Ezreal,TOP,2,8.0,1.0,True,Win
2914469,1,GX,SHFT,GX,SHFT,Blue,ISMA,MonkeyKing,Bard,JGL,3,9.0,1.0,True,Win
2914469,1,GX,SHFT,SHFT,GX,Red,Boukada,JarvanIV,Yunara,JGL,4,10.0,1.0,False,Loss
2914469,1,GX,SHFT,SHFT,GX,Red,nuc,Ahri,Lulu,MID,5,11.0,1.0,False,Loss
2914469,1,GX,SHFT,GX,SHFT,Blue,Jackies,Aurora,Wukong,MID,6,12.0,1.0,True,Win
2914469,1,GX,SHFT,GX,SHFT,Blue,Noah,Ezreal,Aurora,BOT,7,17.0,2.0,True,Win
2914469,1,GX,SHFT,SHFT,GX,Red,Paduck,Yunara,Jayce,BOT,8,18.0,2.0,False,Loss
2914469,1,GX,SHFT,SHFT,GX,Red,Trymbi,Lulu,Ahri,SUP,9,19.0,2.0,False,Loss
2914469,1,GX,SHFT,GX,SHFT,Blue,Jun,Bard,K'Sante,SUP,10,20.0,2.0,True,Win
2914469,2,SHFT,GX,GX,SHFT,Red,Lot,Renekton,Ryze,TOP,1,7.0,1.0,True,Win
2914469,2,SHFT,GX,SHFT,GX,Blue,Rooster,Vayne,Varus,TOP,2,8.0,1.0,False,Loss
2914469,2,SHFT,GX,SHFT,GX,Blue,Boukada,DrMundo,Azir,JGL,3,9.0,1.0,False,Loss
2914469,2,SHFT,GX,GX,SHFT,Red,ISMA,Nocturne,Jhin,JGL,4,10.0,1.0,True,Win
2914469,2,SHFT,GX,GX,SHFT,Red,Jackies,Ryze,Nocturne,MID,5,11.0,1.0,True,Win
2914469,2,SHFT,GX,SHFT,GX,Blue,nuc,Azir,Karma,MID,6,12.0,1.0,False,Loss
2914469,2,SHFT,GX,SHFT,GX,Blue,Paduck,Varus,Dr. Mundo,BOT,7,17.0,2.0,False,Loss
2914469,2,SHFT,GX,GX,SHFT,Red,Noah,Jhin,Renekton,BOT,8,18.0,2.0,True,Win
2914469,2,SHFT,GX,GX,SHFT,Red,Jun,Rakan,Rakan,SUP,9,19.0,2.0,True,Win
2914469,2,SHFT,GX,SHFT,GX,Blue,Trymbi,Karma,Vayne,SUP,10,20.0,2.0,False,Loss
2914470,1,NAVI,GX,NAVI,GX,Blue,Maynter,Ambessa,Ezreal,TOP,1,7.0,1.0,False,Loss
2914470,1,NAVI,GX,GX,NAVI,Red,Lot,Jax,Kai'Sa,TOP,2,8.0,1.0,True,Win
2914470,1,NAVI,GX,GX,NAVI,Red,ISMA,Vi,Vi,JGL,3,9.0,1.0,True,Win
2914470,1,NAVI,GX,NAVI,GX,Blue,Rhilech,Pantheon,Pantheon,JGL,4,10.0,1.0,False,Loss
2914470,1,NAVI,GX,NAVI,GX,Blue,Poby,Galio,Nami,MID,5,11.0,1.0,False,Loss
2914470,1,NAVI,GX,GX,NAVI,Red,Jackies,Leblanc,Neeko,MID,6,12.0,1.0,True,Win
2914470,1,NAVI,GX,GX,NAVI,Red,Noah,Kaisa,LeBlanc,BOT,7,17.0,2.0,True,Win
2914470,1,NAVI,GX,NAVI,GX,Blue,SamD,Ezreal,Ambessa,BOT,8,18.0,2.0,False,Loss
2914470,1,NAVI,GX,NAVI,GX,Blue,Parus,Nami,Galio,SUP,9,19.0,2.0,False,Loss
2914470,1,NAVI,GX,GX,NAVI,Red,Jun,Neeko,Jax,SUP,10,20.0,2.0,True,Win
2914470,2,NAVI,GX,NAVI,GX,Blue,Maynter,Renekton,Ashe,TOP,1,7.0,1.0,True,Win
2914470,2,NAVI,GX,GX,NAVI,Red,Lot,Varus,Seraphine,TOP,2,8.0,1.0,False,Loss
2914470,2,NAVI,GX,GX,NAVI,Red,ISMA,Nocturne,Nocturne,JGL,3,9.0,1.0,False,Loss
2914470,2,NAVI,GX,NAVI,GX,Blue,Rhilech,Zaahen,Lulu,JGL,4,10.0,1.0,True,Win
2914470,2,NAVI,GX,NAVI,GX,Blue,Poby,Aurora,Aurora,MID,5,11.0,1.0,True,Win
2914470,2,NAVI,GX,GX,NAVI,Red,Jackies,Ahri,Ahri,MID,6,12.0,1.0,False,Loss
2914470,2,NAVI,GX,GX,NAVI,Red,Noah,Jhin,Jhin,BOT,7,17.0,2.0,False,Loss
2914470,2,NAVI,GX,NAVI,GX,Blue,SamD,Ashe,Zaahen,BOT,8,18.0,2.0,True,Win
2914470,2,NAVI,GX,NAVI,GX,Blue,Parus,Lulu,Renekton,SUP,9,19.0,2.0,True,Win
2914470,2,NAVI,GX,GX,NAVI,Red,Jun,Seraphine,Varus,SUP,10,20.0,2.0,False,Loss
2914470,3,NAVI,GX,GX,NAVI,Red,Lot,Jayce,Xin Zhao,TOP,1,7.0,1.0,False,Loss
2914470,3,NAVI,GX,NAVI,GX,Blue,Maynter,Gnar,Milio,TOP,2,8.0,1.0,True,Win
2914470,3,NAVI,GX,NAVI,GX,Blue,Rhilech,Skarner,Lucian,JGL,3,9.0,1.0,True,Win
2914470,3,NAVI,GX,GX,NAVI,Red,ISMA,XinZhao,Bard,JGL,4,10.0,1.0,False,Loss
2914470,3,NAVI,GX,GX,NAVI,Red,Jackies,Sylas,Yunara,MID,5,11.0,1.0,False,Loss
2914470,3,NAVI,GX,NAVI,GX,Blue,Poby,Viktor,Gnar,MID,6,12.0,1.0,True,Win
2914470,3,NAVI,GX,NAVI,GX,Blue,SamD,Lucian,Viktor,BOT,7,17.0,2.0,True,Win
2914470,3,NAVI,GX,GX,NAVI,Red,Noah,Yunara,Sylas,BOT,8,18.0,2.0,False,Loss
2914470,3,NAVI,GX,GX,NAVI,Red,Jun,Bard,Jayce,SUP,9,19.0,2.0,False,Loss
2914470,3,NAVI,GX,NAVI,GX,Blue,Parus,Milio,Skarner,SUP,10,20.0,2.0,True,Win
2914471,1,SK,G2,SK,G2,Blue,Wunder,Gnar,Ezreal,TOP,1,7.0,1.0,False,Loss
2914471,1,SK,G2,G2,SK,Red,BrokenBlade,Yasuo,Varus,TOP,2,8.0,1.0,True,Win
2914471,1,SK,G2,G2,SK,Red,SkewMond,Pantheon,Pantheon,JGL,3,9.0,1.0,True,Win
2914471,1,SK,G2,SK,G2,Blue,Skeanz,Nocturne,Nocturne,JGL,4,10.0,1.0,False,Loss
2914471,1,SK,G2,SK,G2,Blue,LIDER,Aurora,Gnar,MID,5,11.0,1.0,False,Loss
2914471,1,SK,G2,G2,SK,Red,Caps,Ahri,Yasuo,MID,6,12.0,1.0,True,Win
2914471,1,SK,G2,G2,SK,Red,Hans Sama,Varus,Alistar,BOT,7,17.0,2.0,True,Win
2914471,1,SK,G2,SK,G2,Blue,Jopa,Ezreal,Bard,BOT,8,18.0,2.0,False,Loss
2914471,1,SK,G2,SK,G2,Blue,Mikyx,Bard,Aurora,SUP,9,19.0,2.0,False,Loss
2914471,1,SK,G2,G2,SK,Red,Labrov,Alistar,Ahri,SUP,10,20.0,2.0,True,Win
2914471,2,G2,SK,G2,SK,Blue,BrokenBlade,KSante,Xin Zhao,TOP,1,7.0,1.0,True,Win
2914471,2,G2,SK,SK,G2,Red,Wunder,Jayce,Jarvan IV,TOP,2,8.0,1.0,False,Loss
2914471,2,G2,SK,SK,G2,Red,Skeanz,JarvanIV,Lulu,JGL,3,9.0,1.0,False,Loss
2914471,2,G2,SK,G2,SK,Blue,SkewMond,XinZhao,Corki,JGL,4,10.0,1.0,True,Win
2914471,2,G2,SK,G2,SK,Blue,Caps,Leblanc,Nami,MID,5,11.0,1.0,True,Win
2914471,2,G2,SK,SK,G2,Red,LIDER,Lissandra,Yunara,MID,6,12.0,1.0,False,Loss
2914471,2,G2,SK,SK,G2,Red,Jopa,Yunara,Jayce,BOT,7,17.0,2.0,False,Loss
2914471,2,G2,SK,G2,SK,Blue,Hans Sama,Corki,LeBlanc,BOT,8,18.0,2.0,True,Win
2914471,2,G2,SK,G2,SK,Blue,Labrov,Nami,K'Sante,SUP,9,19.0,2.0,True,Win
2914471,2,G2,SK,SK,G2,Red,Mikyx,Lulu,Lissandra,SUP,10,20.0,2.0,False,Loss
2914472,1,VIT,GX,GX,VIT,Red,Lot,Renekton,Ryze,TOP,1,7.0,1.0,False,Loss
2914472,1,VIT,GX,VIT,GX,Blue,Naak Nako,Quinn,Caitlyn,TOP,2,8.0,1.0,True,Win
2914472,1,VIT,GX,VIT,GX,Blue,Lyncas,JarvanIV,Jarvan IV,JGL,3,9.0,1.0,True,Win
2914472,1,VIT,GX,GX,VIT,Red,ISMA,Nidalee,Varus,JGL,4,10.0,1.0,False,Loss
2914472,1,VIT,GX,GX,VIT,Red,Jackies,Ryze,Bard,MID,5,11.0,1.0,False,Loss
2914472,1,VIT,GX,VIT,GX,Blue,Humanoid,Cassiopeia,Elise,MID,6,12.0,1.0,True,Win
2914472,1,VIT,GX,VIT,GX,Blue,Carzzy,Caitlyn,Cassiopeia,BOT,7,17.0,2.0,True,Win
2914472,1,VIT,GX,GX,VIT,Red,Noah,Varus,Renekton,BOT,8,18.0,2.0,False,Loss
2914472,1,VIT,GX,GX,VIT,Red,Jun,Bard,Nidalee,SUP,9,19.0,2.0,False,Loss
2914472,1,VIT,GX,VIT,GX,Blue,Fleshy,Elise,Quinn,SUP,10,20.0,2.0,True,Win
2914472,2,VIT,GX,VIT,GX,Blue,Naak Nako,Jayce,Ashe,TOP,1,7.0,1.0,True,Win
2914472,2,VIT,GX,GX,VIT,Red,Lot,Rumble,Xin Zhao,TOP,2,8.0,1.0,False,Loss
2914472,2,VIT,GX,GX,VIT,Red,ISMA,XinZhao,Seraphine,JGL,3,9.0,1.0,False,Loss
2914472,2,VIT,GX,VIT,GX,Blue,Lyncas,Aatrox,Lulu,JGL,4,10.0,1.0,True,Win
2914472,2,VIT,GX,VIT,GX,Blue,Humanoid,Syndra,Aatrox,MID,5,11.0,1.0,True,Win
2914472,2,VIT,GX,GX,VIT,Red,Jackies,Aurora,Jhin,MID,6,12.0,1.0,False,Loss
2914472,2,VIT,GX,GX,VIT,Red,Noah,Jhin,Aurora,BOT,7,17.0,2.0,False,Loss
2914472,2,VIT,GX,VIT,GX,Blue,Carzzy,Ashe,Syndra,BOT,8,18.0,2.0,True,Win
2914472,2,VIT,GX,VIT,GX,Blue,Fleshy,Lulu,Jayce,SUP,9,19.0,2.0,True,Win
2914472,2,VIT,GX,GX,VIT,Red,Jun,Seraphine,Rumble,SUP,10,20.0,2.0,False,Loss
2914473,1,MKOI,TH,MKOI,TH,Blue,Myrwn,Rumble,Karma,TOP,1,7.0,1.0,True,Win
2914473,1,MKOI,TH,TH,MKOI,Red,Tracyn,Ambessa,Azir,TOP,2,8.0,1.0,False,Loss
2914473,1,MKOI,TH,TH,MKOI,Red,Daglas,DrMundo,Bard,JGL,3,9.0,1.0,False,Loss
2914473,1,MKOI,TH,MKOI,TH,Blue,Elyoya,Pantheon,Pantheon,JGL,4,10.0,1.0,True,Win
2914473,1,MKOI,TH,MKOI,TH,Blue,Jojopyun,Yone,Caitlyn,MID,5,11.0,1.0,True,Win
2914473,1,MKOI,TH,TH,MKOI,Red,Serin,Azir,Jhin,MID,6,12.0,1.0,False,Loss
2914473,1,MKOI,TH,TH,MKOI,Red,Ice,Jhin,Dr. Mundo,BOT,7,17.0,2.0,False,Loss
2914473,1,MKOI,TH,MKOI,TH,Blue,Supa,Caitlyn,Rumble,BOT,8,18.0,2.0,True,Win
2914473,1,MKOI,TH,MKOI,TH,Blue,Alvaro,Karma,Yone,SUP,9,19.0,2.0,True,Win
2914473,1,MKOI,TH,TH,MKOI,Red,Way,Bard,Ambessa,SUP,10,20.0,2.0,False,Loss
2914473,2,MKOI,TH,MKOI,TH,Blue,Myrwn,Renekton,Jarvan IV,TOP,1,7.0,1.0,True,Win
2914473,2,MKOI,TH,TH,MKOI,Red,Tracyn,Jax,Yunara,TOP,2,8.0,1.0,False,Loss
2914473,2,MKOI,TH,TH,MKOI,Red,Daglas,XinZhao,Xin Zhao,JGL,3,9.0,1.0,False,Loss
2914473,2,MKOI,TH,MKOI,TH,Blue,Elyoya,JarvanIV,Sivir,JGL,4,10.0,1.0,True,Win
2914473,2,MKOI,TH,MKOI,TH,Blue,Jojopyun,TwistedFate,Lulu,MID,5,11.0,1.0,True,Win
2914473,2,MKOI,TH,TH,MKOI,Red,Serin,Akali,Anivia,MID,6,12.0,1.0,False,Loss
2914473,2,MKOI,TH,TH,MKOI,Red,Ice,Yunara,Akali,BOT,7,17.0,2.0,False,Loss
2914473,2,MKOI,TH,MKOI,TH,Blue,Supa,Sivir,Renekton,BOT,8,18.0,2.0,True,Win
2914473,2,MKOI,TH,MKOI,TH,Blue,Alvaro,Lulu,Twisted Fate,SUP,9,19.0,2.0,True,Win
2914473,2,MKOI,TH,TH,MKOI,Red,Way,Anivia,Jax,SUP,10,20.0,2.0,False,Loss
2914474,1,G2,SHFT,G2,SHFT,Blue,BrokenBlade,Gnar,Ryze,TOP,1,7.0,1.0,True,Win
2914474,1,G2,SHFT,SHFT,G2,Red,Rooster,Akali,Ezreal,TOP,2,8.0,1.0,False,Loss
2914474,1,G2,SHFT,SHFT,G2,Red,Boukada,Vi,Karma,JGL,3,9.0,1.0,False,Loss
2914474,1,G2,SHFT,G2,SHFT,Blue,SkewMond,Nocturne,Corki,JGL,4,10.0,1.0,True,Win
2914474,1,G2,SHFT,G2,SHFT,Blue,Caps,Ryze,Nami,MID,5,11.0,1.0,True,Win
2914474,1,G2,SHFT,SHFT,G2,Red,nuc,Anivia,Anivia,MID,6,12.0,1.0,False,Loss
2914474,1,G2,SHFT,SHFT,G2,Red,Paduck,Ezreal,Vi,BOT,7,17.0,2.0,False,Loss
2914474,1,G2,SHFT,G2,SHFT,Blue,Hans Sama,Corki,Gnar,BOT,8,18.0,2.0,True,Win
2914474,1,G2,SHFT,G2,SHFT,Blue,Labrov,Nami,Nocturne,SUP,9,19.0,2.0,True,Win
2914474,1,G2,SHFT,SHFT,G2,Red,Trymbi,Karma,Akali,SUP,10,20.0,2.0,False,Loss
2914474,2,G2,SHFT,G2,SHFT,Blue,BrokenBlade,KSante,Lulu,TOP,1,7.0,1.0,True,Win
2914474,2,G2,SHFT,SHFT,G2,Red,Rooster,Jayce,Pantheon,TOP,2,8.0,1.0,False,Loss
2914474,2,G2,SHFT,SHFT,G2,Red,Boukada,Pantheon,Neeko,JGL,3,9.0,1.0,False,Loss
2914474,2,G2,SHFT,G2,SHFT,Blue,SkewMond,MonkeyKing,Wukong,JGL,4,10.0,1.0,True,Win
2914474,2,G2,SHFT,G2,SHFT,Blue,Caps,Aurora,Yunara,MID,5,11.0,1.0,True,Win
2914474,2,G2,SHFT,SHFT,G2,Red,nuc,Taliyah,Jayce,MID,6,12.0,1.0,False,Loss
2914474,2,G2,SHFT,SHFT,G2,Red,Paduck,Kaisa,Kai'Sa,BOT,7,17.0,2.0,False,Loss
2914474,2,G2,SHFT,G2,SHFT,Blue,Hans Sama,Yunara,Aurora,BOT,8,18.0,2.0,True,Win
2914474,2,G2,SHFT,G2,SHFT,Blue,Labrov,Lulu,K'Sante,SUP,9,19.0,2.0,True,Win
2914474,2,G2,SHFT,SHFT,G2,Red,Trymbi,Neeko,Taliyah,SUP,10,20.0,2.0,False,Loss
2914475,1,SK,KC,KC,SK,Red,Canna,Rumble,Rumble,TOP,1,7.0,1.0,True,Win
2914475,1,SK,KC,SK,KC,Blue,Wunder,Sion,Seraphine,TOP,2,8.0,1.0,False,Loss
2914475,1,SK,KC,SK,KC,Blue,Skeanz,XinZhao,Xin Zhao,JGL,3,9.0,1.0,False,Loss
2914475,1,SK,KC,KC,SK,Red,Yike,Skarner,Caitlyn,JGL,4,10.0,1.0,True,Win
2914475,1,SK,KC,KC,SK,Red,kyeahoo,Azir,Bard,MID,5,11.0,1.0,True,Win
2914475,1,SK,KC,SK,KC,Blue,LIDER,Aurora,Ashe,MID,6,12.0,1.0,False,Loss
2914475,1,SK,KC,SK,KC,Blue,Jopa,Ashe,Aurora,BOT,7,17.0,2.0,False,Loss
2914475,1,SK,KC,KC,SK,Red,Caliste,Caitlyn,Azir,BOT,8,18.0,2.0,True,Win
2914475,1,SK,KC,KC,SK,Red,Busio,Bard,Skarner,SUP,9,19.0,2.0,True,Win
2914475,1,SK,KC,SK,KC,Blue,Mikyx,Seraphine,Sion,SUP,10,20.0,2.0,False,Loss
2914475,2,SK,KC,KC,SK,Red,Canna,Vayne,Nami,TOP,1,7.0,1.0,True,Win
2914475,2,SK,KC,SK,KC,Blue,Wunder,Gnar,Corki,TOP,2,8.0,1.0,False,Loss
2914475,2,SK,KC,SK,KC,Blue,Skeanz,Nocturne,Nocturne,JGL,3,9.0,1.0,False,Loss
2914475,2,SK,KC,KC,SK,Red,Yike,JarvanIV,Jarvan IV,JGL,4,10.0,1.0,True,Win
2914475,2,SK,KC,KC,SK,Red,kyeahoo,Annie,Yunara,MID,5,11.0,1.0,True,Win
2914475,2,SK,KC,SK,KC,Blue,LIDER,Diana,Amumu,MID,6,12.0,1.0,False,Loss
2914475,2,SK,KC,SK,KC,Blue,Jopa,Corki,Gnar,BOT,7,17.0,2.0,False,Loss
2914475,2,SK,KC,KC,SK,Red,Caliste,Yunara,Annie,BOT,8,18.0,2.0,True,Win
2914475,2,SK,KC,KC,SK,Red,Busio,Nami,Vayne,SUP,9,19.0,2.0,True,Win
2914475,2,SK,KC,SK,KC,Blue,Mikyx,Amumu,Diana,SUP,10,20.0,2.0,False,Loss
2919501,1,BRO,HLE,HLE,BRO,Red,Zeus,Jayce,Ryze,TOP,1,7.0,1.0,True,Win
2919501,1,BRO,HLE,BRO,HLE,Blue,Casting,Yorick,Neeko,TOP,2,8.0,1.0,False,Loss
2919501,1,BRO,HLE,BRO,HLE,Blue,GIDEON,JarvanIV,Jarvan IV,JGL,3,9.0,1.0,False,Loss
2919501,1,BRO,HLE,HLE,BRO,Red,Kanavi,Pantheon,Ezreal,JGL,4,10.0,1.0,True,Win
2919501,1,BRO,HLE,HLE,BRO,Red,Zeka,Ryze,Bard,MID,5,11.0,1.0,True,Win
2919501,1,BRO,HLE,BRO,HLE,Blue,Loki,Cassiopeia,Cassiopeia,MID,6,12.0,1.0,False,Loss
2919501,1,BRO,HLE,BRO,HLE,Blue,Teddy,Jhin,Jhin,BOT,7,17.0,2.0,False,Loss
2919501,1,BRO,HLE,HLE,BRO,Red,Gumayusi,Ezreal,Jayce,BOT,8,18.0,2.0,True,Win
2919501,1,BRO,HLE,HLE,BRO,Red,Delight,Bard,Pantheon,SUP,9,19.0,2.0,True,Win
2919501,1,BRO,HLE,BRO,HLE,Blue,Namgung,Neeko,Yorick,SUP,10,20.0,2.0,False,Loss
2919501,2,HLE,BRO,BRO,HLE,Red,Casting,Renekton,Azir,TOP,1,7.0,1.0,False,Loss
2919501,2,HLE,BRO,HLE,BRO,Blue,Zeus,Gnar,Ashe,TOP,2,8.0,1.0,True,Win
2919501,2,HLE,BRO,HLE,BRO,Blue,Kanavi,XinZhao,Xin Zhao,JGL,3,9.0,1.0,True,Win
2919501,2,HLE,BRO,BRO,HLE,Red,GIDEON,Trundle,Trundle,JGL,4,10.0,1.0,False,Loss
2919501,2,HLE,BRO,BRO,HLE,Red,Loki,Azir,Renekton,MID,5,11.0,1.0,False,Loss
2919501,2,HLE,BRO,HLE,BRO,Blue,Zeka,Ziggs,Seraphine,MID,6,12.0,1.0,True,Win
2919501,2,HLE,BRO,HLE,BRO,Blue,Gumayusi,Ashe,Ziggs,BOT,7,17.0,2.0,True,Win
2919501,2,HLE,BRO,BRO,HLE,Red,Teddy,Mel,Mel,BOT,8,18.0,2.0,False,Loss
2919501,2,HLE,BRO,BRO,HLE,Red,Namgung,Pyke,Pyke,SUP,9,19.0,2.0,False,Loss
2919501,2,HLE,BRO,HLE,BRO,Blue,Delight,Seraphine,Gnar,SUP,10,20.0,2.0,True,Win
2919502,1,KT,T1,T1,KT,Red,Doran,Ambessa,Orianna,TOP,1,7.0,1.0,False,Loss
2919502,1,KT,T1,KT,T1,Blue,PerfecT,Jayce,Ryze,TOP,2,8.0,1.0,True,Win
2919502,1,KT,T1,KT,T1,Blue,Cuzz,Pantheon,Pantheon,JGL,3,9.0,1.0,True,Win
2919502,1,KT,T1,T1,KT,Red,Oner,JarvanIV,Jarvan IV,JGL,4,10.0,1.0,False,Loss
2919502,1,KT,T1,T1,KT,Red,Faker,Orianna,Ezreal,MID,5,11.0,1.0,False,Loss
2919502,1,KT,T1,KT,T1,Blue,Bdd,Ryze,Jayce,MID,6,12.0,1.0,True,Win
2919502,1,KT,T1,KT,T1,Blue,Aiming,Ashe,Ashe,BOT,7,17.0,2.0,True,Win
2919502,1,KT,T1,T1,KT,Red,Peyz,Ezreal,Anivia,BOT,8,18.0,2.0,False,Loss
2919502,1,KT,T1,T1,KT,Red,Keria,Anivia,Ambessa,SUP,9,19.0,2.0,False,Loss
2919502,1,KT,T1,KT,T1,Blue,Effort,Seraphine,Seraphine,SUP,10,20.0,2.0,True,Win
2919502,2,KT,T1,T1,KT,Red,Doran,KSante,Vi,TOP,1,7.0,1.0,False,Loss
2919502,2,KT,T1,KT,T1,Blue,PerfecT,Vayne,Yunara,TOP,2,8.0,1.0,True,Win
2919502,2,KT,T1,KT,T1,Blue,Cuzz,Nocturne,Nocturne,JGL,3,9.0,1.0,True,Win
2919502,2,KT,T1,T1,KT,Red,Oner,Vi,Corki,JGL,4,10.0,1.0,False,Loss
2919502,2,KT,T1,T1,KT,Red,Faker,Taliyah,Nami,MID,5,11.0,1.0,False,Loss
2919502,2,KT,T1,KT,T1,Blue,Bdd,Annie,Lulu,MID,6,12.0,1.0,True,Win
2919502,2,KT,T1,KT,T1,Blue,Aiming,Yunara,Annie,BOT,7,17.0,2.0,True,Win
2919502,2,KT,T1,T1,KT,Red,Peyz,Corki,K'Sante,BOT,8,18.0,2.0,False,Loss
2919502,2,KT,T1,T1,KT,Red,Keria,Nami,Taliyah,SUP,9,19.0,2.0,False,Loss
2919502,2,KT,T1,KT,T1,Blue,Effort,Lulu,Vayne,SUP,10,20.0,2.0,True,Win
2919503,1,NS,DK,DK,NS,Red,Siwoo,Renekton,Azir,TOP,1,7.0,1.0,False,Loss
2919503,1,NS,DK,NS,DK,Blue,Kingen,Gnar,Vi,TOP,2,8.0,1.0,True,Win
2919503,1,NS,DK,NS,DK,Blue,Sponge,Vi,Varus,JGL,3,9.0,1.0,True,Win
2919503,1,NS,DK,DK,NS,Red,Lucid,XinZhao,Xin Zhao,JGL,4,10.0,1.0,False,Loss
2919503,1,NS,DK,DK,NS,Red,ShowMaker,Azir,Renekton,MID,5,11.0,1.0,False,Loss
2919503,1,NS,DK,NS,DK,Blue,Scout,Leblanc,Gnar,MID,6,12.0,1.0,True,Win
2919503,1,NS,DK,NS,DK,Blue,Taeyoon,Varus,LeBlanc,BOT,7,17.0,2.0,True,Win
2919503,1,NS,DK,DK,NS,Red,Smash,Sivir,Sivir,BOT,8,18.0,2.0,False,Loss
2919503,1,NS,DK,DK,NS,Red,Career,Alistar,Alistar,SUP,9,19.0,2.0,False,Loss
2919503,1,NS,DK,NS,DK,Blue,Lehends,Anivia,Anivia,SUP,10,20.0,2.0,True,Win
2919503,2,NS,DK,DK,NS,Red,Siwoo,Jayce,Ryze,TOP,1,7.0,1.0,False,Loss
2919503,2,NS,DK,NS,DK,Blue,Kingen,KSante,Jarvan IV,TOP,2,8.0,1.0,True,Win
2919503,2,NS,DK,NS,DK,Blue,Sponge,JarvanIV,Orianna,JGL,3,9.0,1.0,True,Win
2919503,2,NS,DK,DK,NS,Red,Lucid,Ambessa,Ambessa,JGL,4,10.0,1.0,False,Loss
2919503,2,NS,DK,DK,NS,Red,ShowMaker,Ryze,Jayce,MID,5,11.0,1.0,False,Loss
2919503,2,NS,DK,NS,DK,Blue,Scout,Orianna,K'Sante,MID,6,12.0,1.0,True,Win
2919503,2,NS,DK,NS,DK,Blue,Taeyoon,Yunara,Yunara,BOT,7,17.0,2.0,True,Win
2919503,2,NS,DK,DK,NS,Red,Smash,Corki,Corki,BOT,8,18.0,2.0,False,Loss
2919503,2,NS,DK,DK,NS,Red,Career,Leona,Leona,SUP,9,19.0,2.0,False,Loss
2919503,2,NS,DK,NS,DK,Blue,Lehends,Nautilus,Nautilus,SUP,10,20.0,2.0,True,Win
2919504,1,KRX,DNS,KRX,DNS,Blue,Rich,Jayce,Azir,TOP,1,7.0,1.0,False,Loss
2919504,1,KRX,DNS,DNS,KRX,Red,DuDu,Yorick,Ziggs,TOP,2,8.0,1.0,True,Win
2919504,1,KRX,DNS,DNS,KRX,Red,Pyosik,JarvanIV,Jarvan IV,JGL,3,9.0,1.0,True,Win
2919504,1,KRX,DNS,KRX,DNS,Blue,Willer,XinZhao,Xin Zhao,JGL,4,10.0,1.0,False,Loss
2919504,1,KRX,DNS,KRX,DNS,Blue,Ucal,Azir,Jayce,MID,5,11.0,1.0,False,Loss
2919504,1,KRX,DNS,DNS,KRX,Red,Clozer,Yone,Yone,MID,6,12.0,1.0,True,Win
2919504,1,KRX,DNS,DNS,KRX,Red,deokdam,Ziggs,Yorick,BOT,7,17.0,2.0,True,Win
2919504,1,KRX,DNS,KRX,DNS,Blue,Jiwoo,Yunara,Yunara,BOT,8,18.0,2.0,False,Loss
2919504,1,KRX,DNS,KRX,DNS,Blue,Andil,Nautilus,Nautilus,SUP,9,19.0,2.0,False,Loss
2919504,1,KRX,DNS,DNS,KRX,Red,Peter,Leona,Leona,SUP,10,20.0,2.0,True,Win
2919504,2,KRX,DNS,KRX,DNS,Blue,Rich,Gnar,Ryze,TOP,1,7.0,1.0,False,Loss
2919504,2,KRX,DNS,DNS,KRX,Red,DuDu,Sylas,Cassiopeia,TOP,2,8.0,1.0,True,Win
2919504,2,KRX,DNS,DNS,KRX,Red,Pyosik,Naafiri,Bard,JGL,3,9.0,1.0,True,Win
2919504,2,KRX,DNS,KRX,DNS,Blue,Willer,Ambessa,Ambessa,JGL,4,10.0,1.0,False,Loss
2919504,2,KRX,DNS,KRX,DNS,Blue,Ucal,Ryze,Varus,MID,5,11.0,1.0,False,Loss
2919504,2,KRX,DNS,DNS,KRX,Red,Clozer,Cassiopeia,Sivir,MID,6,12.0,1.0,True,Win
2919504,2,KRX,DNS,DNS,KRX,Red,deokdam,Sivir,Naafiri,BOT,7,17.0,2.0,True,Win
2919504,2,KRX,DNS,KRX,DNS,Blue,Jiwoo,Varus,Anivia,BOT,8,18.0,2.0,False,Loss
2919504,2,KRX,DNS,KRX,DNS,Blue,Andil,Anivia,Gnar,SUP,9,19.0,2.0,False,Loss
2919504,2,KRX,DNS,DNS,KRX,Red,Peter,Bard,Sylas,SUP,10,20.0,2.0,True,Win
2919505,1,KT,GEN,GEN,KT,Red,Kiin,KSante,Aurora,TOP,1,7.0,1.0,False,Loss
2919505,1,KT,GEN,KT,GEN,Blue,PerfecT,Jayce,Ezreal,TOP,2,8.0,1.0,True,Win
2919505,1,KT,GEN,KT,GEN,Blue,Cuzz,XinZhao,Karma,JGL,3,9.0,1.0,True,Win
2919505,1,KT,GEN,GEN,KT,Red,Canyon,Nocturne,Ashe,JGL,4,10.0,1.0,False,Loss
2919505,1,KT,GEN,GEN,KT,Red,Chovy,Aurora,Seraphine,MID,5,11.0,1.0,False,Loss
2919505,1,KT,GEN,KT,GEN,Blue,Bdd,Zoe,Jayce,MID,6,12.0,1.0,True,Win
2919505,1,KT,GEN,KT,GEN,Blue,Aiming,Ezreal,Xin Zhao,BOT,7,17.0,2.0,True,Win
2919505,1,KT,GEN,GEN,KT,Red,Ruler,Ashe,K'Sante,BOT,8,18.0,2.0,False,Loss
2919505,1,KT,GEN,GEN,KT,Red,Duro,Seraphine,Nocturne,SUP,9,19.0,2.0,False,Loss
2919505,1,KT,GEN,KT,GEN,Blue,Effort,Karma,Zoe,SUP,10,20.0,2.0,True,Win
2919505,2,GEN,KT,KT,GEN,Red,PerfecT,Renekton,Ryze,TOP,1,7.0,1.0,False,Loss
2919505,2,GEN,KT,GEN,KT,Blue,Kiin,Varus,Pantheon,TOP,2,8.0,1.0,True,Win
2919505,2,GEN,KT,GEN,KT,Blue,Canyon,Pantheon,Varus,JGL,3,9.0,1.0,True,Win
2919505,2,GEN,KT,KT,GEN,Red,Cuzz,Aatrox,Sivir,JGL,4,10.0,1.0,False,Loss
2919505,2,GEN,KT,KT,GEN,Red,Bdd,Ryze,Bard,MID,5,11.0,1.0,False,Loss
2919505,2,GEN,KT,GEN,KT,Blue,Chovy,Azir,Azir,MID,6,12.0,1.0,True,Win
2919505,2,GEN,KT,GEN,KT,Blue,Ruler,Jhin,Neeko,BOT,7,17.0,2.0,True,Win
2919505,2,GEN,KT,KT,GEN,Red,Aiming,Sivir,Renekton,BOT,8,18.0,2.0,False,Loss
2919505,2,GEN,KT,KT,GEN,Red,Effort,Bard,Aatrox,SUP,9,19.0,2.0,False,Loss
2919505,2,GEN,KT,GEN,KT,Blue,Duro,Neeko,Jhin,SUP,10,20.0,2.0,True,Win
2919505,3,GEN,KT,GEN,KT,Blue,Kiin,Ambessa,Ambessa,TOP,1,7.0,1.0,False,Loss
2919505,3,GEN,KT,KT,GEN,Red,PerfecT,Zaahen,Jarvan IV,TOP,2,8.0,1.0,True,Win
2919505,3,GEN,KT,KT,GEN,Red,Cuzz,JarvanIV,Yunara,JGL,3,9.0,1.0,True,Win
2919505,3,GEN,KT,GEN,KT,Blue,Canyon,MonkeyKing,Wukong,JGL,4,10.0,1.0,False,Loss
2919505,3,GEN,KT,GEN,KT,Blue,Chovy,Annie,Annie,MID,5,11.0,1.0,False,Loss
2919505,3,GEN,KT,KT,GEN,Red,Bdd,Akali,Alistar,MID,6,12.0,1.0,True,Win
2919505,3,GEN,KT,KT,GEN,Red,Aiming,Yunara,Zaahen,BOT,7,17.0,2.0,True,Win
2919505,3,GEN,KT,GEN,KT,Blue,Ruler,Caitlyn,Caitlyn,BOT,8,18.0,2.0,False,Loss
2919505,3,GEN,KT,GEN,KT,Blue,Duro,Elise,Elise,SUP,9,19.0,2.0,False,Loss
2919505,3,GEN,KT,KT,GEN,Red,Effort,Alistar,Akali,SUP,10,20.0,2.0,True,Win
2919506,1,BRO,BFX,BFX,BRO,Red,Clear,Yorick,Ryze,TOP,1,7.0,1.0,False,Loss
2919506,1,BRO,BFX,BRO,BFX,Blue,Casting,Jayce,Pantheon,TOP,2,8.0,1.0,True,Win
2919506,1,BRO,BFX,BRO,BFX,Blue,GIDEON,Pantheon,Jayce,JGL,3,9.0,1.0,True,Win
2919506,1,BRO,BFX,BFX,BRO,Red,Raptor,JarvanIV,Jarvan IV,JGL,4,10.0,1.0,False,Loss
2919506,1,BRO,BFX,BFX,BRO,Red,VicLa,Ryze,Bard,MID,5,11.0,1.0,False,Loss
2919506,1,BRO,BFX,BRO,BFX,Blue,Loki,Anivia,Anivia,MID,6,12.0,1.0,True,Win
2919506,1,BRO,BFX,BRO,BFX,Blue,Teddy,Ezreal,Ezreal,BOT,7,17.0,2.0,True,Win
2919506,1,BRO,BFX,BFX,BRO,Red,Diable,Jhin,Jhin,BOT,8,18.0,2.0,False,Loss
2919506,1,BRO,BFX,BFX,BRO,Red,Kellin,Bard,Yorick,SUP,9,19.0,2.0,False,Loss
2919506,1,BRO,BFX,BRO,BFX,Blue,Namgung,Elise,Elise,SUP,10,20.0,2.0,True,Win
2919506,2,BFX,BRO,BFX,BRO,Blue,Clear,Kennen,Karma,TOP,1,7.0,1.0,False,Loss
2919506,2,BFX,BRO,BRO,BFX,Red,Casting,KSante,Xin Zhao,TOP,2,8.0,1.0,True,Win
2919506,2,BFX,BRO,BRO,BFX,Red,GIDEON,XinZhao,Caitlyn,JGL,3,9.0,1.0,True,Win
2919506,2,BFX,BRO,BFX,BRO,Blue,Raptor,MonkeyKing,Ashe,JGL,4,10.0,1.0,False,Loss
2919506,2,BFX,BRO,BFX,BRO,Blue,VicLa,Galio,Wukong,MID,5,11.0,1.0,False,Loss
2919506,2,BFX,BRO,BRO,BFX,Red,Loki,Annie,Seraphine,MID,6,12.0,1.0,True,Win
2919506,2,BFX,BRO,BRO,BFX,Red,Teddy,Caitlyn,Annie,BOT,7,17.0,2.0,True,Win
2919506,2,BFX,BRO,BFX,BRO,Blue,Diable,Ashe,Galio,BOT,8,18.0,2.0,False,Loss
2919506,2,BFX,BRO,BFX,BRO,Blue,Kellin,Karma,Kennen,SUP,9,19.0,2.0,False,Loss
2919506,2,BFX,BRO,BRO,BFX,Red,Namgung,Seraphine,K'Sante,SUP,10,20.0,2.0,True,Win
2919507,1,HLE,T1,T1,HLE,Red,Doran,Jayce,Azir,TOP,1,7.0,1.0,True,Win
2919507,1,HLE,T1,HLE,T1,Blue,Zeus,Anivia,Pantheon,TOP,2,8.0,1.0,False,Loss
2919507,1,HLE,T1,HLE,T1,Blue,Kanavi,Pantheon,Aurora,JGL,3,9.0,1.0,False,Loss
2919507,1,HLE,T1,T1,HLE,Red,Oner,XinZhao,Xin Zhao,JGL,4,10.0,1.0,True,Win
2919507,1,HLE,T1,T1,HLE,Red,Faker,Azir,Jayce,MID,5,11.0,1.0,True,Win
2919507,1,HLE,T1,HLE,T1,Blue,Zeka,Aurora,Anivia,MID,6,12.0,1.0,False,Loss
2919507,1,HLE,T1,HLE,T1,Blue,Gumayusi,Jhin,Jhin,BOT,7,17.0,2.0,False,Loss
2919507,1,HLE,T1,T1,HLE,Red,Peyz,Caitlyn,Neeko,BOT,8,18.0,2.0,True,Win
2919507,1,HLE,T1,T1,HLE,Red,Keria,Neeko,Caitlyn,SUP,9,19.0,2.0,True,Win
2919507,1,HLE,T1,HLE,T1,Blue,Delight,Nautilus,Nautilus,SUP,10,20.0,2.0,False,Loss
2919507,2,T1,HLE,HLE,T1,Red,Zeus,Vayne,Jarvan IV,TOP,1,7.0,1.0,False,Loss
2919507,2,T1,HLE,T1,HLE,Blue,Doran,Gnar,Gnar,TOP,2,8.0,1.0,True,Win
2919507,2,T1,HLE,T1,HLE,Blue,Oner,LeeSin,Lee Sin,JGL,3,9.0,1.0,True,Win
2919507,2,T1,HLE,HLE,T1,Red,Kanavi,JarvanIV,Yunara,JGL,4,10.0,1.0,False,Loss
2919507,2,T1,HLE,HLE,T1,Red,Zeka,Taliyah,Lulu,MID,5,11.0,1.0,False,Loss
2919507,2,T1,HLE,T1,HLE,Blue,Faker,Annie,Annie,MID,6,12.0,1.0,True,Win
2919507,2,T1,HLE,T1,HLE,Blue,Peyz,Lucian,Lucian,BOT,7,17.0,2.0,True,Win
2919507,2,T1,HLE,HLE,T1,Red,Gumayusi,Yunara,Taliyah,BOT,8,18.0,2.0,False,Loss
2919507,2,T1,HLE,HLE,T1,Red,Delight,Lulu,Vayne,SUP,9,19.0,2.0,False,Loss
2919507,2,T1,HLE,T1,HLE,Blue,Keria,Nami,Nami,SUP,10,20.0,2.0,True,Win
2919508,1,DK,KRX,DK,KRX,Blue,Siwoo,Gnar,Karma,TOP,1,7.0,1.0,True,Win
2919508,1,DK,KRX,KRX,DK,Red,Rich,Kennen,Ezreal,TOP,2,8.0,1.0,False,Loss
2919508,1,DK,KRX,KRX,DK,Red,Willer,XinZhao,Xin Zhao,JGL,3,9.0,1.0,False,Loss
2919508,1,DK,KRX,DK,KRX,Blue,Lucid,MonkeyKing,Orianna,JGL,4,10.0,1.0,True,Win
2919508,1,DK,KRX,DK,KRX,Blue,ShowMaker,Orianna,Jhin,MID,5,11.0,1.0,True,Win
2919508,1,DK,KRX,KRX,DK,Red,Ucal,Ryze,Ryze,MID,6,12.0,1.0,False,Loss
2919508,1,DK,KRX,KRX,DK,Red,LazyFeel,Ezreal,Neeko,BOT,7,17.0,2.0,False,Loss
2919508,1,DK,KRX,DK,KRX,Blue,Smash,Jhin,Wukong,BOT,8,18.0,2.0,True,Win
2919508,1,DK,KRX,DK,KRX,Blue,Career,Karma,Gnar,SUP,9,19.0,2.0,True,Win
2919508,1,DK,KRX,KRX,DK,Red,Andil,Neeko,Kennen,SUP,10,20.0,2.0,False,Loss
2919508,2,DK,KRX,DK,KRX,Blue,Siwoo,Renekton,Jarvan IV,TOP,1,7.0,1.0,True,Win
2919508,2,DK,KRX,KRX,DK,Red,Rich,KSante,Yunara,TOP,2,8.0,1.0,False,Loss
2919508,2,DK,KRX,KRX,DK,Red,Willer,Ambessa,Ambessa,JGL,3,9.0,1.0,False,Loss
2919508,2,DK,KRX,DK,KRX,Blue,Lucid,JarvanIV,Annie,JGL,4,10.0,1.0,True,Win
2919508,2,DK,KRX,DK,KRX,Blue,ShowMaker,Annie,Renekton,MID,5,11.0,1.0,True,Win
2919508,2,DK,KRX,KRX,DK,Red,Ucal,Aurora,K'Sante,MID,6,12.0,1.0,False,Loss
2919508,2,DK,KRX,KRX,DK,Red,LazyFeel,Yunara,Bard,BOT,7,17.0,2.0,False,Loss
2919508,2,DK,KRX,DK,KRX,Blue,Smash,Corki,Corki,BOT,8,18.0,2.0,True,Win
2919508,2,DK,KRX,DK,KRX,Blue,Career,Anivia,Anivia,SUP,9,19.0,2.0,True,Win
2919508,2,DK,KRX,KRX,DK,Red,Andil,Bard,Aurora,SUP,10,20.0,2.0,False,Loss
2919509,1,NS,DNS,NS,DNS,Blue,Kingen,Jayce,Azir,TOP,1,7.0,1.0,True,Win
2919509,1,NS,DNS,DNS,NS,Red,DuDu,Yorick,LeBlanc,TOP,2,8.0,1.0,False,Loss
2919509,1,NS,DNS,DNS,NS,Red,Pyosik,Pantheon,Pantheon,JGL,3,9.0,1.0,False,Loss
2919509,1,NS,DNS,NS,DNS,Blue,Sponge,JarvanIV,Jarvan IV,JGL,4,10.0,1.0,True,Win
2919509,1,NS,DNS,NS,DNS,Blue,Scout,Azir,Jayce,MID,5,11.0,1.0,True,Win
2919509,1,NS,DNS,DNS,NS,Red,Clozer,Leblanc,Yorick,MID,6,12.0,1.0,False,Loss
2919509,1,NS,DNS,DNS,NS,Red,deokdam,Caitlyn,Caitlyn,BOT,7,17.0,2.0,False,Loss
2919509,1,NS,DNS,NS,DNS,Blue,Taeyoon,Jhin,Jhin,BOT,8,18.0,2.0,True,Win
2919509,1,NS,DNS,NS,DNS,Blue,Lehends,Bard,Bard,SUP,9,19.0,2.0,True,Win
2919509,1,NS,DNS,DNS,NS,Red,Peter,Neeko,Neeko,SUP,10,20.0,2.0,False,Loss
2919509,2,NS,DNS,NS,DNS,Blue,Kingen,Gnar,Ryze,TOP,1,7.0,1.0,True,Win
2919509,2,NS,DNS,DNS,NS,Red,DuDu,Ambessa,Cassiopeia,TOP,2,8.0,1.0,False,Loss
2919509,2,NS,DNS,DNS,NS,Red,Pyosik,Nocturne,Nautilus,JGL,3,9.0,1.0,False,Loss
2919509,2,NS,DNS,NS,DNS,Blue,Sponge,LeeSin,Lee Sin,JGL,4,10.0,1.0,True,Win
2919509,2,NS,DNS,NS,DNS,Blue,Scout,Ryze,Gnar,MID,5,11.0,1.0,True,Win
2919509,2,NS,DNS,DNS,NS,Red,Clozer,Cassiopeia,Ambessa,MID,6,12.0,1.0,False,Loss
2919509,2,NS,DNS,DNS,NS,Red,deokdam,Kaisa,Nocturne,BOT,7,17.0,2.0,False,Loss
2919509,2,NS,DNS,NS,DNS,Blue,Taeyoon,Sivir,Sivir,BOT,8,18.0,2.0,True,Win
2919509,2,NS,DNS,NS,DNS,Blue,Lehends,Anivia,Anivia,SUP,9,19.0,2.0,True,Win
2919509,2,NS,DNS,DNS,NS,Red,Peter,Nautilus,Kai'Sa,SUP,10,20.0,2.0,False,Loss
2919510,1,GEN,BFX,BFX,GEN,Red,Clear,Jayce,Ryze,TOP,1,7.0,1.0,False,Loss
2919510,1,GEN,BFX,GEN,BFX,Blue,Kiin,Sion,Pantheon,TOP,2,8.0,1.0,True,Win
2919510,1,GEN,BFX,GEN,BFX,Blue,Canyon,Pantheon,Yunara,JGL,3,9.0,1.0,True,Win
2919510,1,GEN,BFX,BFX,GEN,Red,Raptor,JarvanIV,Jarvan IV,JGL,4,10.0,1.0,False,Loss
2919510,1,GEN,BFX,BFX,GEN,Red,VicLa,Ryze,Nautilus,MID,5,11.0,1.0,False,Loss
2919510,1,GEN,BFX,GEN,BFX,Blue,Chovy,Anivia,Anivia,MID,6,12.0,1.0,True,Win
2919510,1,GEN,BFX,GEN,BFX,Blue,Ruler,Yunara,Alistar,BOT,7,17.0,2.0,True,Win
2919510,1,GEN,BFX,BFX,GEN,Red,Diable,Senna,Senna,BOT,8,18.0,2.0,False,Loss
2919510,1,GEN,BFX,BFX,GEN,Red,Kellin,Nautilus,Jayce,SUP,9,19.0,2.0,False,Loss
2919510,1,GEN,BFX,GEN,BFX,Blue,Duro,Alistar,Sion,SUP,10,20.0,2.0,True,Win
2919510,2,GEN,BFX,GEN,BFX,Blue,Kiin,Rumble,Rumble,TOP,1,7.0,1.0,True,Win
2919510,2,GEN,BFX,BFX,GEN,Red,Clear,KSante,Seraphine,TOP,2,8.0,1.0,False,Loss
2919510,2,GEN,BFX,BFX,GEN,Red,Raptor,XinZhao,Xin Zhao,JGL,3,9.0,1.0,False,Loss
2919510,2,GEN,BFX,GEN,BFX,Blue,Canyon,Skarner,Caitlyn,JGL,4,10.0,1.0,True,Win
2919510,2,GEN,BFX,GEN,BFX,Blue,Chovy,Azir,Bard,MID,5,11.0,1.0,True,Win
2919510,2,GEN,BFX,BFX,GEN,Red,VicLa,Mel,Ezreal,MID,6,12.0,1.0,False,Loss
2919510,2,GEN,BFX,BFX,GEN,Red,Diable,Ezreal,K'Sante,BOT,7,17.0,2.0,False,Loss
2919510,2,GEN,BFX,GEN,BFX,Blue,Ruler,Caitlyn,Azir,BOT,8,18.0,2.0,True,Win
2919510,2,GEN,BFX,GEN,BFX,Blue,Duro,Bard,Skarner,SUP,9,19.0,2.0,True,Win
2919510,2,GEN,BFX,BFX,GEN,Red,Kellin,Seraphine,Mel,SUP,10,20.0,2.0,False,Loss
2919512,1,HLE,DK,HLE,DK,Blue,Zeus,Yorick,Orianna,TOP,1,7.0,1.0,True,Win
2919512,1,HLE,DK,DK,HLE,Red,Siwoo,Jayce,Azir,TOP,2,8.0,1.0,False,Loss
2919512,1,HLE,DK,DK,HLE,Red,Lucid,Vi,Jayce,JGL,3,9.0,1.0,False,Loss
2919512,1,HLE,DK,HLE,DK,Blue,Kanavi,JarvanIV,Jarvan IV,JGL,4,10.0,1.0,True,Win
2919512,1,HLE,DK,HLE,DK,Blue,Zeka,Orianna,Yorick,MID,5,11.0,1.0,True,Win
2919512,1,HLE,DK,DK,HLE,Red,ShowMaker,Azir,Vi,MID,6,12.0,1.0,False,Loss
2919512,1,HLE,DK,DK,HLE,Red,Smash,Ezreal,Ezreal,BOT,7,17.0,2.0,False,Loss
2919512,1,HLE,DK,HLE,DK,Blue,Gumayusi,Ashe,Ashe,BOT,8,18.0,2.0,True,Win
2919512,1,HLE,DK,HLE,DK,Blue,Delight,Seraphine,Seraphine,SUP,9,19.0,2.0,True,Win
2919512,1,HLE,DK,DK,HLE,Red,Career,Neeko,Neeko,SUP,10,20.0,2.0,False,Loss
2919512,2,HLE,DK,HLE,DK,Blue,Zeus,Gnar,Annie,TOP,1,7.0,1.0,True,Win
2919512,2,HLE,DK,DK,HLE,Red,Siwoo,Ambessa,Yunara,TOP,2,8.0,1.0,False,Loss
2919512,2,HLE,DK,DK,HLE,Red,Lucid,Nocturne,Lulu,JGL,3,9.0,1.0,False,Loss
2919512,2,HLE,DK,HLE,DK,Blue,Kanavi,Khazix,Corki,JGL,4,10.0,1.0,True,Win
2919512,2,HLE,DK,HLE,DK,Blue,Zeka,Annie,Nami,MID,5,11.0,1.0,True,Win
2919512,2,HLE,DK,DK,HLE,Red,ShowMaker,Syndra,Nocturne,MID,6,12.0,1.0,False,Loss
2919512,2,HLE,DK,DK,HLE,Red,Smash,Yunara,Syndra,BOT,7,17.0,2.0,False,Loss
2919512,2,HLE,DK,HLE,DK,Blue,Gumayusi,Corki,Kha'Zix,BOT,8,18.0,2.0,True,Win
2919512,2,HLE,DK,HLE,DK,Blue,Delight,Nami,Gnar,SUP,9,19.0,2.0,True,Win
2919512,2,HLE,DK,DK,HLE,Red,Career,Lulu,Ambessa,SUP,10,20.0,2.0,False,Loss
2919513,1,GEN,T1,T1,GEN,Red,Doran,Jayce,Ryze,TOP,1,7.0,1.0,False,Loss
2919513,1,GEN,T1,GEN,T1,Blue,Kiin,Sion,Bard,TOP,2,8.0,1.0,True,Win
2919513,1,GEN,T1,GEN,T1,Blue,Canyon,XinZhao,Anivia,JGL,3,9.0,1.0,True,Win
2919513,1,GEN,T1,T1,GEN,Red,Oner,JarvanIV,Jarvan IV,JGL,4,10.0,1.0,False,Loss
2919513,1,GEN,T1,T1,GEN,Red,Faker,Ryze,Jayce,MID,5,11.0,1.0,False,Loss
2919513,1,GEN,T1,GEN,T1,Blue,Chovy,Anivia,Xin Zhao,MID,6,12.0,1.0,True,Win
2919513,1,GEN,T1,GEN,T1,Blue,Ruler,Corki,Sion,BOT,7,17.0,2.0,True,Win
2919513,1,GEN,T1,T1,GEN,Red,Peyz,Kalista,Kalista,BOT,8,18.0,2.0,False,Loss
2919513,1,GEN,T1,T1,GEN,Red,Keria,Renata,Renata Glasc,SUP,9,19.0,2.0,False,Loss
2919513,1,GEN,T1,GEN,T1,Blue,Duro,Bard,Corki,SUP,10,20.0,2.0,True,Win
2919513,2,GEN,T1,T1,GEN,Red,Doran,Aurora,Pantheon,TOP,1,7.0,1.0,False,Loss
2919513,2,GEN,T1,GEN,T1,Blue,Kiin,Ambessa,Yunara,TOP,2,8.0,1.0,True,Win
2919513,2,GEN,T1,GEN,T1,Blue,Canyon,Nocturne,Nocturne,JGL,3,9.0,1.0,True,Win
2919513,2,GEN,T1,T1,GEN,Red,Oner,Pantheon,Aurora,JGL,4,10.0,1.0,False,Loss
2919513,2,GEN,T1,T1,GEN,Red,Faker,Galio,Lulu,MID,5,11.0,1.0,False,Loss
2919513,2,GEN,T1,GEN,T1,Blue,Chovy,Annie,Annie,MID,6,12.0,1.0,True,Win
2919513,2,GEN,T1,GEN,T1,Blue,Ruler,Yunara,Neeko,BOT,7,17.0,2.0,True,Win
2919513,2,GEN,T1,T1,GEN,Red,Peyz,Zeri,Galio,BOT,8,18.0,2.0,False,Loss
2919513,2,GEN,T1,T1,GEN,Red,Keria,Lulu,Zeri,SUP,9,19.0,2.0,False,Loss
2919513,2,GEN,T1,GEN,T1,Blue,Duro,Neeko,Ambessa,SUP,10,20.0,2.0,True,Win
2919514,1,KRX,BRO,BRO,KRX,Red,Casting,Sion,Orianna,TOP,1,7.0,1.0,True,Win
2919514,1,KRX,BRO,KRX,BRO,Blue,Rich,Jayce,Nocturne,TOP,2,8.0,1.0,False,Loss
2919514,1,KRX,BRO,KRX,BRO,Blue,Willer,Nocturne,Azir,JGL,3,9.0,1.0,False,Loss
2919514,1,KRX,BRO,BRO,KRX,Red,GIDEON,Khazix,Ezreal,JGL,4,10.0,1.0,True,Win
2919514,1,KRX,BRO,BRO,KRX,Red,Loki,Orianna,Neeko,MID,5,11.0,1.0,True,Win
2919514,1,KRX,BRO,KRX,BRO,Blue,Ucal,Azir,Jayce,MID,6,12.0,1.0,False,Loss
2919514,1,KRX,BRO,KRX,BRO,Blue,LazyFeel,Sivir,Anivia,BOT,7,17.0,2.0,False,Loss
2919514,1,KRX,BRO,BRO,KRX,Red,Teddy,Ezreal,Kha'Zix,BOT,8,18.0,2.0,True,Win
2919514,1,KRX,BRO,BRO,KRX,Red,Namgung,Neeko,Sion,SUP,9,19.0,2.0,True,Win
2919514,1,KRX,BRO,KRX,BRO,Blue,Andil,Anivia,Sivir,SUP,10,20.0,2.0,False,Loss
2919514,2,BRO,KRX,KRX,BRO,Red,Rich,Gnar,Annie,TOP,1,7.0,1.0,True,Win
2919514,2,BRO,KRX,BRO,KRX,Blue,Casting,Ambessa,Aurora,TOP,2,8.0,1.0,False,Loss
2919514,2,BRO,KRX,BRO,KRX,Blue,GIDEON,LeeSin,Lee Sin,JGL,3,9.0,1.0,False,Loss
2919514,2,BRO,KRX,KRX,BRO,Red,Willer,MonkeyKing,Wukong,JGL,4,10.0,1.0,True,Win
2919514,2,BRO,KRX,KRX,BRO,Red,Ucal,Annie,Gnar,MID,5,11.0,1.0,True,Win
2919514,2,BRO,KRX,BRO,KRX,Blue,Loki,Aurora,Varus,MID,6,12.0,1.0,False,Loss
2919514,2,BRO,KRX,BRO,KRX,Blue,Teddy,Varus,Nautilus,BOT,7,17.0,2.0,False,Loss
2919514,2,BRO,KRX,KRX,BRO,Red,LazyFeel,Kalista,Kalista,BOT,8,18.0,2.0,True,Win
2919514,2,BRO,KRX,KRX,BRO,Red,Andil,Renata,Renata Glasc,SUP,9,19.0,2.0,True,Win
2919514,2,BRO,KRX,BRO,KRX,Blue,Namgung,Nautilus,Ambessa,SUP,10,20.0,2.0,False,Loss
2919514,3,KRX,BRO,BRO,KRX,Red,Casting,Zaahen,Pantheon,TOP,1,7.0,1.0,False,Loss
2919514,3,KRX,BRO,KRX,BRO,Blue,Rich,Renekton,Renekton,TOP,2,8.0,1.0,True,Win
2919514,3,KRX,BRO,KRX,BRO,Blue,Willer,JarvanIV,Jarvan IV,JGL,3,9.0,1.0,True,Win
2919514,3,KRX,BRO,BRO,KRX,Red,GIDEON,Pantheon,Yunara,JGL,4,10.0,1.0,False,Loss
2919514,3,KRX,BRO,BRO,KRX,Red,Loki,Viktor,Lulu,MID,5,11.0,1.0,False,Loss
2919514,3,KRX,BRO,KRX,BRO,Blue,Ucal,Mel,Mel,MID,6,12.0,1.0,True,Win
2919514,3,KRX,BRO,KRX,BRO,Blue,LazyFeel,Corki,Corki,BOT,7,17.0,2.0,True,Win
2919514,3,KRX,BRO,BRO,KRX,Red,Teddy,Yunara,Zaahen,BOT,8,18.0,2.0,False,Loss
2919514,3,KRX,BRO,BRO,KRX,Red,Namgung,Lulu,Viktor,SUP,9,19.0,2.0,False,Loss
2919514,3,KRX,BRO,KRX,BRO,Blue,Andil,Bard,Bard,SUP,10,20.0,2.0,True,Win
2919515,1,NS,KT,KT,NS,Red,PerfecT,Jayce,Pantheon,TOP,1,7.0,1.0,True,Win
2919515,1,NS,KT,NS,KT,Blue,Kingen,KSante,Ezreal,TOP,2,8.0,1.0,False,Loss
2919515,1,NS,KT,NS,KT,Blue,Sponge,JarvanIV,Karma,JGL,3,9.0,1.0,False,Loss
2919515,1,NS,KT,KT,NS,Red,Cuzz,Pantheon,Jayce,JGL,4,10.0,1.0,True,Win
2919515,1,NS,KT,KT,NS,Red,Bdd,Ryze,Ryze,MID,5,11.0,1.0,True,Win
2919515,1,NS,KT,NS,KT,Blue,Scout,Azir,Azir,MID,6,12.0,1.0,False,Loss
2919515,1,NS,KT,NS,KT,Blue,Taeyoon,Ezreal,K'Sante,BOT,7,17.0,2.0,False,Loss
2919515,1,NS,KT,KT,NS,Red,Aiming,Caitlyn,Bard,BOT,8,18.0,2.0,True,Win
2919515,1,NS,KT,KT,NS,Red,Effort,Bard,Caitlyn,SUP,9,19.0,2.0,True,Win
2919515,1,NS,KT,NS,KT,Blue,Lehends,Karma,Jarvan IV,SUP,10,20.0,2.0,False,Loss
2919515,2,KT,NS,KT,NS,Blue,PerfecT,Ambessa,Ambessa,TOP,1,7.0,1.0,True,Win
2919515,2,KT,NS,NS,KT,Red,Kingen,Zaahen,Yunara,TOP,2,8.0,1.0,False,Loss
2919515,2,KT,NS,NS,KT,Red,Sponge,Nocturne,Nocturne,JGL,3,9.0,1.0,False,Loss
2919515,2,KT,NS,KT,NS,Blue,Cuzz,Vi,Vi,JGL,4,10.0,1.0,True,Win
2919515,2,KT,NS,KT,NS,Blue,Bdd,Ahri,Ziggs,MID,5,11.0,1.0,True,Win
2919515,2,KT,NS,NS,KT,Red,Scout,Sylas,Lulu,MID,6,12.0,1.0,False,Loss
2919515,2,KT,NS,NS,KT,Red,Taeyoon,Yunara,Zaahen,BOT,7,17.0,2.0,False,Loss
2919515,2,KT,NS,KT,NS,Blue,Aiming,Ziggs,Ahri,BOT,8,18.0,2.0,True,Win
2919515,2,KT,NS,KT,NS,Blue,Effort,Alistar,Alistar,SUP,9,19.0,2.0,True,Win
2919515,2,KT,NS,NS,KT,Red,Lehends,Lulu,Sylas,SUP,10,20.0,2.0,False,Loss
2919516,1,DNS,T1,T1,DNS,Red,Doran,Sion,Orianna,TOP,1,7.0,1.0,True,Win
2919516,1,DNS,T1,DNS,T1,Blue,DuDu,Gwen,Bard,TOP,2,8.0,1.0,False,Loss
2919516,1,DNS,T1,DNS,T1,Blue,Pyosik,Nocturne,Nocturne,JGL,3,9.0,1.0,False,Loss
2919516,1,DNS,T1,T1,DNS,Red,Oner,LeeSin,Ezreal,JGL,4,10.0,1.0,True,Win
2919516,1,DNS,T1,T1,DNS,Red,Faker,Orianna,Neeko,MID,5,11.0,1.0,True,Win
2919516,1,DNS,T1,DNS,T1,Blue,Clozer,Azir,Azir,MID,6,12.0,1.0,False,Loss
2919516,1,DNS,T1,DNS,T1,Blue,deokdam,Caitlyn,Caitlyn,BOT,7,17.0,2.0,False,Loss
2919516,1,DNS,T1,T1,DNS,Red,Peyz,Ezreal,Sion,BOT,8,18.0,2.0,True,Win
2919516,1,DNS,T1,T1,DNS,Red,Keria,Neeko,Lee Sin,SUP,9,19.0,2.0,True,Win
2919516,1,DNS,T1,DNS,T1,Blue,Peter,Bard,Gwen,SUP,10,20.0,2.0,False,Loss
2919516,2,T1,DNS,DNS,T1,Red,DuDu,Sylas,Pantheon,TOP,1,7.0,1.0,False,Loss
2919516,2,T1,DNS,T1,DNS,Blue,Doran,Gnar,Annie,TOP,2,8.0,1.0,True,Win
2919516,2,T1,DNS,T1,DNS,Blue,Oner,XinZhao,Xin Zhao,JGL,3,9.0,1.0,True,Win
2919516,2,T1,DNS,DNS,T1,Red,Pyosik,Pantheon,Yunara,JGL,4,10.0,1.0,False,Loss
2919516,2,T1,DNS,DNS,T1,Red,Clozer,Aurora,Lulu,MID,5,11.0,1.0,False,Loss
2919516,2,T1,DNS,T1,DNS,Blue,Faker,Annie,Gnar,MID,6,12.0,1.0,True,Win
2919516,2,T1,DNS,T1,DNS,Blue,Peyz,Lucian,Milio,BOT,7,17.0,2.0,True,Win
2919516,2,T1,DNS,DNS,T1,Red,deokdam,Yunara,Aurora,BOT,8,18.0,2.0,False,Loss
2919516,2,T1,DNS,DNS,T1,Red,Life,Lulu,Sylas,SUP,9,19.0,2.0,False,Loss
2919516,2,T1,DNS,T1,DNS,Blue,Keria,Milio,Lucian,SUP,10,20.0,2.0,True,Win
2919517,1,BFX,HLE,HLE,BFX,Red,Zeus,Jayce,Orianna,TOP,1,7.0,1.0,True,Win
2919517,1,BFX,HLE,BFX,HLE,Blue,Clear,Yorick,Ryze,TOP,2,8.0,1.0,False,Loss
2919517,1,BFX,HLE,BFX,HLE,Blue,Raptor,JarvanIV,Jarvan IV,JGL,3,9.0,1.0,False,Loss
2919517,1,BFX,HLE,HLE,BFX,Red,Kanavi,XinZhao,Xin Zhao,JGL,4,10.0,1.0,True,Win
2919517,1,BFX,HLE,HLE,BFX,Red,Zeka,Orianna,Jayce,MID,5,11.0,1.0,True,Win
2919517,1,BFX,HLE,BFX,HLE,Blue,VicLa,Ryze,Yorick,MID,6,12.0,1.0,False,Loss
2919517,1,BFX,HLE,BFX,HLE,Blue,Diable,Ashe,Ashe,BOT,7,17.0,2.0,False,Loss
2919517,1,BFX,HLE,HLE,BFX,Red,Gumayusi,Ziggs,Ziggs,BOT,8,18.0,2.0,True,Win
2919517,1,BFX,HLE,HLE,BFX,Red,Delight,Pyke,Pyke,SUP,9,19.0,2.0,True,Win
2919517,1,BFX,HLE,BFX,HLE,Blue,Kellin,Rell,Rell,SUP,10,20.0,2.0,False,Loss
2919517,2,HLE,BFX,HLE,BFX,Blue,Zeus,Kennen,Annie,TOP,1,7.0,1.0,False,Loss
2919517,2,HLE,BFX,BFX,HLE,Red,Clear,Renekton,Ezreal,TOP,2,8.0,1.0,True,Win
2919517,2,HLE,BFX,BFX,HLE,Red,Raptor,Maokai,Neeko,JGL,3,9.0,1.0,True,Win
2919517,2,HLE,BFX,HLE,BFX,Blue,Kanavi,Ambessa,Bard,JGL,4,10.0,1.0,False,Loss
2919517,2,HLE,BFX,HLE,BFX,Blue,Zeka,Annie,Jhin,MID,5,11.0,1.0,False,Loss
2919517,2,HLE,BFX,BFX,HLE,Red,VicLa,Hwei,Hwei,MID,6,12.0,1.0,True,Win
2919517,2,HLE,BFX,BFX,HLE,Red,Diable,Ezreal,Renekton,BOT,7,17.0,2.0,True,Win
2919517,2,HLE,BFX,HLE,BFX,Blue,Gumayusi,Jhin,Ambessa,BOT,8,18.0,2.0,False,Loss
2919517,2,HLE,BFX,HLE,BFX,Blue,Delight,Bard,Kennen,SUP,9,19.0,2.0,False,Loss
2919517,2,HLE,BFX,BFX,HLE,Red,Kellin,Neeko,Maokai,SUP,10,20.0,2.0,True,Win
2919517,3,BFX,HLE,HLE,BFX,Red,Zeus,Gnar,Gnar,TOP,1,7.0,1.0,True,Win
2919517,3,BFX,HLE,BFX,HLE,Blue,Clear,Aurora,Lucian,TOP,2,8.0,1.0,False,Loss
2919517,3,BFX,HLE,BFX,HLE,Blue,Raptor,Naafiri,Aurora,JGL,3,9.0,1.0,False,Loss
2919517,3,BFX,HLE,HLE,BFX,Red,Kanavi,Vi,Vi,JGL,4,10.0,1.0,True,Win
2919517,3,BFX,HLE,HLE,BFX,Red,Zeka,Ahri,Ahri,MID,5,11.0,1.0,True,Win
2919517,3,BFX,HLE,BFX,HLE,Blue,VicLa,Mel,Milio,MID,6,12.0,1.0,False,Loss
2919517,3,BFX,HLE,BFX,HLE,Blue,Diable,Lucian,Naafiri,BOT,7,17.0,2.0,False,Loss
2919517,3,BFX,HLE,HLE,BFX,Red,Gumayusi,Xayah,Xayah,BOT,8,18.0,2.0,True,Win
2919517,3,BFX,HLE,HLE,BFX,Red,Delight,Rakan,Rakan,SUP,9,19.0,2.0,True,Win
2919517,3,BFX,HLE,BFX,HLE,Blue,Kellin,Milio,Mel,SUP,10,20.0,2.0,False,Loss
2919518,1,KRX,NS,NS,KRX,Red,Kingen,Jayce,Jarvan IV,TOP,1,7.0,1.0,False,Loss
2919518,1,KRX,NS,KRX,NS,Blue,Rich,Yorick,Ezreal,TOP,2,8.0,1.0,True,Win
2919518,1,KRX,NS,KRX,NS,Blue,Willer,Vi,Orianna,JGL,3,9.0,1.0,True,Win
2919518,1,KRX,NS,NS,KRX,Red,Sponge,JarvanIV,Jayce,JGL,4,10.0,1.0,False,Loss
2919518,1,KRX,NS,NS,KRX,Red,Scout,Ryze,Ryze,MID,5,11.0,1.0,False,Loss
2919518,1,KRX,NS,KRX,NS,Blue,Ucal,Orianna,Yorick,MID,6,12.0,1.0,True,Win
2919518,1,KRX,NS,KRX,NS,Blue,LazyFeel,Ezreal,Neeko,BOT,7,17.0,2.0,True,Win
2919518,1,KRX,NS,NS,KRX,Red,Taeyoon,Jhin,Anivia,BOT,8,18.0,2.0,False,Loss
2919518,1,KRX,NS,NS,KRX,Red,Lehends,Anivia,Jhin,SUP,9,19.0,2.0,False,Loss
2919518,1,KRX,NS,KRX,NS,Blue,Andil,Neeko,Vi,SUP,10,20.0,2.0,True,Win
2919518,2,KRX,NS,NS,KRX,Red,Kingen,Ambessa,Pantheon,TOP,1,7.0,1.0,False,Loss
2919518,2,KRX,NS,KRX,NS,Blue,Rich,Gnar,Yunara,TOP,2,8.0,1.0,True,Win
2919518,2,KRX,NS,KRX,NS,Blue,Willer,Poppy,Gnar,JGL,3,9.0,1.0,True,Win
2919518,2,KRX,NS,NS,KRX,Red,Sponge,Pantheon,Ambessa,JGL,4,10.0,1.0,False,Loss
2919518,2,KRX,NS,NS,KRX,Red,Scout,Annie,Annie,MID,5,11.0,1.0,False,Loss
2919518,2,KRX,NS,KRX,NS,Blue,Ucal,Aurora,Aurora,MID,6,12.0,1.0,True,Win
2919518,2,KRX,NS,KRX,NS,Blue,LazyFeel,Yunara,Poppy,BOT,7,17.0,2.0,True,Win
2919518,2,KRX,NS,NS,KRX,Red,Taeyoon,Corki,Corki,BOT,8,18.0,2.0,False,Loss
2919518,2,KRX,NS,NS,KRX,Red,Lehends,Nautilus,Nautilus,SUP,9,19.0,2.0,False,Loss
2919518,2,KRX,NS,KRX,NS,Blue,Andil,Alistar,Alistar,SUP,10,20.0,2.0,True,Win
2919519,1,DK,GEN,GEN,DK,Red,Kiin,KSante,Pantheon,TOP,1,7.0,1.0,False,Loss
2919519,1,DK,GEN,DK,GEN,Blue,Siwoo,Gnar,Jarvan IV,TOP,2,8.0,1.0,True,Win
2919519,1,DK,GEN,DK,GEN,Blue,Lucid,JarvanIV,Bard,JGL,3,9.0,1.0,True,Win
2919519,1,DK,GEN,GEN,DK,Red,Canyon,Pantheon,Ezreal,JGL,4,10.0,1.0,False,Loss
2919519,1,DK,GEN,GEN,DK,Red,Chovy,Ryze,Ryze,MID,5,11.0,1.0,False,Loss
2919519,1,DK,GEN,DK,GEN,Blue,ShowMaker,Anivia,Anivia,MID,6,12.0,1.0,True,Win
2919519,1,DK,GEN,DK,GEN,Blue,Smash,Caitlyn,Caitlyn,BOT,7,17.0,2.0,True,Win
2919519,1,DK,GEN,GEN,DK,Red,Ruler,Ezreal,K'Sante,BOT,8,18.0,2.0,False,Loss
2919519,1,DK,GEN,GEN,DK,Red,Duro,Pyke,Pyke,SUP,9,19.0,2.0,False,Loss
2919519,1,DK,GEN,DK,GEN,Blue,Career,Bard,Gnar,SUP,10,20.0,2.0,True,Win
2919519,2,GEN,DK,DK,GEN,Red,Siwoo,Renekton,Annie,TOP,1,7.0,1.0,True,Win
2919519,2,GEN,DK,GEN,DK,Blue,Kiin,Zaahen,Xin Zhao,TOP,2,8.0,1.0,False,Loss
2919519,2,GEN,DK,GEN,DK,Blue,Canyon,XinZhao,Aurora,JGL,3,9.0,1.0,False,Loss
2919519,2,GEN,DK,DK,GEN,Red,Lucid,MonkeyKing,Wukong,JGL,4,10.0,1.0,True,Win
2919519,2,GEN,DK,DK,GEN,Red,ShowMaker,Annie,Renekton,MID,5,11.0,1.0,True,Win
2919519,2,GEN,DK,GEN,DK,Blue,Chovy,Aurora,Yunara,MID,6,12.0,1.0,False,Loss
2919519,2,GEN,DK,GEN,DK,Blue,Ruler,Yunara,Zaahen,BOT,7,17.0,2.0,False,Loss
2919519,2,GEN,DK,DK,GEN,Red,Smash,Kalista,Kalista,BOT,8,18.0,2.0,True,Win
2919519,2,GEN,DK,DK,GEN,Red,Career,Renata,Renata Glasc,SUP,9,19.0,2.0,True,Win
2919519,2,GEN,DK,GEN,DK,Blue,Duro,Seraphine,Seraphine,SUP,10,20.0,2.0,False,Loss
2919522,1,BFX,DNS,BFX,DNS,Blue,Clear,Renekton,Ryze,TOP,1,7.0,1.0,True,Win
2919522,1,BFX,DNS,DNS,BFX,Red,DuDu,Zaahen,Ezreal,TOP,2,8.0,1.0,False,Loss
2919522,1,BFX,DNS,DNS,BFX,Red,Pyosik,Vi,Vi,JGL,3,9.0,1.0,False,Loss
2919522,1,BFX,DNS,BFX,DNS,Blue,Raptor,JarvanIV,Jarvan IV,JGL,4,10.0,1.0,True,Win
2919522,1,BFX,DNS,BFX,DNS,Blue,Daystar,Ryze,Neeko,MID,5,11.0,1.0,True,Win
2919522,1,BFX,DNS,DNS,BFX,Red,Clozer,Cassiopeia,Cassiopeia,MID,6,12.0,1.0,False,Loss
2919522,1,BFX,DNS,DNS,BFX,Red,deokdam,Ezreal,Rakan,BOT,7,17.0,2.0,False,Loss
2919522,1,BFX,DNS,BFX,DNS,Blue,Diable,Xayah,Xayah,BOT,8,18.0,2.0,True,Win
2919522,1,BFX,DNS,BFX,DNS,Blue,Kellin,Neeko,Renekton,SUP,9,19.0,2.0,True,Win
2919522,1,BFX,DNS,DNS,BFX,Red,Peter,Rakan,Zaahen,SUP,10,20.0,2.0,False,Loss
2919522,2,BFX,DNS,DNS,BFX,Red,DuDu,Ambessa,Azir,TOP,1,7.0,1.0,False,Loss
2919522,2,BFX,DNS,BFX,DNS,Blue,Clear,Yorick,Seraphine,TOP,2,8.0,1.0,True,Win
2919522,2,BFX,DNS,BFX,DNS,Blue,Raptor,XinZhao,Xin Zhao,JGL,3,9.0,1.0,True,Win
2919522,2,BFX,DNS,DNS,BFX,Red,Pyosik,LeeSin,Lee Sin,JGL,4,10.0,1.0,False,Loss
2919522,2,BFX,DNS,DNS,BFX,Red,Clozer,Azir,Ambessa,MID,5,11.0,1.0,False,Loss
2919522,2,BFX,DNS,BFX,DNS,Blue,Daystar,Akali,Ashe,MID,6,12.0,1.0,True,Win
2919522,2,BFX,DNS,BFX,DNS,Blue,Diable,Ashe,Yorick,BOT,7,17.0,2.0,True,Win
2919522,2,BFX,DNS,DNS,BFX,Red,deokdam,Jhin,Jhin,BOT,8,18.0,2.0,False,Loss
2919522,2,BFX,DNS,DNS,BFX,Red,Peter,Rell,Rell,SUP,9,19.0,2.0,False,Loss
2919522,2,BFX,DNS,BFX,DNS,Blue,Kellin,Seraphine,Akali,SUP,10,20.0,2.0,True,Win
2919523,1,KT,BRO,BRO,KT,Red,Casting,Jayce,Annie,TOP,1,7.0,1.0,False,Loss
2919523,1,KT,BRO,KT,BRO,Blue,PerfecT,Yorick,Jarvan IV,TOP,2,8.0,1.0,True,Win
2919523,1,KT,BRO,KT,BRO,Blue,Cuzz,JarvanIV,Ashe,JGL,3,9.0,1.0,True,Win
2919523,1,KT,BRO,BRO,KT,Red,GIDEON,XinZhao,Xin Zhao,JGL,4,10.0,1.0,False,Loss
2919523,1,KT,BRO,BRO,KT,Red,Loki,Annie,Ezreal,MID,5,11.0,1.0,False,Loss
2919523,1,KT,BRO,KT,BRO,Blue,Bdd,Mel,Seraphine,MID,6,12.0,1.0,True,Win
2919523,1,KT,BRO,KT,BRO,Blue,Aiming,Ashe,Mel,BOT,7,17.0,2.0,True,Win
2919523,1,KT,BRO,BRO,KT,Red,Teddy,Ezreal,Bard,BOT,8,18.0,2.0,False,Loss
2919523,1,KT,BRO,BRO,KT,Red,Namgung,Bard,Jayce,SUP,9,19.0,2.0,False,Loss
2919523,1,KT,BRO,KT,BRO,Blue,Effort,Seraphine,Yorick,SUP,10,20.0,2.0,True,Win
2919523,2,KT,BRO,BRO,KT,Red,Casting,Renekton,Orianna,TOP,1,7.0,1.0,False,Loss
2919523,2,KT,BRO,KT,BRO,Blue,PerfecT,Gnar,Yunara,TOP,2,8.0,1.0,True,Win
2919523,2,KT,BRO,KT,BRO,Blue,Cuzz,Vi,Vi,JGL,3,9.0,1.0,True,Win
2919523,2,KT,BRO,BRO,KT,Red,GIDEON,MonkeyKing,Caitlyn,JGL,4,10.0,1.0,False,Loss
2919523,2,KT,BRO,BRO,KT,Red,Loki,Orianna,Neeko,MID,5,11.0,1.0,False,Loss
2919523,2,KT,BRO,KT,BRO,Blue,Bdd,Ahri,Lulu,MID,6,12.0,1.0,True,Win
2919523,2,KT,BRO,KT,BRO,Blue,Aiming,Yunara,Ahri,BOT,7,17.0,2.0,True,Win
2919523,2,KT,BRO,BRO,KT,Red,Teddy,Caitlyn,Wukong,BOT,8,18.0,2.0,False,Loss
2919523,2,KT,BRO,BRO,KT,Red,Namgung,Neeko,Renekton,SUP,9,19.0,2.0,False,Loss
2919523,2,KT,BRO,KT,BRO,Blue,Effort,Lulu,Gnar,SUP,10,20.0,2.0,True,Win
2919525,1,BFX,NS,NS,BFX,Red,Kingen,Jayce,Pantheon,TOP,1,7.0,1.0,True,Win
2919525,1,BFX,NS,BFX,NS,Blue,Clear,KSante,Ezreal,TOP,2,8.0,1.0,False,Loss
2919525,1,BFX,NS,BFX,NS,Blue,Raptor,XinZhao,Xin Zhao,JGL,3,9.0,1.0,False,Loss
2919525,1,BFX,NS,NS,BFX,Red,Sponge,Pantheon,Azir,JGL,4,10.0,1.0,True,Win
2919525,1,BFX,NS,NS,BFX,Red,Scout,Azir,Jayce,MID,5,11.0,1.0,True,Win
2919525,1,BFX,NS,BFX,NS,Blue,Daystar,Akali,Neeko,MID,6,12.0,1.0,False,Loss
2919525,1,BFX,NS,BFX,NS,Blue,Diable,Ezreal,K'Sante,BOT,7,17.0,2.0,False,Loss
2919525,1,BFX,NS,NS,BFX,Red,Taeyoon,Yunara,Yunara,BOT,8,18.0,2.0,True,Win
2919525,1,BFX,NS,NS,BFX,Red,Lehends,Lulu,Lulu,SUP,9,19.0,2.0,True,Win
2919525,1,BFX,NS,BFX,NS,Blue,Kellin,Neeko,Akali,SUP,10,20.0,2.0,False,Loss
2919525,2,BFX,NS,NS,BFX,Red,Kingen,Sion,Jarvan IV,TOP,1,7.0,1.0,True,Win
2919525,2,BFX,NS,BFX,NS,Blue,Clear,Gnar,Ryze,TOP,2,8.0,1.0,False,Loss
2919525,2,BFX,NS,BFX,NS,Blue,Raptor,LeeSin,Lee Sin,JGL,3,9.0,1.0,False,Loss
2919525,2,BFX,NS,NS,BFX,Red,Sponge,JarvanIV,Anivia,JGL,4,10.0,1.0,True,Win
2919525,2,BFX,NS,NS,BFX,Red,Scout,Anivia,Bard,MID,5,11.0,1.0,True,Win
2919525,2,BFX,NS,BFX,NS,Blue,Daystar,Ryze,Gnar,MID,6,12.0,1.0,False,Loss
2919525,2,BFX,NS,BFX,NS,Blue,Diable,Kalista,Kalista,BOT,7,17.0,2.0,False,Loss
2919525,2,BFX,NS,NS,BFX,Red,Taeyoon,Jhin,Jhin,BOT,8,18.0,2.0,True,Win
2919525,2,BFX,NS,NS,BFX,Red,Lehends,Bard,Sion,SUP,9,19.0,2.0,True,Win
2919525,2,BFX,NS,BFX,NS,Blue,Kellin,Renata,Renata Glasc,SUP,10,20.0,2.0,False,Loss
2919526,1,DK,KT,KT,DK,Red,PerfecT,Vayne,Karma,TOP,1,7.0,1.0,False,Loss
2919526,1,DK,KT,DK,KT,Blue,Siwoo,Gnar,Orianna,TOP,2,8.0,1.0,True,Win
2919526,1,DK,KT,DK,KT,Blue,Lucid,JarvanIV,Jarvan IV,JGL,3,9.0,1.0,True,Win
2919526,1,DK,KT,KT,DK,Red,Cuzz,MonkeyKing,Ezreal,JGL,4,10.0,1.0,False,Loss
2919526,1,DK,KT,KT,DK,Red,Bdd,Ryze,Ryze,MID,5,11.0,1.0,False,Loss
2919526,1,DK,KT,DK,KT,Blue,ShowMaker,Orianna,Nautilus,MID,6,12.0,1.0,True,Win
2919526,1,DK,KT,DK,KT,Blue,Smash,Kaisa,Gnar,BOT,7,17.0,2.0,True,Win
2919526,1,DK,KT,KT,DK,Red,Aiming,Ezreal,Vayne,BOT,8,18.0,2.0,False,Loss
2919526,1,DK,KT,KT,DK,Red,Effort,Karma,Wukong,SUP,9,19.0,2.0,False,Loss
2919526,1,DK,KT,DK,KT,Blue,Career,Nautilus,Kai'Sa,SUP,10,20.0,2.0,True,Win
2919526,2,KT,DK,DK,KT,Red,Siwoo,Jayce,Annie,TOP,1,7.0,1.0,False,Loss
2919526,2,KT,DK,KT,DK,Blue,PerfecT,Yorick,Ashe,TOP,2,8.0,1.0,True,Win
2919526,2,KT,DK,KT,DK,Blue,Cuzz,XinZhao,Xin Zhao,JGL,3,9.0,1.0,True,Win
2919526,2,KT,DK,DK,KT,Red,Lucid,LeeSin,Jayce,JGL,4,10.0,1.0,False,Loss
2919526,2,KT,DK,DK,KT,Red,ShowMaker,Annie,Lee Sin,MID,5,11.0,1.0,False,Loss
2919526,2,KT,DK,KT,DK,Blue,Bdd,Hwei,Seraphine,MID,6,12.0,1.0,True,Win
2919526,2,KT,DK,KT,DK,Blue,Aiming,Ashe,Yorick,BOT,7,17.0,2.0,True,Win
2919526,2,KT,DK,DK,KT,Red,Smash,Ziggs,Ziggs,BOT,8,18.0,2.0,False,Loss
2919526,2,KT,DK,DK,KT,Red,Career,Pyke,Pyke,SUP,9,19.0,2.0,False,Loss
2919526,2,KT,DK,KT,DK,Blue,Effort,Seraphine,Hwei,SUP,10,20.0,2.0,True,Win
2919526,3,KT,DK,DK,KT,Red,Siwoo,Varus,Varus,TOP,1,7.0,1.0,False,Loss
2919526,3,KT,DK,KT,DK,Blue,PerfecT,Naafiri,Yunara,TOP,2,8.0,1.0,True,Win
2919526,3,KT,DK,KT,DK,Blue,Cuzz,Trundle,Lulu,JGL,3,9.0,1.0,True,Win
2919526,3,KT,DK,DK,KT,Red,Lucid,Ambessa,Ambessa,JGL,4,10.0,1.0,False,Loss
2919526,3,KT,DK,DK,KT,Red,ShowMaker,TwistedFate,Twisted Fate,MID,5,11.0,1.0,False,Loss
2919526,3,KT,DK,KT,DK,Blue,Bdd,Ahri,Trundle,MID,6,12.0,1.0,True,Win
2919526,3,KT,DK,KT,DK,Blue,Aiming,Yunara,Ahri,BOT,7,17.0,2.0,True,Win
2919526,3,KT,DK,DK,KT,Red,Smash,Aphelios,Aphelios,BOT,8,18.0,2.0,False,Loss
2919526,3,KT,DK,DK,KT,Red,Career,Thresh,Thresh,SUP,9,19.0,2.0,False,Loss
2919526,3,KT,DK,KT,DK,Blue,Effort,Lulu,Naafiri,SUP,10,20.0,2.0,True,Win
2919527,1,BRO,GEN,BRO,GEN,Blue,Casting,Jayce,Jarvan IV,TOP,1,7.0,1.0,False,Loss
2919527,1,BRO,GEN,GEN,BRO,Red,Kiin,Sion,Xin Zhao,TOP,2,8.0,1.0,True,Win
2919527,1,BRO,GEN,GEN,BRO,Red,Canyon,XinZhao,Azir,JGL,3,9.0,1.0,True,Win
2919527,1,BRO,GEN,BRO,GEN,Blue,GIDEON,JarvanIV,Akali,JGL,4,10.0,1.0,False,Loss
2919527,1,BRO,GEN,BRO,GEN,Blue,Loki,Akali,Jayce,MID,5,11.0,1.0,False,Loss
2919527,1,BRO,GEN,GEN,BRO,Red,Chovy,Azir,Sion,MID,6,12.0,1.0,True,Win
2919527,1,BRO,GEN,GEN,BRO,Red,Ruler,Ezreal,Ezreal,BOT,7,17.0,2.0,True,Win
2919527,1,BRO,GEN,BRO,GEN,Blue,Teddy,Caitlyn,Neeko,BOT,8,18.0,2.0,False,Loss
2919527,1,BRO,GEN,BRO,GEN,Blue,Namgung,Neeko,Caitlyn,SUP,9,19.0,2.0,False,Loss
2919527,1,BRO,GEN,GEN,BRO,Red,Duro,Nami,Nami,SUP,10,20.0,2.0,True,Win
2919527,2,GEN,BRO,BRO,GEN,Red,Casting,Ambessa,Pantheon,TOP,1,7.0,1.0,False,Loss
2919527,2,GEN,BRO,GEN,BRO,Blue,Kiin,Gnar,Yunara,TOP,2,8.0,1.0,True,Win
2919527,2,GEN,BRO,GEN,BRO,Blue,Canyon,Nocturne,Nocturne,JGL,3,9.0,1.0,True,Win
2919527,2,GEN,BRO,BRO,GEN,Red,GIDEON,Pantheon,Lulu,JGL,4,10.0,1.0,False,Loss
2919527,2,GEN,BRO,BRO,GEN,Red,Loki,Ryze,Ryze,MID,5,11.0,1.0,False,Loss
2919527,2,GEN,BRO,GEN,BRO,Blue,Chovy,Anivia,Anivia,MID,6,12.0,1.0,True,Win
2919527,2,GEN,BRO,GEN,BRO,Blue,Ruler,Yunara,Gnar,BOT,7,17.0,2.0,True,Win
2919527,2,GEN,BRO,BRO,GEN,Red,Teddy,Xayah,Xayah,BOT,8,18.0,2.0,False,Loss
2919527,2,GEN,BRO,BRO,GEN,Red,Namgung,Lulu,Ambessa,SUP,9,19.0,2.0,False,Loss
2919527,2,GEN,BRO,GEN,BRO,Blue,Duro,Alistar,Alistar,SUP,10,20.0,2.0,True,Win
2919528,1,DNS,HLE,HLE,DNS,Red,Zeus,Anivia,Xin Zhao,TOP,1,7.0,1.0,True,Win
2919528,1,DNS,HLE,DNS,HLE,Blue,DuDu,Yorick,Varus,TOP,2,8.0,1.0,False,Loss
2919528,1,DNS,HLE,DNS,HLE,Blue,Pyosik,Vi,Vi,JGL,3,9.0,1.0,False,Loss
2919528,1,DNS,HLE,HLE,DNS,Red,Kanavi,XinZhao,Bard,JGL,4,10.0,1.0,True,Win
2919528,1,DNS,HLE,HLE,DNS,Red,Zeka,Aurora,Jhin,MID,5,11.0,1.0,True,Win
2919528,1,DNS,HLE,DNS,HLE,Blue,Clozer,Ahri,Ahri,MID,6,12.0,1.0,False,Loss
2919528,1,DNS,HLE,DNS,HLE,Blue,deokdam,Varus,Neeko,BOT,7,17.0,2.0,False,Loss
2919528,1,DNS,HLE,HLE,DNS,Red,Gumayusi,Jhin,Anivia,BOT,8,18.0,2.0,True,Win
2919528,1,DNS,HLE,HLE,DNS,Red,Delight,Bard,Aurora,SUP,9,19.0,2.0,True,Win
2919528,1,DNS,HLE,DNS,HLE,Blue,Peter,Neeko,Yorick,SUP,10,20.0,2.0,False,Loss
2919528,2,HLE,DNS,DNS,HLE,Red,DuDu,Gnar,Jarvan IV,TOP,1,7.0,1.0,False,Loss
2919528,2,HLE,DNS,HLE,DNS,Blue,Zeus,Annie,Pantheon,TOP,2,8.0,1.0,True,Win
2919528,2,HLE,DNS,HLE,DNS,Blue,Kanavi,Pantheon,Ashe,JGL,3,9.0,1.0,True,Win
2919528,2,HLE,DNS,DNS,HLE,Red,Pyosik,JarvanIV,Gnar,JGL,4,10.0,1.0,False,Loss
2919528,2,HLE,DNS,DNS,HLE,Red,Clozer,Azir,Mel,MID,5,11.0,1.0,False,Loss
2919528,2,HLE,DNS,HLE,DNS,Blue,Zeka,Yone,Seraphine,MID,6,12.0,1.0,True,Win
2919528,2,HLE,DNS,HLE,DNS,Blue,Gumayusi,Ashe,Annie,BOT,7,17.0,2.0,True,Win
2919528,2,HLE,DNS,DNS,HLE,Red,deokdam,Mel,Azir,BOT,8,18.0,2.0,False,Loss
2919528,2,HLE,DNS,DNS,HLE,Red,Peter,Rell,Rell,SUP,9,19.0,2.0,False,Loss
2919528,2,HLE,DNS,HLE,DNS,Blue,Delight,Seraphine,Yone,SUP,10,20.0,2.0,True,Win
2919529,1,BFX,KRX,KRX,BFX,Red,Rich,Jayce,Azir,TOP,1,7.0,1.0,False,Loss
2919529,1,BFX,KRX,BFX,KRX,Blue,Clear,KSante,Ezreal,TOP,2,8.0,1.0,True,Win
2919529,1,BFX,KRX,BFX,KRX,Blue,Raptor,XinZhao,Xin Zhao,JGL,3,9.0,1.0,True,Win
2919529,1,BFX,KRX,KRX,BFX,Red,Willer,Vi,Bard,JGL,4,10.0,1.0,False,Loss
2919529,1,BFX,KRX,KRX,BFX,Red,Ucal,Azir,Jayce,MID,5,11.0,1.0,False,Loss
2919529,1,BFX,KRX,BFX,KRX,Blue,Daystar,Aurora,Neeko,MID,6,12.0,1.0,True,Win
2919529,1,BFX,KRX,BFX,KRX,Blue,Diable,Ezreal,K'Sante,BOT,7,17.0,2.0,True,Win
2919529,1,BFX,KRX,KRX,BFX,Red,LazyFeel,Yunara,Yunara,BOT,8,18.0,2.0,False,Loss
2919529,1,BFX,KRX,KRX,BFX,Red,Andil,Bard,Vi,SUP,9,19.0,2.0,False,Loss
2919529,1,BFX,KRX,BFX,KRX,Blue,Kellin,Neeko,Aurora,SUP,10,20.0,2.0,True,Win
2919529,2,BFX,KRX,KRX,BFX,Red,Rich,Gnar,Karma,TOP,1,7.0,1.0,False,Loss
2919529,2,BFX,KRX,BFX,KRX,Blue,Clear,Renekton,Pantheon,TOP,2,8.0,1.0,True,Win
2919529,2,BFX,KRX,BFX,KRX,Blue,Raptor,Pantheon,Renekton,JGL,3,9.0,1.0,True,Win
2919529,2,BFX,KRX,KRX,BFX,Red,Willer,DrMundo,Caitlyn,JGL,4,10.0,1.0,False,Loss
2919529,2,BFX,KRX,KRX,BFX,Red,Ucal,Mel,Gnar,MID,5,11.0,1.0,False,Loss
2919529,2,BFX,KRX,BFX,KRX,Blue,Daystar,Annie,Annie,MID,6,12.0,1.0,True,Win
2919529,2,BFX,KRX,BFX,KRX,Blue,Diable,Kalista,Kalista,BOT,7,17.0,2.0,True,Win
2919529,2,BFX,KRX,KRX,BFX,Red,LazyFeel,Caitlyn,Mel,BOT,8,18.0,2.0,False,Loss
2919529,2,BFX,KRX,KRX,BFX,Red,Andil,Karma,Dr. Mundo,SUP,9,19.0,2.0,False,Loss
2919529,2,BFX,KRX,BFX,KRX,Blue,Kellin,Soraka,Soraka,SUP,10,20.0,2.0,True,Win
2919530,1,T1,DK,DK,T1,Red,Siwoo,Rumble,Karma,TOP,1,7.0,1.0,True,Win
2919530,1,T1,DK,T1,DK,Blue,Doran,Ambessa,Ezreal,TOP,2,8.0,1.0,False,Loss
2919530,1,T1,DK,T1,DK,Blue,Oner,Pantheon,Pantheon,JGL,3,9.0,1.0,False,Loss
2919530,1,T1,DK,DK,T1,Red,Lucid,XinZhao,Jhin,JGL,4,10.0,1.0,True,Win
2919530,1,T1,DK,DK,T1,Red,ShowMaker,Cassiopeia,Xin Zhao,MID,5,11.0,1.0,True,Win
2919530,1,T1,DK,T1,DK,Blue,Faker,Ryze,Ryze,MID,6,12.0,1.0,False,Loss
2919530,1,T1,DK,T1,DK,Blue,Peyz,Ezreal,Neeko,BOT,7,17.0,2.0,False,Loss
2919530,1,T1,DK,DK,T1,Red,Smash,Jhin,Cassiopeia,BOT,8,18.0,2.0,True,Win
2919530,1,T1,DK,DK,T1,Red,Career,Karma,Rumble,SUP,9,19.0,2.0,True,Win
2919530,1,T1,DK,T1,DK,Blue,Keria,Neeko,Ambessa,SUP,10,20.0,2.0,False,Loss
2919530,2,DK,T1,T1,DK,Red,Doran,Jayce,Azir,TOP,1,7.0,1.0,True,Win
2919530,2,DK,T1,DK,T1,Blue,Siwoo,KSante,LeBlanc,TOP,2,8.0,1.0,False,Loss
2919530,2,DK,T1,DK,T1,Blue,Lucid,Vi,Vi,JGL,3,9.0,1.0,False,Loss
2919530,2,DK,T1,T1,DK,Red,Oner,Nocturne,Nocturne,JGL,4,10.0,1.0,True,Win
2919530,2,DK,T1,T1,DK,Red,Faker,Azir,Jayce,MID,5,11.0,1.0,True,Win
2919530,2,DK,T1,DK,T1,Blue,ShowMaker,Leblanc,K'Sante,MID,6,12.0,1.0,False,Loss
2919530,2,DK,T1,DK,T1,Blue,Smash,MissFortune,Lulu,BOT,7,17.0,2.0,False,Loss
2919530,2,DK,T1,T1,DK,Red,Peyz,Caitlyn,Caitlyn,BOT,8,18.0,2.0,True,Win
2919530,2,DK,T1,T1,DK,Red,Keria,Lux,Lux,SUP,9,19.0,2.0,True,Win
2919530,2,DK,T1,DK,T1,Blue,Career,Lulu,Miss Fortune,SUP,10,20.0,2.0,False,Loss
2919530,3,T1,DK,DK,T1,Red,Siwoo,Vayne,Annie,TOP,1,7.0,1.0,True,Win
2919530,3,T1,DK,T1,DK,Blue,Doran,Gnar,Gnar,TOP,2,8.0,1.0,False,Loss
2919530,3,T1,DK,T1,DK,Blue,Oner,JarvanIV,Jarvan IV,JGL,3,9.0,1.0,False,Loss
2919530,3,T1,DK,DK,T1,Red,Lucid,LeeSin,Lee Sin,JGL,4,10.0,1.0,True,Win
2919530,3,T1,DK,DK,T1,Red,ShowMaker,Annie,Vayne,MID,5,11.0,1.0,True,Win
2919530,3,T1,DK,T1,DK,Blue,Faker,Aurora,Aurora,MID,6,12.0,1.0,False,Loss
2919530,3,T1,DK,T1,DK,Blue,Peyz,Mel,Pyke,BOT,7,17.0,2.0,False,Loss
2919530,3,T1,DK,DK,T1,Red,Smash,Corki,Corki,BOT,8,18.0,2.0,True,Win
2919530,3,T1,DK,DK,T1,Red,Career,Poppy,Poppy,SUP,9,19.0,2.0,True,Win
2919530,3,T1,DK,T1,DK,Blue,Keria,Pyke,Mel,SUP,10,20.0,2.0,False,Loss
2919531,1,GEN,HLE,GEN,HLE,Blue,Kiin,Jayce,Bard,TOP,1,7.0,1.0,False,Loss
2919531,1,GEN,HLE,HLE,GEN,Red,Zeus,Yorick,Jarvan IV,TOP,2,8.0,1.0,True,Win
2919531,1,GEN,HLE,HLE,GEN,Red,Kanavi,JarvanIV,Jhin,JGL,3,9.0,1.0,True,Win
2919531,1,GEN,HLE,GEN,HLE,Blue,Canyon,XinZhao,Xin Zhao,JGL,4,10.0,1.0,False,Loss
2919531,1,GEN,HLE,GEN,HLE,Blue,Chovy,Anivia,Jayce,MID,5,11.0,1.0,False,Loss
2919531,1,GEN,HLE,HLE,GEN,Red,Zeka,Aurora,Yorick,MID,6,12.0,1.0,True,Win
2919531,1,GEN,HLE,HLE,GEN,Red,Gumayusi,Jhin,Rell,BOT,7,17.0,2.0,True,Win
2919531,1,GEN,HLE,GEN,HLE,Blue,Ruler,Corki,Corki,BOT,8,18.0,2.0,False,Loss
2919531,1,GEN,HLE,GEN,HLE,Blue,Duro,Bard,Anivia,SUP,9,19.0,2.0,False,Loss
2919531,1,GEN,HLE,HLE,GEN,Red,Delight,Rell,Aurora,SUP,10,20.0,2.0,True,Win
2919531,2,HLE,GEN,HLE,GEN,Blue,Zeus,Rumble,Rumble,TOP,1,7.0,1.0,True,Win
2919531,2,HLE,GEN,GEN,HLE,Red,Kiin,Ambessa,Pantheon,TOP,2,8.0,1.0,False,Loss
2919531,2,HLE,GEN,GEN,HLE,Red,Canyon,Pantheon,Seraphine,JGL,3,9.0,1.0,False,Loss
2919531,2,HLE,GEN,HLE,GEN,Blue,Kanavi,Vi,Vi,JGL,4,10.0,1.0,True,Win
2919531,2,HLE,GEN,HLE,GEN,Blue,Zeka,Yone,Yone,MID,5,11.0,1.0,True,Win
2919531,2,HLE,GEN,GEN,HLE,Red,Chovy,Akali,Ashe,MID,6,12.0,1.0,False,Loss
2919531,2,HLE,GEN,GEN,HLE,Red,Ruler,Ashe,Ambessa,BOT,7,17.0,2.0,False,Loss
2919531,2,HLE,GEN,HLE,GEN,Blue,Gumayusi,Yunara,Yunara,BOT,8,18.0,2.0,True,Win
2919531,2,HLE,GEN,HLE,GEN,Blue,Delight,Lulu,Lulu,SUP,9,19.0,2.0,True,Win
2919531,2,HLE,GEN,GEN,HLE,Red,Duro,Seraphine,Akali,SUP,10,20.0,2.0,False,Loss
2919532,1,DNS,KT,KT,DNS,Red,PerfecT,Renekton,Karma,TOP,1,7.0,1.0,True,Win
2919532,1,DNS,KT,DNS,KT,Blue,DuDu,Gnar,Jarvan IV,TOP,2,8.0,1.0,False,Loss
2919532,1,DNS,KT,DNS,KT,Blue,Pyosik,JarvanIV,Ashe,JGL,3,9.0,1.0,False,Loss
2919532,1,DNS,KT,KT,DNS,Red,Cuzz,Pantheon,Pantheon,JGL,4,10.0,1.0,True,Win
2919532,1,DNS,KT,KT,DNS,Red,Bdd,Akali,Ezreal,MID,5,11.0,1.0,True,Win
2919532,1,DNS,KT,DNS,KT,Blue,Clozer,Annie,Seraphine,MID,6,12.0,1.0,False,Loss
2919532,1,DNS,KT,DNS,KT,Blue,deokdam,Ashe,Annie,BOT,7,17.0,2.0,False,Loss
2919532,1,DNS,KT,KT,DNS,Red,Aiming,Ezreal,Renekton,BOT,8,18.0,2.0,True,Win
2919532,1,DNS,KT,KT,DNS,Red,Effort,Karma,Akali,SUP,9,19.0,2.0,True,Win
2919532,1,DNS,KT,DNS,KT,Blue,Quantum,Seraphine,Gnar,SUP,10,20.0,2.0,False,Loss
2919532,2,KT,DNS,DNS,KT,Red,DuDu,KSante,Orianna,TOP,1,7.0,1.0,False,Loss
2919532,2,KT,DNS,KT,DNS,Blue,PerfecT,Zaahen,Ryze,TOP,2,8.0,1.0,True,Win
2919532,2,KT,DNS,KT,DNS,Blue,Cuzz,Nocturne,Nocturne,JGL,3,9.0,1.0,True,Win
2919532,2,KT,DNS,DNS,KT,Red,Pyosik,Vi,Yunara,JGL,4,10.0,1.0,False,Loss
2919532,2,KT,DNS,DNS,KT,Red,Clozer,Orianna,Lulu,MID,5,11.0,1.0,False,Loss
2919532,2,KT,DNS,KT,DNS,Blue,Bdd,Ryze,Bard,MID,6,12.0,1.0,True,Win
2919532,2,KT,DNS,KT,DNS,Blue,Aiming,Jhin,Jhin,BOT,7,17.0,2.0,True,Win
2919532,2,KT,DNS,DNS,KT,Red,deokdam,Yunara,Vi,BOT,8,18.0,2.0,False,Loss
2919532,2,KT,DNS,DNS,KT,Red,Quantum,Lulu,K'Sante,SUP,9,19.0,2.0,False,Loss
2919532,2,KT,DNS,KT,DNS,Blue,Effort,Bard,Zaahen,SUP,10,20.0,2.0,True,Win
2919533,1,BRO,NS,NS,BRO,Red,Kingen,Jayce,Xin Zhao,TOP,1,7.0,1.0,False,Loss
2919533,1,BRO,NS,BRO,NS,Blue,Casting,Sion,Neeko,TOP,2,8.0,1.0,True,Win
2919533,1,BRO,NS,BRO,NS,Blue,GIDEON,Nocturne,Ezreal,JGL,3,9.0,1.0,True,Win
2919533,1,BRO,NS,NS,BRO,Red,Sponge,XinZhao,Yunara,JGL,4,10.0,1.0,False,Loss
2919533,1,BRO,NS,NS,BRO,Red,Scout,Leblanc,Lulu,MID,5,11.0,1.0,False,Loss
2919533,1,BRO,NS,BRO,NS,Blue,Loki,Aurora,Nocturne,MID,6,12.0,1.0,True,Win
2919533,1,BRO,NS,BRO,NS,Blue,Teddy,Ezreal,Aurora,BOT,7,17.0,2.0,True,Win
2919533,1,BRO,NS,NS,BRO,Red,Taeyoon,Yunara,Jayce,BOT,8,18.0,2.0,False,Loss
2919533,1,BRO,NS,NS,BRO,Red,Lehends,Lulu,LeBlanc,SUP,9,19.0,2.0,False,Loss
2919533,1,BRO,NS,BRO,NS,Blue,Namgung,Neeko,Sion,SUP,10,20.0,2.0,True,Win
2919533,2,NS,BRO,BRO,NS,Red,Casting,KSante,Karma,TOP,1,7.0,1.0,False,Loss
2919533,2,NS,BRO,NS,BRO,Blue,Kingen,Renekton,Caitlyn,TOP,2,8.0,1.0,True,Win
2919533,2,NS,BRO,NS,BRO,Blue,Sponge,Poppy,Bard,JGL,3,9.0,1.0,True,Win
2919533,2,NS,BRO,BRO,NS,Red,GIDEON,LeeSin,Jhin,JGL,4,10.0,1.0,False,Loss
2919533,2,NS,BRO,BRO,NS,Red,Loki,Ryze,Ryze,MID,5,11.0,1.0,False,Loss
2919533,2,NS,BRO,NS,BRO,Blue,Scout,Azir,Azir,MID,6,12.0,1.0,True,Win
2919533,2,NS,BRO,NS,BRO,Blue,Taeyoon,Caitlyn,Renekton,BOT,7,17.0,2.0,True,Win
2919533,2,NS,BRO,BRO,NS,Red,Teddy,Jhin,Lee Sin,BOT,8,18.0,2.0,False,Loss
2919533,2,NS,BRO,BRO,NS,Red,Namgung,Karma,K'Sante,SUP,9,19.0,2.0,False,Loss
2919533,2,NS,BRO,NS,BRO,Blue,Lehends,Bard,Poppy,SUP,10,20.0,2.0,True,Win
2919533,3,BRO,NS,NS,BRO,Red,Kingen,Ambessa,Vi,TOP,1,7.0,1.0,True,Win
2919533,3,BRO,NS,BRO,NS,Blue,Casting,Gnar,Ashe,TOP,2,8.0,1.0,False,Loss
2919533,3,BRO,NS,BRO,NS,Blue,GIDEON,Naafiri,Seraphine,JGL,3,9.0,1.0,False,Loss
2919533,3,BRO,NS,NS,BRO,Red,Sponge,Vi,Ambessa,JGL,4,10.0,1.0,True,Win
2919533,3,BRO,NS,NS,BRO,Red,Scout,Yone,Ziggs,MID,5,11.0,1.0,True,Win
2919533,3,BRO,NS,BRO,NS,Blue,Loki,Taliyah,Gnar,MID,6,12.0,1.0,False,Loss
2919533,3,BRO,NS,BRO,NS,Blue,Teddy,Ashe,Taliyah,BOT,7,17.0,2.0,False,Loss
2919533,3,BRO,NS,NS,BRO,Red,Taeyoon,Ziggs,Yone,BOT,8,18.0,2.0,True,Win
2919533,3,BRO,NS,NS,BRO,Red,Lehends,Leona,Leona,SUP,9,19.0,2.0,True,Win
2919533,3,BRO,NS,BRO,NS,Blue,Namgung,Seraphine,Naafiri,SUP,10,20.0,2.0,False,Loss
2919534,1,T1,KRX,KRX,T1,Red,Rich,KSante,Ezreal,TOP,1,7.0,1.0,False,Loss
2919534,1,T1,KRX,T1,KRX,Blue,Doran,Rumble,Rumble,TOP,2,8.0,1.0,True,Win
2919534,1,T1,KRX,T1,KRX,Blue,Oner,XinZhao,Xin Zhao,JGL,3,9.0,1.0,True,Win
2919534,1,T1,KRX,KRX,T1,Red,Willer,JarvanIV,Ryze,JGL,4,10.0,1.0,False,Loss
2919534,1,T1,KRX,KRX,T1,Red,Ucal,Ryze,Anivia,MID,5,11.0,1.0,False,Loss
2919534,1,T1,KRX,T1,KRX,Blue,Faker,TwistedFate,Twisted Fate,MID,6,12.0,1.0,True,Win
2919534,1,T1,KRX,T1,KRX,Blue,Peyz,Jhin,Jhin,BOT,7,17.0,2.0,True,Win
2919534,1,T1,KRX,KRX,T1,Red,LazyFeel,Ezreal,Jarvan IV,BOT,8,18.0,2.0,False,Loss
2919534,1,T1,KRX,KRX,T1,Red,Andil,Anivia,K'Sante,SUP,9,19.0,2.0,False,Loss
2919534,1,T1,KRX,T1,KRX,Blue,Keria,Camille,Camille,SUP,10,20.0,2.0,True,Win
2919534,2,T1,KRX,KRX,T1,Red,Rich,Renekton,Orianna,TOP,1,7.0,1.0,False,Loss
2919534,2,T1,KRX,T1,KRX,Blue,Doran,Vayne,Azir,TOP,2,8.0,1.0,True,Win
2919534,2,T1,KRX,T1,KRX,Blue,Oner,Pantheon,Pantheon,JGL,3,9.0,1.0,True,Win
2919534,2,T1,KRX,KRX,T1,Red,Willer,Vi,Renekton,JGL,4,10.0,1.0,False,Loss
2919534,2,T1,KRX,KRX,T1,Red,Ucal,Orianna,Vi,MID,5,11.0,1.0,False,Loss
2919534,2,T1,KRX,T1,KRX,Blue,Faker,Azir,Vayne,MID,6,12.0,1.0,True,Win
2919534,2,T1,KRX,T1,KRX,Blue,Peyz,Ashe,Ashe,BOT,7,17.0,2.0,True,Win
2919534,2,T1,KRX,KRX,T1,Red,LazyFeel,Yunara,Yunara,BOT,8,18.0,2.0,False,Loss
2919534,2,T1,KRX,KRX,T1,Red,Andil,Lulu,Lulu,SUP,9,19.0,2.0,False,Loss
2919534,2,T1,KRX,T1,KRX,Blue,Keria,Seraphine,Seraphine,SUP,10,20.0,2.0,True,Win
2925544,1,SHE,CG,SHE,CG,Blue,Brut,Gnar,Karma,TOP,1,7.0,1.0,False,Loss
2925544,1,SHE,CG,CG,SHE,Red,Iobellan,Malphite,Xin Zhao,TOP,2,8.0,1.0,True,Win
2925544,1,SHE,CG,CG,SHE,Red,Fragola,XinZhao,Corki,JGL,3,9.0,1.0,True,Win
2925544,1,SHE,CG,SHE,CG,Blue,enayi,Vi,Ashe,JGL,4,10.0,1.0,False,Loss
2925544,1,SHE,CG,SHE,CG,Blue,Divine,Galio,Vi,MID,5,11.0,1.0,False,Loss
2925544,1,SHE,CG,CG,SHE,Red,Sharon,Aurora,Aurora,MID,6,12.0,1.0,True,Win
2925544,1,SHE,CG,CG,SHE,Red,PiskHeLLo,Corki,Nami,BOT,7,17.0,2.0,True,Win
2925544,1,SHE,CG,SHE,CG,Blue,xHikama,Ashe,Gnar,BOT,8,18.0,2.0,False,Loss
2925544,1,SHE,CG,SHE,CG,Blue,S1D,Karma,Galio,SUP,9,19.0,2.0,False,Loss
2925544,1,SHE,CG,CG,SHE,Red,Nash,Nami,Malphite,SUP,10,20.0,2.0,True,Win
2925545,1,TTS,EKO,TTS,EKO,Blue,Lerax,Ambessa,Ambessa,TOP,1,7.0,1.0,False,Loss
2925545,1,TTS,EKO,EKO,TTS,Red,TheMountain,Sion,Sion,TOP,2,8.0,1.0,True,Win
2925545,1,TTS,EKO,EKO,TTS,Red,Izo,DrMundo,Ashe,JGL,3,9.0,1.0,True,Win
2925545,1,TTS,EKO,TTS,EKO,Blue,Lesranct,Vi,Corki,JGL,4,10.0,1.0,False,Loss
2925545,1,TTS,EKO,TTS,EKO,Blue,Dashkai,Orianna,Orianna,MID,5,11.0,1.0,False,Loss
2925545,1,TTS,EKO,EKO,TTS,Red,Lukee,Syndra,Seraphine,MID,6,12.0,1.0,True,Win
2925545,1,TTS,EKO,EKO,TTS,Red,Alessio,Ashe,Syndra,BOT,7,17.0,2.0,True,Win
2925545,1,TTS,EKO,TTS,EKO,Blue,RaptoSauros,Corki,Vi,BOT,8,18.0,2.0,False,Loss
2925545,1,TTS,EKO,TTS,EKO,Blue,Bubba,Nautilus,Nautilus,SUP,9,19.0,2.0,False,Loss
2925545,1,TTS,EKO,EKO,TTS,Red,Corri,Seraphine,Dr. Mundo,SUP,10,20.0,2.0,True,Win
2925546,1,ATA,ZENA,ATA,ZENA,Blue,TheSerius,Akali,Akali,TOP,1,7.0,1.0,True,Win
2925546,1,ATA,ZENA,ZENA,ATA,Red,Raffy,Zaahen,Zaahen,TOP,2,8.0,1.0,False,Loss
2925546,1,ATA,ZENA,ZENA,ATA,Red,Jekko,Pantheon,Pantheon,JGL,3,9.0,1.0,False,Loss
2925546,1,ATA,ZENA,ATA,ZENA,Blue,Groudon,XinZhao,Xin Zhao,JGL,4,10.0,1.0,True,Win
2925546,1,ATA,ZENA,ATA,ZENA,Blue,Alvanai,Smolder,Smolder,MID,5,11.0,1.0,True,Win
2925546,1,ATA,ZENA,ZENA,ATA,Red,Xen0gan,Galio,Galio,MID,6,12.0,1.0,False,Loss
2925546,1,ATA,ZENA,ZENA,ATA,Red,ilyy,Ashe,Ashe,BOT,7,17.0,2.0,False,Loss
2925546,1,ATA,ZENA,ATA,ZENA,Blue,Pericolo,Ezreal,Ezreal,BOT,8,18.0,2.0,True,Win
2925546,1,ATA,ZENA,ATA,ZENA,Blue,CloudStrike,Nautilus,Nautilus,SUP,9,19.0,2.0,True,Win
2925546,1,ATA,ZENA,ZENA,ATA,Red,OrthoZero,Seraphine,Seraphine,SUP,10,20.0,2.0,False,Loss
2925547,1,HMB,GMB,HMB,GMB,Blue,APP,Rumble,Rumble,TOP,1,7.0,1.0,True,Win
2925547,1,HMB,GMB,GMB,HMB,Red,SkaR,Galio,Galio,TOP,2,8.0,1.0,False,Loss
2925547,1,HMB,GMB,GMB,HMB,Red,Mario,Pantheon,Pantheon,JGL,3,9.0,1.0,False,Loss
2925547,1,HMB,GMB,HMB,GMB,Blue,adi1,Poppy,Sivir,JGL,4,10.0,1.0,True,Win
2925547,1,HMB,GMB,HMB,GMB,Blue,Vigil,Viktor,Lulu,MID,5,11.0,1.0,True,Win
2925547,1,HMB,GMB,GMB,HMB,Red,DejaVu,Syndra,Alistar,MID,6,12.0,1.0,False,Loss
2925547,1,HMB,GMB,GMB,HMB,Red,Rharesh,Senna,Senna,BOT,7,17.0,2.0,False,Loss
2925547,1,HMB,GMB,HMB,GMB,Blue,Tyrone,Sivir,Viktor,BOT,8,18.0,2.0,True,Win
2925547,1,HMB,GMB,HMB,GMB,Blue,Click,Lulu,Poppy,SUP,9,19.0,2.0,True,Win
2925547,1,HMB,GMB,GMB,HMB,Red,Shredder,Alistar,Syndra,SUP,10,20.0,2.0,False,Loss
2925548,1,GMB,ATA,GMB,ATA,Blue,SkaR,Ornn,Orianna,TOP,1,7.0,1.0,True,Win
2925548,1,GMB,ATA,ATA,GMB,Red,TheSerius,Vladimir,Yone,TOP,2,8.0,1.0,False,Loss
2925548,1,GMB,ATA,ATA,GMB,Red,Groudon,Sejuani,Sejuani,JGL,3,9.0,1.0,False,Loss
2925548,1,GMB,ATA,GMB,ATA,Blue,Mario,Pantheon,Pantheon,JGL,4,10.0,1.0,True,Win
2925548,1,GMB,ATA,GMB,ATA,Blue,DejaVu,Orianna,Yunara,MID,5,11.0,1.0,True,Win
2925548,1,GMB,ATA,ATA,GMB,Red,Alvanai,Yone,Corki,MID,6,12.0,1.0,False,Loss
2925548,1,GMB,ATA,ATA,GMB,Red,Pericolo,Corki,Rell,BOT,7,17.0,2.0,False,Loss
2925548,1,GMB,ATA,GMB,ATA,Blue,Rharesh,Yunara,Alistar,BOT,8,18.0,2.0,True,Win
2925548,1,GMB,ATA,GMB,ATA,Blue,Shredder,Alistar,Ornn,SUP,9,19.0,2.0,True,Win
2925548,1,GMB,ATA,ATA,GMB,Red,CloudStrike,Rell,Vladimir,SUP,10,20.0,2.0,False,Loss
2925549,1,HMB,CG,HMB,CG,Blue,APP,Aatrox,Aurora,TOP,1,7.0,1.0,True,Win
2925549,1,HMB,CG,CG,HMB,Red,Iobellan,Sion,Jarvan IV,TOP,2,8.0,1.0,False,Loss
2925549,1,HMB,CG,CG,HMB,Red,Fragola,JarvanIV,Sion,JGL,3,9.0,1.0,False,Loss
2925549,1,HMB,CG,HMB,CG,Blue,adi1,XinZhao,Xin Zhao,JGL,4,10.0,1.0,True,Win
2925549,1,HMB,CG,HMB,CG,Blue,Vigil,Aurora,Ezreal,MID,5,11.0,1.0,True,Win
2925549,1,HMB,CG,CG,HMB,Red,Sharon,Syndra,Corki,MID,6,12.0,1.0,False,Loss
2925549,1,HMB,CG,CG,HMB,Red,PiskHeLLo,Corki,Syndra,BOT,7,17.0,2.0,False,Loss
2925549,1,HMB,CG,HMB,CG,Blue,Tyrone,Ezreal,Aatrox,BOT,8,18.0,2.0,True,Win
2925549,1,HMB,CG,HMB,CG,Blue,Click,Rell,Rell,SUP,9,19.0,2.0,True,Win
2925549,1,HMB,CG,CG,HMB,Red,Nash,Nautilus,Nautilus,SUP,10,20.0,2.0,False,Loss
2925550,1,EKO,ZENA,EKO,ZENA,Blue,TheMountain,Sion,Seraphine,TOP,1,7.0,1.0,True,Win
2925550,1,EKO,ZENA,ZENA,EKO,Red,Raffy,Ambessa,Ambessa,TOP,2,8.0,1.0,False,Loss
2925550,1,EKO,ZENA,ZENA,EKO,Red,Jekko,Nocturne,Hwei,JGL,3,9.0,1.0,False,Loss
2925550,1,EKO,ZENA,EKO,ZENA,Blue,Izo,XinZhao,Xin Zhao,JGL,4,10.0,1.0,True,Win
2925550,1,EKO,ZENA,EKO,ZENA,Blue,Lukee,Anivia,Sion,MID,5,11.0,1.0,True,Win
2925550,1,EKO,ZENA,ZENA,EKO,Red,Xen0gan,Aurora,Rell,MID,6,12.0,1.0,False,Loss
2925550,1,EKO,ZENA,ZENA,EKO,Red,MeMo1,Hwei,Aurora,BOT,7,17.0,2.0,False,Loss
2925550,1,EKO,ZENA,EKO,ZENA,Blue,Alessio,Varus,Varus,BOT,8,18.0,2.0,True,Win
2925550,1,EKO,ZENA,EKO,ZENA,Blue,Corri,Seraphine,Anivia,SUP,9,19.0,2.0,True,Win
2925550,1,EKO,ZENA,ZENA,EKO,Red,OrthoZero,Rell,Nocturne,SUP,10,20.0,2.0,False,Loss
2925551,1,SHE,TTS,SHE,TTS,Blue,Brut,Aatrox,Karma,TOP,1,7.0,1.0,False,Loss
2925551,1,SHE,TTS,TTS,SHE,Red,Lerax,Sion,Nautilus,TOP,2,8.0,1.0,True,Win
2925551,1,SHE,TTS,TTS,SHE,Red,Lesranct,DrMundo,Varus,JGL,3,9.0,1.0,True,Win
2925551,1,SHE,TTS,SHE,TTS,Blue,enayi,XinZhao,Sivir,JGL,4,10.0,1.0,False,Loss
2925551,1,SHE,TTS,SHE,TTS,Blue,Divine,Orianna,Xin Zhao,MID,5,11.0,1.0,False,Loss
2925551,1,SHE,TTS,TTS,SHE,Red,Dashkai,Viktor,Sion,MID,6,12.0,1.0,True,Win
2925551,1,SHE,TTS,TTS,SHE,Red,RaptoSauros,Varus,Dr. Mundo,BOT,7,17.0,2.0,True,Win
2925551,1,SHE,TTS,SHE,TTS,Blue,xHikama,Sivir,Aatrox,BOT,8,18.0,2.0,False,Loss
2925551,1,SHE,TTS,SHE,TTS,Blue,S1D,Karma,Orianna,SUP,9,19.0,2.0,False,Loss
2925551,1,SHE,TTS,TTS,SHE,Red,Bubba,Nautilus,Viktor,SUP,10,20.0,2.0,True,Win
2925552,1,GMB,EKO,GMB,EKO,Blue,SkaR,Chogath,Pantheon,TOP,1,7.0,1.0,False,Loss
2925552,1,GMB,EKO,EKO,GMB,Red,TheMountain,Sion,Jarvan IV,TOP,2,8.0,1.0,True,Win
2925552,1,GMB,EKO,EKO,GMB,Red,Izo,JarvanIV,Seraphine,JGL,3,9.0,1.0,True,Win
2925552,1,GMB,EKO,GMB,EKO,Blue,Mario,Pantheon,Caitlyn,JGL,4,10.0,1.0,False,Loss
2925552,1,GMB,EKO,GMB,EKO,Blue,DejaVu,Aurora,Bard,MID,5,11.0,1.0,False,Loss
2925552,1,GMB,EKO,EKO,GMB,Red,Lukee,Lissandra,Ashe,MID,6,12.0,1.0,True,Win
2925552,1,GMB,EKO,EKO,GMB,Red,Alessio,Ashe,Sion,BOT,7,17.0,2.0,True,Win
2925552,1,GMB,EKO,GMB,EKO,Blue,Rharesh,Caitlyn,Aurora,BOT,8,18.0,2.0,False,Loss
2925552,1,GMB,EKO,GMB,EKO,Blue,Shredder,Bard,Cho'Gath,SUP,9,19.0,2.0,False,Loss
2925552,1,GMB,EKO,EKO,GMB,Red,Corri,Seraphine,Lissandra,SUP,10,20.0,2.0,True,Win
2925553,1,SHE,ZENA,SHE,ZENA,Blue,Brut,Gangplank,Corki,TOP,1,7.0,1.0,False,Loss
2925553,1,SHE,ZENA,ZENA,SHE,Red,Raffy,Sion,Yunara,TOP,2,8.0,1.0,True,Win
2925553,1,SHE,ZENA,ZENA,SHE,Red,Jekko,LeeSin,Lulu,JGL,3,9.0,1.0,True,Win
2925553,1,SHE,ZENA,SHE,ZENA,Blue,enayi,JarvanIV,Nautilus,JGL,4,10.0,1.0,False,Loss
2925553,1,SHE,ZENA,SHE,ZENA,Blue,Divine,Syndra,Jarvan IV,MID,5,11.0,1.0,False,Loss
2925553,1,SHE,ZENA,ZENA,SHE,Red,MeMo1,Ahri,Sion,MID,6,12.0,1.0,True,Win
2925553,1,SHE,ZENA,ZENA,SHE,Red,ilyy,Yunara,Lee Sin,BOT,7,17.0,2.0,True,Win
2925553,1,SHE,ZENA,SHE,ZENA,Blue,xHikama,Corki,Gangplank,BOT,8,18.0,2.0,False,Loss
2925553,1,SHE,ZENA,SHE,ZENA,Blue,S1D,Nautilus,Syndra,SUP,9,19.0,2.0,False,Loss
2925553,1,SHE,ZENA,ZENA,SHE,Red,OrthoZero,Lulu,Ahri,SUP,10,20.0,2.0,True,Win
2925554,1,CG,TTS,CG,TTS,Blue,Iobellan,Zaahen,Ezreal,TOP,1,7.0,1.0,True,Win
2925554,1,CG,TTS,TTS,CG,Red,Lerax,Sion,Corki,TOP,2,8.0,1.0,False,Loss
2925554,1,CG,TTS,TTS,CG,Red,Lesranct,DrMundo,Dr. Mundo,JGL,3,9.0,1.0,False,Loss
2925554,1,CG,TTS,CG,TTS,Blue,Fragola,JarvanIV,Jarvan IV,JGL,4,10.0,1.0,True,Win
2925554,1,CG,TTS,CG,TTS,Blue,Sharon,Orianna,Karma,MID,5,11.0,1.0,True,Win
2925554,1,CG,TTS,TTS,CG,Red,Dashkai,Ryze,Nami,MID,6,12.0,1.0,False,Loss
2925554,1,CG,TTS,TTS,CG,Red,RaptoSauros,Corki,Sion,BOT,7,17.0,2.0,False,Loss
2925554,1,CG,TTS,CG,TTS,Blue,PiskHeLLo,Ezreal,Orianna,BOT,8,18.0,2.0,True,Win
2925554,1,CG,TTS,CG,TTS,Blue,Nash,Karma,Zaahen,SUP,9,19.0,2.0,True,Win
2925554,1,CG,TTS,TTS,CG,Red,Bubba,Nami,Ryze,SUP,10,20.0,2.0,False,Loss
2925555,1,ATA,HMB,ATA,HMB,Blue,TheSerius,Camille,Ryze,TOP,1,7.0,1.0,False,Loss
2925555,1,ATA,HMB,HMB,ATA,Red,APP,Gwen,Ezreal,TOP,2,8.0,1.0,True,Win
2925555,1,ATA,HMB,HMB,ATA,Red,adi1,XinZhao,Xin Zhao,JGL,3,9.0,1.0,True,Win
2925555,1,ATA,HMB,ATA,HMB,Blue,Groudon,MonkeyKing,Wukong,JGL,4,10.0,1.0,False,Loss
2925555,1,ATA,HMB,ATA,HMB,Blue,Alvanai,Ryze,Sivir,MID,5,11.0,1.0,False,Loss
2925555,1,ATA,HMB,HMB,ATA,Red,Vigil,Anivia,Anivia,MID,6,12.0,1.0,True,Win
2925555,1,ATA,HMB,HMB,ATA,Red,Tyrone,Ezreal,Karma,BOT,7,17.0,2.0,True,Win
2925555,1,ATA,HMB,ATA,HMB,Blue,Pericolo,Sivir,Camille,BOT,8,18.0,2.0,False,Loss
2925555,1,ATA,HMB,ATA,HMB,Blue,mT,Lulu,Lulu,SUP,9,19.0,2.0,False,Loss
2925555,1,ATA,HMB,HMB,ATA,Red,Click,Karma,Gwen,SUP,10,20.0,2.0,True,Win
2925559,1,TTS,ZENA,TTS,ZENA,Blue,Lerax,Darius,Ezreal,TOP,1,7.0,1.0,False,Loss
2925559,1,TTS,ZENA,ZENA,TTS,Red,Raffy,Gwen,Galio,TOP,2,8.0,1.0,True,Win
2925559,1,TTS,ZENA,ZENA,TTS,Red,Jekko,JarvanIV,Jarvan IV,JGL,3,9.0,1.0,True,Win
2925559,1,TTS,ZENA,TTS,ZENA,Blue,Lesranct,Aatrox,Aatrox,JGL,4,10.0,1.0,False,Loss
2925559,1,TTS,ZENA,TTS,ZENA,Blue,Dashkai,Syndra,Syndra,MID,5,11.0,1.0,False,Loss
2925559,1,TTS,ZENA,ZENA,TTS,Red,MeMo1,Galio,Gwen,MID,6,12.0,1.0,True,Win
2925559,1,TTS,ZENA,ZENA,TTS,Red,ilyy,MissFortune,Miss Fortune,BOT,7,17.0,2.0,True,Win
2925559,1,TTS,ZENA,TTS,ZENA,Blue,RaptoSauros,Ezreal,Darius,BOT,8,18.0,2.0,False,Loss
2925559,1,TTS,ZENA,TTS,ZENA,Blue,Bubba,Bard,Bard,SUP,9,19.0,2.0,False,Loss
2925559,1,TTS,ZENA,ZENA,TTS,Red,OrthoZero,Rell,Rell,SUP,10,20.0,2.0,True,Win
2925560,1,EKO,HMB,EKO,HMB,Blue,TheMountain,Malphite,Qiyana,TOP,1,7.0,1.0,False,Loss
2925560,1,EKO,HMB,HMB,EKO,Red,APP,Ambessa,Jarvan IV,TOP,2,8.0,1.0,True,Win
2925560,1,EKO,HMB,HMB,EKO,Red,adi1,JarvanIV,Sivir,JGL,3,9.0,1.0,True,Win
2925560,1,EKO,HMB,EKO,HMB,Blue,Izo,Qiyana,Varus,JGL,4,10.0,1.0,False,Loss
2925560,1,EKO,HMB,EKO,HMB,Blue,Lukee,Lissandra,Lissandra,MID,5,11.0,1.0,False,Loss
2925560,1,EKO,HMB,HMB,EKO,Red,Vigil,Viktor,Alistar,MID,6,12.0,1.0,True,Win
2925560,1,EKO,HMB,HMB,EKO,Red,Tyrone,Sivir,Viktor,BOT,7,17.0,2.0,True,Win
2925560,1,EKO,HMB,EKO,HMB,Blue,Alessio,Varus,Karma,BOT,8,18.0,2.0,False,Loss
2925560,1,EKO,HMB,EKO,HMB,Blue,Corri,Karma,Malphite,SUP,9,19.0,2.0,False,Loss
2925560,1,EKO,HMB,HMB,EKO,Red,Click,Alistar,Ambessa,SUP,10,20.0,2.0,True,Win
2925561,1,GMB,SHE,GMB,SHE,Blue,SkaR,Rumble,Rumble,TOP,1,7.0,1.0,True,Win
2925561,1,GMB,SHE,SHE,GMB,Red,Brut,Gnar,Corki,TOP,2,8.0,1.0,False,Loss
2925561,1,GMB,SHE,SHE,GMB,Red,enayi,Maokai,Nami,JGL,3,9.0,1.0,False,Loss
2925561,1,GMB,SHE,GMB,SHE,Blue,Mario,Nocturne,Nocturne,JGL,4,10.0,1.0,True,Win
2925561,1,GMB,SHE,GMB,SHE,Blue,DejaVu,Aurora,Rakan,MID,5,11.0,1.0,True,Win
2925561,1,GMB,SHE,SHE,GMB,Red,Divine,Veigar,Gnar,MID,6,12.0,1.0,False,Loss
2925561,1,GMB,SHE,SHE,GMB,Red,xHikama,Corki,Maokai,BOT,7,17.0,2.0,False,Loss
2925561,1,GMB,SHE,GMB,SHE,Blue,Rharesh,Caitlyn,Caitlyn,BOT,8,18.0,2.0,True,Win
2925561,1,GMB,SHE,GMB,SHE,Blue,Shredder,Rakan,Aurora,SUP,9,19.0,2.0,True,Win
2925561,1,GMB,SHE,SHE,GMB,Red,S1D,Nami,Veigar,SUP,10,20.0,2.0,False,Loss
2925562,1,ATA,CG,ATA,CG,Blue,TheSerius,Camille,Camille,TOP,1,7.0,1.0,False,Loss
2925562,1,ATA,CG,CG,ATA,Red,Iobellan,Zaahen,Ezreal,TOP,2,8.0,1.0,True,Win
2925562,1,ATA,CG,CG,ATA,Red,Fragola,Vi,Vi,JGL,3,9.0,1.0,True,Win
2925562,1,ATA,CG,ATA,CG,Blue,Groudon,XinZhao,Xin Zhao,JGL,4,10.0,1.0,False,Loss
2925562,1,ATA,CG,ATA,CG,Blue,Alvanai,Aurora,Aurora,MID,5,11.0,1.0,False,Loss
2925562,1,ATA,CG,CG,ATA,Red,Sharon,Ahri,Karma,MID,6,12.0,1.0,True,Win
2925562,1,ATA,CG,CG,ATA,Red,PiskHeLLo,Ezreal,Ahri,BOT,7,17.0,2.0,True,Win
2925562,1,ATA,CG,ATA,CG,Blue,Pericolo,Varus,Varus,BOT,8,18.0,2.0,False,Loss
2925562,1,ATA,CG,ATA,CG,Blue,CloudStrike,Nautilus,Nautilus,SUP,9,19.0,2.0,False,Loss
2925562,1,ATA,CG,CG,ATA,Red,Nash,Karma,Zaahen,SUP,10,20.0,2.0,True,Win
2925563,1,ATA,EKO,ATA,EKO,Blue,TheSerius,Gwen,Ezreal,TOP,1,7.0,1.0,False,Loss
2925563,1,ATA,EKO,EKO,ATA,Red,TheMountain,Gnar,Xin Zhao,TOP,2,8.0,1.0,True,Win
2925563,1,ATA,EKO,EKO,ATA,Red,Izo,XinZhao,Yunara,JGL,3,9.0,1.0,True,Win
2925563,1,ATA,EKO,ATA,EKO,Blue,Groudon,Vi,Vi,JGL,4,10.0,1.0,False,Loss
2925563,1,ATA,EKO,ATA,EKO,Blue,Alvanai,Viktor,Gwen,MID,5,11.0,1.0,False,Loss
2925563,1,ATA,EKO,EKO,ATA,Red,Lukee,Ryze,Lulu,MID,6,12.0,1.0,True,Win
2925563,1,ATA,EKO,EKO,ATA,Red,Alessio,Yunara,Gnar,BOT,7,17.0,2.0,True,Win
2925563,1,ATA,EKO,ATA,EKO,Blue,Pericolo,Ezreal,Rell,BOT,8,18.0,2.0,False,Loss
2925563,1,ATA,EKO,ATA,EKO,Blue,CloudStrike,Rell,Viktor,SUP,9,19.0,2.0,False,Loss
2925563,1,ATA,EKO,EKO,ATA,Red,Corri,Lulu,Ryze,SUP,10,20.0,2.0,True,Win
2925564,1,GMB,TTS,GMB,TTS,Blue,SkaR,Camille,Nocturne,TOP,1,7.0,1.0,True,Win
2925564,1,GMB,TTS,TTS,GMB,Red,Lerax,Ornn,Orianna,TOP,2,8.0,1.0,False,Loss
2925564,1,GMB,TTS,TTS,GMB,Red,Lesranct,JarvanIV,Jarvan IV,JGL,3,9.0,1.0,False,Loss
2925564,1,GMB,TTS,GMB,TTS,Blue,Mario,Nocturne,Syndra,JGL,4,10.0,1.0,True,Win
2925564,1,GMB,TTS,GMB,TTS,Blue,DejaVu,Syndra,Sivir,MID,5,11.0,1.0,True,Win
2925564,1,GMB,TTS,TTS,GMB,Red,Dashkai,Orianna,Ezreal,MID,6,12.0,1.0,False,Loss
2925564,1,GMB,TTS,TTS,GMB,Red,RaptoSauros,Ezreal,Ornn,BOT,7,17.0,2.0,False,Loss
2925564,1,GMB,TTS,GMB,TTS,Blue,Rharesh,Sivir,Rakan,BOT,8,18.0,2.0,True,Win
2925564,1,GMB,TTS,GMB,TTS,Blue,Shredder,Rakan,Camille,SUP,9,19.0,2.0,True,Win
2925564,1,GMB,TTS,TTS,GMB,Red,Bubba,Nautilus,Nautilus,SUP,10,20.0,2.0,False,Loss
2925565,1,SHE,HMB,SHE,HMB,Blue,Brut,Rumble,Rumble,TOP,1,7.0,1.0,False,Loss
2925565,1,SHE,HMB,HMB,SHE,Red,APP,KSante,K'Sante,TOP,2,8.0,1.0,True,Win
2925565,1,SHE,HMB,HMB,SHE,Red,adi1,XinZhao,Xin Zhao,JGL,3,9.0,1.0,True,Win
2925565,1,SHE,HMB,SHE,HMB,Blue,enayi,Vi,Orianna,JGL,4,10.0,1.0,False,Loss
2925565,1,SHE,HMB,SHE,HMB,Blue,Divine,Orianna,Vi,MID,5,11.0,1.0,False,Loss
2925565,1,SHE,HMB,HMB,SHE,Red,Vigil,Akali,Akali,MID,6,12.0,1.0,True,Win
2925565,1,SHE,HMB,HMB,SHE,Red,Tyrone,Xayah,Xayah,BOT,7,17.0,2.0,True,Win
2925565,1,SHE,HMB,SHE,HMB,Blue,xHikama,Yunara,Yunara,BOT,8,18.0,2.0,False,Loss
2925565,1,SHE,HMB,SHE,HMB,Blue,S1D,Rakan,Rakan,SUP,9,19.0,2.0,False,Loss
2925565,1,SHE,HMB,HMB,SHE,Red,Click,Bard,Bard,SUP,10,20.0,2.0,True,Win
2925566,1,CG,ZENA,CG,ZENA,Blue,Iobellan,Fiora,Yunara,TOP,1,7.0,1.0,False,Loss
2925566,1,CG,ZENA,ZENA,CG,Red,Raffy,Sion,Lulu,TOP,2,8.0,1.0,True,Win
2925566,1,CG,ZENA,ZENA,CG,Red,Jekko,LeeSin,Sion,JGL,3,9.0,1.0,True,Win
2925566,1,CG,ZENA,CG,ZENA,Blue,Fragola,XinZhao,Xin Zhao,JGL,4,10.0,1.0,False,Loss
2925566,1,CG,ZENA,CG,ZENA,Blue,Sharon,Orianna,Orianna,MID,5,11.0,1.0,False,Loss
2925566,1,CG,ZENA,ZENA,CG,Red,MeMo1,Morgana,Ezreal,MID,6,12.0,1.0,True,Win
2925566,1,CG,ZENA,ZENA,CG,Red,ilyy,Ezreal,Morgana,BOT,7,17.0,2.0,True,Win
2925566,1,CG,ZENA,CG,ZENA,Blue,PiskHeLLo,Yunara,Fiora,BOT,8,18.0,2.0,False,Loss
2925566,1,CG,ZENA,CG,ZENA,Blue,Nash,Nami,Nami,SUP,9,19.0,2.0,False,Loss
2925566,1,CG,ZENA,ZENA,CG,Red,OrthoZero,Lulu,Lee Sin,SUP,10,20.0,2.0,True,Win
2925569,1,HMB,TTS,HMB,TTS,Blue,APP,Renekton,Azir,TOP,1,7.0,1.0,True,Win
2925569,1,HMB,TTS,TTS,HMB,Red,Lerax,Ornn,Yone,TOP,2,8.0,1.0,False,Loss
2925569,1,HMB,TTS,TTS,HMB,Red,Lesranct,Zyra,Varus,JGL,3,9.0,1.0,False,Loss
2925569,1,HMB,TTS,HMB,TTS,Blue,adi1,Pantheon,Pantheon,JGL,4,10.0,1.0,True,Win
2925569,1,HMB,TTS,HMB,TTS,Blue,Vigil,Azir,Renekton,MID,5,11.0,1.0,True,Win
2925569,1,HMB,TTS,TTS,HMB,Red,Dashkai,Yone,Ornn,MID,6,12.0,1.0,False,Loss
2925569,1,HMB,TTS,TTS,HMB,Red,RaptoSauros,Varus,Zyra,BOT,7,17.0,2.0,False,Loss
2925569,1,HMB,TTS,HMB,TTS,Blue,Tyrone,Ashe,Ashe,BOT,8,18.0,2.0,True,Win
2925569,1,HMB,TTS,HMB,TTS,Blue,Click,Seraphine,Seraphine,SUP,9,19.0,2.0,True,Win
2925569,1,HMB,TTS,TTS,HMB,Red,Bubba,Anivia,Anivia,SUP,10,20.0,2.0,False,Loss
2925571,1,ATA,SHE,ATA,SHE,Blue,TheSerius,KSante,Ryze,TOP,1,7.0,1.0,False,Loss
2925571,1,ATA,SHE,SHE,ATA,Red,Brut,Gwen,Xin Zhao,TOP,2,8.0,1.0,True,Win
2925571,1,ATA,SHE,SHE,ATA,Red,enayi,XinZhao,Anivia,JGL,3,9.0,1.0,True,Win
2925571,1,ATA,SHE,ATA,SHE,Blue,Groudon,JarvanIV,Ashe,JGL,4,10.0,1.0,False,Loss
2925571,1,ATA,SHE,ATA,SHE,Blue,Alvanai,Ryze,Seraphine,MID,5,11.0,1.0,False,Loss
2925571,1,ATA,SHE,SHE,ATA,Red,Divine,Anivia,Draven,MID,6,12.0,1.0,True,Win
2925571,1,ATA,SHE,SHE,ATA,Red,xHikama,Draven,Blitzcrank,BOT,7,17.0,2.0,True,Win
2925571,1,ATA,SHE,ATA,SHE,Blue,Pericolo,Ashe,Jarvan IV,BOT,8,18.0,2.0,False,Loss
2925571,1,ATA,SHE,ATA,SHE,Blue,CloudStrike,Seraphine,K'Sante,SUP,9,19.0,2.0,False,Loss
2925571,1,ATA,SHE,SHE,ATA,Red,S1D,Blitzcrank,Gwen,SUP,10,20.0,2.0,True,Win
2925573,1,CG,EKO,CG,EKO,Blue,Iobellan,Sett,Zaahen,TOP,1,7.0,1.0,True,Win
2925573,1,CG,EKO,EKO,CG,Red,TheMountain,Rumble,Jarvan IV,TOP,2,8.0,1.0,False,Loss
2925573,1,CG,EKO,EKO,CG,Red,Izo,JarvanIV,Karma,JGL,3,9.0,1.0,False,Loss
2925573,1,CG,EKO,CG,EKO,Blue,Yesu,Zaahen,Ezreal,JGL,4,10.0,1.0,True,Win
2925573,1,CG,EKO,CG,EKO,Blue,Sharon,Leblanc,Sett,MID,5,11.0,1.0,True,Win
2925573,1,CG,EKO,EKO,CG,Red,Lukee,Syndra,Rumble,MID,6,12.0,1.0,False,Loss
2925573,1,CG,EKO,EKO,CG,Red,Alessio,Caitlyn,Caitlyn,BOT,7,17.0,2.0,False,Loss
2925573,1,CG,EKO,CG,EKO,Blue,gwisin,Ezreal,Rakan,BOT,8,18.0,2.0,True,Win
2925573,1,CG,EKO,CG,EKO,Blue,Nash,Rakan,LeBlanc,SUP,9,19.0,2.0,True,Win
2925573,1,CG,EKO,EKO,CG,Red,Corri,Karma,Syndra,SUP,10,20.0,2.0,False,Loss
2925574,1,GMB,ZENA,GMB,ZENA,Blue,SkaR,Jax,Orianna,TOP,1,7.0,1.0,True,Win
2925574,1,GMB,ZENA,ZENA,GMB,Red,Raffy,Aatrox,Lulu,TOP,2,8.0,1.0,False,Loss
2925574,1,GMB,ZENA,ZENA,GMB,Red,Jekko,JarvanIV,Jarvan IV,JGL,3,9.0,1.0,False,Loss
2925574,1,GMB,ZENA,GMB,ZENA,Blue,Mario,Nocturne,Nocturne,JGL,4,10.0,1.0,True,Win
2925574,1,GMB,ZENA,GMB,ZENA,Blue,DejaVu,Orianna,Yunara,MID,5,11.0,1.0,True,Win
2925574,1,GMB,ZENA,ZENA,GMB,Red,MeMo1,Galio,Galio,MID,6,12.0,1.0,False,Loss
2925574,1,GMB,ZENA,ZENA,GMB,Red,ilyy,Aphelios,Aphelios,BOT,7,17.0,2.0,False,Loss
2925574,1,GMB,ZENA,GMB,ZENA,Blue,Rharesh,Yunara,Leona,BOT,8,18.0,2.0,True,Win
2925574,1,GMB,ZENA,GMB,ZENA,Blue,Shredder,Leona,Jax,SUP,9,19.0,2.0,True,Win
2925574,1,GMB,ZENA,ZENA,GMB,Red,OrthoZero,Lulu,Aatrox,SUP,10,20.0,2.0,False,Loss
2925575,1,HMB,ZENA,HMB,ZENA,Blue,APP,Varus,Varus,TOP,1,7.0,1.0,True,Win
2925575,1,HMB,ZENA,ZENA,HMB,Red,Raffy,Ambessa,Ambessa,TOP,2,8.0,1.0,False,Loss
2925575,1,HMB,ZENA,ZENA,HMB,Red,Jekko,LeeSin,Lulu,JGL,3,9.0,1.0,False,Loss
2925575,1,HMB,ZENA,HMB,ZENA,Blue,adi1,Pantheon,Pantheon,JGL,4,10.0,1.0,True,Win
2925575,1,HMB,ZENA,HMB,ZENA,Blue,Vigil,Syndra,Nautilus,MID,5,11.0,1.0,True,Win
2925575,1,HMB,ZENA,ZENA,HMB,Red,MeMo1,Hwei,Yunara,MID,6,12.0,1.0,False,Loss
2925575,1,HMB,ZENA,ZENA,HMB,Red,ilyy,Yunara,Hwei,BOT,7,17.0,2.0,False,Loss
2925575,1,HMB,ZENA,HMB,ZENA,Blue,Tyrone,Kaisa,Kai'Sa,BOT,8,18.0,2.0,True,Win
2925575,1,HMB,ZENA,HMB,ZENA,Blue,Click,Nautilus,Syndra,SUP,9,19.0,2.0,True,Win
2925575,1,HMB,ZENA,ZENA,HMB,Red,OrthoZero,Lulu,Lee Sin,SUP,10,20.0,2.0,False,Loss
2925576,1,GMB,CG,GMB,CG,Blue,SkaR,Renekton,Xin Zhao,TOP,1,7.0,1.0,False,Loss
2925576,1,GMB,CG,CG,GMB,Red,Iobellan,Zaahen,Zaahen,TOP,2,8.0,1.0,True,Win
2925576,1,GMB,CG,CG,GMB,Red,Yesu,JarvanIV,Ezreal,JGL,3,9.0,1.0,True,Win
2925576,1,GMB,CG,GMB,CG,Blue,Mario,XinZhao,Sivir,JGL,4,10.0,1.0,False,Loss
2925576,1,GMB,CG,GMB,CG,Blue,DejaVu,Viktor,Lulu,MID,5,11.0,1.0,False,Loss
2925576,1,GMB,CG,CG,GMB,Red,Sharon,Syndra,Rakan,MID,6,12.0,1.0,True,Win
2925576,1,GMB,CG,CG,GMB,Red,gwisin,Ezreal,Syndra,BOT,7,17.0,2.0,True,Win
2925576,1,GMB,CG,GMB,CG,Blue,Rharesh,Sivir,Viktor,BOT,8,18.0,2.0,False,Loss
2925576,1,GMB,CG,GMB,CG,Blue,Shredder,Lulu,Renekton,SUP,9,19.0,2.0,False,Loss
2925576,1,GMB,CG,CG,GMB,Red,Nash,Rakan,Jarvan IV,SUP,10,20.0,2.0,True,Win
2925577,1,ATA,TTS,ATA,TTS,Blue,TheSerius,Fiora,Jarvan IV,TOP,1,7.0,1.0,False,Loss
2925577,1,ATA,TTS,TTS,ATA,Red,Lerax,Ornn,Xin Zhao,TOP,2,8.0,1.0,True,Win
2925577,1,ATA,TTS,TTS,ATA,Red,Lesranct,XinZhao,Yunara,JGL,3,9.0,1.0,True,Win
2925577,1,ATA,TTS,ATA,TTS,Blue,Groudon,JarvanIV,Varus,JGL,4,10.0,1.0,False,Loss
2925577,1,ATA,TTS,ATA,TTS,Blue,Alvanai,Azir,Azir,MID,5,11.0,1.0,False,Loss
2925577,1,ATA,TTS,TTS,ATA,Red,Dashkai,Viktor,Lulu,MID,6,12.0,1.0,True,Win
2925577,1,ATA,TTS,TTS,ATA,Red,RaptoSauros,Yunara,Viktor,BOT,7,17.0,2.0,True,Win
2925577,1,ATA,TTS,ATA,TTS,Blue,Pericolo,Varus,Rell,BOT,8,18.0,2.0,False,Loss
2925577,1,ATA,TTS,ATA,TTS,Blue,CloudStrike,Rell,Fiora,SUP,9,19.0,2.0,False,Loss
2925577,1,ATA,TTS,TTS,ATA,Red,Bubba,Lulu,Ornn,SUP,10,20.0,2.0,True,Win
2925578,1,SHE,EKO,SHE,EKO,Blue,Brut,Gnar,Ashe,TOP,1,7.0,1.0,False,Loss
2925578,1,SHE,EKO,EKO,SHE,Red,TheMountain,Ornn,Seraphine,TOP,2,8.0,1.0,True,Win
2925578,1,SHE,EKO,EKO,SHE,Red,Izo,XinZhao,Xin Zhao,JGL,3,9.0,1.0,True,Win
2925578,1,SHE,EKO,SHE,EKO,Blue,enayi,JarvanIV,Karma,JGL,4,10.0,1.0,False,Loss
2925578,1,SHE,EKO,SHE,EKO,Blue,Divine,Viktor,Jarvan IV,MID,5,11.0,1.0,False,Loss
2925578,1,SHE,EKO,EKO,SHE,Red,Lukee,Mel,Senna,MID,6,12.0,1.0,True,Win
2925578,1,SHE,EKO,EKO,SHE,Red,Alessio,Senna,Ornn,BOT,7,17.0,2.0,True,Win
2925578,1,SHE,EKO,SHE,EKO,Blue,xHikama,Ashe,Gnar,BOT,8,18.0,2.0,False,Loss
2925578,1,SHE,EKO,SHE,EKO,Blue,S1D,Karma,Viktor,SUP,9,19.0,2.0,False,Loss
2925578,1,SHE,EKO,EKO,SHE,Red,Corri,Seraphine,Mel,SUP,10,20.0,2.0,True,Win
2914477,1,SHFT,FNC,FNC,SHFT,Red,Empyros,KSante,Karma,TOP,1,7.0,1.0,True,Win
2914477,1,SHFT,FNC,SHFT,FNC,Blue,Rooster,Jayce,Ezreal,TOP,2,8.0,1.0,False,Loss
2914477,1,SHFT,FNC,SHFT,FNC,Blue,Boukada,JarvanIV,Jarvan IV,JGL,3,9.0,1.0,False,Loss
2914477,1,SHFT,FNC,FNC,SHFT,Red,Razork,Skarner,Skarner,JGL,4,10.0,1.0,True,Win
2914477,1,SHFT,FNC,FNC,SHFT,Red,Vladi,Aurora,Caitlyn,MID,5,11.0,1.0,True,Win
2914477,1,SHFT,FNC,SHFT,FNC,Blue,nuc,Leblanc,Jayce,MID,6,12.0,1.0,False,Loss
2914477,1,SHFT,FNC,SHFT,FNC,Blue,Paduck,Ezreal,Nami,BOT,7,17.0,2.0,False,Loss
2914477,1,SHFT,FNC,FNC,SHFT,Red,Upset,Caitlyn,Aurora,BOT,8,18.0,2.0,True,Win
2914477,1,SHFT,FNC,FNC,SHFT,Red,Lospa,Karma,K'Sante,SUP,9,19.0,2.0,True,Win
2914477,1,SHFT,FNC,SHFT,FNC,Blue,Trymbi,Nami,LeBlanc,SUP,10,20.0,2.0,False,Loss
2914477,2,SHFT,FNC,SHFT,FNC,Blue,Rooster,Rumble,Rumble,TOP,1,7.0,1.0,False,Loss
2914477,2,SHFT,FNC,FNC,SHFT,Red,Empyros,Ornn,Pantheon,TOP,2,8.0,1.0,True,Win
2914477,2,SHFT,FNC,FNC,SHFT,Red,Razork,Pantheon,Ornn,JGL,3,9.0,1.0,True,Win
2914477,2,SHFT,FNC,SHFT,FNC,Blue,Boukada,Nocturne,Ryze,JGL,4,10.0,1.0,False,Loss
2914477,2,SHFT,FNC,SHFT,FNC,Blue,nuc,Ryze,Nocturne,MID,5,11.0,1.0,False,Loss
2914477,2,SHFT,FNC,FNC,SHFT,Red,Vladi,Anivia,Anivia,MID,6,12.0,1.0,True,Win
2914477,2,SHFT,FNC,FNC,SHFT,Red,Upset,Yunara,Neeko,BOT,7,17.0,2.0,True,Win
2914477,2,SHFT,FNC,SHFT,FNC,Blue,Paduck,Kalista,Kalista,BOT,8,18.0,2.0,False,Loss
2914477,2,SHFT,FNC,SHFT,FNC,Blue,Trymbi,Renata,Renata Glasc,SUP,9,19.0,2.0,False,Loss
2914477,2,SHFT,FNC,FNC,SHFT,Red,Lospa,Neeko,Yunara,SUP,10,20.0,2.0,True,Win
2914478,1,NAVI,KC,KC,NAVI,Red,Canna,Rumble,Rumble,TOP,1,7.0,1.0,True,Win
2914478,1,NAVI,KC,NAVI,KC,Blue,Maynter,KSante,Ezreal,TOP,2,8.0,1.0,False,Loss
2914478,1,NAVI,KC,NAVI,KC,Blue,Rhilech,Nocturne,Karma,JGL,3,9.0,1.0,False,Loss
2914478,1,NAVI,KC,KC,NAVI,Red,Yike,Pantheon,Ashe,JGL,4,10.0,1.0,True,Win
2914478,1,NAVI,KC,KC,NAVI,Red,kyeahoo,Annie,Seraphine,MID,5,11.0,1.0,True,Win
2914478,1,NAVI,KC,NAVI,KC,Blue,Poby,Ryze,Ryze,MID,6,12.0,1.0,False,Loss
2914478,1,NAVI,KC,NAVI,KC,Blue,SamD,Ezreal,K'Sante,BOT,7,17.0,2.0,False,Loss
2914478,1,NAVI,KC,KC,NAVI,Red,Caliste,Ashe,Pantheon,BOT,8,18.0,2.0,True,Win
2914478,1,NAVI,KC,KC,NAVI,Red,Busio,Seraphine,Annie,SUP,9,19.0,2.0,True,Win
2914478,1,NAVI,KC,NAVI,KC,Blue,Parus,Karma,Nocturne,SUP,10,20.0,2.0,False,Loss
2914478,2,NAVI,KC,NAVI,KC,Blue,Maynter,Ambessa,Lulu,TOP,1,7.0,1.0,False,Loss
2914478,2,NAVI,KC,KC,NAVI,Red,Canna,Varus,Azir,TOP,2,8.0,1.0,True,Win
2914478,2,NAVI,KC,KC,NAVI,Red,Yike,XinZhao,Nami,JGL,3,9.0,1.0,True,Win
2914478,2,NAVI,KC,NAVI,KC,Blue,Rhilech,Jayce,Yunara,JGL,4,10.0,1.0,False,Loss
2914478,2,NAVI,KC,NAVI,KC,Blue,Poby,Ziggs,Ziggs,MID,5,11.0,1.0,False,Loss
2914478,2,NAVI,KC,KC,NAVI,Red,kyeahoo,Azir,Corki,MID,6,12.0,1.0,True,Win
2914478,2,NAVI,KC,KC,NAVI,Red,Caliste,Corki,Xin Zhao,BOT,7,17.0,2.0,True,Win
2914478,2,NAVI,KC,NAVI,KC,Blue,SamD,Yunara,Jayce,BOT,8,18.0,2.0,False,Loss
2914478,2,NAVI,KC,NAVI,KC,Blue,Parus,Lulu,Ambessa,SUP,9,19.0,2.0,False,Loss
2914478,2,NAVI,KC,KC,NAVI,Red,Busio,Nami,Varus,SUP,10,20.0,2.0,True,Win
2914479,1,NAVI,FNC,FNC,NAVI,Red,Empyros,KSante,Jarvan IV,TOP,1,7.0,1.0,True,Win
2914479,1,NAVI,FNC,NAVI,FNC,Blue,Maynter,Gwen,Ezreal,TOP,2,8.0,1.0,False,Loss
2914479,1,NAVI,FNC,NAVI,FNC,Blue,Rhilech,XinZhao,Karma,JGL,3,9.0,1.0,False,Loss
2914479,1,NAVI,FNC,FNC,NAVI,Red,Razork,JarvanIV,Seraphine,JGL,4,10.0,1.0,True,Win
2914479,1,NAVI,FNC,FNC,NAVI,Red,Vladi,Viktor,Ashe,MID,5,11.0,1.0,True,Win
2914479,1,NAVI,FNC,NAVI,FNC,Blue,Poby,Aurora,Xin Zhao,MID,6,12.0,1.0,False,Loss
2914479,1,NAVI,FNC,NAVI,FNC,Blue,SamD,Ezreal,Aurora,BOT,7,17.0,2.0,False,Loss
2914479,1,NAVI,FNC,FNC,NAVI,Red,Upset,Ashe,K'Sante,BOT,8,18.0,2.0,True,Win
2914479,1,NAVI,FNC,FNC,NAVI,Red,Lospa,Seraphine,Viktor,SUP,9,19.0,2.0,True,Win
2914479,1,NAVI,FNC,NAVI,FNC,Blue,Parus,Karma,Gwen,SUP,10,20.0,2.0,False,Loss
2914479,2,NAVI,FNC,NAVI,FNC,Blue,Maynter,Ambessa,Pantheon,TOP,1,7.0,1.0,True,Win
2914479,2,NAVI,FNC,FNC,NAVI,Red,Empyros,Gnar,Corki,TOP,2,8.0,1.0,False,Loss
2914479,2,NAVI,FNC,FNC,NAVI,Red,Razork,Skarner,Nami,JGL,3,9.0,1.0,False,Loss
2914479,2,NAVI,FNC,NAVI,FNC,Blue,Rhilech,Pantheon,Caitlyn,JGL,4,10.0,1.0,True,Win
2914479,2,NAVI,FNC,NAVI,FNC,Blue,Poby,Syndra,Bard,MID,5,11.0,1.0,True,Win
2914479,2,NAVI,FNC,FNC,NAVI,Red,Vladi,Ahri,Skarner,MID,6,12.0,1.0,False,Loss
2914479,2,NAVI,FNC,FNC,NAVI,Red,Upset,Corki,Gnar,BOT,7,17.0,2.0,False,Loss
2914479,2,NAVI,FNC,NAVI,FNC,Blue,SamD,Caitlyn,Syndra,BOT,8,18.0,2.0,True,Win
2914479,2,NAVI,FNC,NAVI,FNC,Blue,Parus,Bard,Ambessa,SUP,9,19.0,2.0,True,Win
2914479,2,NAVI,FNC,FNC,NAVI,Red,Lospa,Nami,Ahri,SUP,10,20.0,2.0,False,Loss
2914479,3,NAVI,FNC,NAVI,FNC,Blue,Maynter,Sion,Azir,TOP,1,7.0,1.0,True,Win
2914479,3,NAVI,FNC,FNC,NAVI,Red,Empyros,Rumble,Rumble,TOP,2,8.0,1.0,False,Loss
2914479,3,NAVI,FNC,FNC,NAVI,Red,Razork,MonkeyKing,Yone,JGL,3,9.0,1.0,False,Loss
2914479,3,NAVI,FNC,NAVI,FNC,Blue,Rhilech,Zaahen,Zaahen,JGL,4,10.0,1.0,True,Win
2914479,3,NAVI,FNC,NAVI,FNC,Blue,Poby,Azir,Sion,MID,5,11.0,1.0,True,Win
2914479,3,NAVI,FNC,FNC,NAVI,Red,Vladi,Yone,Wukong,MID,6,12.0,1.0,False,Loss
2914479,3,NAVI,FNC,FNC,NAVI,Red,Upset,Sivir,Neeko,BOT,7,17.0,2.0,False,Loss
2914479,3,NAVI,FNC,NAVI,FNC,Blue,SamD,Xayah,Xayah,BOT,8,18.0,2.0,True,Win
2914479,3,NAVI,FNC,NAVI,FNC,Blue,Parus,Rakan,Rakan,SUP,9,19.0,2.0,True,Win
2914479,3,NAVI,FNC,FNC,NAVI,Red,Lospa,Neeko,Sivir,SUP,10,20.0,2.0,False,Loss
2914480,1,KC,SHFT,KC,SHFT,Blue,Canna,Gnar,Orianna,TOP,1,7.0,1.0,True,Win
2914480,1,KC,SHFT,SHFT,KC,Red,Rooster,Akali,Karma,TOP,2,8.0,1.0,False,Loss
2914480,1,KC,SHFT,SHFT,KC,Red,Boukada,Ambessa,Ezreal,JGL,3,9.0,1.0,False,Loss
2914480,1,KC,SHFT,KC,SHFT,Blue,Yike,Vi,Caitlyn,JGL,4,10.0,1.0,True,Win
2914480,1,KC,SHFT,KC,SHFT,Blue,kyeahoo,Orianna,Bard,MID,5,11.0,1.0,True,Win
2914480,1,KC,SHFT,SHFT,KC,Red,nuc,Azir,Azir,MID,6,12.0,1.0,False,Loss
2914480,1,KC,SHFT,SHFT,KC,Red,Paduck,Ezreal,Ambessa,BOT,7,17.0,2.0,False,Loss
2914480,1,KC,SHFT,KC,SHFT,Blue,Caliste,Caitlyn,Vi,BOT,8,18.0,2.0,True,Win
2914480,1,KC,SHFT,KC,SHFT,Blue,Busio,Bard,Gnar,SUP,9,19.0,2.0,True,Win
2914480,1,KC,SHFT,SHFT,KC,Red,Trymbi,Karma,Akali,SUP,10,20.0,2.0,False,Loss
2914480,2,SHFT,KC,KC,SHFT,Red,Canna,Aurora,Nami,TOP,1,7.0,1.0,False,Loss
2914480,2,SHFT,KC,SHFT,KC,Blue,Rooster,Irelia,Lucian,TOP,2,8.0,1.0,True,Win
2914480,2,SHFT,KC,SHFT,KC,Blue,Boukada,Viego,Milio,JGL,3,9.0,1.0,True,Win
2914480,2,SHFT,KC,KC,SHFT,Red,Yike,MonkeyKing,Corki,JGL,4,10.0,1.0,False,Loss
2914480,2,SHFT,KC,KC,SHFT,Red,kyeahoo,Ryze,Ryze,MID,5,11.0,1.0,False,Loss
2914480,2,SHFT,KC,SHFT,KC,Blue,nuc,Anivia,Anivia,MID,6,12.0,1.0,True,Win
2914480,2,SHFT,KC,SHFT,KC,Blue,Paduck,Lucian,Viego,BOT,7,17.0,2.0,True,Win
2914480,2,SHFT,KC,KC,SHFT,Red,Caliste,Corki,Wukong,BOT,8,18.0,2.0,False,Loss
2914480,2,SHFT,KC,KC,SHFT,Red,Busio,Nami,Aurora,SUP,9,19.0,2.0,False,Loss
2914480,2,SHFT,KC,SHFT,KC,Blue,Trymbi,Milio,Irelia,SUP,10,20.0,2.0,True,Win
2914480,3,KC,SHFT,KC,SHFT,Blue,Canna,Sion,Lulu,TOP,1,7.0,1.0,True,Win
2914480,3,KC,SHFT,SHFT,KC,Red,Rooster,Olaf,Varus,TOP,2,8.0,1.0,False,Loss
2914480,3,KC,SHFT,SHFT,KC,Red,Boukada,Sejuani,Neeko,JGL,3,9.0,1.0,False,Loss
2914480,3,KC,SHFT,KC,SHFT,Blue,Yike,Nocturne,Nocturne,JGL,4,10.0,1.0,True,Win
2914480,3,KC,SHFT,KC,SHFT,Blue,kyeahoo,Annie,Annie,MID,5,11.0,1.0,True,Win
2914480,3,KC,SHFT,SHFT,KC,Red,nuc,Cassiopeia,Cassiopeia,MID,6,12.0,1.0,False,Loss
2914480,3,KC,SHFT,SHFT,KC,Red,Paduck,Varus,Sejuani,BOT,7,17.0,2.0,False,Loss
2914480,3,KC,SHFT,KC,SHFT,Blue,Caliste,Sivir,Sion,BOT,8,18.0,2.0,True,Win
2914480,3,KC,SHFT,KC,SHFT,Blue,Busio,Lulu,Sivir,SUP,9,19.0,2.0,True,Win
2914480,3,KC,SHFT,SHFT,KC,Red,Trymbi,Neeko,Olaf,SUP,10,20.0,2.0,False,Loss
2914481,1,NAVI,SHFT,NAVI,SHFT,Blue,Maynter,Rumble,Ashe,TOP,1,7.0,1.0,True,Win
2914481,1,NAVI,SHFT,SHFT,NAVI,Red,Rooster,Aurora,Ezreal,TOP,2,8.0,1.0,False,Loss
2914481,1,NAVI,SHFT,SHFT,NAVI,Red,Boukada,Darius,Karma,JGL,3,9.0,1.0,False,Loss
2914481,1,NAVI,SHFT,NAVI,SHFT,Blue,Rhilech,XinZhao,Seraphine,JGL,4,10.0,1.0,True,Win
2914481,1,NAVI,SHFT,NAVI,SHFT,Blue,Poby,Viktor,Xin Zhao,MID,5,11.0,1.0,True,Win
2914481,1,NAVI,SHFT,SHFT,NAVI,Red,nuc,Ryze,Ryze,MID,6,12.0,1.0,False,Loss
2914481,1,NAVI,SHFT,SHFT,NAVI,Red,Paduck,Ezreal,Darius,BOT,7,17.0,2.0,False,Loss
2914481,1,NAVI,SHFT,NAVI,SHFT,Blue,SamD,Ashe,Rumble,BOT,8,18.0,2.0,True,Win
2914481,1,NAVI,SHFT,NAVI,SHFT,Blue,Parus,Seraphine,Viktor,SUP,9,19.0,2.0,True,Win
2914481,1,NAVI,SHFT,SHFT,NAVI,Red,Trymbi,Karma,Aurora,SUP,10,20.0,2.0,False,Loss
2914481,2,NAVI,SHFT,NAVI,SHFT,Blue,Maynter,KSante,Nami,TOP,1,7.0,1.0,False,Loss
2914481,2,NAVI,SHFT,SHFT,NAVI,Red,Rooster,Jayce,Lucian,TOP,2,8.0,1.0,True,Win
2914481,2,NAVI,SHFT,SHFT,NAVI,Red,Boukada,Shen,Milio,JGL,3,9.0,1.0,True,Win
2914481,2,NAVI,SHFT,NAVI,SHFT,Blue,Rhilech,Vi,Vi,JGL,4,10.0,1.0,False,Loss
2914481,2,NAVI,SHFT,NAVI,SHFT,Blue,Poby,Ahri,Corki,MID,5,11.0,1.0,False,Loss
2914481,2,NAVI,SHFT,SHFT,NAVI,Red,nuc,Anivia,Jayce,MID,6,12.0,1.0,True,Win
2914481,2,NAVI,SHFT,SHFT,NAVI,Red,Paduck,Lucian,Shen,BOT,7,17.0,2.0,True,Win
2914481,2,NAVI,SHFT,NAVI,SHFT,Blue,SamD,Corki,K'Sante,BOT,8,18.0,2.0,False,Loss
2914481,2,NAVI,SHFT,NAVI,SHFT,Blue,Parus,Nami,Ahri,SUP,9,19.0,2.0,False,Loss
2914481,2,NAVI,SHFT,SHFT,NAVI,Red,Trymbi,Milio,Anivia,SUP,10,20.0,2.0,True,Win
2914481,3,NAVI,SHFT,NAVI,SHFT,Blue,Maynter,Renekton,Azir,TOP,1,7.0,1.0,True,Win
2914481,3,NAVI,SHFT,SHFT,NAVI,Red,Rooster,Kennen,Caitlyn,TOP,2,8.0,1.0,False,Loss
2914481,3,NAVI,SHFT,SHFT,NAVI,Red,Boukada,JarvanIV,Bard,JGL,3,9.0,1.0,False,Loss
2914481,3,NAVI,SHFT,NAVI,SHFT,Blue,Rhilech,Qiyana,Jhin,JGL,4,10.0,1.0,True,Win
2914481,3,NAVI,SHFT,NAVI,SHFT,Blue,Poby,Azir,Neeko,MID,5,11.0,1.0,True,Win
2914481,3,NAVI,SHFT,SHFT,NAVI,Red,nuc,Taliyah,Taliyah,MID,6,12.0,1.0,False,Loss
2914481,3,NAVI,SHFT,SHFT,NAVI,Red,Paduck,Caitlyn,Jarvan IV,BOT,7,17.0,2.0,False,Loss
2914481,3,NAVI,SHFT,NAVI,SHFT,Blue,SamD,Jhin,Renekton,BOT,8,18.0,2.0,True,Win
2914481,3,NAVI,SHFT,NAVI,SHFT,Blue,Parus,Neeko,Qiyana,SUP,9,19.0,2.0,True,Win
2914481,3,NAVI,SHFT,SHFT,NAVI,Red,Trymbi,Bard,Kennen,SUP,10,20.0,2.0,False,Loss
2914482,1,KC,FNC,KC,FNC,Blue,Canna,Rumble,Rumble,TOP,1,7.0,1.0,False,Loss
2914482,1,KC,FNC,FNC,KC,Red,Empyros,Ornn,Jarvan IV,TOP,2,8.0,1.0,True,Win
2914482,1,KC,FNC,FNC,KC,Red,Razork,JarvanIV,Ornn,JGL,3,9.0,1.0,True,Win
2914482,1,KC,FNC,KC,FNC,Blue,Yike,XinZhao,Xin Zhao,JGL,4,10.0,1.0,False,Loss
2914482,1,KC,FNC,KC,FNC,Blue,kyeahoo,Annie,Bard,MID,5,11.0,1.0,False,Loss
2914482,1,KC,FNC,FNC,KC,Red,Vladi,Ryze,Ezreal,MID,6,12.0,1.0,True,Win
2914482,1,KC,FNC,FNC,KC,Red,Upset,Ezreal,Ryze,BOT,7,17.0,2.0,True,Win
2914482,1,KC,FNC,KC,FNC,Blue,Caliste,Yunara,Annie,BOT,8,18.0,2.0,False,Loss
2914482,1,KC,FNC,KC,FNC,Blue,Busio,Bard,Yunara,SUP,9,19.0,2.0,False,Loss
2914482,1,KC,FNC,FNC,KC,Red,Lospa,Soraka,Soraka,SUP,10,20.0,2.0,True,Win
2914482,2,KC,FNC,KC,FNC,Blue,Canna,Renekton,Nami,TOP,1,7.0,1.0,True,Win
2914482,2,KC,FNC,FNC,KC,Red,Empyros,Sion,Lucian,TOP,2,8.0,1.0,False,Loss
2914482,2,KC,FNC,FNC,KC,Red,Razork,Nocturne,Milio,JGL,3,9.0,1.0,False,Loss
2914482,2,KC,FNC,KC,FNC,Blue,Yike,Khazix,Azir,JGL,4,10.0,1.0,True,Win
2914482,2,KC,FNC,KC,FNC,Blue,kyeahoo,Azir,Corki,MID,5,11.0,1.0,True,Win
2914482,2,KC,FNC,FNC,KC,Red,Vladi,Akali,Nocturne,MID,6,12.0,1.0,False,Loss
2914482,2,KC,FNC,FNC,KC,Red,Upset,Lucian,Akali,BOT,7,17.0,2.0,False,Loss
2914482,2,KC,FNC,KC,FNC,Blue,Caliste,Corki,Kha'Zix,BOT,8,18.0,2.0,True,Win
2914482,2,KC,FNC,KC,FNC,Blue,Busio,Nami,Renekton,SUP,9,19.0,2.0,True,Win
2914482,2,KC,FNC,FNC,KC,Red,Lospa,Milio,Sion,SUP,10,20.0,2.0,False,Loss
2914482,3,FNC,KC,FNC,KC,Blue,Empyros,Ambessa,Pantheon,TOP,1,7.0,1.0,False,Loss
2914482,3,FNC,KC,KC,FNC,Red,Canna,Vayne,Aurora,TOP,2,8.0,1.0,True,Win
2914482,3,FNC,KC,KC,FNC,Red,Yike,Vi,Lulu,JGL,3,9.0,1.0,True,Win
2914482,3,FNC,KC,FNC,KC,Blue,Razork,Pantheon,Karma,JGL,4,10.0,1.0,False,Loss
2914482,3,FNC,KC,FNC,KC,Blue,Vladi,Viktor,Jhin,MID,5,11.0,1.0,False,Loss
2914482,3,FNC,KC,KC,FNC,Red,kyeahoo,Aurora,Vi,MID,6,12.0,1.0,True,Win
2914482,3,FNC,KC,KC,FNC,Red,Caliste,Sivir,Sivir,BOT,7,17.0,2.0,True,Win
2914482,3,FNC,KC,FNC,KC,Blue,Upset,Jhin,Viktor,BOT,8,18.0,2.0,False,Loss
2914482,3,FNC,KC,FNC,KC,Blue,Lospa,Karma,Ambessa,SUP,9,19.0,2.0,False,Loss
2914482,3,FNC,KC,KC,FNC,Red,Busio,Lulu,Vayne,SUP,10,20.0,2.0,True,Win
2919535,1,KRX,KT,KT,KRX,Red,PerfecT,Jayce,Pantheon,TOP,1,7.0,1.0,True,Win
2919535,1,KRX,KT,KRX,KT,Blue,Rich,Sion,Ezreal,TOP,2,8.0,1.0,False,Loss
2919535,1,KRX,KT,KRX,KT,Blue,Willer,XinZhao,Xin Zhao,JGL,3,9.0,1.0,False,Loss
2919535,1,KRX,KT,KT,KRX,Red,Cuzz,Pantheon,Jayce,JGL,4,10.0,1.0,True,Win
2919535,1,KRX,KT,KT,KRX,Red,Bdd,Annie,Annie,MID,5,11.0,1.0,True,Win
2919535,1,KRX,KT,KRX,KT,Blue,Ucal,Aurora,Sion,MID,6,12.0,1.0,False,Loss
2919535,1,KRX,KT,KRX,KT,Blue,LazyFeel,Ezreal,Neeko,BOT,7,17.0,2.0,False,Loss
2919535,1,KRX,KT,KT,KRX,Red,Aiming,Sivir,Sivir,BOT,8,18.0,2.0,True,Win
2919535,1,KRX,KT,KT,KRX,Red,Effort,Yuumi,Yuumi,SUP,9,19.0,2.0,True,Win
2919535,1,KRX,KT,KRX,KT,Blue,Andil,Neeko,Aurora,SUP,10,20.0,2.0,False,Loss
2919535,2,KRX,KT,KT,KRX,Red,PerfecT,Vayne,Orianna,TOP,1,7.0,1.0,True,Win
2919535,2,KRX,KT,KRX,KT,Blue,Rich,Gnar,Nocturne,TOP,2,8.0,1.0,False,Loss
2919535,2,KRX,KT,KRX,KT,Blue,Willer,Nocturne,Nautilus,JGL,3,9.0,1.0,False,Loss
2919535,2,KRX,KT,KT,KRX,Red,Cuzz,Trundle,Ashe,JGL,4,10.0,1.0,True,Win
2919535,2,KRX,KT,KT,KRX,Red,Bdd,Orianna,Seraphine,MID,5,11.0,1.0,True,Win
2919535,2,KRX,KT,KRX,KT,Blue,Ucal,Azir,Azir,MID,6,12.0,1.0,False,Loss
2919535,2,KRX,KT,KRX,KT,Blue,LazyFeel,Corki,Gnar,BOT,7,17.0,2.0,False,Loss
2919535,2,KRX,KT,KT,KRX,Red,Aiming,Ashe,Trundle,BOT,8,18.0,2.0,True,Win
2919535,2,KRX,KT,KT,KRX,Red,Effort,Seraphine,Vayne,SUP,9,19.0,2.0,True,Win
2919535,2,KRX,KT,KRX,KT,Blue,Andil,Nautilus,Corki,SUP,10,20.0,2.0,False,Loss
2919536,1,HLE,NS,HLE,NS,Blue,Zeus,Jayce,Jarvan IV,TOP,1,7.0,1.0,True,Win
2919536,1,HLE,NS,NS,HLE,Red,Kingen,Yorick,Karma,TOP,2,8.0,1.0,False,Loss
2919536,1,HLE,NS,NS,HLE,Red,Sponge,Pantheon,Caitlyn,JGL,3,9.0,1.0,False,Loss
2919536,1,HLE,NS,HLE,NS,Blue,Kanavi,JarvanIV,Nautilus,JGL,4,10.0,1.0,True,Win
2919536,1,HLE,NS,HLE,NS,Blue,Zeka,Aurora,Aurora,MID,5,11.0,1.0,True,Win
2919536,1,HLE,NS,NS,HLE,Red,Scout,Ryze,Ryze,MID,6,12.0,1.0,False,Loss
2919536,1,HLE,NS,NS,HLE,Red,Taeyoon,Caitlyn,Pantheon,BOT,7,17.0,2.0,False,Loss
2919536,1,HLE,NS,HLE,NS,Blue,Gumayusi,MissFortune,Miss Fortune,BOT,8,18.0,2.0,True,Win
2919536,1,HLE,NS,HLE,NS,Blue,Delight,Nautilus,Jayce,SUP,9,19.0,2.0,True,Win
2919536,1,HLE,NS,NS,HLE,Red,Lehends,Karma,Yorick,SUP,10,20.0,2.0,False,Loss
2919536,2,HLE,NS,HLE,NS,Blue,Zeus,Anivia,Xin Zhao,TOP,1,7.0,1.0,False,Loss
2919536,2,HLE,NS,NS,HLE,Red,Kingen,Gnar,Azir,TOP,2,8.0,1.0,True,Win
2919536,2,HLE,NS,NS,HLE,Red,Sponge,Poppy,Poppy,JGL,3,9.0,1.0,True,Win
2919536,2,HLE,NS,HLE,NS,Blue,Kanavi,XinZhao,Bard,JGL,4,10.0,1.0,False,Loss
2919536,2,HLE,NS,HLE,NS,Blue,Zeka,Ziggs,Ziggs,MID,5,11.0,1.0,False,Loss
2919536,2,HLE,NS,NS,HLE,Red,Scout,Azir,Gnar,MID,6,12.0,1.0,True,Win
2919536,2,HLE,NS,NS,HLE,Red,Taeyoon,Corki,Corki,BOT,7,17.0,2.0,True,Win
2919536,2,HLE,NS,HLE,NS,Blue,Gumayusi,Sivir,Sivir,BOT,8,18.0,2.0,False,Loss
2919536,2,HLE,NS,HLE,NS,Blue,Delight,Bard,Anivia,SUP,9,19.0,2.0,False,Loss
2919536,2,HLE,NS,NS,HLE,Red,Lehends,Nami,Nami,SUP,10,20.0,2.0,True,Win
2919536,3,NS,HLE,NS,HLE,Blue,Kingen,Ambessa,Yunara,TOP,1,7.0,1.0,False,Loss
2919536,3,NS,HLE,HLE,NS,Red,Zeus,RekSai,Lulu,TOP,2,8.0,1.0,True,Win
2919536,3,NS,HLE,HLE,NS,Red,Kanavi,Nocturne,Nocturne,JGL,3,9.0,1.0,True,Win
2919536,3,NS,HLE,NS,HLE,Blue,Sponge,MonkeyKing,Wukong,JGL,4,10.0,1.0,False,Loss
2919536,3,NS,HLE,NS,HLE,Blue,Scout,Akali,Neeko,MID,5,11.0,1.0,False,Loss
2919536,3,NS,HLE,HLE,NS,Red,Zeka,Ahri,Xayah,MID,6,12.0,1.0,True,Win
2919536,3,NS,HLE,HLE,NS,Red,Gumayusi,Xayah,Ahri,BOT,7,17.0,2.0,True,Win
2919536,3,NS,HLE,NS,HLE,Blue,Taeyoon,Yunara,Ambessa,BOT,8,18.0,2.0,False,Loss
2919536,3,NS,HLE,NS,HLE,Blue,Lehends,Neeko,Akali,SUP,9,19.0,2.0,False,Loss
2919536,3,NS,HLE,HLE,NS,Red,Delight,Lulu,Rek'Sai,SUP,10,20.0,2.0,True,Win
2919538,1,BRO,DK,DK,BRO,Red,Siwoo,Varus,Varus,TOP,1,7.0,1.0,True,Win
2919538,1,BRO,DK,BRO,DK,Blue,Casting,Anivia,Pantheon,TOP,2,8.0,1.0,False,Loss
2919538,1,BRO,DK,BRO,DK,Blue,GIDEON,Pantheon,Ezreal,JGL,3,9.0,1.0,False,Loss
2919538,1,BRO,DK,DK,BRO,Red,Lucid,LeeSin,Lee Sin,JGL,4,10.0,1.0,True,Win
2919538,1,BRO,DK,DK,BRO,Red,ShowMaker,Annie,Annie,MID,5,11.0,1.0,True,Win
2919538,1,BRO,DK,BRO,DK,Blue,Loki,Aurora,Neeko,MID,6,12.0,1.0,False,Loss
2919538,1,BRO,DK,BRO,DK,Blue,Teddy,Ezreal,Anivia,BOT,7,17.0,2.0,False,Loss
2919538,1,BRO,DK,DK,BRO,Red,Smash,Jhin,Jhin,BOT,8,18.0,2.0,True,Win
2919538,1,BRO,DK,DK,BRO,Red,Career,Bard,Bard,SUP,9,19.0,2.0,True,Win
2919538,1,BRO,DK,BRO,DK,Blue,Namgung,Neeko,Aurora,SUP,10,20.0,2.0,False,Loss
2919538,2,DK,BRO,BRO,DK,Red,Casting,Rumble,Rumble,TOP,1,7.0,1.0,False,Loss
2919538,2,DK,BRO,DK,BRO,Blue,Siwoo,Jayce,Jayce,TOP,2,8.0,1.0,True,Win
2919538,2,DK,BRO,DK,BRO,Blue,Lucid,JarvanIV,Jarvan IV,JGL,3,9.0,1.0,True,Win
2919538,2,DK,BRO,BRO,DK,Red,GIDEON,Sejuani,Yunara,JGL,4,10.0,1.0,False,Loss
2919538,2,DK,BRO,BRO,DK,Red,Loki,Yone,Lulu,MID,5,11.0,1.0,False,Loss
2919538,2,DK,BRO,DK,BRO,Blue,ShowMaker,Ahri,Ahri,MID,6,12.0,1.0,True,Win
2919538,2,DK,BRO,DK,BRO,Blue,Smash,Aphelios,Aphelios,BOT,7,17.0,2.0,True,Win
2919538,2,DK,BRO,BRO,DK,Red,Teddy,Yunara,Sejuani,BOT,8,18.0,2.0,False,Loss
2919538,2,DK,BRO,BRO,DK,Red,Namgung,Lulu,Yone,SUP,9,19.0,2.0,False,Loss
2919538,2,DK,BRO,DK,BRO,Blue,Career,Thresh,Thresh,SUP,10,20.0,2.0,True,Win
2919539,1,DNS,GEN,DNS,GEN,Blue,DuDu,Renekton,Seraphine,TOP,1,7.0,1.0,False,Loss
2919539,1,DNS,GEN,GEN,DNS,Red,Kiin,Gnar,Jarvan IV,TOP,2,8.0,1.0,True,Win
2919539,1,DNS,GEN,GEN,DNS,Red,Canyon,JarvanIV,Azir,JGL,3,9.0,1.0,True,Win
2919539,1,DNS,GEN,DNS,GEN,Blue,Pyosik,XinZhao,Xin Zhao,JGL,4,10.0,1.0,False,Loss
2919539,1,DNS,GEN,DNS,GEN,Blue,Clozer,Aurora,Ashe,MID,5,11.0,1.0,False,Loss
2919539,1,DNS,GEN,GEN,DNS,Red,Chovy,Azir,Nautilus,MID,6,12.0,1.0,True,Win
2919539,1,DNS,GEN,GEN,DNS,Red,Ruler,Ziggs,Ziggs,BOT,7,17.0,2.0,True,Win
2919539,1,DNS,GEN,DNS,GEN,Blue,deokdam,Ashe,Aurora,BOT,8,18.0,2.0,False,Loss
2919539,1,DNS,GEN,DNS,GEN,Blue,Quantum,Seraphine,Renekton,SUP,9,19.0,2.0,False,Loss
2919539,1,DNS,GEN,GEN,DNS,Red,Duro,Nautilus,Gnar,SUP,10,20.0,2.0,True,Win
2919539,2,GEN,DNS,DNS,GEN,Red,DuDu,Varus,Varus,TOP,1,7.0,1.0,False,Loss
2919539,2,GEN,DNS,GEN,DNS,Blue,Kiin,Naafiri,Yunara,TOP,2,8.0,1.0,True,Win
2919539,2,GEN,DNS,GEN,DNS,Blue,Canyon,Maokai,Lulu,JGL,3,9.0,1.0,True,Win
2919539,2,GEN,DNS,DNS,GEN,Red,Pyosik,MonkeyKing,Wukong,JGL,4,10.0,1.0,False,Loss
2919539,2,GEN,DNS,DNS,GEN,Red,Clozer,Annie,Annie,MID,5,11.0,1.0,False,Loss
2919539,2,GEN,DNS,GEN,DNS,Blue,Chovy,Akali,Maokai,MID,6,12.0,1.0,True,Win
2919539,2,GEN,DNS,GEN,DNS,Blue,Ruler,Yunara,Akali,BOT,7,17.0,2.0,True,Win
2919539,2,GEN,DNS,DNS,GEN,Red,deokdam,Lucian,Lucian,BOT,8,18.0,2.0,False,Loss
2919539,2,GEN,DNS,DNS,GEN,Red,Quantum,Milio,Milio,SUP,9,19.0,2.0,False,Loss
2919539,2,GEN,DNS,GEN,DNS,Blue,Duro,Lulu,Naafiri,SUP,10,20.0,2.0,True,Win
2919540,1,BFX,KT,KT,BFX,Red,PerfecT,KSante,Karma,TOP,1,7.0,1.0,True,Win
2919540,1,BFX,KT,BFX,KT,Blue,Clear,Renekton,Caitlyn,TOP,2,8.0,1.0,False,Loss
2919540,1,BFX,KT,BFX,KT,Blue,Raptor,XinZhao,Xin Zhao,JGL,3,9.0,1.0,False,Loss
2919540,1,BFX,KT,KT,BFX,Red,Cuzz,Trundle,Trundle,JGL,4,10.0,1.0,True,Win
2919540,1,BFX,KT,KT,BFX,Red,Bdd,Ryze,Jhin,MID,5,11.0,1.0,True,Win
2919540,1,BFX,KT,BFX,KT,Blue,Daystar,Anivia,Bard,MID,6,12.0,1.0,False,Loss
2919540,1,BFX,KT,BFX,KT,Blue,Diable,Caitlyn,Renekton,BOT,7,17.0,2.0,False,Loss
2919540,1,BFX,KT,KT,BFX,Red,Aiming,Jhin,Ryze,BOT,8,18.0,2.0,True,Win
2919540,1,BFX,KT,KT,BFX,Red,Effort,Karma,K'Sante,SUP,9,19.0,2.0,True,Win
2919540,1,BFX,KT,BFX,KT,Blue,Kellin,Bard,Anivia,SUP,10,20.0,2.0,False,Loss
2919540,2,BFX,KT,KT,BFX,Red,PerfecT,Jayce,Jarvan IV,TOP,1,7.0,1.0,True,Win
2919540,2,BFX,KT,BFX,KT,Blue,Clear,Sion,Ezreal,TOP,2,8.0,1.0,False,Loss
2919540,2,BFX,KT,BFX,KT,Blue,Raptor,LeeSin,Neeko,JGL,3,9.0,1.0,False,Loss
2919540,2,BFX,KT,KT,BFX,Red,Cuzz,JarvanIV,Jayce,JGL,4,10.0,1.0,True,Win
2919540,2,BFX,KT,KT,BFX,Red,Bdd,Annie,Annie,MID,5,11.0,1.0,True,Win
2919540,2,BFX,KT,BFX,KT,Blue,Daystar,Hwei,Sion,MID,6,12.0,1.0,False,Loss
2919540,2,BFX,KT,BFX,KT,Blue,Diable,Ezreal,Hwei,BOT,7,17.0,2.0,False,Loss
2919540,2,BFX,KT,KT,BFX,Red,Aiming,Sivir,Sivir,BOT,8,18.0,2.0,True,Win
2919540,2,BFX,KT,KT,BFX,Red,Effort,Yuumi,Yuumi,SUP,9,19.0,2.0,True,Win
2919540,2,BFX,KT,BFX,KT,Blue,Kellin,Neeko,Lee Sin,SUP,10,20.0,2.0,False,Loss
2919541,1,KRX,HLE,KRX,HLE,Blue,Rich,Jayce,Xin Zhao,TOP,1,7.0,1.0,False,Loss
2919541,1,KRX,HLE,HLE,KRX,Red,Zeus,Vayne,Bard,TOP,2,8.0,1.0,True,Win
2919541,1,KRX,HLE,HLE,KRX,Red,Kanavi,Pantheon,Pantheon,JGL,3,9.0,1.0,True,Win
2919541,1,KRX,HLE,KRX,HLE,Blue,Willer,XinZhao,Yunara,JGL,4,10.0,1.0,False,Loss
2919541,1,KRX,HLE,KRX,HLE,Blue,Ucal,Cassiopeia,Nautilus,MID,5,11.0,1.0,False,Loss
2919541,1,KRX,HLE,HLE,KRX,Red,Zeka,Ryze,Caitlyn,MID,6,12.0,1.0,True,Win
2919541,1,KRX,HLE,HLE,KRX,Red,Gumayusi,Caitlyn,Ryze,BOT,7,17.0,2.0,True,Win
2919541,1,KRX,HLE,KRX,HLE,Blue,LazyFeel,Yunara,Cassiopeia,BOT,8,18.0,2.0,False,Loss
2919541,1,KRX,HLE,KRX,HLE,Blue,Andil,Nautilus,Jayce,SUP,9,19.0,2.0,False,Loss
2919541,1,KRX,HLE,HLE,KRX,Red,Delight,Bard,Vayne,SUP,10,20.0,2.0,True,Win
2919541,2,HLE,KRX,KRX,HLE,Red,Rich,Ambessa,Karma,TOP,1,7.0,1.0,False,Loss
2919541,2,HLE,KRX,HLE,KRX,Blue,Zeus,Gnar,Gnar,TOP,2,8.0,1.0,True,Win
2919541,2,HLE,KRX,HLE,KRX,Blue,Kanavi,Naafiri,Annie,JGL,3,9.0,1.0,True,Win
2919541,2,HLE,KRX,KRX,HLE,Red,Willer,Poppy,Jhin,JGL,4,10.0,1.0,False,Loss
2919541,2,HLE,KRX,KRX,HLE,Red,Ucal,Mel,Ambessa,MID,5,11.0,1.0,False,Loss
2919541,2,HLE,KRX,HLE,KRX,Blue,Zeka,Annie,Naafiri,MID,6,12.0,1.0,True,Win
2919541,2,HLE,KRX,HLE,KRX,Blue,Gumayusi,MissFortune,Miss Fortune,BOT,7,17.0,2.0,True,Win
2919541,2,HLE,KRX,KRX,HLE,Red,LazyFeel,Jhin,Poppy,BOT,8,18.0,2.0,False,Loss
2919541,2,HLE,KRX,KRX,HLE,Red,Andil,Karma,Mel,SUP,9,19.0,2.0,False,Loss
2919541,2,HLE,KRX,HLE,KRX,Blue,Delight,Rell,Rell,SUP,10,20.0,2.0,True,Win
2919542,1,BRO,T1,T1,BRO,Red,Doran,Aurora,Azir,TOP,1,7.0,1.0,True,Win
2919542,1,BRO,T1,BRO,T1,Blue,Casting,Renekton,Xin Zhao,TOP,2,8.0,1.0,False,Loss
2919542,1,BRO,T1,BRO,T1,Blue,GIDEON,XinZhao,Ezreal,JGL,3,9.0,1.0,False,Loss
2919542,1,BRO,T1,T1,BRO,Red,Oner,Nocturne,Neeko,JGL,4,10.0,1.0,True,Win
2919542,1,BRO,T1,T1,BRO,Red,Faker,Azir,Nocturne,MID,5,11.0,1.0,True,Win
2919542,1,BRO,T1,BRO,T1,Blue,Roamer,Akali,Akali,MID,6,12.0,1.0,False,Loss
2919542,1,BRO,T1,BRO,T1,Blue,Teddy,Ezreal,Renekton,BOT,7,17.0,2.0,False,Loss
2919542,1,BRO,T1,T1,BRO,Red,Peyz,Jhin,Jhin,BOT,8,18.0,2.0,True,Win
2919542,1,BRO,T1,T1,BRO,Red,Keria,Neeko,Aurora,SUP,9,19.0,2.0,True,Win
2919542,1,BRO,T1,BRO,T1,Blue,Namgung,Elise,Elise,SUP,10,20.0,2.0,False,Loss
2919542,2,T1,BRO,BRO,T1,Red,Casting,Rumble,Annie,TOP,1,7.0,1.0,False,Loss
2919542,2,T1,BRO,T1,BRO,Blue,Doran,Sion,Anivia,TOP,2,8.0,1.0,True,Win
2919542,2,T1,BRO,T1,BRO,Blue,Oner,JarvanIV,Jarvan IV,JGL,3,9.0,1.0,True,Win
2919542,2,T1,BRO,BRO,T1,Red,GIDEON,Vi,Rumble,JGL,4,10.0,1.0,False,Loss
2919542,2,T1,BRO,BRO,T1,Red,Roamer,Annie,Vi,MID,5,11.0,1.0,False,Loss
2919542,2,T1,BRO,T1,BRO,Blue,Faker,Anivia,Sion,MID,6,12.0,1.0,True,Win
2919542,2,T1,BRO,T1,BRO,Blue,Peyz,Caitlyn,Caitlyn,BOT,7,17.0,2.0,True,Win
2919542,2,T1,BRO,BRO,T1,Red,Teddy,MissFortune,Miss Fortune,BOT,8,18.0,2.0,False,Loss
2919542,2,T1,BRO,BRO,T1,Red,Namgung,Leona,Leona,SUP,9,19.0,2.0,False,Loss
2919542,2,T1,BRO,T1,BRO,Blue,Keria,Morgana,Morgana,SUP,10,20.0,2.0,True,Win
2919543,1,DK,DNS,DNS,DK,Red,DuDu,Renekton,Orianna,TOP,1,7.0,1.0,False,Loss
2919543,1,DK,DNS,DK,DNS,Blue,Siwoo,Illaoi,Karma,TOP,2,8.0,1.0,True,Win
2919543,1,DK,DNS,DK,DNS,Blue,Lucid,Pantheon,Pantheon,JGL,3,9.0,1.0,True,Win
2919543,1,DK,DNS,DNS,DK,Red,Pyosik,LeeSin,Lee Sin,JGL,4,10.0,1.0,False,Loss
2919543,1,DK,DNS,DNS,DK,Red,Clozer,Orianna,Nautilus,MID,5,11.0,1.0,False,Loss
2919543,1,DK,DNS,DK,DNS,Blue,ShowMaker,TwistedFate,Sivir,MID,6,12.0,1.0,True,Win
2919543,1,DK,DNS,DK,DNS,Blue,Smash,Sivir,Twisted Fate,BOT,7,17.0,2.0,True,Win
2919543,1,DK,DNS,DNS,DK,Red,deokdam,Corki,Renekton,BOT,8,18.0,2.0,False,Loss
2919543,1,DK,DNS,DNS,DK,Red,Quantum,Nautilus,Corki,SUP,9,19.0,2.0,False,Loss
2919543,1,DK,DNS,DK,DNS,Blue,Career,Karma,Illaoi,SUP,10,20.0,2.0,True,Win
2919543,2,DK,DNS,DK,DNS,Blue,Siwoo,Rumble,Rumble,TOP,1,7.0,1.0,True,Win
2919543,2,DK,DNS,DNS,DK,Red,DuDu,KSante,K'Sante,TOP,2,8.0,1.0,False,Loss
2919543,2,DK,DNS,DNS,DK,Red,Pyosik,XinZhao,Xin Zhao,JGL,3,9.0,1.0,False,Loss
2919543,2,DK,DNS,DK,DNS,Blue,Lucid,Sejuani,Yunara,JGL,4,10.0,1.0,True,Win
2919543,2,DK,DNS,DK,DNS,Blue,ShowMaker,Yone,Lulu,MID,5,11.0,1.0,True,Win
2919543,2,DK,DNS,DNS,DK,Red,Clozer,Azir,Azir,MID,6,12.0,1.0,False,Loss
2919543,2,DK,DNS,DNS,DK,Red,deokdam,Ezreal,Ezreal,BOT,7,17.0,2.0,False,Loss
2919543,2,DK,DNS,DK,DNS,Blue,Smash,Yunara,Sejuani,BOT,8,18.0,2.0,True,Win
2919543,2,DK,DNS,DK,DNS,Blue,Career,Lulu,Yone,SUP,9,19.0,2.0,True,Win
2919543,2,DK,DNS,DNS,DK,Red,Quantum,Neeko,Neeko,SUP,10,20.0,2.0,False,Loss
2919545,1,BFX,T1,T1,BFX,Red,Doran,Jayce,Orianna,TOP,1,7.0,1.0,True,Win
2919545,1,BFX,T1,BFX,T1,Blue,Clear,Yorick,Ezreal,TOP,2,8.0,1.0,False,Loss
2919545,1,BFX,T1,BFX,T1,Blue,Raptor,Nocturne,Nocturne,JGL,3,9.0,1.0,False,Loss
2919545,1,BFX,T1,T1,BFX,Red,Oner,XinZhao,Xin Zhao,JGL,4,10.0,1.0,True,Win
2919545,1,BFX,T1,T1,BFX,Red,Faker,Orianna,Jhin,MID,5,11.0,1.0,True,Win
2919545,1,BFX,T1,BFX,T1,Blue,Daystar,AurelionSol,Neeko,MID,6,12.0,1.0,False,Loss
2919545,1,BFX,T1,BFX,T1,Blue,Diable,Ezreal,Aurelion Sol,BOT,7,17.0,2.0,False,Loss
2919545,1,BFX,T1,T1,BFX,Red,Peyz,Jhin,Jayce,BOT,8,18.0,2.0,True,Win
2919545,1,BFX,T1,T1,BFX,Red,Keria,Alistar,Alistar,SUP,9,19.0,2.0,True,Win
2919545,1,BFX,T1,BFX,T1,Blue,Kellin,Neeko,Yorick,SUP,10,20.0,2.0,False,Loss
2919545,2,BFX,T1,T1,BFX,Red,Doran,Rumble,Rumble,TOP,1,7.0,1.0,True,Win
2919545,2,BFX,T1,BFX,T1,Blue,Clear,KSante,Yunara,TOP,2,8.0,1.0,False,Loss
2919545,2,BFX,T1,BFX,T1,Blue,Raptor,Naafiri,Lulu,JGL,3,9.0,1.0,False,Loss
2919545,2,BFX,T1,T1,BFX,Red,Oner,Vi,Vi,JGL,4,10.0,1.0,True,Win
2919545,2,BFX,T1,T1,BFX,Red,Faker,Azir,Azir,MID,5,11.0,1.0,True,Win
2919545,2,BFX,T1,BFX,T1,Blue,Daystar,Akali,Akali,MID,6,12.0,1.0,False,Loss
2919545,2,BFX,T1,BFX,T1,Blue,Diable,Yunara,K'Sante,BOT,7,17.0,2.0,False,Loss
2919545,2,BFX,T1,T1,BFX,Red,Peyz,Caitlyn,Caitlyn,BOT,8,18.0,2.0,True,Win
2919545,2,BFX,T1,T1,BFX,Red,Keria,Lux,Lux,SUP,9,19.0,2.0,True,Win
2919545,2,BFX,T1,BFX,T1,Blue,Kellin,Lulu,Naafiri,SUP,10,20.0,2.0,False,Loss
2919546,1,NS,GEN,NS,GEN,Blue,Kingen,Jayce,Azir,TOP,1,7.0,1.0,False,Loss
2919546,1,NS,GEN,GEN,NS,Red,Kiin,Sion,Bard,TOP,2,8.0,1.0,True,Win
2919546,1,NS,GEN,GEN,NS,Red,Canyon,JarvanIV,Jarvan IV,JGL,3,9.0,1.0,True,Win
2919546,1,NS,GEN,NS,GEN,Blue,Sponge,Nocturne,Yunara,JGL,4,10.0,1.0,False,Loss
2919546,1,NS,GEN,NS,GEN,Blue,Scout,Azir,Nautilus,MID,5,11.0,1.0,False,Loss
2919546,1,NS,GEN,GEN,NS,Red,Chovy,Annie,Jhin,MID,6,12.0,1.0,True,Win
2919546,1,NS,GEN,GEN,NS,Red,Ruler,Jhin,Annie,BOT,7,17.0,2.0,True,Win
2919546,1,NS,GEN,NS,GEN,Blue,Taeyoon,Yunara,Nocturne,BOT,8,18.0,2.0,False,Loss
2919546,1,NS,GEN,NS,GEN,Blue,Lehends,Nautilus,Jayce,SUP,9,19.0,2.0,False,Loss
2919546,1,NS,GEN,GEN,NS,Red,Duro,Bard,Sion,SUP,10,20.0,2.0,True,Win
2919546,2,NS,GEN,GEN,NS,Red,Kiin,TwistedFate,Karma,TOP,1,7.0,1.0,True,Win
2919546,2,NS,GEN,NS,GEN,Blue,Kingen,Gnar,Xin Zhao,TOP,2,8.0,1.0,False,Loss
2919546,2,NS,GEN,NS,GEN,Blue,Sponge,XinZhao,Gnar,JGL,3,9.0,1.0,False,Loss
2919546,2,NS,GEN,GEN,NS,Red,Canyon,Trundle,Trundle,JGL,4,10.0,1.0,True,Win
2919546,2,NS,GEN,GEN,NS,Red,Chovy,Mel,Caitlyn,MID,5,11.0,1.0,True,Win
2919546,2,NS,GEN,NS,GEN,Blue,Scout,Aurora,Aurora,MID,6,12.0,1.0,False,Loss
2919546,2,NS,GEN,NS,GEN,Blue,Taeyoon,Corki,Nami,BOT,7,17.0,2.0,False,Loss
2919546,2,NS,GEN,GEN,NS,Red,Ruler,Caitlyn,Twisted Fate,BOT,8,18.0,2.0,True,Win
2919546,2,NS,GEN,GEN,NS,Red,Duro,Karma,Mel,SUP,9,19.0,2.0,True,Win
2919546,2,NS,GEN,NS,GEN,Blue,Lehends,Nami,Corki,SUP,10,20.0,2.0,False,Loss
2925581,1,SHE,ATA,SHE,ATA,Blue,Brut,Sett,Sett,TOP,1,7.0,1.0,False,Loss
2925581,1,SHE,ATA,ATA,SHE,Red,Strava,Sion,Sion,TOP,2,8.0,1.0,True,Win
2925581,1,SHE,ATA,ATA,SHE,Red,naau,Vi,Vi,JGL,3,9.0,1.0,True,Win
2925581,1,SHE,ATA,SHE,ATA,Blue,enayi,XinZhao,Xin Zhao,JGL,4,10.0,1.0,False,Loss
2925581,1,SHE,ATA,SHE,ATA,Blue,Divine,Annie,Annie,MID,5,11.0,1.0,False,Loss
2925581,1,SHE,ATA,ATA,SHE,Red,Alvanai,Syndra,Syndra,MID,6,12.0,1.0,True,Win
2925581,1,SHE,ATA,ATA,SHE,Red,Pericolo,Caitlyn,Caitlyn,BOT,7,17.0,2.0,True,Win
2925581,1,SHE,ATA,SHE,ATA,Blue,xHikama,Corki,Corki,BOT,8,18.0,2.0,False,Loss
2925581,1,SHE,ATA,SHE,ATA,Blue,S1D,Nami,Nami,SUP,9,19.0,2.0,False,Loss
2925581,1,SHE,ATA,ATA,SHE,Red,ErPirotBlue,Karma,Karma,SUP,10,20.0,2.0,True,Win
2925581,2,ATA,SHE,ATA,SHE,Blue,Strava,Ornn,Ornn,TOP,1,7.0,1.0,True,Win
2925581,2,ATA,SHE,SHE,ATA,Red,Brut,Rumble,Rumble,TOP,2,8.0,1.0,False,Loss
2925581,2,ATA,SHE,SHE,ATA,Red,enayi,LeeSin,Lee Sin,JGL,3,9.0,1.0,False,Loss
2925581,2,ATA,SHE,ATA,SHE,Blue,naau,DrMundo,Dr. Mundo,JGL,4,10.0,1.0,True,Win
2925581,2,ATA,SHE,ATA,SHE,Blue,Alvanai,Azir,Azir,MID,5,11.0,1.0,True,Win
2925581,2,ATA,SHE,SHE,ATA,Red,Divine,Mel,Mel,MID,6,12.0,1.0,False,Loss
2925581,2,ATA,SHE,SHE,ATA,Red,xHikama,Ezreal,Ezreal,BOT,7,17.0,2.0,False,Loss
2925581,2,ATA,SHE,ATA,SHE,Blue,Pericolo,Yunara,Yunara,BOT,8,18.0,2.0,True,Win
2925581,2,ATA,SHE,ATA,SHE,Blue,ErPirotBlue,Braum,Braum,SUP,9,19.0,2.0,True,Win
2925581,2,ATA,SHE,SHE,ATA,Red,S1D,Nautilus,Nautilus,SUP,10,20.0,2.0,False,Loss
2925581,3,ATA,SHE,ATA,SHE,Blue,Strava,Aatrox,Lulu,TOP,1,7.0,1.0,True,Win
2925581,3,ATA,SHE,SHE,ATA,Red,Brut,Renekton,Draven,TOP,2,8.0,1.0,False,Loss
2925581,3,ATA,SHE,SHE,ATA,Red,enayi,MonkeyKing,Wukong,JGL,3,9.0,1.0,False,Loss
2925581,3,ATA,SHE,ATA,SHE,Blue,naau,Skarner,Sivir,JGL,4,10.0,1.0,True,Win
2925581,3,ATA,SHE,ATA,SHE,Blue,Alvanai,Anivia,Skarner,MID,5,11.0,1.0,True,Win
2925581,3,ATA,SHE,SHE,ATA,Red,Divine,Ryze,Alistar,MID,6,12.0,1.0,False,Loss
2925581,3,ATA,SHE,SHE,ATA,Red,xHikama,Draven,Ryze,BOT,7,17.0,2.0,False,Loss
2925581,3,ATA,SHE,ATA,SHE,Blue,Pericolo,Sivir,Anivia,BOT,8,18.0,2.0,True,Win
2925581,3,ATA,SHE,ATA,SHE,Blue,ErPirotBlue,Lulu,Aatrox,SUP,9,19.0,2.0,True,Win
2925581,3,ATA,SHE,SHE,ATA,Red,S1D,Alistar,Renekton,SUP,10,20.0,2.0,False,Loss
2925582,1,GMB,HMB,GMB,HMB,Blue,SkaR,Ambessa,Yunara,TOP,1,7.0,1.0,False,Loss
2925582,1,GMB,HMB,HMB,GMB,Red,APP,Gnar,Xin Zhao,TOP,2,8.0,1.0,True,Win
2925582,1,GMB,HMB,HMB,GMB,Red,adi1,XinZhao,Lulu,JGL,3,9.0,1.0,True,Win
2925582,1,GMB,HMB,GMB,HMB,Blue,Mario,MonkeyKing,Ambessa,JGL,4,10.0,1.0,False,Loss
2925582,1,GMB,HMB,GMB,HMB,Blue,DejaVu,Aurora,Aurora,MID,5,11.0,1.0,False,Loss
2925582,1,GMB,HMB,HMB,GMB,Red,Vigil,Ahri,Ashe,MID,6,12.0,1.0,True,Win
2925582,1,GMB,HMB,HMB,GMB,Red,Tyrone,Ashe,Ahri,BOT,7,17.0,2.0,True,Win
2925582,1,GMB,HMB,GMB,HMB,Blue,Rharesh,Yunara,Leona,BOT,8,18.0,2.0,False,Loss
2925582,1,GMB,HMB,GMB,HMB,Blue,Shredder,Leona,Wukong,SUP,9,19.0,2.0,False,Loss
2925582,1,GMB,HMB,HMB,GMB,Red,Click,Lulu,Gnar,SUP,10,20.0,2.0,True,Win
2925582,2,HMB,GMB,HMB,GMB,Blue,APP,Rumble,Rumble,TOP,1,7.0,1.0,True,Win
2925582,2,HMB,GMB,GMB,HMB,Red,SkaR,Renekton,Corki,TOP,2,8.0,1.0,False,Loss
2925582,2,HMB,GMB,GMB,HMB,Red,Mario,Pantheon,Nami,JGL,3,9.0,1.0,False,Loss
2925582,2,HMB,GMB,HMB,GMB,Blue,adi1,Aatrox,Ezreal,JGL,4,10.0,1.0,True,Win
2925582,2,HMB,GMB,HMB,GMB,Blue,Vigil,Ryze,Nautilus,MID,5,11.0,1.0,True,Win
2925582,2,HMB,GMB,GMB,HMB,Red,DejaVu,Galio,Pantheon,MID,6,12.0,1.0,False,Loss
2925582,2,HMB,GMB,GMB,HMB,Red,Rharesh,Corki,Galio,BOT,7,17.0,2.0,False,Loss
2925582,2,HMB,GMB,HMB,GMB,Blue,Tyrone,Ezreal,Aatrox,BOT,8,18.0,2.0,True,Win
2925582,2,HMB,GMB,HMB,GMB,Blue,Click,Nautilus,Ryze,SUP,9,19.0,2.0,True,Win
2925582,2,HMB,GMB,GMB,HMB,Red,Shredder,Nami,Renekton,SUP,10,20.0,2.0,False,Loss
2925582,3,HMB,GMB,HMB,GMB,Blue,APP,KSante,Azir,TOP,1,7.0,1.0,True,Win
2925582,3,HMB,GMB,GMB,HMB,Red,SkaR,Gwen,Yone,TOP,2,8.0,1.0,False,Loss
2925582,3,HMB,GMB,GMB,HMB,Red,Mario,Sejuani,Sejuani,JGL,3,9.0,1.0,False,Loss
2925582,3,HMB,GMB,HMB,GMB,Blue,adi1,LeeSin,Lucian,JGL,4,10.0,1.0,True,Win
2925582,3,HMB,GMB,HMB,GMB,Blue,Vigil,Azir,Milio,MID,5,11.0,1.0,True,Win
2925582,3,HMB,GMB,GMB,HMB,Red,DejaVu,Yone,Rell,MID,6,12.0,1.0,False,Loss
2925582,3,HMB,GMB,GMB,HMB,Red,Rharesh,Jhin,Jhin,BOT,7,17.0,2.0,False,Loss
2925582,3,HMB,GMB,HMB,GMB,Blue,Tyrone,Lucian,K'Sante,BOT,8,18.0,2.0,True,Win
2925582,3,HMB,GMB,HMB,GMB,Blue,Click,Milio,Lee Sin,SUP,9,19.0,2.0,True,Win
2925582,3,HMB,GMB,GMB,HMB,Red,Shredder,Rell,Gwen,SUP,10,20.0,2.0,False,Loss
2925583,1,CG,EKO,CG,EKO,Blue,Iobellan,DrMundo,Ezreal,TOP,1,7.0,1.0,True,Win
2925583,1,CG,EKO,EKO,CG,Red,TheMountain,Ornn,Qiyana,TOP,2,8.0,1.0,False,Loss
2925583,1,CG,EKO,EKO,CG,Red,Izo,Qiyana,Corki,JGL,3,9.0,1.0,False,Loss
2925583,1,CG,EKO,CG,EKO,Blue,Fragola,Vi,Vi,JGL,4,10.0,1.0,True,Win
2925583,1,CG,EKO,CG,EKO,Blue,Sharon,Ahri,Karma,MID,5,11.0,1.0,True,Win
2925583,1,CG,EKO,EKO,CG,Red,Lukee,Ryze,Nami,MID,6,12.0,1.0,False,Loss
2925583,1,CG,EKO,EKO,CG,Red,Alessio,Corki,Ryze,BOT,7,17.0,2.0,False,Loss
2925583,1,CG,EKO,CG,EKO,Blue,PiskHeLLo,Ezreal,Ahri,BOT,8,18.0,2.0,True,Win
2925583,1,CG,EKO,CG,EKO,Blue,Nash,Karma,Dr. Mundo,SUP,9,19.0,2.0,True,Win
2925583,1,CG,EKO,EKO,CG,Red,Corri,Nami,Ornn,SUP,10,20.0,2.0,False,Loss
2925583,2,CG,EKO,CG,EKO,Blue,Iobellan,Yorick,Jarvan IV,TOP,1,7.0,1.0,True,Win
2925583,2,CG,EKO,EKO,CG,Red,TheMountain,Gnar,Lulu,TOP,2,8.0,1.0,False,Loss
2925583,2,CG,EKO,EKO,CG,Red,Izo,XinZhao,Xin Zhao,JGL,3,9.0,1.0,False,Loss
2925583,2,CG,EKO,CG,EKO,Blue,Fragola,JarvanIV,Jhin,JGL,4,10.0,1.0,True,Win
2925583,2,CG,EKO,CG,EKO,Blue,Sharon,Orianna,Orianna,MID,5,11.0,1.0,True,Win
2925583,2,CG,EKO,EKO,CG,Red,Lukee,Galio,Yunara,MID,6,12.0,1.0,False,Loss
2925583,2,CG,EKO,EKO,CG,Red,Alessio,Yunara,Gnar,BOT,7,17.0,2.0,False,Loss
2925583,2,CG,EKO,CG,EKO,Blue,PiskHeLLo,Jhin,Rakan,BOT,8,18.0,2.0,True,Win
2925583,2,CG,EKO,CG,EKO,Blue,Nash,Rakan,Yorick,SUP,9,19.0,2.0,True,Win
2925583,2,CG,EKO,EKO,CG,Red,Corri,Lulu,Galio,SUP,10,20.0,2.0,False,Loss
2925583,3,CG,EKO,CG,EKO,Blue,Iobellan,KSante,Aurora,TOP,1,7.0,1.0,True,Win
2925583,3,CG,EKO,EKO,CG,Red,TheMountain,Rumble,Neeko,TOP,2,8.0,1.0,False,Loss
2925583,3,CG,EKO,EKO,CG,Red,Izo,Aatrox,Aatrox,JGL,3,9.0,1.0,False,Loss
2925583,3,CG,EKO,CG,EKO,Blue,Fragola,Pantheon,Pantheon,JGL,4,10.0,1.0,True,Win
2925583,3,CG,EKO,CG,EKO,Blue,Sharon,Aurora,Bard,MID,5,11.0,1.0,True,Win
2925583,3,CG,EKO,EKO,CG,Red,Lukee,Annie,Annie,MID,6,12.0,1.0,False,Loss
2925583,3,CG,EKO,EKO,CG,Red,Alessio,Xayah,Xayah,BOT,7,17.0,2.0,False,Loss
2925583,3,CG,EKO,CG,EKO,Blue,PiskHeLLo,Ashe,Ashe,BOT,8,18.0,2.0,True,Win
2925583,3,CG,EKO,CG,EKO,Blue,Nash,Bard,K'Sante,SUP,9,19.0,2.0,True,Win
2925583,3,CG,EKO,EKO,CG,Red,Corri,Neeko,Rumble,SUP,10,20.0,2.0,False,Loss
2914483,1,TH,FNC,FNC,TH,Red,Empyros,Rumble,Seraphine,TOP,1,7.0,1.0,True,Win
2914483,1,TH,FNC,TH,FNC,Blue,Tracyn,Ambessa,Bard,TOP,2,8.0,1.0,False,Loss
2914483,1,TH,FNC,TH,FNC,Blue,Daglas,Nocturne,Nocturne,JGL,3,9.0,1.0,False,Loss
2914483,1,TH,FNC,FNC,TH,Red,Razork,JarvanIV,Jarvan IV,JGL,4,10.0,1.0,True,Win
2914483,1,TH,FNC,FNC,TH,Red,Vladi,Azir,Ezreal,MID,5,11.0,1.0,True,Win
2914483,1,TH,FNC,TH,FNC,Blue,Serin,Aurora,Caitlyn,MID,6,12.0,1.0,False,Loss
2914483,1,TH,FNC,TH,FNC,Blue,Ice,Caitlyn,Aurora,BOT,7,17.0,2.0,False,Loss
2914483,1,TH,FNC,FNC,TH,Red,Upset,Ezreal,Rumble,BOT,8,18.0,2.0,True,Win
2914483,1,TH,FNC,FNC,TH,Red,Lospa,Seraphine,Azir,SUP,9,19.0,2.0,True,Win
2914483,1,TH,FNC,TH,FNC,Blue,Way,Bard,Ambessa,SUP,10,20.0,2.0,False,Loss
2914483,2,FNC,TH,FNC,TH,Blue,Empyros,Gnar,Lulu,TOP,1,7.0,1.0,True,Win
2914483,2,FNC,TH,TH,FNC,Red,Tracyn,Irelia,Lucian,TOP,2,8.0,1.0,False,Loss
2914483,2,FNC,TH,TH,FNC,Red,Daglas,XinZhao,Xin Zhao,JGL,3,9.0,1.0,False,Loss
2914483,2,FNC,TH,FNC,TH,Blue,Razork,Zaahen,Yunara,JGL,4,10.0,1.0,True,Win
2914483,2,FNC,TH,FNC,TH,Blue,Vladi,Viktor,Zaahen,MID,5,11.0,1.0,True,Win
2914483,2,FNC,TH,TH,FNC,Red,Serin,Mel,Nami,MID,6,12.0,1.0,False,Loss
2914483,2,FNC,TH,TH,FNC,Red,Ice,Lucian,Mel,BOT,7,17.0,2.0,False,Loss
2914483,2,FNC,TH,FNC,TH,Blue,Upset,Yunara,Viktor,BOT,8,18.0,2.0,True,Win
2914483,2,FNC,TH,FNC,TH,Blue,Lospa,Lulu,Gnar,SUP,9,19.0,2.0,True,Win
2914483,2,FNC,TH,TH,FNC,Red,Way,Nami,Irelia,SUP,10,20.0,2.0,False,Loss
2914484,1,SK,VIT,SK,VIT,Blue,Wunder,Shyvana,Pantheon,TOP,1,7.0,1.0,False,Loss
2914484,1,SK,VIT,VIT,SK,Red,Naak Nako,Jayce,Caitlyn,TOP,2,8.0,1.0,True,Win
2914484,1,SK,VIT,VIT,SK,Red,Lyncas,JarvanIV,Jarvan IV,JGL,3,9.0,1.0,True,Win
2914484,1,SK,VIT,SK,VIT,Blue,Skeanz,Pantheon,Jhin,JGL,4,10.0,1.0,False,Loss
2914484,1,SK,VIT,SK,VIT,Blue,LIDER,Ekko,Rell,MID,5,11.0,1.0,False,Loss
2914484,1,SK,VIT,VIT,SK,Red,Humanoid,Azir,Azir,MID,6,12.0,1.0,True,Win
2914484,1,SK,VIT,VIT,SK,Red,Carzzy,Caitlyn,Bard,BOT,7,17.0,2.0,True,Win
2914484,1,SK,VIT,SK,VIT,Blue,Jopa,Jhin,Shyvana,BOT,8,18.0,2.0,False,Loss
2914484,1,SK,VIT,SK,VIT,Blue,Mikyx,Rell,Ekko,SUP,9,19.0,2.0,False,Loss
2914484,1,SK,VIT,VIT,SK,Red,Fleshy,Bard,Jayce,SUP,10,20.0,2.0,True,Win
2914484,2,SK,VIT,VIT,SK,Red,Naak Nako,Gnar,Ezreal,TOP,1,7.0,1.0,False,Loss
2914484,2,SK,VIT,SK,VIT,Blue,Wunder,Anivia,Kai'Sa,TOP,2,8.0,1.0,True,Win
2914484,2,SK,VIT,SK,VIT,Blue,Skeanz,Vi,Vi,JGL,3,9.0,1.0,True,Win
2914484,2,SK,VIT,VIT,SK,Red,Lyncas,XinZhao,Nami,JGL,4,10.0,1.0,False,Loss
2914484,2,SK,VIT,VIT,SK,Red,Humanoid,Ahri,Xin Zhao,MID,5,11.0,1.0,False,Loss
2914484,2,SK,VIT,SK,VIT,Blue,LIDER,Yasuo,Rakan,MID,6,12.0,1.0,True,Win
2914484,2,SK,VIT,SK,VIT,Blue,Jopa,Kaisa,Anivia,BOT,7,17.0,2.0,True,Win
2914484,2,SK,VIT,VIT,SK,Red,Carzzy,Ezreal,Ahri,BOT,8,18.0,2.0,False,Loss
2914484,2,SK,VIT,VIT,SK,Red,Fleshy,Nami,Gnar,SUP,9,19.0,2.0,False,Loss
2914484,2,SK,VIT,SK,VIT,Blue,Mikyx,Rakan,Yasuo,SUP,10,20.0,2.0,True,Win
2914484,3,VIT,SK,SK,VIT,Red,Wunder,Ryze,Ryze,TOP,1,7.0,1.0,False,Loss
2914484,3,VIT,SK,VIT,SK,Blue,Naak Nako,Aatrox,Lucian,TOP,2,8.0,1.0,True,Win
2914484,3,VIT,SK,VIT,SK,Blue,Lyncas,MonkeyKing,Milio,JGL,3,9.0,1.0,True,Win
2914484,3,VIT,SK,SK,VIT,Red,Skeanz,Zaahen,Lulu,JGL,4,10.0,1.0,False,Loss
2914484,3,VIT,SK,SK,VIT,Red,LIDER,Irelia,Kog'Maw,MID,5,11.0,1.0,False,Loss
2914484,3,VIT,SK,VIT,SK,Blue,Humanoid,Syndra,Syndra,MID,6,12.0,1.0,True,Win
2914484,3,VIT,SK,VIT,SK,Blue,Carzzy,Lucian,Wukong,BOT,7,17.0,2.0,True,Win
2914484,3,VIT,SK,SK,VIT,Red,Jopa,KogMaw,Zaahen,BOT,8,18.0,2.0,False,Loss
2914484,3,VIT,SK,SK,VIT,Red,Mikyx,Lulu,Irelia,SUP,9,19.0,2.0,False,Loss
2914484,3,VIT,SK,VIT,SK,Blue,Fleshy,Milio,Aatrox,SUP,10,20.0,2.0,True,Win
2914485,1,TH,SHFT,SHFT,TH,Red,Rooster,Rumble,Seraphine,TOP,1,7.0,1.0,True,Win
2914485,1,TH,SHFT,TH,SHFT,Blue,Tracyn,Jayce,Aurora,TOP,2,8.0,1.0,False,Loss
2914485,1,TH,SHFT,TH,SHFT,Blue,Daglas,Nocturne,Nocturne,JGL,3,9.0,1.0,False,Loss
2914485,1,TH,SHFT,SHFT,TH,Red,Sheo,Pantheon,Ashe,JGL,4,10.0,1.0,True,Win
2914485,1,TH,SHFT,SHFT,TH,Red,nuc,Anivia,Rumble,MID,5,11.0,1.0,True,Win
2914485,1,TH,SHFT,TH,SHFT,Blue,Serin,Aurora,Jayce,MID,6,12.0,1.0,False,Loss
2914485,1,TH,SHFT,TH,SHFT,Blue,Ice,Zeri,Zeri,BOT,7,17.0,2.0,False,Loss
2914485,1,TH,SHFT,SHFT,TH,Red,Paduck,Ashe,Pantheon,BOT,8,18.0,2.0,True,Win
2914485,1,TH,SHFT,SHFT,TH,Red,Trymbi,Seraphine,Anivia,SUP,9,19.0,2.0,True,Win
2914485,1,TH,SHFT,TH,SHFT,Blue,Way,Yuumi,Yuumi,SUP,10,20.0,2.0,False,Loss
2914485,2,TH,SHFT,TH,SHFT,Blue,Tracyn,Ambessa,Varus,TOP,1,7.0,1.0,False,Loss
2914485,2,TH,SHFT,SHFT,TH,Red,Rooster,Gnar,Ezreal,TOP,2,8.0,1.0,True,Win
2914485,2,TH,SHFT,SHFT,TH,Red,Sheo,MonkeyKing,Bard,JGL,3,9.0,1.0,True,Win
2914485,2,TH,SHFT,TH,SHFT,Blue,Daglas,Skarner,Neeko,JGL,4,10.0,1.0,False,Loss
2914485,2,TH,SHFT,TH,SHFT,Blue,Serin,Annie,Ambessa,MID,5,11.0,1.0,False,Loss
2914485,2,TH,SHFT,SHFT,TH,Red,nuc,Ahri,Wukong,MID,6,12.0,1.0,True,Win
2914485,2,TH,SHFT,SHFT,TH,Red,Paduck,Ezreal,Ahri,BOT,7,17.0,2.0,True,Win
2914485,2,TH,SHFT,TH,SHFT,Blue,Ice,Varus,Skarner,BOT,8,18.0,2.0,False,Loss
2914485,2,TH,SHFT,TH,SHFT,Blue,Way,Neeko,Annie,SUP,9,19.0,2.0,False,Loss
2914485,2,TH,SHFT,SHFT,TH,Red,Trymbi,Bard,Gnar,SUP,10,20.0,2.0,True,Win
2914486,1,NAVI,G2,NAVI,G2,Blue,Maynter,Rumble,Karma,TOP,1,7.0,1.0,False,Loss
2914486,1,NAVI,G2,G2,NAVI,Red,BrokenBlade,Ornn,Ezreal,TOP,2,8.0,1.0,True,Win
2914486,1,NAVI,G2,G2,NAVI,Red,SkewMond,Pantheon,Pantheon,JGL,3,9.0,1.0,True,Win
2914486,1,NAVI,G2,NAVI,G2,Blue,Rhilech,XinZhao,Caitlyn,JGL,4,10.0,1.0,False,Loss
2914486,1,NAVI,G2,NAVI,G2,Blue,Poby,Ryze,Xin Zhao,MID,5,11.0,1.0,False,Loss
2914486,1,NAVI,G2,G2,NAVI,Red,Caps,Annie,Nami,MID,6,12.0,1.0,True,Win
2914486,1,NAVI,G2,G2,NAVI,Red,Hans Sama,Ezreal,Annie,BOT,7,17.0,2.0,True,Win
2914486,1,NAVI,G2,NAVI,G2,Blue,SamD,Caitlyn,Ryze,BOT,8,18.0,2.0,False,Loss
2914486,1,NAVI,G2,NAVI,G2,Blue,Parus,Karma,Rumble,SUP,9,19.0,2.0,False,Loss
2914486,1,NAVI,G2,G2,NAVI,Red,Labrov,Nami,Ornn,SUP,10,20.0,2.0,True,Win
2914486,2,G2,NAVI,G2,NAVI,Blue,BrokenBlade,KSante,Orianna,TOP,1,7.0,1.0,True,Win
2914486,2,G2,NAVI,NAVI,G2,Red,Maynter,Ambessa,Lucian,TOP,2,8.0,1.0,False,Loss
2914486,2,G2,NAVI,NAVI,G2,Red,Rhilech,MonkeyKing,Milio,JGL,3,9.0,1.0,False,Loss
2914486,2,G2,NAVI,G2,NAVI,Blue,SkewMond,Trundle,Yunara,JGL,4,10.0,1.0,True,Win
2914486,2,G2,NAVI,G2,NAVI,Blue,Caps,Orianna,Lulu,MID,5,11.0,1.0,True,Win
2914486,2,G2,NAVI,NAVI,G2,Red,Poby,Viktor,Viktor,MID,6,12.0,1.0,False,Loss
2914486,2,G2,NAVI,NAVI,G2,Red,SamD,Lucian,Wukong,BOT,7,17.0,2.0,False,Loss
2914486,2,G2,NAVI,G2,NAVI,Blue,Hans Sama,Yunara,K'Sante,BOT,8,18.0,2.0,True,Win
2914486,2,G2,NAVI,G2,NAVI,Blue,Labrov,Lulu,Trundle,SUP,9,19.0,2.0,True,Win
2914486,2,G2,NAVI,NAVI,G2,Red,Parus,Milio,Ambessa,SUP,10,20.0,2.0,False,Loss
2914487,1,VIT,FNC,VIT,FNC,Blue,Naak Nako,Rumble,Rumble,TOP,1,7.0,1.0,False,Loss
2914487,1,VIT,FNC,FNC,VIT,Red,Empyros,Ornn,Xin Zhao,TOP,2,8.0,1.0,True,Win
2914487,1,VIT,FNC,FNC,VIT,Red,Razork,XinZhao,Ezreal,JGL,3,9.0,1.0,True,Win
2914487,1,VIT,FNC,VIT,FNC,Blue,Lyncas,Vi,Kai'Sa,JGL,4,10.0,1.0,False,Loss
2914487,1,VIT,FNC,VIT,FNC,Blue,Humanoid,Viktor,Vi,MID,5,11.0,1.0,False,Loss
2914487,1,VIT,FNC,FNC,VIT,Red,Vladi,Ryze,Ornn,MID,6,12.0,1.0,True,Win
2914487,1,VIT,FNC,FNC,VIT,Red,Upset,Ezreal,Ryze,BOT,7,17.0,2.0,True,Win
2914487,1,VIT,FNC,VIT,FNC,Blue,Carzzy,Kaisa,Rell,BOT,8,18.0,2.0,False,Loss
2914487,1,VIT,FNC,VIT,FNC,Blue,Fleshy,Rell,Viktor,SUP,9,19.0,2.0,False,Loss
2914487,1,VIT,FNC,FNC,VIT,Red,Lospa,Braum,Braum,SUP,10,20.0,2.0,True,Win
2914487,2,FNC,VIT,FNC,VIT,Blue,Empyros,KSante,Caitlyn,TOP,1,7.0,1.0,False,Loss
2914487,2,FNC,VIT,VIT,FNC,Red,Naak Nako,TwistedFate,Pantheon,TOP,2,8.0,1.0,True,Win
2914487,2,FNC,VIT,VIT,FNC,Red,Lyncas,Pantheon,Bard,JGL,3,9.0,1.0,True,Win
2914487,2,FNC,VIT,FNC,VIT,Blue,Razork,Skarner,Skarner,JGL,4,10.0,1.0,False,Loss
2914487,2,FNC,VIT,FNC,VIT,Blue,Vladi,Aurora,Seraphine,MID,5,11.0,1.0,False,Loss
2914487,2,FNC,VIT,VIT,FNC,Red,Humanoid,Syndra,Jhin,MID,6,12.0,1.0,True,Win
2914487,2,FNC,VIT,VIT,FNC,Red,Carzzy,Jhin,Syndra,BOT,7,17.0,2.0,True,Win
2914487,2,FNC,VIT,FNC,VIT,Blue,Upset,Caitlyn,K'Sante,BOT,8,18.0,2.0,False,Loss
2914487,2,FNC,VIT,FNC,VIT,Blue,Lospa,Seraphine,Aurora,SUP,9,19.0,2.0,False,Loss
2914487,2,FNC,VIT,VIT,FNC,Red,Fleshy,Bard,Twisted Fate,SUP,10,20.0,2.0,True,Win
2914487,3,VIT,FNC,VIT,FNC,Blue,Naak Nako,Varus,Milio,TOP,1,7.0,1.0,True,Win
2914487,3,VIT,FNC,FNC,VIT,Red,Empyros,Gnar,Yunara,TOP,2,8.0,1.0,False,Loss
2914487,3,VIT,FNC,FNC,VIT,Red,Razork,Naafiri,Lulu,JGL,3,9.0,1.0,False,Loss
2914487,3,VIT,FNC,VIT,FNC,Blue,Lyncas,Aatrox,Lucian,JGL,4,10.0,1.0,True,Win
2914487,3,VIT,FNC,VIT,FNC,Blue,Humanoid,Annie,Aatrox,MID,5,11.0,1.0,True,Win
2914487,3,VIT,FNC,FNC,VIT,Red,Vladi,Taliyah,Naafiri,MID,6,12.0,1.0,False,Loss
2914487,3,VIT,FNC,FNC,VIT,Red,Upset,Yunara,Taliyah,BOT,7,17.0,2.0,False,Loss
2914487,3,VIT,FNC,VIT,FNC,Blue,Carzzy,Lucian,Annie,BOT,8,18.0,2.0,True,Win
2914487,3,VIT,FNC,VIT,FNC,Blue,Fleshy,Milio,Varus,SUP,9,19.0,2.0,True,Win
2914487,3,VIT,FNC,FNC,VIT,Red,Lospa,Lulu,Gnar,SUP,10,20.0,2.0,False,Loss
2914488,1,MKOI,SHFT,MKOI,SHFT,Blue,Myrwn,Jayce,Jarvan IV,TOP,1,7.0,1.0,False,Loss
2914488,1,MKOI,SHFT,SHFT,MKOI,Red,Rooster,Irelia,Lucian,TOP,2,8.0,1.0,True,Win
2914488,1,MKOI,SHFT,SHFT,MKOI,Red,Sheo,Pantheon,Pantheon,JGL,3,9.0,1.0,True,Win
2914488,1,MKOI,SHFT,MKOI,SHFT,Blue,Elyoya,JarvanIV,Azir,JGL,4,10.0,1.0,False,Loss
2914488,1,MKOI,SHFT,MKOI,SHFT,Blue,Jojopyun,Azir,Jayce,MID,5,11.0,1.0,False,Loss
2914488,1,MKOI,SHFT,SHFT,MKOI,Red,nuc,Taliyah,Milio,MID,6,12.0,1.0,True,Win
2914488,1,MKOI,SHFT,SHFT,MKOI,Red,Paduck,Lucian,Taliyah,BOT,7,17.0,2.0,True,Win
2914488,1,MKOI,SHFT,MKOI,SHFT,Blue,Supa,Kalista,Kalista,BOT,8,18.0,2.0,False,Loss
2914488,1,MKOI,SHFT,MKOI,SHFT,Blue,Alvaro,Renata,Renata Glasc,SUP,9,19.0,2.0,False,Loss
2914488,1,MKOI,SHFT,SHFT,MKOI,Red,Trymbi,Milio,Irelia,SUP,10,20.0,2.0,True,Win
2914488,2,MKOI,SHFT,SHFT,MKOI,Red,Rooster,Gnar,Karma,TOP,1,7.0,1.0,False,Loss
2914488,2,MKOI,SHFT,MKOI,SHFT,Blue,Myrwn,Shyvana,Ashe,TOP,2,8.0,1.0,True,Win
2914488,2,MKOI,SHFT,MKOI,SHFT,Blue,Elyoya,XinZhao,Xin Zhao,JGL,3,9.0,1.0,True,Win
2914488,2,MKOI,SHFT,SHFT,MKOI,Red,Sheo,DrMundo,Ezreal,JGL,4,10.0,1.0,False,Loss
2914488,2,MKOI,SHFT,SHFT,MKOI,Red,nuc,Viktor,Gnar,MID,5,11.0,1.0,False,Loss
2914488,2,MKOI,SHFT,MKOI,SHFT,Blue,Jojopyun,Sylas,Seraphine,MID,6,12.0,1.0,True,Win
2914488,2,MKOI,SHFT,MKOI,SHFT,Blue,Supa,Ashe,Shyvana,BOT,7,17.0,2.0,True,Win
2914488,2,MKOI,SHFT,SHFT,MKOI,Red,Paduck,Ezreal,Dr. Mundo,BOT,8,18.0,2.0,False,Loss
2914488,2,MKOI,SHFT,SHFT,MKOI,Red,Trymbi,Karma,Viktor,SUP,9,19.0,2.0,False,Loss
2914488,2,MKOI,SHFT,MKOI,SHFT,Blue,Alvaro,Seraphine,Sylas,SUP,10,20.0,2.0,True,Win
2914488,3,MKOI,SHFT,MKOI,SHFT,Blue,Myrwn,Varus,Varus,TOP,1,7.0,1.0,True,Win
2914488,3,MKOI,SHFT,SHFT,MKOI,Red,Rooster,Naafiri,Nocturne,TOP,2,8.0,1.0,False,Loss
2914488,3,MKOI,SHFT,SHFT,MKOI,Red,Sheo,Nocturne,Zeri,JGL,3,9.0,1.0,False,Loss
2914488,3,MKOI,SHFT,MKOI,SHFT,Blue,Elyoya,Vi,Vi,JGL,4,10.0,1.0,True,Win
2914488,3,MKOI,SHFT,MKOI,SHFT,Blue,Jojopyun,Anivia,Anivia,MID,5,11.0,1.0,True,Win
2914488,3,MKOI,SHFT,SHFT,MKOI,Red,nuc,Ahri,Bard,MID,6,12.0,1.0,False,Loss
2914488,3,MKOI,SHFT,SHFT,MKOI,Red,Paduck,Zeri,Ahri,BOT,7,17.0,2.0,False,Loss
2914488,3,MKOI,SHFT,MKOI,SHFT,Blue,Supa,Kaisa,Kai'Sa,BOT,8,18.0,2.0,True,Win
2914488,3,MKOI,SHFT,MKOI,SHFT,Blue,Alvaro,Rakan,Rakan,SUP,9,19.0,2.0,True,Win
2914488,3,MKOI,SHFT,SHFT,MKOI,Red,Trymbi,Bard,Naafiri,SUP,10,20.0,2.0,False,Loss
2914489,1,G2,KC,KC,G2,Red,Canna,Sion,Karma,TOP,1,7.0,1.0,False,Loss
2914489,1,G2,KC,G2,KC,Blue,BrokenBlade,Kled,Ezreal,TOP,2,8.0,1.0,True,Win
2914489,1,G2,KC,G2,KC,Blue,SkewMond,Skarner,Nami,JGL,3,9.0,1.0,True,Win
2914489,1,G2,KC,KC,G2,Red,Yike,Pantheon,Pantheon,JGL,4,10.0,1.0,False,Loss
2914489,1,G2,KC,KC,G2,Red,kyeahoo,Azir,Azir,MID,5,11.0,1.0,False,Loss
2914489,1,G2,KC,G2,KC,Blue,Caps,Leblanc,LeBlanc,MID,6,12.0,1.0,True,Win
2914489,1,G2,KC,G2,KC,Blue,Hans Sama,Ezreal,Skarner,BOT,7,17.0,2.0,True,Win
2914489,1,G2,KC,KC,G2,Red,Caliste,Jhin,Jhin,BOT,8,18.0,2.0,False,Loss
2914489,1,G2,KC,KC,G2,Red,Busio,Karma,Sion,SUP,9,19.0,2.0,False,Loss
2914489,1,G2,KC,G2,KC,Blue,Labrov,Nami,Kled,SUP,10,20.0,2.0,True,Win
2914489,2,G2,KC,KC,G2,Red,Canna,Aurora,Ashe,TOP,1,7.0,1.0,False,Loss
2914489,2,G2,KC,G2,KC,Blue,BrokenBlade,Gnar,Caitlyn,TOP,2,8.0,1.0,True,Win
2914489,2,G2,KC,G2,KC,Blue,SkewMond,Olaf,Bard,JGL,3,9.0,1.0,True,Win
2914489,2,G2,KC,KC,G2,Red,Yike,XinZhao,Seraphine,JGL,4,10.0,1.0,False,Loss
2914489,2,G2,KC,KC,G2,Red,kyeahoo,Ryze,Ryze,MID,5,11.0,1.0,False,Loss
2914489,2,G2,KC,G2,KC,Blue,Caps,Annie,Annie,MID,6,12.0,1.0,True,Win
2914489,2,G2,KC,G2,KC,Blue,Hans Sama,Caitlyn,Gnar,BOT,7,17.0,2.0,True,Win
2914489,2,G2,KC,KC,G2,Red,Caliste,Ashe,Xin Zhao,BOT,8,18.0,2.0,False,Loss
2914489,2,G2,KC,KC,G2,Red,Busio,Seraphine,Aurora,SUP,9,19.0,2.0,False,Loss
2914489,2,G2,KC,G2,KC,Blue,Labrov,Bard,Olaf,SUP,10,20.0,2.0,True,Win
2914490,1,MKOI,GX,MKOI,GX,Blue,Myrwn,Rumble,Vi,TOP,1,7.0,1.0,True,Win
2914490,1,MKOI,GX,GX,MKOI,Red,Lot,Sion,Nocturne,TOP,2,8.0,1.0,False,Loss
2914490,1,MKOI,GX,GX,MKOI,Red,ISMA,Nocturne,Caitlyn,JGL,3,9.0,1.0,False,Loss
2914490,1,MKOI,GX,MKOI,GX,Blue,Elyoya,Vi,Ezreal,JGL,4,10.0,1.0,True,Win
2914490,1,MKOI,GX,MKOI,GX,Blue,Jojopyun,Viktor,Karma,MID,5,11.0,1.0,True,Win
2914490,1,MKOI,GX,GX,MKOI,Red,Jackies,Akali,Nautilus,MID,6,12.0,1.0,False,Loss
2914490,1,MKOI,GX,GX,MKOI,Red,Noah,Caitlyn,Akali,BOT,7,17.0,2.0,False,Loss
2914490,1,MKOI,GX,MKOI,GX,Blue,Supa,Ezreal,Rumble,BOT,8,18.0,2.0,True,Win
2914490,1,MKOI,GX,MKOI,GX,Blue,Alvaro,Karma,Viktor,SUP,9,19.0,2.0,True,Win
2914490,1,MKOI,GX,GX,MKOI,Red,Jun,Nautilus,Sion,SUP,10,20.0,2.0,False,Loss
2914490,2,MKOI,GX,MKOI,GX,Blue,Myrwn,Shen,Jarvan IV,TOP,1,7.0,1.0,True,Win
2914490,2,MKOI,GX,GX,MKOI,Red,Lot,Renekton,Lucian,TOP,2,8.0,1.0,False,Loss
2914490,2,MKOI,GX,GX,MKOI,Red,ISMA,Skarner,Milio,JGL,3,9.0,1.0,False,Loss
2914490,2,MKOI,GX,MKOI,GX,Blue,Elyoya,JarvanIV,Kalista,JGL,4,10.0,1.0,True,Win
2914490,2,MKOI,GX,MKOI,GX,Blue,Jojopyun,Anivia,Renata Glasc,MID,5,11.0,1.0,True,Win
2914490,2,MKOI,GX,GX,MKOI,Red,Jackies,Azir,Skarner,MID,6,12.0,1.0,False,Loss
2914490,2,MKOI,GX,GX,MKOI,Red,Noah,Lucian,Renekton,BOT,7,17.0,2.0,False,Loss
2914490,2,MKOI,GX,MKOI,GX,Blue,Supa,Kalista,Shen,BOT,8,18.0,2.0,True,Win
2914490,2,MKOI,GX,MKOI,GX,Blue,Alvaro,Renata,Anivia,SUP,9,19.0,2.0,True,Win
2914490,2,MKOI,GX,GX,MKOI,Red,Jun,Milio,Azir,SUP,10,20.0,2.0,False,Loss
2914491,1,GX,G2,GX,G2,Blue,Lot,Rumble,Rumble,TOP,1,7.0,1.0,False,Loss
2914491,1,GX,G2,G2,GX,Red,BrokenBlade,Ornn,Ornn,TOP,2,8.0,1.0,True,Win
2914491,1,GX,G2,G2,GX,Red,SkewMond,Pantheon,Pantheon,JGL,3,9.0,1.0,True,Win
2914491,1,GX,G2,GX,G2,Blue,ISMA,Skarner,Skarner,JGL,4,10.0,1.0,False,Loss
2914491,1,GX,G2,GX,G2,Blue,Jackies,Yone,Ezreal,MID,5,11.0,1.0,False,Loss
2914491,1,GX,G2,G2,GX,Red,Caps,Aurora,Lulu,MID,6,12.0,1.0,True,Win
2914491,1,GX,G2,G2,GX,Red,Hans Sama,Sivir,Sivir,BOT,7,17.0,2.0,True,Win
2914491,1,GX,G2,GX,G2,Blue,Noah,Ezreal,Nami,BOT,8,18.0,2.0,False,Loss
2914491,1,GX,G2,GX,G2,Blue,Jun,Nami,Yone,SUP,9,19.0,2.0,False,Loss
2914491,1,GX,G2,G2,GX,Red,Labrov,Lulu,Aurora,SUP,10,20.0,2.0,True,Win
2914491,2,G2,GX,G2,GX,Blue,BrokenBlade,Gnar,Neeko,TOP,1,7.0,1.0,True,Win
2914491,2,G2,GX,GX,G2,Red,Lot,Renekton,Bard,TOP,2,8.0,1.0,False,Loss
2914491,2,G2,GX,GX,G2,Red,ISMA,JarvanIV,Jarvan IV,JGL,3,9.0,1.0,False,Loss
2914491,2,G2,GX,G2,GX,Blue,SkewMond,MonkeyKing,Wukong,JGL,4,10.0,1.0,True,Win
2914491,2,G2,GX,G2,GX,Blue,Caps,Galio,Kai'Sa,MID,5,11.0,1.0,True,Win
2914491,2,G2,GX,GX,G2,Red,Jackies,Leblanc,Xayah,MID,6,12.0,1.0,False,Loss
2914491,2,G2,GX,GX,G2,Red,Noah,Xayah,LeBlanc,BOT,7,17.0,2.0,False,Loss
2914491,2,G2,GX,G2,GX,Blue,Hans Sama,Kaisa,Gnar,BOT,8,18.0,2.0,True,Win
2914491,2,G2,GX,G2,GX,Blue,Labrov,Neeko,Galio,SUP,9,19.0,2.0,True,Win
2914491,2,G2,GX,GX,G2,Red,Jun,Bard,Renekton,SUP,10,20.0,2.0,False,Loss
2914492,1,KC,MKOI,KC,MKOI,Blue,Canna,Jayce,Pantheon,TOP,1,7.0,1.0,True,Win
2914492,1,KC,MKOI,MKOI,KC,Red,Myrwn,Shyvana,Azir,TOP,2,8.0,1.0,False,Loss
2914492,1,KC,MKOI,MKOI,KC,Red,Elyoya,Skarner,Bard,JGL,3,9.0,1.0,False,Loss
2914492,1,KC,MKOI,KC,MKOI,Blue,Yike,Pantheon,Ashe,JGL,4,10.0,1.0,True,Win
2914492,1,KC,MKOI,KC,MKOI,Blue,kyeahoo,Taliyah,Seraphine,MID,5,11.0,1.0,True,Win
2914492,1,KC,MKOI,MKOI,KC,Red,Jojopyun,Azir,Caitlyn,MID,6,12.0,1.0,False,Loss
2914492,1,KC,MKOI,MKOI,KC,Red,Supa,Caitlyn,Skarner,BOT,7,17.0,2.0,False,Loss
2914492,1,KC,MKOI,KC,MKOI,Blue,Caliste,Ashe,Jayce,BOT,8,18.0,2.0,True,Win
2914492,1,KC,MKOI,KC,MKOI,Blue,Busio,Seraphine,Taliyah,SUP,9,19.0,2.0,True,Win
2914492,1,KC,MKOI,MKOI,KC,Red,Alvaro,Bard,Shyvana,SUP,10,20.0,2.0,False,Loss
2914492,2,KC,MKOI,KC,MKOI,Blue,Canna,Renekton,Orianna,TOP,1,7.0,1.0,False,Loss
2914492,2,KC,MKOI,MKOI,KC,Red,Myrwn,Rumble,Rumble,TOP,2,8.0,1.0,True,Win
2914492,2,KC,MKOI,MKOI,KC,Red,Elyoya,Vi,Vi,JGL,3,9.0,1.0,True,Win
2914492,2,KC,MKOI,KC,MKOI,Blue,Yike,MonkeyKing,Corki,JGL,4,10.0,1.0,False,Loss
2914492,2,KC,MKOI,KC,MKOI,Blue,kyeahoo,Orianna,Nami,MID,5,11.0,1.0,False,Loss
2914492,2,KC,MKOI,MKOI,KC,Red,Jojopyun,Akali,Akali,MID,6,12.0,1.0,True,Win
2914492,2,KC,MKOI,MKOI,KC,Red,Supa,Kaisa,Kai'Sa,BOT,7,17.0,2.0,True,Win
2914492,2,KC,MKOI,KC,MKOI,Blue,Caliste,Corki,Wukong,BOT,8,18.0,2.0,False,Loss
2914492,2,KC,MKOI,KC,MKOI,Blue,Busio,Nami,Renekton,SUP,9,19.0,2.0,False,Loss
2914492,2,KC,MKOI,MKOI,KC,Red,Alvaro,Neeko,Neeko,SUP,10,20.0,2.0,True,Win
2914492,3,MKOI,KC,MKOI,KC,Blue,Myrwn,Zeri,Karma,TOP,1,7.0,1.0,False,Loss
2914492,3,MKOI,KC,KC,MKOI,Red,Canna,Gnar,Lulu,TOP,2,8.0,1.0,True,Win
2914492,3,MKOI,KC,KC,MKOI,Red,Yike,Khazix,Sivir,JGL,3,9.0,1.0,True,Win
2914492,3,MKOI,KC,MKOI,KC,Blue,Elyoya,Trundle,Ezreal,JGL,4,10.0,1.0,False,Loss
2914492,3,MKOI,KC,MKOI,KC,Blue,Jojopyun,Ryze,Ryze,MID,5,11.0,1.0,False,Loss
2914492,3,MKOI,KC,KC,MKOI,Red,kyeahoo,Annie,Annie,MID,6,12.0,1.0,True,Win
2914492,3,MKOI,KC,KC,MKOI,Red,Caliste,Sivir,Gnar,BOT,7,17.0,2.0,True,Win
2914492,3,MKOI,KC,MKOI,KC,Blue,Supa,Ezreal,Trundle,BOT,8,18.0,2.0,False,Loss
2914492,3,MKOI,KC,MKOI,KC,Blue,Alvaro,Karma,Zeri,SUP,9,19.0,2.0,False,Loss
2914492,3,MKOI,KC,KC,MKOI,Red,Busio,Lulu,Kha'Zix,SUP,10,20.0,2.0,True,Win
2914494,1,GX,KC,GX,KC,Blue,Lot,Renekton,Varus,TOP,1,7.0,1.0,False,Loss
2914494,1,GX,KC,KC,GX,Red,Canna,Aurora,Aurora,TOP,2,8.0,1.0,True,Win
2914494,1,GX,KC,KC,GX,Red,Yike,Pantheon,Pantheon,JGL,3,9.0,1.0,True,Win
2914494,1,GX,KC,GX,KC,Blue,ISMA,Nocturne,Nocturne,JGL,4,10.0,1.0,False,Loss
2914494,1,GX,KC,GX,KC,Blue,Jackies,Ryze,Ryze,MID,5,11.0,1.0,False,Loss
2914494,1,GX,KC,KC,GX,Red,kyeahoo,Anivia,Lulu,MID,6,12.0,1.0,True,Win
2914494,1,GX,KC,KC,GX,Red,Caliste,Zeri,Zeri,BOT,7,17.0,2.0,True,Win
2914494,1,GX,KC,GX,KC,Blue,Noah,Varus,Neeko,BOT,8,18.0,2.0,False,Loss
2914494,1,GX,KC,GX,KC,Blue,Jun,Neeko,Renekton,SUP,9,19.0,2.0,False,Loss
2914494,1,GX,KC,KC,GX,Red,Busio,Lulu,Anivia,SUP,10,20.0,2.0,True,Win
2914494,2,KC,GX,KC,GX,Blue,Canna,Cassiopeia,Bard,TOP,1,7.0,1.0,False,Loss
2914494,2,KC,GX,GX,KC,Red,Lot,Gnar,Ezreal,TOP,2,8.0,1.0,True,Win
2914494,2,KC,GX,GX,KC,Red,ISMA,Skarner,Karma,JGL,3,9.0,1.0,True,Win
2914494,2,KC,GX,KC,GX,Blue,Yike,Vi,Vi,JGL,4,10.0,1.0,False,Loss
2914494,2,KC,GX,KC,GX,Blue,kyeahoo,Viktor,Caitlyn,MID,5,11.0,1.0,False,Loss
2914494,2,KC,GX,GX,KC,Red,Jackies,Azir,Skarner,MID,6,12.0,1.0,True,Win
2914494,2,KC,GX,GX,KC,Red,Noah,Ezreal,Gnar,BOT,7,17.0,2.0,True,Win
2914494,2,KC,GX,KC,GX,Blue,Caliste,Caitlyn,Viktor,BOT,8,18.0,2.0,False,Loss
2914494,2,KC,GX,KC,GX,Blue,Busio,Bard,Cassiopeia,SUP,9,19.0,2.0,False,Loss
2914494,2,KC,GX,GX,KC,Red,Jun,Karma,Azir,SUP,10,20.0,2.0,True,Win
2914494,3,KC,GX,GX,KC,Red,Lot,Jax,Xin Zhao,TOP,1,7.0,1.0,True,Win
2914494,3,KC,GX,KC,GX,Blue,Canna,Brand,Corki,TOP,2,8.0,1.0,False,Loss
2914494,3,KC,GX,KC,GX,Blue,Yike,Naafiri,Naafiri,JGL,3,9.0,1.0,False,Loss
2914494,3,KC,GX,GX,KC,Red,ISMA,XinZhao,Lucian,JGL,4,10.0,1.0,True,Win
2914494,3,KC,GX,GX,KC,Red,Jackies,Ahri,Nami,MID,5,11.0,1.0,True,Win
2914494,3,KC,GX,KC,GX,Blue,kyeahoo,Sylas,Nautilus,MID,6,12.0,1.0,False,Loss
2914494,3,KC,GX,KC,GX,Blue,Caliste,Corki,Brand,BOT,7,17.0,2.0,False,Loss
2914494,3,KC,GX,GX,KC,Red,Noah,Lucian,Jax,BOT,8,18.0,2.0,True,Win
2914494,3,KC,GX,GX,KC,Red,Jun,Nami,Ahri,SUP,9,19.0,2.0,True,Win
2914494,3,KC,GX,KC,GX,Blue,Busio,Nautilus,Sylas,SUP,10,20.0,2.0,False,Loss
2914495,1,G2,MKOI,G2,MKOI,Blue,BrokenBlade,Ornn,Karma,TOP,1,7.0,1.0,False,Loss
2914495,1,G2,MKOI,MKOI,G2,Red,Myrwn,Rumble,Rumble,TOP,2,8.0,1.0,True,Win
2914495,1,G2,MKOI,MKOI,G2,Red,Elyoya,Pantheon,Pantheon,JGL,3,9.0,1.0,True,Win
2914495,1,G2,MKOI,G2,MKOI,Blue,SkewMond,Nocturne,Ezreal,JGL,4,10.0,1.0,False,Loss
2914495,1,G2,MKOI,G2,MKOI,Blue,Caps,Ryze,Ornn,MID,5,11.0,1.0,False,Loss
2914495,1,G2,MKOI,MKOI,G2,Red,Jojopyun,Azir,Yunara,MID,6,12.0,1.0,True,Win
2914495,1,G2,MKOI,MKOI,G2,Red,Supa,Yunara,Rakan,BOT,7,17.0,2.0,True,Win
2914495,1,G2,MKOI,G2,MKOI,Blue,Hans Sama,Ezreal,Ryze,BOT,8,18.0,2.0,False,Loss
2914495,1,G2,MKOI,G2,MKOI,Blue,Labrov,Karma,Nocturne,SUP,9,19.0,2.0,False,Loss
2914495,1,G2,MKOI,MKOI,G2,Red,Alvaro,Rakan,Azir,SUP,10,20.0,2.0,True,Win
2914495,2,MKOI,G2,MKOI,G2,Blue,Myrwn,Gnar,Jarvan IV,TOP,1,7.0,1.0,False,Loss
2914495,2,MKOI,G2,G2,MKOI,Red,BrokenBlade,Vayne,Lulu,TOP,2,8.0,1.0,True,Win
2914495,2,MKOI,G2,G2,MKOI,Red,SkewMond,Skarner,Skarner,JGL,3,9.0,1.0,True,Win
2914495,2,MKOI,G2,MKOI,G2,Blue,Elyoya,JarvanIV,Nautilus,JGL,4,10.0,1.0,False,Loss
2914495,2,MKOI,G2,MKOI,G2,Blue,Jojopyun,Lissandra,Kai'Sa,MID,5,11.0,1.0,False,Loss
2914495,2,MKOI,G2,G2,MKOI,Red,Caps,Ahri,Sivir,MID,6,12.0,1.0,True,Win
2914495,2,MKOI,G2,G2,MKOI,Red,Hans Sama,Sivir,Ahri,BOT,7,17.0,2.0,True,Win
2914495,2,MKOI,G2,MKOI,G2,Blue,Supa,Kaisa,Gnar,BOT,8,18.0,2.0,False,Loss
2914495,2,MKOI,G2,MKOI,G2,Blue,Alvaro,Nautilus,Lissandra,SUP,9,19.0,2.0,False,Loss
2914495,2,MKOI,G2,G2,MKOI,Red,Labrov,Lulu,Vayne,SUP,10,20.0,2.0,True,Win
2914495,3,G2,MKOI,G2,MKOI,Blue,BrokenBlade,KSante,Seraphine,TOP,1,7.0,1.0,False,Loss
2914495,3,G2,MKOI,MKOI,G2,Red,Myrwn,Anivia,Ashe,TOP,2,8.0,1.0,True,Win
2914495,3,G2,MKOI,MKOI,G2,Red,Elyoya,XinZhao,Anivia,JGL,3,9.0,1.0,True,Win
2914495,3,G2,MKOI,G2,MKOI,Blue,SkewMond,LeeSin,Miss Fortune,JGL,4,10.0,1.0,False,Loss
2914495,3,G2,MKOI,G2,MKOI,Blue,Caps,Leblanc,K'Sante,MID,5,11.0,1.0,False,Loss
2914495,3,G2,MKOI,MKOI,G2,Red,Jojopyun,Galio,Xin Zhao,MID,6,12.0,1.0,True,Win
2914495,3,G2,MKOI,MKOI,G2,Red,Supa,Ashe,Rell,BOT,7,17.0,2.0,True,Win
2914495,3,G2,MKOI,G2,MKOI,Blue,Hans Sama,MissFortune,LeBlanc,BOT,8,18.0,2.0,False,Loss
2914495,3,G2,MKOI,G2,MKOI,Blue,Labrov,Seraphine,Lee Sin,SUP,9,19.0,2.0,False,Loss
2914495,3,G2,MKOI,MKOI,G2,Red,Alvaro,Rell,Galio,SUP,10,20.0,2.0,True,Win
2919547,1,NS,T1,T1,NS,Red,Doran,Anivia,Karma,TOP,1,7.0,1.0,True,Win
2919547,1,NS,T1,NS,T1,Blue,Kingen,Sion,Ezreal,TOP,2,8.0,1.0,False,Loss
2919547,1,NS,T1,NS,T1,Blue,Sponge,JarvanIV,Jarvan IV,JGL,3,9.0,1.0,False,Loss
2919547,1,NS,T1,T1,NS,Red,Oner,XinZhao,Anivia,JGL,4,10.0,1.0,True,Win
2919547,1,NS,T1,T1,NS,Red,Faker,Akali,Xin Zhao,MID,5,11.0,1.0,True,Win
2919547,1,NS,T1,NS,T1,Blue,Scout,Azir,Azir,MID,6,12.0,1.0,False,Loss
2919547,1,NS,T1,NS,T1,Blue,Taeyoon,Ezreal,Neeko,BOT,7,17.0,2.0,False,Loss
2919547,1,NS,T1,T1,NS,Red,Peyz,Jhin,Jhin,BOT,8,18.0,2.0,True,Win
2919547,1,NS,T1,T1,NS,Red,Keria,Karma,Akali,SUP,9,19.0,2.0,True,Win
2919547,1,NS,T1,NS,T1,Blue,Lehends,Neeko,Sion,SUP,10,20.0,2.0,False,Loss
2919547,2,T1,NS,NS,T1,Red,Kingen,Rumble,Rumble,TOP,1,7.0,1.0,False,Loss
2919547,2,T1,NS,T1,NS,Blue,Doran,Ambessa,Ambessa,TOP,2,8.0,1.0,True,Win
2919547,2,T1,NS,T1,NS,Blue,Oner,Nocturne,Nocturne,JGL,3,9.0,1.0,True,Win
2919547,2,T1,NS,NS,T1,Red,Sponge,Pantheon,Pantheon,JGL,4,10.0,1.0,False,Loss
2919547,2,T1,NS,NS,T1,Red,Scout,Aurora,Aurora,MID,5,11.0,1.0,False,Loss
2919547,2,T1,NS,T1,NS,Blue,Faker,TwistedFate,Twisted Fate,MID,6,12.0,1.0,True,Win
2919547,2,T1,NS,T1,NS,Blue,Peyz,KogMaw,Lulu,BOT,7,17.0,2.0,True,Win
2919547,2,T1,NS,NS,T1,Red,Taeyoon,Kalista,Kalista,BOT,8,18.0,2.0,False,Loss
2919547,2,T1,NS,NS,T1,Red,Lehends,Renata,Renata Glasc,SUP,9,19.0,2.0,False,Loss
2919547,2,T1,NS,T1,NS,Blue,Keria,Lulu,Kog'Maw,SUP,10,20.0,2.0,True,Win
2919549,1,KT,HLE,KT,HLE,Blue,PerfecT,Jayce,Pantheon,TOP,1,7.0,1.0,False,Loss
2919549,1,KT,HLE,HLE,KT,Red,Zeus,Yorick,Ashe,TOP,2,8.0,1.0,True,Win
2919549,1,KT,HLE,HLE,KT,Red,Kanavi,Vi,Seraphine,JGL,3,9.0,1.0,True,Win
2919549,1,KT,HLE,KT,HLE,Blue,Cuzz,Pantheon,Jayce,JGL,4,10.0,1.0,False,Loss
2919549,1,KT,HLE,KT,HLE,Blue,Bdd,Annie,Annie,MID,5,11.0,1.0,False,Loss
2919549,1,KT,HLE,HLE,KT,Red,Zeka,Aurora,Yorick,MID,6,12.0,1.0,True,Win
2919549,1,KT,HLE,HLE,KT,Red,Gumayusi,Ashe,Vi,BOT,7,17.0,2.0,True,Win
2919549,1,KT,HLE,KT,HLE,Blue,Aiming,Ezreal,Ezreal,BOT,8,18.0,2.0,False,Loss
2919549,1,KT,HLE,KT,HLE,Blue,Effort,Nautilus,Nautilus,SUP,9,19.0,2.0,False,Loss
2919549,1,KT,HLE,HLE,KT,Red,Delight,Seraphine,Aurora,SUP,10,20.0,2.0,True,Win
2919549,2,HLE,KT,HLE,KT,Blue,Zeus,Jax,Jarvan IV,TOP,1,7.0,1.0,True,Win
2919549,2,HLE,KT,KT,HLE,Red,PerfecT,Renekton,Lulu,TOP,2,8.0,1.0,False,Loss
2919549,2,HLE,KT,KT,HLE,Red,Cuzz,XinZhao,Yunara,JGL,3,9.0,1.0,False,Loss
2919549,2,HLE,KT,HLE,KT,Blue,Kanavi,JarvanIV,Lucian,JGL,4,10.0,1.0,True,Win
2919549,2,HLE,KT,HLE,KT,Blue,Zeka,Ahri,Milio,MID,5,11.0,1.0,True,Win
2919549,2,HLE,KT,KT,HLE,Red,Bdd,Anivia,Xin Zhao,MID,6,12.0,1.0,False,Loss
2919549,2,HLE,KT,KT,HLE,Red,Aiming,Yunara,Anivia,BOT,7,17.0,2.0,False,Loss
2919549,2,HLE,KT,HLE,KT,Blue,Gumayusi,Lucian,Ahri,BOT,8,18.0,2.0,True,Win
2919549,2,HLE,KT,HLE,KT,Blue,Delight,Milio,Jax,SUP,9,19.0,2.0,True,Win
2919549,2,HLE,KT,KT,HLE,Red,Effort,Lulu,Renekton,SUP,10,20.0,2.0,False,Loss
2919550,1,GEN,KRX,GEN,KRX,Blue,Kiin,Renekton,Jarvan IV,TOP,1,7.0,1.0,True,Win
2919550,1,GEN,KRX,KRX,GEN,Red,Rich,Gnar,Ezreal,TOP,2,8.0,1.0,False,Loss
2919550,1,GEN,KRX,KRX,GEN,Red,Willer,Pantheon,Neeko,JGL,3,9.0,1.0,False,Loss
2919550,1,GEN,KRX,GEN,KRX,Blue,Canyon,JarvanIV,Ashe,JGL,4,10.0,1.0,True,Win
2919550,1,GEN,KRX,GEN,KRX,Blue,Chovy,Annie,Seraphine,MID,5,11.0,1.0,True,Win
2919550,1,GEN,KRX,KRX,GEN,Red,Ucal,Aurora,Pantheon,MID,6,12.0,1.0,False,Loss
2919550,1,GEN,KRX,KRX,GEN,Red,LazyFeel,Ezreal,Aurora,BOT,7,17.0,2.0,False,Loss
2919550,1,GEN,KRX,GEN,KRX,Blue,Ruler,Ashe,Renekton,BOT,8,18.0,2.0,True,Win
2919550,1,GEN,KRX,GEN,KRX,Blue,Duro,Seraphine,Annie,SUP,9,19.0,2.0,True,Win
2919550,1,GEN,KRX,KRX,GEN,Red,Andil,Neeko,Gnar,SUP,10,20.0,2.0,False,Loss
2919550,2,KRX,GEN,KRX,GEN,Blue,Rich,Rumble,Ryze,TOP,1,7.0,1.0,True,Win
2919550,2,KRX,GEN,GEN,KRX,Red,Kiin,Jayce,Yunara,TOP,2,8.0,1.0,False,Loss
2919550,2,KRX,GEN,GEN,KRX,Red,Canyon,Vi,Vi,JGL,3,9.0,1.0,False,Loss
2919550,2,KRX,GEN,KRX,GEN,Blue,Willer,MonkeyKing,Rumble,JGL,4,10.0,1.0,True,Win
2919550,2,KRX,GEN,KRX,GEN,Blue,Ucal,Ryze,Wukong,MID,5,11.0,1.0,True,Win
2919550,2,KRX,GEN,GEN,KRX,Red,Chovy,Akali,Lulu,MID,6,12.0,1.0,False,Loss
2919550,2,KRX,GEN,GEN,KRX,Red,Ruler,Yunara,Jayce,BOT,7,17.0,2.0,False,Loss
2919550,2,KRX,GEN,KRX,GEN,Blue,LazyFeel,Lucian,Lucian,BOT,8,18.0,2.0,True,Win
2919550,2,KRX,GEN,KRX,GEN,Blue,Andil,Milio,Milio,SUP,9,19.0,2.0,True,Win
2919550,2,KRX,GEN,GEN,KRX,Red,Duro,Lulu,Akali,SUP,10,20.0,2.0,False,Loss
2919550,3,KRX,GEN,KRX,GEN,Blue,Rich,Shen,Xin Zhao,TOP,1,7.0,1.0,False,Loss
2919550,3,KRX,GEN,GEN,KRX,Red,Kiin,KSante,Bard,TOP,2,8.0,1.0,True,Win
2919550,3,KRX,GEN,GEN,KRX,Red,Canyon,Trundle,Trundle,JGL,3,9.0,1.0,True,Win
2919550,3,KRX,GEN,KRX,GEN,Blue,Willer,XinZhao,Nautilus,JGL,4,10.0,1.0,False,Loss
2919550,3,KRX,GEN,KRX,GEN,Blue,Ucal,Viktor,Miss Fortune,MID,5,11.0,1.0,False,Loss
2919550,3,KRX,GEN,GEN,KRX,Red,Chovy,Sylas,Jhin,MID,6,12.0,1.0,True,Win
2919550,3,KRX,GEN,GEN,KRX,Red,Ruler,Jhin,K'Sante,BOT,7,17.0,2.0,True,Win
2919550,3,KRX,GEN,KRX,GEN,Blue,LazyFeel,MissFortune,Shen,BOT,8,18.0,2.0,False,Loss
2919550,3,KRX,GEN,KRX,GEN,Blue,Andil,Nautilus,Viktor,SUP,9,19.0,2.0,False,Loss
2919550,3,KRX,GEN,GEN,KRX,Red,Duro,Bard,Sylas,SUP,10,20.0,2.0,True,Win
2919551,1,BFX,DK,BFX,DK,Blue,Clear,KSante,Jarvan IV,TOP,1,7.0,1.0,False,Loss
2919551,1,BFX,DK,DK,BFX,Red,Siwoo,Jayce,Annie,TOP,2,8.0,1.0,True,Win
2919551,1,BFX,DK,DK,BFX,Red,Lucid,LeeSin,Lee Sin,JGL,3,9.0,1.0,True,Win
2919551,1,BFX,DK,BFX,DK,Blue,Raptor,JarvanIV,Lucian,JGL,4,10.0,1.0,False,Loss
2919551,1,BFX,DK,BFX,DK,Blue,VicLa,Ryze,Milio,MID,5,11.0,1.0,False,Loss
2919551,1,BFX,DK,DK,BFX,Red,ShowMaker,Annie,Jayce,MID,6,12.0,1.0,True,Win
2919551,1,BFX,DK,DK,BFX,Red,Smash,Zeri,Zeri,BOT,7,17.0,2.0,True,Win
2919551,1,BFX,DK,BFX,DK,Blue,Slayer,Lucian,K'Sante,BOT,8,18.0,2.0,False,Loss
2919551,1,BFX,DK,BFX,DK,Blue,Kellin,Milio,Ryze,SUP,9,19.0,2.0,False,Loss
2919551,1,BFX,DK,DK,BFX,Red,Career,Yuumi,Yuumi,SUP,10,20.0,2.0,True,Win
2919551,2,BFX,DK,BFX,DK,Blue,Clear,Ambessa,Xin Zhao,TOP,1,7.0,1.0,False,Loss
2919551,2,BFX,DK,DK,BFX,Red,Siwoo,Gnar,Trundle,TOP,2,8.0,1.0,True,Win
2919551,2,BFX,DK,DK,BFX,Red,Lucid,Trundle,Ashe,JGL,3,9.0,1.0,True,Win
2919551,2,BFX,DK,BFX,DK,Blue,Raptor,XinZhao,Ezreal,JGL,4,10.0,1.0,False,Loss
2919551,2,BFX,DK,BFX,DK,Blue,VicLa,Akali,Seraphine,MID,5,11.0,1.0,False,Loss
2919551,2,BFX,DK,DK,BFX,Red,ShowMaker,Ahri,Lulu,MID,6,12.0,1.0,True,Win
2919551,2,BFX,DK,DK,BFX,Red,Smash,Ashe,Gnar,BOT,7,17.0,2.0,True,Win
2919551,2,BFX,DK,BFX,DK,Blue,Slayer,Ezreal,Ambessa,BOT,8,18.0,2.0,False,Loss
2919551,2,BFX,DK,BFX,DK,Blue,Kellin,Seraphine,Akali,SUP,9,19.0,2.0,False,Loss
2919551,2,BFX,DK,DK,BFX,Red,Career,Lulu,Ahri,SUP,10,20.0,2.0,True,Win
2919552,1,BRO,DNS,DNS,BRO,Red,DuDu,Renekton,Jarvan IV,TOP,1,7.0,1.0,False,Loss
2919552,1,BRO,DNS,BRO,DNS,Blue,Casting,Gnar,Lucian,TOP,2,8.0,1.0,True,Win
2919552,1,BRO,DNS,BRO,DNS,Blue,GIDEON,XinZhao,Milio,JGL,3,9.0,1.0,True,Win
2919552,1,BRO,DNS,DNS,BRO,Red,Pyosik,JarvanIV,Yunara,JGL,4,10.0,1.0,False,Loss
2919552,1,BRO,DNS,DNS,BRO,Red,Clozer,Aurora,Lulu,MID,5,11.0,1.0,False,Loss
2919552,1,BRO,DNS,BRO,DNS,Blue,Roamer,Annie,Xin Zhao,MID,6,12.0,1.0,True,Win
2919552,1,BRO,DNS,BRO,DNS,Blue,Teddy,Lucian,Annie,BOT,7,17.0,2.0,True,Win
2919552,1,BRO,DNS,DNS,BRO,Red,deokdam,Yunara,Aurora,BOT,8,18.0,2.0,False,Loss
2919552,1,BRO,DNS,DNS,BRO,Red,Quantum,Lulu,Renekton,SUP,9,19.0,2.0,False,Loss
2919552,1,BRO,DNS,BRO,DNS,Blue,Namgung,Milio,Gnar,SUP,10,20.0,2.0,True,Win
2919552,2,BRO,DNS,DNS,BRO,Red,DuDu,Rumble,Rumble,TOP,1,7.0,1.0,False,Loss
2919552,2,BRO,DNS,BRO,DNS,Blue,Casting,Ambessa,Nocturne,TOP,2,8.0,1.0,True,Win
2919552,2,BRO,DNS,BRO,DNS,Blue,GIDEON,Nocturne,Ambessa,JGL,3,9.0,1.0,True,Win
2919552,2,BRO,DNS,DNS,BRO,Red,Pyosik,Vi,Vi,JGL,4,10.0,1.0,False,Loss
2919552,2,BRO,DNS,DNS,BRO,Red,Clozer,Ahri,Ahri,MID,5,11.0,1.0,False,Loss
2919552,2,BRO,DNS,BRO,DNS,Blue,Roamer,Galio,Neeko,MID,6,12.0,1.0,True,Win
2919552,2,BRO,DNS,BRO,DNS,Blue,Teddy,Corki,Galio,BOT,7,17.0,2.0,True,Win
2919552,2,BRO,DNS,DNS,BRO,Red,deokdam,Jhin,Jhin,BOT,8,18.0,2.0,False,Loss
2919552,2,BRO,DNS,DNS,BRO,Red,Quantum,Alistar,Alistar,SUP,9,19.0,2.0,False,Loss
2919552,2,BRO,DNS,BRO,DNS,Blue,Namgung,Neeko,Corki,SUP,10,20.0,2.0,True,Win
2919553,1,HLE,T1,T1,HLE,Red,Doran,Varus,Varus,TOP,1,7.0,1.0,False,Loss
2919553,1,HLE,T1,HLE,T1,Blue,Zeus,Yorick,Azir,TOP,2,8.0,1.0,True,Win
2919553,1,HLE,T1,HLE,T1,Blue,Kanavi,JarvanIV,Bard,JGL,3,9.0,1.0,True,Win
2919553,1,HLE,T1,T1,HLE,Red,Oner,Nocturne,Karma,JGL,4,10.0,1.0,False,Loss
2919553,1,HLE,T1,T1,HLE,Red,Faker,Annie,Jhin,MID,5,11.0,1.0,False,Loss
2919553,1,HLE,T1,HLE,T1,Blue,Zeka,Azir,Jarvan IV,MID,6,12.0,1.0,True,Win
2919553,1,HLE,T1,HLE,T1,Blue,Gumayusi,MissFortune,Miss Fortune,BOT,7,17.0,2.0,True,Win
2919553,1,HLE,T1,T1,HLE,Red,Peyz,Jhin,Annie,BOT,8,18.0,2.0,False,Loss
2919553,1,HLE,T1,T1,HLE,Red,Keria,Karma,Nocturne,SUP,9,19.0,2.0,False,Loss
2919553,1,HLE,T1,HLE,T1,Blue,Delight,Bard,Yorick,SUP,10,20.0,2.0,True,Win
2919553,2,HLE,T1,T1,HLE,Red,Doran,Sion,Milio,TOP,1,7.0,1.0,True,Win
2919553,2,HLE,T1,HLE,T1,Blue,Zeus,Gwen,Xin Zhao,TOP,2,8.0,1.0,False,Loss
2919553,2,HLE,T1,HLE,T1,Blue,Kanavi,XinZhao,Lucian,JGL,3,9.0,1.0,False,Loss
2919553,2,HLE,T1,T1,HLE,Red,Oner,LeeSin,Aphelios,JGL,4,10.0,1.0,True,Win
2919553,2,HLE,T1,T1,HLE,Red,Faker,TwistedFate,Twisted Fate,MID,5,11.0,1.0,True,Win
2919553,2,HLE,T1,HLE,T1,Blue,Zeka,Anivia,Anivia,MID,6,12.0,1.0,False,Loss
2919553,2,HLE,T1,HLE,T1,Blue,Gumayusi,Lucian,Alistar,BOT,7,17.0,2.0,False,Loss
2919553,2,HLE,T1,T1,HLE,Red,Peyz,Aphelios,Sion,BOT,8,18.0,2.0,True,Win
2919553,2,HLE,T1,T1,HLE,Red,Keria,Milio,Lee Sin,SUP,9,19.0,2.0,True,Win
2919553,2,HLE,T1,HLE,T1,Blue,Delight,Alistar,Gwen,SUP,10,20.0,2.0,False,Loss
2919553,3,T1,HLE,HLE,T1,Red,Zeus,Jayce,Jayce,TOP,1,7.0,1.0,True,Win
2919553,3,T1,HLE,T1,HLE,Blue,Doran,Gragas,Aurora,TOP,2,8.0,1.0,False,Loss
2919553,3,T1,HLE,T1,HLE,Blue,Oner,Pantheon,Pantheon,JGL,3,9.0,1.0,False,Loss
2919553,3,T1,HLE,HLE,T1,Red,Kanavi,Vi,Vi,JGL,4,10.0,1.0,True,Win
2919553,3,T1,HLE,HLE,T1,Red,Zeka,Ahri,Ahri,MID,5,11.0,1.0,True,Win
2919553,3,T1,HLE,T1,HLE,Blue,Faker,Aurora,Gragas,MID,6,12.0,1.0,False,Loss
2919553,3,T1,HLE,T1,HLE,Blue,Peyz,Kaisa,Poppy,BOT,7,17.0,2.0,False,Loss
2919553,3,T1,HLE,HLE,T1,Red,Gumayusi,Xayah,Rakan,BOT,8,18.0,2.0,True,Win
2919553,3,T1,HLE,HLE,T1,Red,Delight,Rakan,Xayah,SUP,9,19.0,2.0,True,Win
2919553,3,T1,HLE,T1,HLE,Blue,Keria,Poppy,Kai'Sa,SUP,10,20.0,2.0,False,Loss
2919554,1,DK,GEN,DK,GEN,Blue,Siwoo,Jayce,Annie,TOP,1,7.0,1.0,False,Loss
2919554,1,DK,GEN,GEN,DK,Red,Kiin,Sion,Bard,TOP,2,8.0,1.0,True,Win
2919554,1,DK,GEN,GEN,DK,Red,Canyon,XinZhao,Ryze,JGL,3,9.0,1.0,True,Win
2919554,1,DK,GEN,DK,GEN,Blue,Lucid,LeeSin,Jayce,JGL,4,10.0,1.0,False,Loss
2919554,1,DK,GEN,DK,GEN,Blue,ShowMaker,Annie,Lee Sin,MID,5,11.0,1.0,False,Loss
2919554,1,DK,GEN,GEN,DK,Red,Chovy,Ryze,Caitlyn,MID,6,12.0,1.0,True,Win
2919554,1,DK,GEN,GEN,DK,Red,Ruler,Caitlyn,Xin Zhao,BOT,7,17.0,2.0,True,Win
2919554,1,DK,GEN,DK,GEN,Blue,Smash,Lucian,Lucian,BOT,8,18.0,2.0,False,Loss
2919554,1,DK,GEN,DK,GEN,Blue,Career,Nami,Nami,SUP,9,19.0,2.0,False,Loss
2919554,1,DK,GEN,GEN,DK,Red,Duro,Bard,Sion,SUP,10,20.0,2.0,True,Win
2919554,2,GEN,DK,DK,GEN,Red,Siwoo,Gnar,Jarvan IV,TOP,1,7.0,1.0,True,Win
2919554,2,GEN,DK,GEN,DK,Blue,Kiin,Aatrox,Seraphine,TOP,2,8.0,1.0,False,Loss
2919554,2,GEN,DK,GEN,DK,Blue,Canyon,Vi,Ashe,JGL,3,9.0,1.0,False,Loss
2919554,2,GEN,DK,DK,GEN,Red,Lucid,JarvanIV,Mel,JGL,4,10.0,1.0,True,Win
2919554,2,GEN,DK,DK,GEN,Red,ShowMaker,Ahri,Pyke,MID,5,11.0,1.0,True,Win
2919554,2,GEN,DK,GEN,DK,Blue,Chovy,Aurora,Aurora,MID,6,12.0,1.0,False,Loss
2919554,2,GEN,DK,GEN,DK,Blue,Ruler,Ashe,Vi,BOT,7,17.0,2.0,False,Loss
2919554,2,GEN,DK,DK,GEN,Red,Smash,Mel,Ahri,BOT,8,18.0,2.0,True,Win
2919554,2,GEN,DK,DK,GEN,Red,Career,Pyke,Gnar,SUP,9,19.0,2.0,True,Win
2919554,2,GEN,DK,GEN,DK,Blue,Duro,Seraphine,Aatrox,SUP,10,20.0,2.0,False,Loss
2919554,3,DK,GEN,GEN,DK,Red,Kiin,Nidalee,Karma,TOP,1,7.0,1.0,True,Win
2919554,3,DK,GEN,DK,GEN,Blue,Siwoo,Renekton,Orianna,TOP,2,8.0,1.0,False,Loss
2919554,3,DK,GEN,DK,GEN,Blue,Lucid,Pantheon,Pantheon,JGL,3,9.0,1.0,False,Loss
2919554,3,DK,GEN,GEN,DK,Red,Canyon,Skarner,Skarner,JGL,4,10.0,1.0,True,Win
2919554,3,DK,GEN,GEN,DK,Red,Chovy,Sylas,Ezreal,MID,5,11.0,1.0,True,Win
2919554,3,DK,GEN,DK,GEN,Blue,ShowMaker,Orianna,Rakan,MID,6,12.0,1.0,False,Loss
2919554,3,DK,GEN,DK,GEN,Blue,Smash,Sivir,Renekton,BOT,7,17.0,2.0,False,Loss
2919554,3,DK,GEN,GEN,DK,Red,Ruler,Ezreal,Nidalee,BOT,8,18.0,2.0,True,Win
2919554,3,DK,GEN,GEN,DK,Red,Duro,Karma,Sylas,SUP,9,19.0,2.0,True,Win
2919554,3,DK,GEN,DK,GEN,Blue,Career,Rakan,Sivir,SUP,10,20.0,2.0,False,Loss
2919555,1,KRX,NS,KRX,NS,Blue,Rich,Gnar,Jarvan IV,TOP,1,7.0,1.0,True,Win
2919555,1,KRX,NS,NS,KRX,Red,Kingen,Vayne,Ezreal,TOP,2,8.0,1.0,False,Loss
2919555,1,KRX,NS,NS,KRX,Red,Sponge,LeeSin,Neeko,JGL,3,9.0,1.0,False,Loss
2919555,1,KRX,NS,KRX,NS,Blue,Willer,JarvanIV,Gnar,JGL,4,10.0,1.0,True,Win
2919555,1,KRX,NS,KRX,NS,Blue,Ucal,Ryze,Ryze,MID,5,11.0,1.0,True,Win
2919555,1,KRX,NS,NS,KRX,Red,Scout,Anivia,Vayne,MID,6,12.0,1.0,False,Loss
2919555,1,KRX,NS,NS,KRX,Red,Diable,Ezreal,Anivia,BOT,7,17.0,2.0,False,Loss
2919555,1,KRX,NS,KRX,NS,Blue,LazyFeel,Ashe,Ashe,BOT,8,18.0,2.0,True,Win
2919555,1,KRX,NS,KRX,NS,Blue,Andil,Seraphine,Seraphine,SUP,9,19.0,2.0,True,Win
2919555,1,KRX,NS,NS,KRX,Red,Lehends,Neeko,Lee Sin,SUP,10,20.0,2.0,False,Loss
2919555,2,KRX,NS,KRX,NS,Blue,Rich,Renekton,Annie,TOP,1,7.0,1.0,True,Win
2919555,2,KRX,NS,NS,KRX,Red,Kingen,Sion,Lucian,TOP,2,8.0,1.0,False,Loss
2919555,2,KRX,NS,NS,KRX,Red,Sponge,Trundle,Milio,JGL,3,9.0,1.0,False,Loss
2919555,2,KRX,NS,KRX,NS,Blue,Willer,XinZhao,Xin Zhao,JGL,4,10.0,1.0,True,Win
2919555,2,KRX,NS,KRX,NS,Blue,Ucal,Annie,Renekton,MID,5,11.0,1.0,True,Win
2919555,2,KRX,NS,NS,KRX,Red,Scout,Hwei,Trundle,MID,6,12.0,1.0,False,Loss
2919555,2,KRX,NS,NS,KRX,Red,Diable,Lucian,Sion,BOT,7,17.0,2.0,False,Loss
2919555,2,KRX,NS,KRX,NS,Blue,LazyFeel,Yunara,Yunara,BOT,8,18.0,2.0,True,Win
2919555,2,KRX,NS,KRX,NS,Blue,Andil,Nautilus,Nautilus,SUP,9,19.0,2.0,True,Win
2919555,2,KRX,NS,NS,KRX,Red,Lehends,Milio,Hwei,SUP,10,20.0,2.0,False,Loss
2919556,1,KT,BRO,KT,BRO,Blue,PerfecT,Renekton,Jarvan IV,TOP,1,7.0,1.0,False,Loss
2919556,1,KT,BRO,BRO,KT,Red,Casting,Gnar,Annie,TOP,2,8.0,1.0,True,Win
2919556,1,KT,BRO,BRO,KT,Red,GIDEON,LeeSin,Lee Sin,JGL,3,9.0,1.0,True,Win
2919556,1,KT,BRO,KT,BRO,Blue,Cuzz,JarvanIV,Caitlyn,JGL,4,10.0,1.0,False,Loss
2919556,1,KT,BRO,KT,BRO,Blue,Bdd,Mel,Bard,MID,5,11.0,1.0,False,Loss
2919556,1,KT,BRO,BRO,KT,Red,Roamer,Annie,Ezreal,MID,6,12.0,1.0,True,Win
2919556,1,KT,BRO,BRO,KT,Red,Teddy,Ezreal,Elise,BOT,7,17.0,2.0,True,Win
2919556,1,KT,BRO,KT,BRO,Blue,Aiming,Caitlyn,Renekton,BOT,8,18.0,2.0,False,Loss
2919556,1,KT,BRO,KT,BRO,Blue,Effort,Bard,Mel,SUP,9,19.0,2.0,False,Loss
2919556,1,KT,BRO,BRO,KT,Red,Namgung,Elise,Gnar,SUP,10,20.0,2.0,True,Win
2919556,2,BRO,KT,BRO,KT,Blue,Casting,Jayce,Ashe,TOP,1,7.0,1.0,True,Win
2919556,2,BRO,KT,KT,BRO,Red,PerfecT,Yorick,Seraphine,TOP,2,8.0,1.0,False,Loss
2919556,2,BRO,KT,KT,BRO,Red,Cuzz,MonkeyKing,Jhin,JGL,3,9.0,1.0,False,Loss
2919556,2,BRO,KT,BRO,KT,Blue,GIDEON,XinZhao,Lulu,JGL,4,10.0,1.0,True,Win
2919556,2,BRO,KT,BRO,KT,Blue,Roamer,Aurora,Xin Zhao,MID,5,11.0,1.0,True,Win
2919556,2,BRO,KT,KT,BRO,Red,Bdd,Ahri,Wukong,MID,6,12.0,1.0,False,Loss
2919556,2,BRO,KT,KT,BRO,Red,Aiming,Jhin,Ahri,BOT,7,17.0,2.0,False,Loss
2919556,2,BRO,KT,BRO,KT,Blue,Teddy,Ashe,Jayce,BOT,8,18.0,2.0,True,Win
2919556,2,BRO,KT,BRO,KT,Blue,Namgung,Lulu,Aurora,SUP,9,19.0,2.0,True,Win
2919556,2,BRO,KT,KT,BRO,Red,Effort,Seraphine,Yorick,SUP,10,20.0,2.0,False,Loss
2919557,1,BFX,DNS,DNS,BFX,Red,DuDu,Renekton,Jarvan IV,TOP,1,7.0,1.0,False,Loss
2919557,1,BFX,DNS,BFX,DNS,Blue,Clear,Gnar,Lucian,TOP,2,8.0,1.0,True,Win
2919557,1,BFX,DNS,BFX,DNS,Blue,Raptor,Pantheon,Milio,JGL,3,9.0,1.0,True,Win
2919557,1,BFX,DNS,DNS,BFX,Red,Pyosik,JarvanIV,Ashe,JGL,4,10.0,1.0,False,Loss
2919557,1,BFX,DNS,DNS,BFX,Red,Clozer,Aurora,Seraphine,MID,5,11.0,1.0,False,Loss
2919557,1,BFX,DNS,BFX,DNS,Blue,VicLa,Annie,Pantheon,MID,6,12.0,1.0,True,Win
2919557,1,BFX,DNS,BFX,DNS,Blue,Taeyoon,Lucian,Annie,BOT,7,17.0,2.0,True,Win
2919557,1,BFX,DNS,DNS,BFX,Red,deokdam,Ashe,Renekton,BOT,8,18.0,2.0,False,Loss
2919557,1,BFX,DNS,DNS,BFX,Red,Life,Seraphine,Aurora,SUP,9,19.0,2.0,False,Loss
2919557,1,BFX,DNS,BFX,DNS,Blue,Kellin,Milio,Gnar,SUP,10,20.0,2.0,True,Win
2919557,2,BFX,DNS,DNS,BFX,Red,DuDu,Ambessa,Xin Zhao,TOP,1,7.0,1.0,False,Loss
2919557,2,BFX,DNS,BFX,DNS,Blue,Clear,Vayne,Ezreal,TOP,2,8.0,1.0,True,Win
2919557,2,BFX,DNS,BFX,DNS,Blue,Raptor,Trundle,Trundle,JGL,3,9.0,1.0,True,Win
2919557,2,BFX,DNS,DNS,BFX,Red,Pyosik,XinZhao,Yunara,JGL,4,10.0,1.0,False,Loss
2919557,2,BFX,DNS,DNS,BFX,Red,Clozer,Sylas,Lulu,MID,5,11.0,1.0,False,Loss
2919557,2,BFX,DNS,BFX,DNS,Blue,VicLa,Azir,Neeko,MID,6,12.0,1.0,True,Win
2919557,2,BFX,DNS,BFX,DNS,Blue,Taeyoon,Ezreal,Azir,BOT,7,17.0,2.0,True,Win
2919557,2,BFX,DNS,DNS,BFX,Red,deokdam,Yunara,Sylas,BOT,8,18.0,2.0,False,Loss
2919557,2,BFX,DNS,DNS,BFX,Red,Life,Lulu,Ambessa,SUP,9,19.0,2.0,False,Loss
2919557,2,BFX,DNS,BFX,DNS,Blue,Kellin,Neeko,Vayne,SUP,10,20.0,2.0,True,Win
2919558,1,NS,GEN,NS,GEN,Blue,Kingen,Sion,Nocturne,TOP,1,7.0,1.0,False,Loss
2919558,1,NS,GEN,GEN,NS,Red,Kiin,Renekton,Xin Zhao,TOP,2,8.0,1.0,True,Win
2919558,1,NS,GEN,GEN,NS,Red,Canyon,XinZhao,Seraphine,JGL,3,9.0,1.0,True,Win
2919558,1,NS,GEN,NS,GEN,Blue,Sponge,Nocturne,Ezreal,JGL,4,10.0,1.0,False,Loss
2919558,1,NS,GEN,NS,GEN,Blue,Scout,Ryze,Neeko,MID,5,11.0,1.0,False,Loss
2919558,1,NS,GEN,GEN,NS,Red,Chovy,Cassiopeia,Ashe,MID,6,12.0,1.0,True,Win
2919558,1,NS,GEN,GEN,NS,Red,Ruler,Ashe,Renekton,BOT,7,17.0,2.0,True,Win
2919558,1,NS,GEN,NS,GEN,Blue,Diable,Ezreal,Sion,BOT,8,18.0,2.0,False,Loss
2919558,1,NS,GEN,NS,GEN,Blue,Lehends,Neeko,Ryze,SUP,9,19.0,2.0,False,Loss
2919558,1,NS,GEN,GEN,NS,Red,Duro,Seraphine,Cassiopeia,SUP,10,20.0,2.0,True,Win
2919558,2,GEN,NS,GEN,NS,Blue,Kiin,Gnar,Karma,TOP,1,7.0,1.0,True,Win
2919558,2,GEN,NS,NS,GEN,Red,Kingen,TwistedFate,Pantheon,TOP,2,8.0,1.0,False,Loss
2919558,2,GEN,NS,NS,GEN,Red,Sponge,Pantheon,Nautilus,JGL,3,9.0,1.0,False,Loss
2919558,2,GEN,NS,GEN,NS,Blue,Canyon,Skarner,Skarner,JGL,4,10.0,1.0,True,Win
2919558,2,GEN,NS,GEN,NS,Blue,Chovy,Mel,Jhin,MID,5,11.0,1.0,True,Win
2919558,2,GEN,NS,NS,GEN,Red,Scout,Azir,Miss Fortune,MID,6,12.0,1.0,False,Loss
2919558,2,GEN,NS,NS,GEN,Red,Diable,MissFortune,Azir,BOT,7,17.0,2.0,False,Loss
2919558,2,GEN,NS,GEN,NS,Blue,Ruler,Jhin,Gnar,BOT,8,18.0,2.0,True,Win
2919558,2,GEN,NS,GEN,NS,Blue,Duro,Karma,Mel,SUP,9,19.0,2.0,True,Win
2919558,2,GEN,NS,NS,GEN,Red,Lehends,Nautilus,Twisted Fate,SUP,10,20.0,2.0,False,Loss
2919559,1,DNS,HLE,DNS,HLE,Blue,DuDu,Renekton,Pantheon,TOP,1,7.0,1.0,False,Loss
2919559,1,DNS,HLE,HLE,DNS,Red,Zeus,Gnar,Bard,TOP,2,8.0,1.0,True,Win
2919559,1,DNS,HLE,HLE,DNS,Red,Kanavi,XinZhao,Caitlyn,JGL,3,9.0,1.0,True,Win
2919559,1,DNS,HLE,DNS,HLE,Blue,Pyosik,Pantheon,Karma,JGL,4,10.0,1.0,False,Loss
2919559,1,DNS,HLE,DNS,HLE,Blue,Clozer,Ahri,Jhin,MID,5,11.0,1.0,False,Loss
2919559,1,DNS,HLE,HLE,DNS,Red,Zeka,Aurora,Xin Zhao,MID,6,12.0,1.0,True,Win
2919559,1,DNS,HLE,HLE,DNS,Red,Gumayusi,Caitlyn,Aurora,BOT,7,17.0,2.0,True,Win
2919559,1,DNS,HLE,DNS,HLE,Blue,deokdam,Jhin,Ahri,BOT,8,18.0,2.0,False,Loss
2919559,1,DNS,HLE,DNS,HLE,Blue,Life,Karma,Renekton,SUP,9,19.0,2.0,False,Loss
2919559,1,DNS,HLE,HLE,DNS,Red,Delight,Bard,Gnar,SUP,10,20.0,2.0,True,Win
2919559,2,HLE,DNS,HLE,DNS,Blue,Zeus,Jayce,Nocturne,TOP,1,7.0,1.0,True,Win
2919559,2,HLE,DNS,DNS,HLE,Red,DuDu,KSante,Ryze,TOP,2,8.0,1.0,False,Loss
2919559,2,HLE,DNS,DNS,HLE,Red,Pyosik,Naafiri,Naafiri,JGL,3,9.0,1.0,False,Loss
2919559,2,HLE,DNS,HLE,DNS,Blue,Kanavi,Nocturne,Lucian,JGL,4,10.0,1.0,True,Win
2919559,2,HLE,DNS,HLE,DNS,Blue,Zeka,TwistedFate,Milio,MID,5,11.0,1.0,True,Win
2919559,2,HLE,DNS,DNS,HLE,Red,Clozer,Ryze,Nautilus,MID,6,12.0,1.0,False,Loss
2919559,2,HLE,DNS,DNS,HLE,Red,deokdam,Senna,Senna,BOT,7,17.0,2.0,False,Loss
2919559,2,HLE,DNS,HLE,DNS,Blue,Gumayusi,Lucian,Twisted Fate,BOT,8,18.0,2.0,True,Win
2919559,2,HLE,DNS,HLE,DNS,Blue,Delight,Milio,Jayce,SUP,9,19.0,2.0,True,Win
2919559,2,HLE,DNS,DNS,HLE,Red,Life,Nautilus,K'Sante,SUP,10,20.0,2.0,False,Loss
2919560,1,KT,DK,DK,KT,Red,Siwoo,Sion,Orianna,TOP,1,7.0,1.0,False,Loss
2919560,1,KT,DK,KT,DK,Blue,PerfecT,Zaahen,Ashe,TOP,2,8.0,1.0,True,Win
2919560,1,KT,DK,KT,DK,Blue,Cuzz,JarvanIV,Jarvan IV,JGL,3,9.0,1.0,True,Win
2919560,1,KT,DK,DK,KT,Red,Lucid,XinZhao,Xin Zhao,JGL,4,10.0,1.0,False,Loss
2919560,1,KT,DK,DK,KT,Red,ShowMaker,Orianna,Bard,MID,5,11.0,1.0,False,Loss
2919560,1,KT,DK,KT,DK,Blue,Bdd,Ryze,Seraphine,MID,6,12.0,1.0,True,Win
2919560,1,KT,DK,KT,DK,Blue,Aiming,Ashe,Ryze,BOT,7,17.0,2.0,True,Win
2919560,1,KT,DK,DK,KT,Red,Smash,Jhin,Jhin,BOT,8,18.0,2.0,False,Loss
2919560,1,KT,DK,DK,KT,Red,Career,Bard,Sion,SUP,9,19.0,2.0,False,Loss
2919560,1,KT,DK,KT,DK,Blue,Effort,Seraphine,Zaahen,SUP,10,20.0,2.0,True,Win
2919560,2,KT,DK,DK,KT,Red,Siwoo,Jayce,Jayce,TOP,1,7.0,1.0,False,Loss
2919560,2,KT,DK,KT,DK,Blue,PerfecT,Yorick,Yunara,TOP,2,8.0,1.0,True,Win
2919560,2,KT,DK,KT,DK,Blue,Cuzz,Naafiri,Lulu,JGL,3,9.0,1.0,True,Win
2919560,2,KT,DK,DK,KT,Red,Lucid,Skarner,Caitlyn,JGL,4,10.0,1.0,False,Loss
2919560,2,KT,DK,DK,KT,Red,ShowMaker,Viktor,Lux,MID,5,11.0,1.0,False,Loss
2919560,2,KT,DK,KT,DK,Blue,Bdd,Taliyah,Yorick,MID,6,12.0,1.0,True,Win
2919560,2,KT,DK,KT,DK,Blue,Aiming,Yunara,Naafiri,BOT,7,17.0,2.0,True,Win
2919560,2,KT,DK,DK,KT,Red,Smash,Caitlyn,Viktor,BOT,8,18.0,2.0,False,Loss
2919560,2,KT,DK,DK,KT,Red,Career,Lux,Skarner,SUP,9,19.0,2.0,False,Loss
2919560,2,KT,DK,KT,DK,Blue,Effort,Lulu,Taliyah,SUP,10,20.0,2.0,True,Win
2919561,1,BFX,BRO,BRO,BFX,Red,Casting,Gnar,Nocturne,TOP,1,7.0,1.0,True,Win
2919561,1,BFX,BRO,BFX,BRO,Blue,Clear,Renekton,Bard,TOP,2,8.0,1.0,False,Loss
2919561,1,BFX,BRO,BFX,BRO,Blue,Raptor,Pantheon,Ezreal,JGL,3,9.0,1.0,False,Loss
2919561,1,BFX,BRO,BRO,BFX,Red,GIDEON,Nocturne,Neeko,JGL,4,10.0,1.0,True,Win
2919561,1,BFX,BRO,BRO,BFX,Red,Roamer,Ryze,Jhin,MID,5,11.0,1.0,True,Win
2919561,1,BFX,BRO,BFX,BRO,Blue,VicLa,Anivia,Pantheon,MID,6,12.0,1.0,False,Loss
2919561,1,BFX,BRO,BFX,BRO,Blue,Taeyoon,Ezreal,Renekton,BOT,7,17.0,2.0,False,Loss
2919561,1,BFX,BRO,BRO,BFX,Red,Teddy,Jhin,Gnar,BOT,8,18.0,2.0,True,Win
2919561,1,BFX,BRO,BRO,BFX,Red,Namgung,Neeko,Ryze,SUP,9,19.0,2.0,True,Win
2919561,1,BFX,BRO,BFX,BRO,Blue,Kellin,Bard,Anivia,SUP,10,20.0,2.0,False,Loss
2919561,2,BRO,BFX,BRO,BFX,Blue,Casting,Zaahen,Lucian,TOP,1,7.0,1.0,True,Win
2919561,2,BRO,BFX,BFX,BRO,Red,Clear,Ambessa,Ashe,TOP,2,8.0,1.0,False,Loss
2919561,2,BRO,BFX,BFX,BRO,Red,Raptor,Vi,Seraphine,JGL,3,9.0,1.0,False,Loss
2919561,2,BRO,BFX,BRO,BFX,Blue,GIDEON,Trundle,Trundle,JGL,4,10.0,1.0,True,Win
2919561,2,BRO,BFX,BRO,BFX,Blue,Roamer,Aurora,Milio,MID,5,11.0,1.0,True,Win
2919561,2,BRO,BFX,BFX,BRO,Red,VicLa,Ahri,Vi,MID,6,12.0,1.0,False,Loss
2919561,2,BRO,BFX,BFX,BRO,Red,Taeyoon,Ashe,Ambessa,BOT,7,17.0,2.0,False,Loss
2919561,2,BRO,BFX,BRO,BFX,Blue,Teddy,Lucian,Aurora,BOT,8,18.0,2.0,True,Win
2919561,2,BRO,BFX,BRO,BFX,Blue,Namgung,Milio,Zaahen,SUP,9,19.0,2.0,True,Win
2919561,2,BRO,BFX,BFX,BRO,Red,Kellin,Seraphine,Ahri,SUP,10,20.0,2.0,False,Loss
2919562,1,T1,DNS,T1,DNS,Blue,Doran,Jayce,Ashe,TOP,1,7.0,1.0,True,Win
2919562,1,T1,DNS,DNS,T1,Red,DuDu,KSante,Ziggs,TOP,2,8.0,1.0,False,Loss
2919562,1,T1,DNS,DNS,T1,Red,Pyosik,Vi,Vi,JGL,3,9.0,1.0,False,Loss
2919562,1,T1,DNS,T1,DNS,Blue,Oner,XinZhao,Xin Zhao,JGL,4,10.0,1.0,True,Win
2919562,1,T1,DNS,T1,DNS,Blue,Faker,Ahri,Seraphine,MID,5,11.0,1.0,True,Win
2919562,1,T1,DNS,DNS,T1,Red,Clozer,Yone,Yone,MID,6,12.0,1.0,False,Loss
2919562,1,T1,DNS,DNS,T1,Red,deokdam,Ziggs,Camille,BOT,7,17.0,2.0,False,Loss
2919562,1,T1,DNS,T1,DNS,Blue,Peyz,Ashe,Jayce,BOT,8,18.0,2.0,True,Win
2919562,1,T1,DNS,T1,DNS,Blue,Keria,Seraphine,Ahri,SUP,9,19.0,2.0,True,Win
2919562,1,T1,DNS,DNS,T1,Red,Life,Camille,K'Sante,SUP,10,20.0,2.0,False,Loss
2919562,2,T1,DNS,T1,DNS,Blue,Doran,Renekton,Orianna,TOP,1,7.0,1.0,True,Win
2919562,2,T1,DNS,DNS,T1,Red,DuDu,Gnar,Akali,TOP,2,8.0,1.0,False,Loss
2919562,2,T1,DNS,DNS,T1,Red,Pyosik,Nocturne,Nocturne,JGL,3,9.0,1.0,False,Loss
2919562,2,T1,DNS,T1,DNS,Blue,Oner,JarvanIV,Jarvan IV,JGL,4,10.0,1.0,True,Win
2919562,2,T1,DNS,T1,DNS,Blue,Faker,Orianna,Neeko,MID,5,11.0,1.0,True,Win
2919562,2,T1,DNS,DNS,T1,Red,Clozer,Akali,Jhin,MID,6,12.0,1.0,False,Loss
2919562,2,T1,DNS,DNS,T1,Red,deokdam,Jhin,Rakan,BOT,7,17.0,2.0,False,Loss
2919562,2,T1,DNS,T1,DNS,Blue,Peyz,Sivir,Sivir,BOT,8,18.0,2.0,True,Win
2919562,2,T1,DNS,T1,DNS,Blue,Keria,Neeko,Renekton,SUP,9,19.0,2.0,True,Win
2919562,2,T1,DNS,DNS,T1,Red,Life,Rakan,Gnar,SUP,10,20.0,2.0,False,Loss
2919563,1,GEN,KRX,GEN,KRX,Blue,Kiin,Sion,Karma,TOP,1,7.0,1.0,True,Win
2919563,1,GEN,KRX,KRX,GEN,Red,Rich,Gnar,Ezreal,TOP,2,8.0,1.0,False,Loss
2919563,1,GEN,KRX,KRX,GEN,Red,Willer,JarvanIV,Jarvan IV,JGL,3,9.0,1.0,False,Loss
2919563,1,GEN,KRX,GEN,KRX,Blue,Canyon,Pantheon,Jhin,JGL,4,10.0,1.0,True,Win
2919563,1,GEN,KRX,GEN,KRX,Blue,Chovy,Anivia,Pantheon,MID,5,11.0,1.0,True,Win
2919563,1,GEN,KRX,KRX,GEN,Red,Ucal,Ryze,Ryze,MID,6,12.0,1.0,False,Loss
2919563,1,GEN,KRX,KRX,GEN,Red,LazyFeel,Ezreal,Seraphine,BOT,7,17.0,2.0,False,Loss
2919563,1,GEN,KRX,GEN,KRX,Blue,Ruler,Jhin,Sion,BOT,8,18.0,2.0,True,Win
2919563,1,GEN,KRX,GEN,KRX,Blue,Duro,Karma,Anivia,SUP,9,19.0,2.0,True,Win
2919563,1,GEN,KRX,KRX,GEN,Red,Andil,Seraphine,Gnar,SUP,10,20.0,2.0,False,Loss
2919563,2,GEN,KRX,GEN,KRX,Blue,Kiin,Shen,Annie,TOP,1,7.0,1.0,True,Win
2919563,2,GEN,KRX,KRX,GEN,Red,Rich,Renekton,Lucian,TOP,2,8.0,1.0,False,Loss
2919563,2,GEN,KRX,KRX,GEN,Red,Willer,XinZhao,Milio,JGL,3,9.0,1.0,False,Loss
2919563,2,GEN,KRX,GEN,KRX,Blue,Canyon,Naafiri,Kog'Maw,JGL,4,10.0,1.0,True,Win
2919563,2,GEN,KRX,GEN,KRX,Blue,Chovy,Annie,Lulu,MID,5,11.0,1.0,True,Win
2919563,2,GEN,KRX,KRX,GEN,Red,Ucal,Viktor,Xin Zhao,MID,6,12.0,1.0,False,Loss
2919563,2,GEN,KRX,KRX,GEN,Red,LazyFeel,Lucian,Renekton,BOT,7,17.0,2.0,False,Loss
2919563,2,GEN,KRX,GEN,KRX,Blue,Ruler,KogMaw,Shen,BOT,8,18.0,2.0,True,Win
2919563,2,GEN,KRX,GEN,KRX,Blue,Duro,Lulu,Naafiri,SUP,9,19.0,2.0,True,Win
2919563,2,GEN,KRX,KRX,GEN,Red,Andil,Milio,Viktor,SUP,10,20.0,2.0,False,Loss
2919565,1,KT,BFX,BFX,KT,Red,Clear,Olaf,Jarvan IV,TOP,1,7.0,1.0,True,Win
2919565,1,KT,BFX,KT,BFX,Blue,PerfecT,Jayce,Ashe,TOP,2,8.0,1.0,False,Loss
2919565,1,KT,BFX,KT,BFX,Blue,Cuzz,XinZhao,Seraphine,JGL,3,9.0,1.0,False,Loss
2919565,1,KT,BFX,BFX,KT,Red,Raptor,JarvanIV,Mel,JGL,4,10.0,1.0,True,Win
2919565,1,KT,BFX,BFX,KT,Red,VicLa,Aurora,Skarner,MID,5,11.0,1.0,True,Win
2919565,1,KT,BFX,KT,BFX,Blue,Bdd,Taliyah,Xin Zhao,MID,6,12.0,1.0,False,Loss
2919565,1,KT,BFX,KT,BFX,Blue,Aiming,Ashe,Jayce,BOT,7,17.0,2.0,False,Loss
2919565,1,KT,BFX,BFX,KT,Red,Taeyoon,Mel,Olaf,BOT,8,18.0,2.0,True,Win
2919565,1,KT,BFX,BFX,KT,Red,Kellin,Skarner,Aurora,SUP,9,19.0,2.0,True,Win
2919565,1,KT,BFX,KT,BFX,Blue,Effort,Seraphine,Taliyah,SUP,10,20.0,2.0,False,Loss
2919565,2,KT,BFX,KT,BFX,Blue,PerfecT,KSante,Vi,TOP,1,7.0,1.0,False,Loss
2919565,2,KT,BFX,BFX,KT,Red,Clear,Renekton,Bard,TOP,2,8.0,1.0,True,Win
2919565,2,KT,BFX,BFX,KT,Red,Raptor,MonkeyKing,Renekton,JGL,3,9.0,1.0,True,Win
2919565,2,KT,BFX,KT,BFX,Blue,Cuzz,Vi,Yunara,JGL,4,10.0,1.0,False,Loss
2919565,2,KT,BFX,KT,BFX,Blue,Bdd,Ahri,Lulu,MID,5,11.0,1.0,False,Loss
2919565,2,KT,BFX,BFX,KT,Red,VicLa,Lissandra,Caitlyn,MID,6,12.0,1.0,True,Win
2919565,2,KT,BFX,BFX,KT,Red,Taeyoon,Caitlyn,Wukong,BOT,7,17.0,2.0,True,Win
2919565,2,KT,BFX,KT,BFX,Blue,Aiming,Yunara,K'Sante,BOT,8,18.0,2.0,False,Loss
2919565,2,KT,BFX,KT,BFX,Blue,Effort,Lulu,Ahri,SUP,9,19.0,2.0,False,Loss
2919565,2,KT,BFX,BFX,KT,Red,Kellin,Bard,Lissandra,SUP,10,20.0,2.0,True,Win
2919566,1,BRO,NS,NS,BRO,Red,Kingen,Ambessa,Jarvan IV,TOP,1,7.0,1.0,False,Loss
2919566,1,BRO,NS,BRO,NS,Blue,Casting,Rumble,Rumble,TOP,2,8.0,1.0,True,Win
2919566,1,BRO,NS,BRO,NS,Blue,GIDEON,XinZhao,Lucian,JGL,3,9.0,1.0,True,Win
2919566,1,BRO,NS,NS,BRO,Red,Sponge,JarvanIV,Caitlyn,JGL,4,10.0,1.0,False,Loss
2919566,1,BRO,NS,NS,BRO,Red,Scout,Annie,Bard,MID,5,11.0,1.0,False,Loss
2919566,1,BRO,NS,BRO,NS,Blue,Roamer,Ryze,Milio,MID,6,12.0,1.0,True,Win
2919566,1,BRO,NS,BRO,NS,Blue,Teddy,Lucian,Ryze,BOT,7,17.0,2.0,True,Win
2919566,1,BRO,NS,NS,BRO,Red,Diable,Caitlyn,Ambessa,BOT,8,18.0,2.0,False,Loss
2919566,1,BRO,NS,NS,BRO,Red,Pleata,Bard,Annie,SUP,9,19.0,2.0,False,Loss
2919566,1,BRO,NS,BRO,NS,Blue,Namgung,Milio,Xin Zhao,SUP,10,20.0,2.0,True,Win
2919566,2,BRO,NS,BRO,NS,Blue,Casting,TwistedFate,Pantheon,TOP,1,7.0,1.0,True,Win
2919566,2,BRO,NS,NS,BRO,Red,Kingen,Gnar,Ashe,TOP,2,8.0,1.0,False,Loss
2919566,2,BRO,NS,NS,BRO,Red,Sponge,Skarner,Seraphine,JGL,3,9.0,1.0,False,Loss
2919566,2,BRO,NS,BRO,NS,Blue,GIDEON,Pantheon,Miss Fortune,JGL,4,10.0,1.0,True,Win
2919566,2,BRO,NS,BRO,NS,Blue,Roamer,Aurora,Nautilus,MID,5,11.0,1.0,True,Win
2919566,2,BRO,NS,NS,BRO,Red,Scout,Taliyah,Skarner,MID,6,12.0,1.0,False,Loss
2919566,2,BRO,NS,NS,BRO,Red,Diable,Ashe,Gnar,BOT,7,17.0,2.0,False,Loss
2919566,2,BRO,NS,BRO,NS,Blue,Teddy,MissFortune,Twisted Fate,BOT,8,18.0,2.0,True,Win
2919566,2,BRO,NS,BRO,NS,Blue,Namgung,Nautilus,Aurora,SUP,9,19.0,2.0,True,Win
2919566,2,BRO,NS,NS,BRO,Red,Pleata,Seraphine,Taliyah,SUP,10,20.0,2.0,False,Loss
2919567,1,T1,DK,DK,T1,Red,Siwoo,Rumble,Rumble,TOP,1,7.0,1.0,False,Loss
2919567,1,T1,DK,T1,DK,Blue,Doran,Yorick,Ashe,TOP,2,8.0,1.0,True,Win
2919567,1,T1,DK,T1,DK,Blue,Oner,XinZhao,Xin Zhao,JGL,3,9.0,1.0,True,Win
2919567,1,T1,DK,DK,T1,Red,Lucid,Trundle,Seraphine,JGL,4,10.0,1.0,False,Loss
2919567,1,T1,DK,DK,T1,Red,ShowMaker,Sylas,Trundle,MID,5,11.0,1.0,False,Loss
2919567,1,T1,DK,T1,DK,Blue,Faker,TwistedFate,Lulu,MID,6,12.0,1.0,True,Win
2919567,1,T1,DK,T1,DK,Blue,Peyz,Ashe,Twisted Fate,BOT,7,17.0,2.0,True,Win
2919567,1,T1,DK,DK,T1,Red,Smash,Caitlyn,Caitlyn,BOT,8,18.0,2.0,False,Loss
2919567,1,T1,DK,DK,T1,Red,Career,Seraphine,Sylas,SUP,9,19.0,2.0,False,Loss
2919567,1,T1,DK,T1,DK,Blue,Keria,Lulu,Yorick,SUP,10,20.0,2.0,True,Win
2919567,2,T1,DK,DK,T1,Red,Siwoo,Sion,Lucian,TOP,1,7.0,1.0,False,Loss
2919567,2,T1,DK,T1,DK,Blue,Doran,Ambessa,Vi,TOP,2,8.0,1.0,True,Win
2919567,2,T1,DK,T1,DK,Blue,Oner,Vi,Ezreal,JGL,3,9.0,1.0,True,Win
2919567,2,T1,DK,DK,T1,Red,Lucid,JarvanIV,Milio,JGL,4,10.0,1.0,False,Loss
2919567,2,T1,DK,DK,T1,Red,ShowMaker,Viktor,Jarvan IV,MID,5,11.0,1.0,False,Loss
2919567,2,T1,DK,T1,DK,Blue,Faker,Anivia,Neeko,MID,6,12.0,1.0,True,Win
2919567,2,T1,DK,T1,DK,Blue,Peyz,Ezreal,Anivia,BOT,7,17.0,2.0,True,Win
2919567,2,T1,DK,DK,T1,Red,Smash,Lucian,Sion,BOT,8,18.0,2.0,False,Loss
2919567,2,T1,DK,DK,T1,Red,Career,Milio,Viktor,SUP,9,19.0,2.0,False,Loss
2919567,2,T1,DK,T1,DK,Blue,Keria,Neeko,Ambessa,SUP,10,20.0,2.0,True,Win
2919568,1,KRX,HLE,KRX,HLE,Blue,Rich,Gnar,Jarvan IV,TOP,1,7.0,1.0,True,Win
2919568,1,KRX,HLE,HLE,KRX,Red,Zeus,Tristana,Bard,TOP,2,8.0,1.0,False,Loss
2919568,1,KRX,HLE,HLE,KRX,Red,Kanavi,XinZhao,Xin Zhao,JGL,3,9.0,1.0,False,Loss
2919568,1,KRX,HLE,KRX,HLE,Blue,Willer,JarvanIV,Gnar,JGL,4,10.0,1.0,True,Win
2919568,1,KRX,HLE,KRX,HLE,Blue,Ucal,Ryze,Ryze,MID,5,11.0,1.0,True,Win
2919568,1,KRX,HLE,HLE,KRX,Red,Zeka,Cassiopeia,Cassiopeia,MID,6,12.0,1.0,False,Loss
2919568,1,KRX,HLE,HLE,KRX,Red,Gumayusi,Sivir,Tristana,BOT,7,17.0,2.0,False,Loss
2919568,1,KRX,HLE,KRX,HLE,Blue,LazyFeel,MissFortune,Miss Fortune,BOT,8,18.0,2.0,True,Win
2919568,1,KRX,HLE,KRX,HLE,Blue,Andil,Nautilus,Nautilus,SUP,9,19.0,2.0,True,Win
2919568,1,KRX,HLE,HLE,KRX,Red,Delight,Bard,Sivir,SUP,10,20.0,2.0,False,Loss
2919568,2,KRX,HLE,HLE,KRX,Red,Zeus,Rumble,Rumble,TOP,1,7.0,1.0,True,Win
2919568,2,KRX,HLE,KRX,HLE,Blue,Rich,Anivia,Anivia,TOP,2,8.0,1.0,False,Loss
2919568,2,KRX,HLE,KRX,HLE,Blue,Willer,LeeSin,Lucian,JGL,3,9.0,1.0,False,Loss
2919568,2,KRX,HLE,HLE,KRX,Red,Kanavi,Vi,Vi,JGL,4,10.0,1.0,True,Win
2919568,2,KRX,HLE,HLE,KRX,Red,Zeka,Ahri,Ahri,MID,5,11.0,1.0,True,Win
2919568,2,KRX,HLE,KRX,HLE,Blue,Ucal,Annie,Annie,MID,6,12.0,1.0,False,Loss
2919568,2,KRX,HLE,KRX,HLE,Blue,LazyFeel,Lucian,Lee Sin,BOT,7,17.0,2.0,False,Loss
2919568,2,KRX,HLE,HLE,KRX,Red,Gumayusi,Ashe,Ashe,BOT,8,18.0,2.0,True,Win
2919568,2,KRX,HLE,HLE,KRX,Red,Delight,Seraphine,Seraphine,SUP,9,19.0,2.0,True,Win
2919568,2,KRX,HLE,KRX,HLE,Blue,Andil,Nami,Nami,SUP,10,20.0,2.0,False,Loss
2919568,3,HLE,KRX,KRX,HLE,Red,Rich,KSante,Varus,TOP,1,7.0,1.0,False,Loss
2919568,3,HLE,KRX,HLE,KRX,Blue,Zeus,Jax,Lulu,TOP,2,8.0,1.0,True,Win
2919568,3,HLE,KRX,HLE,KRX,Blue,Kanavi,Pantheon,Yunara,JGL,3,9.0,1.0,True,Win
2919568,3,HLE,KRX,KRX,HLE,Red,Willer,Nocturne,Nocturne,JGL,4,10.0,1.0,False,Loss
2919568,3,HLE,KRX,KRX,HLE,Red,Ucal,Aurora,Aurora,MID,5,11.0,1.0,False,Loss
2919568,3,HLE,KRX,HLE,KRX,Blue,Zeka,Sylas,Jax,MID,6,12.0,1.0,True,Win
2919568,3,HLE,KRX,HLE,KRX,Blue,Gumayusi,Yunara,Sylas,BOT,7,17.0,2.0,True,Win
2919568,3,HLE,KRX,KRX,HLE,Red,LazyFeel,Varus,Poppy,BOT,8,18.0,2.0,False,Loss
2919568,3,HLE,KRX,KRX,HLE,Red,Andil,Poppy,K'Sante,SUP,9,19.0,2.0,False,Loss
2919568,3,HLE,KRX,HLE,KRX,Blue,Delight,Lulu,Pantheon,SUP,10,20.0,2.0,True,Win
2919570,1,T1,NS,T1,NS,Blue,Doran,Sion,Ashe,TOP,1,7.0,1.0,True,Win
2919570,1,T1,NS,NS,T1,Red,Kingen,Ambessa,Jarvan IV,TOP,2,8.0,1.0,False,Loss
2919570,1,T1,NS,NS,T1,Red,Sponge,JarvanIV,Ezreal,JGL,3,9.0,1.0,False,Loss
2919570,1,T1,NS,T1,NS,Blue,Oner,XinZhao,Xin Zhao,JGL,4,10.0,1.0,True,Win
2919570,1,T1,NS,T1,NS,Blue,Faker,Ryze,Seraphine,MID,5,11.0,1.0,True,Win
2919570,1,T1,NS,NS,T1,Red,Scout,TwistedFate,Neeko,MID,6,12.0,1.0,False,Loss
2919570,1,T1,NS,NS,T1,Red,Diable,Ezreal,Twisted Fate,BOT,7,17.0,2.0,False,Loss
2919570,1,T1,NS,T1,NS,Blue,Peyz,Ashe,Ryze,BOT,8,18.0,2.0,True,Win
2919570,1,T1,NS,T1,NS,Blue,Keria,Seraphine,Sion,SUP,9,19.0,2.0,True,Win
2919570,1,T1,NS,NS,T1,Red,Pleata,Neeko,Ambessa,SUP,10,20.0,2.0,False,Loss
2919570,2,NS,T1,T1,NS,Red,Doran,KSante,Lucian,TOP,1,7.0,1.0,True,Win
2919570,2,NS,T1,NS,T1,Blue,Kingen,Rumble,Pantheon,TOP,2,8.0,1.0,False,Loss
2919570,2,NS,T1,NS,T1,Blue,Sponge,Pantheon,Rumble,JGL,3,9.0,1.0,False,Loss
2919570,2,NS,T1,T1,NS,Red,Oner,MonkeyKing,K'Sante,JGL,4,10.0,1.0,True,Win
2919570,2,NS,T1,T1,NS,Red,Faker,Akali,Milio,MID,5,11.0,1.0,True,Win
2919570,2,NS,T1,NS,T1,Blue,Scout,Viktor,Viktor,MID,6,12.0,1.0,False,Loss
2919570,2,NS,T1,NS,T1,Blue,Diable,Corki,Corki,BOT,7,17.0,2.0,False,Loss
2919570,2,NS,T1,T1,NS,Red,Peyz,Lucian,Akali,BOT,8,18.0,2.0,True,Win
2919570,2,NS,T1,T1,NS,Red,Keria,Milio,Wukong,SUP,9,19.0,2.0,True,Win
2919570,2,NS,T1,NS,T1,Blue,Pleata,Nami,Nami,SUP,10,20.0,2.0,False,Loss
2919571,1,DK,DNS,DK,DNS,Blue,Siwoo,Sion,Jarvan IV,TOP,1,7.0,1.0,True,Win
2919571,1,DK,DNS,DNS,DK,Red,DuDu,Gwen,Lucian,TOP,2,8.0,1.0,False,Loss
2919571,1,DK,DNS,DNS,DK,Red,DDoiV,XinZhao,Milio,JGL,3,9.0,1.0,False,Loss
2919571,1,DK,DNS,DK,DNS,Blue,Lucid,JarvanIV,Caitlyn,JGL,4,10.0,1.0,True,Win
2919571,1,DK,DNS,DK,DNS,Blue,ShowMaker,Cassiopeia,Lux,MID,5,11.0,1.0,True,Win
2919571,1,DK,DNS,DNS,DK,Red,Clozer,Viktor,Xin Zhao,MID,6,12.0,1.0,False,Loss
2919571,1,DK,DNS,DNS,DK,Red,Enosh,Lucian,Viktor,BOT,7,17.0,2.0,False,Loss
2919571,1,DK,DNS,DK,DNS,Blue,Smash,Caitlyn,Cassiopeia,BOT,8,18.0,2.0,True,Win
2919571,1,DK,DNS,DK,DNS,Blue,Career,Lux,Sion,SUP,9,19.0,2.0,True,Win
2919571,1,DK,DNS,DNS,DK,Red,Life,Milio,Gwen,SUP,10,20.0,2.0,False,Loss
2919571,2,DK,DNS,DK,DNS,Blue,Siwoo,Gnar,Ashe,TOP,1,7.0,1.0,True,Win
2919571,2,DK,DNS,DNS,DK,Red,DuDu,Sylas,Pantheon,TOP,2,8.0,1.0,False,Loss
2919571,2,DK,DNS,DNS,DK,Red,DDoiV,Pantheon,Seraphine,JGL,3,9.0,1.0,False,Loss
2919571,2,DK,DNS,DK,DNS,Blue,Lucid,Skarner,Lulu,JGL,4,10.0,1.0,True,Win
2919571,2,DK,DNS,DK,DNS,Blue,ShowMaker,Taliyah,Skarner,MID,5,11.0,1.0,True,Win
2919571,2,DK,DNS,DNS,DK,Red,Clozer,Ryze,Ezreal,MID,6,12.0,1.0,False,Loss
2919571,2,DK,DNS,DNS,DK,Red,Enosh,Ezreal,Ryze,BOT,7,17.0,2.0,False,Loss
2919571,2,DK,DNS,DK,DNS,Blue,Smash,Ashe,Gnar,BOT,8,18.0,2.0,True,Win
2919571,2,DK,DNS,DK,DNS,Blue,Career,Lulu,Taliyah,SUP,9,19.0,2.0,True,Win
2919571,2,DK,DNS,DNS,DK,Red,Life,Seraphine,Sylas,SUP,10,20.0,2.0,False,Loss
2919572,1,BFX,GEN,GEN,BFX,Red,Kiin,Sion,Jarvan IV,TOP,1,7.0,1.0,True,Win
2919572,1,BFX,GEN,BFX,GEN,Blue,Clear,Renekton,Ashe,TOP,2,8.0,1.0,False,Loss
2919572,1,BFX,GEN,BFX,GEN,Blue,Raptor,Vi,Seraphine,JGL,3,9.0,1.0,False,Loss
2919572,1,BFX,GEN,GEN,BFX,Red,Canyon,JarvanIV,Lucian,JGL,4,10.0,1.0,True,Win
2919572,1,BFX,GEN,GEN,BFX,Red,Chovy,Cassiopeia,Milio,MID,5,11.0,1.0,True,Win
2919572,1,BFX,GEN,BFX,GEN,Blue,VicLa,Akali,Vi,MID,6,12.0,1.0,False,Loss
2919572,1,BFX,GEN,BFX,GEN,Blue,Taeyoon,Ashe,Renekton,BOT,7,17.0,2.0,False,Loss
2919572,1,BFX,GEN,GEN,BFX,Red,Ruler,Lucian,Sion,BOT,8,18.0,2.0,True,Win
2919572,1,BFX,GEN,GEN,BFX,Red,Duro,Milio,Cassiopeia,SUP,9,19.0,2.0,True,Win
2919572,1,BFX,GEN,BFX,GEN,Blue,Kellin,Seraphine,Akali,SUP,10,20.0,2.0,False,Loss
2919572,2,BFX,GEN,BFX,GEN,Blue,Clear,Gnar,Nocturne,TOP,1,7.0,1.0,False,Loss
2919572,2,BFX,GEN,GEN,BFX,Red,Kiin,Vayne,Neeko,TOP,2,8.0,1.0,True,Win
2919572,2,BFX,GEN,GEN,BFX,Red,Canyon,MonkeyKing,Wukong,JGL,3,9.0,1.0,True,Win
2919572,2,BFX,GEN,BFX,GEN,Blue,Raptor,Nocturne,Yunara,JGL,4,10.0,1.0,False,Loss
2919572,2,BFX,GEN,BFX,GEN,Blue,VicLa,Annie,Lulu,MID,5,11.0,1.0,False,Loss
2919572,2,BFX,GEN,GEN,BFX,Red,Chovy,Ryze,Ryze,MID,6,12.0,1.0,True,Win
2919572,2,BFX,GEN,GEN,BFX,Red,Ruler,Jhin,Jhin,BOT,7,17.0,2.0,True,Win
2919572,2,BFX,GEN,BFX,GEN,Blue,Taeyoon,Yunara,Annie,BOT,8,18.0,2.0,False,Loss
2919572,2,BFX,GEN,BFX,GEN,Blue,Kellin,Lulu,Gnar,SUP,9,19.0,2.0,False,Loss
2919572,2,BFX,GEN,GEN,BFX,Red,Duro,Neeko,Vayne,SUP,10,20.0,2.0,True,Win
2919573,1,KRX,KT,KT,KRX,Red,PerfecT,Jayce,Karma,TOP,1,7.0,1.0,True,Win
2919573,1,KRX,KT,KRX,KT,Blue,Rich,Renekton,Ezreal,TOP,2,8.0,1.0,False,Loss
2919573,1,KRX,KT,KRX,KT,Blue,Willer,XinZhao,Xin Zhao,JGL,3,9.0,1.0,False,Loss
2919573,1,KRX,KT,KT,KRX,Red,Cuzz,Pantheon,Sivir,JGL,4,10.0,1.0,True,Win
2919573,1,KRX,KT,KT,KRX,Red,Bdd,Annie,Pantheon,MID,5,11.0,1.0,True,Win
2919573,1,KRX,KT,KRX,KT,Blue,Ucal,Aurora,Bard,MID,6,12.0,1.0,False,Loss
2919573,1,KRX,KT,KRX,KT,Blue,LazyFeel,Ezreal,Renekton,BOT,7,17.0,2.0,False,Loss
2919573,1,KRX,KT,KT,KRX,Red,Aiming,Sivir,Jayce,BOT,8,18.0,2.0,True,Win
2919573,1,KRX,KT,KT,KRX,Red,Effort,Karma,Annie,SUP,9,19.0,2.0,True,Win
2919573,1,KRX,KT,KRX,KT,Blue,Andil,Bard,Aurora,SUP,10,20.0,2.0,False,Loss
2919573,2,KT,KRX,KRX,KT,Red,Rich,Kennen,Orianna,TOP,1,7.0,1.0,True,Win
2919573,2,KT,KRX,KT,KRX,Blue,PerfecT,Gnar,Gnar,TOP,2,8.0,1.0,False,Loss
2919573,2,KT,KRX,KT,KRX,Blue,Cuzz,JarvanIV,Jarvan IV,JGL,3,9.0,1.0,False,Loss
2919573,2,KT,KRX,KRX,KT,Red,Willer,Vi,Yunara,JGL,4,10.0,1.0,True,Win
2919573,2,KT,KRX,KRX,KT,Red,Ucal,Orianna,Lulu,MID,5,11.0,1.0,True,Win
2919573,2,KT,KRX,KT,KRX,Blue,Bdd,Ryze,Ryze,MID,6,12.0,1.0,False,Loss
2919573,2,KT,KRX,KT,KRX,Blue,Aiming,Corki,Corki,BOT,7,17.0,2.0,False,Loss
2919573,2,KT,KRX,KRX,KT,Red,LazyFeel,Yunara,Vi,BOT,8,18.0,2.0,True,Win
2919573,2,KT,KRX,KRX,KT,Red,Andil,Lulu,Kennen,SUP,9,19.0,2.0,True,Win
2919573,2,KT,KRX,KT,KRX,Blue,Effort,Nami,Nami,SUP,10,20.0,2.0,False,Loss
2919573,3,KRX,KT,KRX,KT,Blue,Rich,KSante,Caitlyn,TOP,1,7.0,1.0,False,Loss
2919573,3,KRX,KT,KT,KRX,Red,PerfecT,Zaahen,Neeko,TOP,2,8.0,1.0,True,Win
2919573,3,KRX,KT,KT,KRX,Red,Cuzz,Naafiri,Naafiri,JGL,3,9.0,1.0,True,Win
2919573,3,KRX,KT,KRX,KT,Blue,Willer,Poppy,Lux,JGL,4,10.0,1.0,False,Loss
2919573,3,KRX,KT,KRX,KT,Blue,Ucal,Cassiopeia,K'Sante,MID,5,11.0,1.0,False,Loss
2919573,3,KRX,KT,KT,KRX,Red,Bdd,Hwei,Jhin,MID,6,12.0,1.0,True,Win
2919573,3,KRX,KT,KT,KRX,Red,Aiming,Jhin,Zaahen,BOT,7,17.0,2.0,True,Win
2919573,3,KRX,KT,KRX,KT,Blue,LazyFeel,Caitlyn,Poppy,BOT,8,18.0,2.0,False,Loss
2919573,3,KRX,KT,KRX,KT,Blue,Andil,Lux,Cassiopeia,SUP,9,19.0,2.0,False,Loss
2919573,3,KRX,KT,KT,KRX,Red,Effort,Neeko,Hwei,SUP,10,20.0,2.0,True,Win
2919574,1,HLE,DK,HLE,DK,Blue,Zeus,Sion,Orianna,TOP,1,7.0,1.0,True,Win
2919574,1,HLE,DK,DK,HLE,Red,Siwoo,Irelia,Jarvan IV,TOP,2,8.0,1.0,False,Loss
2919574,1,HLE,DK,DK,HLE,Red,Lucid,JarvanIV,Ashe,JGL,3,9.0,1.0,False,Loss
2919574,1,HLE,DK,HLE,DK,Blue,Kanavi,LeeSin,Caitlyn,JGL,4,10.0,1.0,True,Win
2919574,1,HLE,DK,HLE,DK,Blue,Zeka,Orianna,Karma,MID,5,11.0,1.0,True,Win
2919574,1,HLE,DK,DK,HLE,Red,ShowMaker,Zyra,Seraphine,MID,6,12.0,1.0,False,Loss
2919574,1,HLE,DK,DK,HLE,Red,Smash,Ashe,Zyra,BOT,7,17.0,2.0,False,Loss
2919574,1,HLE,DK,HLE,DK,Blue,Gumayusi,Caitlyn,Sion,BOT,8,18.0,2.0,True,Win
2919574,1,HLE,DK,HLE,DK,Blue,Delight,Karma,Lee Sin,SUP,9,19.0,2.0,True,Win
2919574,1,HLE,DK,DK,HLE,Red,Career,Seraphine,Irelia,SUP,10,20.0,2.0,False,Loss
2919574,2,HLE,DK,DK,HLE,Red,Siwoo,Jayce,Lulu,TOP,1,7.0,1.0,False,Loss
2919574,2,HLE,DK,HLE,DK,Blue,Zeus,Yorick,Xin Zhao,TOP,2,8.0,1.0,True,Win
2919574,2,HLE,DK,HLE,DK,Blue,Kanavi,XinZhao,Corki,JGL,3,9.0,1.0,True,Win
2919574,2,HLE,DK,DK,HLE,Red,Lucid,Nocturne,Yunara,JGL,4,10.0,1.0,False,Loss
2919574,2,HLE,DK,DK,HLE,Red,ShowMaker,TwistedFate,Twisted Fate,MID,5,11.0,1.0,False,Loss
2919574,2,HLE,DK,HLE,DK,Blue,Zeka,Cassiopeia,Nami,MID,6,12.0,1.0,True,Win
2919574,2,HLE,DK,HLE,DK,Blue,Gumayusi,Corki,Cassiopeia,BOT,7,17.0,2.0,True,Win
2919574,2,HLE,DK,DK,HLE,Red,Smash,Yunara,Nocturne,BOT,8,18.0,2.0,False,Loss
2919574,2,HLE,DK,DK,HLE,Red,Career,Lulu,Jayce,SUP,9,19.0,2.0,False,Loss
2919574,2,HLE,DK,HLE,DK,Blue,Delight,Nami,Yorick,SUP,10,20.0,2.0,True,Win
2919575,1,BRO,DNS,DNS,BRO,Red,DuDu,Renekton,Jarvan IV,TOP,1,7.0,1.0,False,Loss
2919575,1,BRO,DNS,BRO,DNS,Blue,Casting,Sion,Karma,TOP,2,8.0,1.0,True,Win
2919575,1,BRO,DNS,BRO,DNS,Blue,GIDEON,LeeSin,Jhin,JGL,3,9.0,1.0,True,Win
2919575,1,BRO,DNS,DNS,BRO,Red,Pyosik,JarvanIV,Ashe,JGL,4,10.0,1.0,False,Loss
2919575,1,BRO,DNS,DNS,BRO,Red,Clozer,Taliyah,Seraphine,MID,5,11.0,1.0,False,Loss
2919575,1,BRO,DNS,BRO,DNS,Blue,Roamer,Ryze,Ryze,MID,6,12.0,1.0,True,Win
2919575,1,BRO,DNS,BRO,DNS,Blue,Teddy,Jhin,Lee Sin,BOT,7,17.0,2.0,True,Win
2919575,1,BRO,DNS,DNS,BRO,Red,Enosh,Ashe,Taliyah,BOT,8,18.0,2.0,False,Loss
2919575,1,BRO,DNS,DNS,BRO,Red,Life,Seraphine,Renekton,SUP,9,19.0,2.0,False,Loss
2919575,1,BRO,DNS,BRO,DNS,Blue,Namgung,Karma,Sion,SUP,10,20.0,2.0,True,Win
2919575,2,DNS,BRO,BRO,DNS,Red,Casting,Zaahen,Ezreal,TOP,1,7.0,1.0,True,Win
2919575,2,DNS,BRO,DNS,BRO,Blue,DuDu,Ambessa,Cassiopeia,TOP,2,8.0,1.0,False,Loss
2919575,2,DNS,BRO,DNS,BRO,Blue,Pyosik,Vi,Vi,JGL,3,9.0,1.0,False,Loss
2919575,2,DNS,BRO,BRO,DNS,Red,GIDEON,XinZhao,Neeko,JGL,4,10.0,1.0,True,Win
2919575,2,DNS,BRO,BRO,DNS,Red,Roamer,Akali,Xin Zhao,MID,5,11.0,1.0,True,Win
2919575,2,DNS,BRO,DNS,BRO,Blue,Clozer,Cassiopeia,Ambessa,MID,6,12.0,1.0,False,Loss
2919575,2,DNS,BRO,DNS,BRO,Blue,Enosh,Corki,Corki,BOT,7,17.0,2.0,False,Loss
2919575,2,DNS,BRO,BRO,DNS,Red,Teddy,Ezreal,Zaahen,BOT,8,18.0,2.0,True,Win
2919575,2,DNS,BRO,BRO,DNS,Red,Namgung,Neeko,Akali,SUP,9,19.0,2.0,True,Win
2919575,2,DNS,BRO,DNS,BRO,Blue,Life,Nami,Nami,SUP,10,20.0,2.0,False,Loss
2919576,1,GEN,T1,T1,GEN,Red,Doran,Yorick,Ashe,TOP,1,7.0,1.0,False,Loss
2919576,1,GEN,T1,GEN,T1,Blue,Kiin,Renekton,Ezreal,TOP,2,8.0,1.0,True,Win
2919576,1,GEN,T1,GEN,T1,Blue,Canyon,Skarner,Seraphine,JGL,3,9.0,1.0,True,Win
2919576,1,GEN,T1,T1,GEN,Red,Oner,XinZhao,Xin Zhao,JGL,4,10.0,1.0,False,Loss
2919576,1,GEN,T1,T1,GEN,Red,Faker,TwistedFate,Lulu,MID,5,11.0,1.0,False,Loss
2919576,1,GEN,T1,GEN,T1,Blue,Chovy,Rumble,Rumble,MID,6,12.0,1.0,True,Win
2919576,1,GEN,T1,GEN,T1,Blue,Ruler,Ezreal,Skarner,BOT,7,17.0,2.0,True,Win
2919576,1,GEN,T1,T1,GEN,Red,Peyz,Ashe,Yorick,BOT,8,18.0,2.0,False,Loss
2919576,1,GEN,T1,T1,GEN,Red,Keria,Lulu,Twisted Fate,SUP,9,19.0,2.0,False,Loss
2919576,1,GEN,T1,GEN,T1,Blue,Duro,Seraphine,Renekton,SUP,10,20.0,2.0,True,Win
2919576,2,T1,GEN,GEN,T1,Red,Kiin,Sion,Karma,TOP,1,7.0,1.0,False,Loss
2919576,2,T1,GEN,T1,GEN,Blue,Doran,Ornn,Caitlyn,TOP,2,8.0,1.0,True,Win
2919576,2,T1,GEN,T1,GEN,Blue,Oner,LeeSin,Lee Sin,JGL,3,9.0,1.0,True,Win
2919576,2,T1,GEN,GEN,T1,Red,Canyon,MonkeyKing,Jhin,JGL,4,10.0,1.0,False,Loss
2919576,2,T1,GEN,GEN,T1,Red,Chovy,Annie,Sion,MID,5,11.0,1.0,False,Loss
2919576,2,T1,GEN,T1,GEN,Blue,Faker,Anivia,Lux,MID,6,12.0,1.0,True,Win
2919576,2,T1,GEN,T1,GEN,Blue,Peyz,Caitlyn,Ornn,BOT,7,17.0,2.0,True,Win
2919576,2,T1,GEN,GEN,T1,Red,Ruler,Jhin,Annie,BOT,8,18.0,2.0,False,Loss
2919576,2,T1,GEN,GEN,T1,Red,Duro,Karma,Wukong,SUP,9,19.0,2.0,False,Loss
2919576,2,T1,GEN,T1,GEN,Blue,Keria,Lux,Anivia,SUP,10,20.0,2.0,True,Win
2919576,3,T1,GEN,T1,GEN,Blue,Doran,Jayce,Cassiopeia,TOP,1,7.0,1.0,True,Win
2919576,3,T1,GEN,GEN,T1,Red,Kiin,KSante,Corki,TOP,2,8.0,1.0,False,Loss
2919576,3,T1,GEN,GEN,T1,Red,Canyon,Pantheon,Pantheon,JGL,3,9.0,1.0,False,Loss
2919576,3,T1,GEN,T1,GEN,Blue,Oner,Vi,Jayce,JGL,4,10.0,1.0,True,Win
2919576,3,T1,GEN,T1,GEN,Blue,Faker,Cassiopeia,Vi,MID,5,11.0,1.0,True,Win
2919576,3,T1,GEN,GEN,T1,Red,Chovy,Taliyah,K'Sante,MID,6,12.0,1.0,False,Loss
2919576,3,T1,GEN,GEN,T1,Red,Ruler,Corki,Neeko,BOT,7,17.0,2.0,False,Loss
2919576,3,T1,GEN,T1,GEN,Blue,Peyz,Mel,Mel,BOT,8,18.0,2.0,True,Win
2919576,3,T1,GEN,T1,GEN,Blue,Keria,Camille,Camille,SUP,9,19.0,2.0,True,Win
2919576,3,T1,GEN,GEN,T1,Red,Duro,Neeko,Taliyah,SUP,10,20.0,2.0,False,Loss
2919577,1,BFX,NS,NS,BFX,Red,Kingen,Jayce,Karma,TOP,1,7.0,1.0,False,Loss
2919577,1,BFX,NS,BFX,NS,Blue,Clear,Sion,Ezreal,TOP,2,8.0,1.0,True,Win
2919577,1,BFX,NS,BFX,NS,Blue,Raptor,JarvanIV,Jarvan IV,JGL,3,9.0,1.0,True,Win
2919577,1,BFX,NS,NS,BFX,Red,Sponge,Pantheon,Caitlyn,JGL,4,10.0,1.0,False,Loss
2919577,1,BFX,NS,NS,BFX,Red,Scout,Ryze,Ryze,MID,5,11.0,1.0,False,Loss
2919577,1,BFX,NS,BFX,NS,Blue,VicLa,Azir,Nami,MID,6,12.0,1.0,True,Win
2919577,1,BFX,NS,BFX,NS,Blue,Taeyoon,Ezreal,Azir,BOT,7,17.0,2.0,True,Win
2919577,1,BFX,NS,NS,BFX,Red,Diable,Caitlyn,Pantheon,BOT,8,18.0,2.0,False,Loss
2919577,1,BFX,NS,NS,BFX,Red,Pleata,Karma,Jayce,SUP,9,19.0,2.0,False,Loss
2919577,1,BFX,NS,BFX,NS,Blue,Kellin,Nami,Sion,SUP,10,20.0,2.0,True,Win
2919577,2,BFX,NS,NS,BFX,Red,Kingen,Gnar,Lulu,TOP,1,7.0,1.0,False,Loss
2919577,2,BFX,NS,BFX,NS,Blue,Clear,Olaf,Cassiopeia,TOP,2,8.0,1.0,True,Win
2919577,2,BFX,NS,BFX,NS,Blue,Raptor,Naafiri,Yunara,JGL,3,9.0,1.0,True,Win
2919577,2,BFX,NS,NS,BFX,Red,Sponge,Nocturne,Nocturne,JGL,4,10.0,1.0,False,Loss
2919577,2,BFX,NS,NS,BFX,Red,Scout,Galio,Gnar,MID,5,11.0,1.0,False,Loss
2919577,2,BFX,NS,BFX,NS,Blue,VicLa,Cassiopeia,Milio,MID,6,12.0,1.0,True,Win
2919577,2,BFX,NS,BFX,NS,Blue,Taeyoon,Yunara,Naafiri,BOT,7,17.0,2.0,True,Win
2919577,2,BFX,NS,NS,BFX,Red,Diable,KogMaw,Kog'Maw,BOT,8,18.0,2.0,False,Loss
2919577,2,BFX,NS,NS,BFX,Red,Pleata,Lulu,Galio,SUP,9,19.0,2.0,False,Loss
2919577,2,BFX,NS,BFX,NS,Blue,Kellin,Milio,Olaf,SUP,10,20.0,2.0,True,Win
2919578,1,KT,HLE,HLE,KT,Red,Zeus,Sion,Jarvan IV,TOP,1,7.0,1.0,False,Loss
2919578,1,KT,HLE,KT,HLE,Blue,PerfecT,Zaahen,Karma,TOP,2,8.0,1.0,True,Win
2919578,1,KT,HLE,KT,HLE,Blue,Cuzz,Pantheon,Cassiopeia,JGL,3,9.0,1.0,True,Win
2919578,1,KT,HLE,HLE,KT,Red,Kanavi,JarvanIV,Miss Fortune,JGL,4,10.0,1.0,False,Loss
2919578,1,KT,HLE,HLE,KT,Red,Zeka,Azir,Nautilus,MID,5,11.0,1.0,False,Loss
2919578,1,KT,HLE,KT,HLE,Blue,Bdd,Cassiopeia,Sivir,MID,6,12.0,1.0,True,Win
2919578,1,KT,HLE,KT,HLE,Blue,Aiming,Sivir,Pantheon,BOT,7,17.0,2.0,True,Win
2919578,1,KT,HLE,HLE,KT,Red,Gumayusi,MissFortune,Azir,BOT,8,18.0,2.0,False,Loss
2919578,1,KT,HLE,HLE,KT,Red,Delight,Nautilus,Sion,SUP,9,19.0,2.0,False,Loss
2919578,1,KT,HLE,KT,HLE,Blue,Effort,Karma,Zaahen,SUP,10,20.0,2.0,True,Win
2919578,2,KT,HLE,HLE,KT,Red,Zeus,Jayce,Vi,TOP,1,7.0,1.0,True,Win
2919578,2,KT,HLE,KT,HLE,Blue,PerfecT,KSante,Ashe,TOP,2,8.0,1.0,False,Loss
2919578,2,KT,HLE,KT,HLE,Blue,Cuzz,LeeSin,Seraphine,JGL,3,9.0,1.0,False,Loss
2919578,2,KT,HLE,HLE,KT,Red,Kanavi,Vi,Ziggs,JGL,4,10.0,1.0,True,Win
2919578,2,KT,HLE,HLE,KT,Red,Zeka,Taliyah,Pyke,MID,5,11.0,1.0,True,Win
2919578,2,KT,HLE,KT,HLE,Blue,Bdd,Ryze,Ryze,MID,6,12.0,1.0,False,Loss
2919578,2,KT,HLE,KT,HLE,Blue,Aiming,Ashe,Lee Sin,BOT,7,17.0,2.0,False,Loss
2919578,2,KT,HLE,HLE,KT,Red,Gumayusi,Ziggs,Jayce,BOT,8,18.0,2.0,True,Win
2919578,2,KT,HLE,HLE,KT,Red,Delight,Pyke,Taliyah,SUP,9,19.0,2.0,True,Win
2919578,2,KT,HLE,KT,HLE,Blue,Effort,Seraphine,K'Sante,SUP,10,20.0,2.0,False,Loss
2919578,3,KT,HLE,KT,HLE,Blue,PerfecT,Renekton,Lucian,TOP,1,7.0,1.0,True,Win
2919578,3,KT,HLE,HLE,KT,Red,Zeus,Olaf,Milio,TOP,2,8.0,1.0,False,Loss
2919578,3,KT,HLE,HLE,KT,Red,Kanavi,Nocturne,Aurora,JGL,3,9.0,1.0,False,Loss
2919578,3,KT,HLE,KT,HLE,Blue,Cuzz,Skarner,Renekton,JGL,4,10.0,1.0,True,Win
2919578,3,KT,HLE,KT,HLE,Blue,Bdd,Viktor,Nami,MID,5,11.0,1.0,True,Win
2919578,3,KT,HLE,HLE,KT,Red,Zeka,Aurora,Draven,MID,6,12.0,1.0,False,Loss
2919578,3,KT,HLE,HLE,KT,Red,Gumayusi,Draven,Nocturne,BOT,7,17.0,2.0,False,Loss
2919578,3,KT,HLE,KT,HLE,Blue,Aiming,Lucian,Skarner,BOT,8,18.0,2.0,True,Win
2919578,3,KT,HLE,KT,HLE,Blue,Effort,Nami,Viktor,SUP,9,19.0,2.0,True,Win
2919578,3,KT,HLE,HLE,KT,Red,Delight,Milio,Olaf,SUP,10,20.0,2.0,False,Loss
2919579,1,BRO,KRX,KRX,BRO,Red,Rich,KSante,Karma,TOP,1,7.0,1.0,False,Loss
2919579,1,BRO,KRX,BRO,KRX,Blue,Casting,Renekton,Ezreal,TOP,2,8.0,1.0,True,Win
2919579,1,BRO,KRX,BRO,KRX,Blue,GIDEON,XinZhao,Cassiopeia,JGL,3,9.0,1.0,True,Win
2919579,1,BRO,KRX,KRX,BRO,Red,Willer,LeeSin,Lee Sin,JGL,4,10.0,1.0,False,Loss
2919579,1,BRO,KRX,KRX,BRO,Red,Ucal,Annie,Annie,MID,5,11.0,1.0,False,Loss
2919579,1,BRO,KRX,BRO,KRX,Blue,Roamer,Cassiopeia,Xin Zhao,MID,6,12.0,1.0,True,Win
2919579,1,BRO,KRX,BRO,KRX,Blue,Teddy,Ezreal,Renekton,BOT,7,17.0,2.0,True,Win
2919579,1,BRO,KRX,KRX,BRO,Red,LazyFeel,MissFortune,Miss Fortune,BOT,8,18.0,2.0,False,Loss
2919579,1,BRO,KRX,KRX,BRO,Red,Andil,Karma,K'Sante,SUP,9,19.0,2.0,False,Loss
2919579,1,BRO,KRX,BRO,KRX,Blue,Namgung,Bard,Bard,SUP,10,20.0,2.0,True,Win
2919579,2,BRO,KRX,KRX,BRO,Red,Rich,Gnar,Ryze,TOP,1,7.0,1.0,True,Win
2919579,2,BRO,KRX,BRO,KRX,Blue,Casting,Sion,Lucian,TOP,2,8.0,1.0,False,Loss
2919579,2,BRO,KRX,BRO,KRX,Blue,GIDEON,Nocturne,Milio,JGL,3,9.0,1.0,False,Loss
2919579,2,BRO,KRX,KRX,BRO,Red,Willer,Vi,Vi,JGL,4,10.0,1.0,True,Win
2919579,2,BRO,KRX,KRX,BRO,Red,Ucal,Ryze,Gnar,MID,5,11.0,1.0,True,Win
2919579,2,BRO,KRX,BRO,KRX,Blue,Roamer,Anivia,Nocturne,MID,6,12.0,1.0,False,Loss
2919579,2,BRO,KRX,BRO,KRX,Blue,Teddy,Lucian,Anivia,BOT,7,17.0,2.0,False,Loss
2919579,2,BRO,KRX,KRX,BRO,Red,LazyFeel,Yunara,Yunara,BOT,8,18.0,2.0,True,Win
2919579,2,BRO,KRX,KRX,BRO,Red,Andil,Nautilus,Nautilus,SUP,9,19.0,2.0,True,Win
2919579,2,BRO,KRX,BRO,KRX,Blue,Namgung,Milio,Sion,SUP,10,20.0,2.0,False,Loss
2919579,3,KRX,BRO,BRO,KRX,Red,Casting,Jayce,Caitlyn,TOP,1,7.0,1.0,False,Loss
2919579,3,KRX,BRO,KRX,BRO,Blue,Rich,Yorick,Jarvan IV,TOP,2,8.0,1.0,True,Win
2919579,3,KRX,BRO,KRX,BRO,Blue,Willer,JarvanIV,Jhin,JGL,3,9.0,1.0,True,Win
2919579,3,KRX,BRO,BRO,KRX,Red,GIDEON,Poppy,Jayce,JGL,4,10.0,1.0,False,Loss
2919579,3,KRX,BRO,BRO,KRX,Red,Roamer,Viktor,Elise,MID,5,11.0,1.0,False,Loss
2919579,3,KRX,BRO,KRX,BRO,Blue,Ucal,Taliyah,Yorick,MID,6,12.0,1.0,True,Win
2919579,3,KRX,BRO,KRX,BRO,Blue,LazyFeel,Jhin,Alistar,BOT,7,17.0,2.0,True,Win
2919579,3,KRX,BRO,BRO,KRX,Red,Teddy,Caitlyn,Poppy,BOT,8,18.0,2.0,False,Loss
2919579,3,KRX,BRO,BRO,KRX,Red,Namgung,Elise,Viktor,SUP,9,19.0,2.0,False,Loss
2919579,3,KRX,BRO,KRX,BRO,Blue,Andil,Alistar,Taliyah,SUP,10,20.0,2.0,True,Win
2919580,1,T1,KRX,KRX,T1,Red,Rich,Rumble,Ryze,TOP,1,7.0,1.0,False,Loss
2919580,1,T1,KRX,T1,KRX,Blue,Doran,KSante,Lucian,TOP,2,8.0,1.0,True,Win
2919580,1,T1,KRX,T1,KRX,Blue,Oner,MonkeyKing,Milio,JGL,3,9.0,1.0,True,Win
2919580,1,T1,KRX,KRX,T1,Red,Willer,Vi,Vi,JGL,4,10.0,1.0,False,Loss
2919580,1,T1,KRX,KRX,T1,Red,Ucal,Ryze,Rumble,MID,5,11.0,1.0,False,Loss
2919580,1,T1,KRX,T1,KRX,Blue,Faker,Anivia,Anivia,MID,6,12.0,1.0,True,Win
2919580,1,T1,KRX,T1,KRX,Blue,Peyz,Lucian,K'Sante,BOT,7,17.0,2.0,True,Win
2919580,1,T1,KRX,KRX,T1,Red,LazyFeel,Yunara,Yunara,BOT,8,18.0,2.0,False,Loss
2919580,1,T1,KRX,KRX,T1,Red,Andil,Nautilus,Nautilus,SUP,9,19.0,2.0,False,Loss
2919580,1,T1,KRX,T1,KRX,Blue,Keria,Milio,Wukong,SUP,10,20.0,2.0,True,Win
2919580,2,T1,KRX,KRX,T1,Red,Rich,Jax,Karma,TOP,1,7.0,1.0,True,Win
2919580,2,T1,KRX,T1,KRX,Blue,Doran,Varus,Varus,TOP,2,8.0,1.0,False,Loss
2919580,2,T1,KRX,T1,KRX,Blue,Oner,Skarner,Ezreal,JGL,3,9.0,1.0,False,Loss
2919580,2,T1,KRX,KRX,T1,Red,Willer,LeeSin,Lee Sin,JGL,4,10.0,1.0,True,Win
2919580,2,T1,KRX,KRX,T1,Red,Ucal,Annie,Annie,MID,5,11.0,1.0,True,Win
2919580,2,T1,KRX,T1,KRX,Blue,Faker,Viktor,Skarner,MID,6,12.0,1.0,False,Loss
2919580,2,T1,KRX,T1,KRX,Blue,Peyz,Ezreal,Viktor,BOT,7,17.0,2.0,False,Loss
2919580,2,T1,KRX,KRX,T1,Red,LazyFeel,MissFortune,Miss Fortune,BOT,8,18.0,2.0,True,Win
2919580,2,T1,KRX,KRX,T1,Red,Andil,Karma,Jax,SUP,9,19.0,2.0,True,Win
2919580,2,T1,KRX,T1,KRX,Blue,Keria,TahmKench,Tahm Kench,SUP,10,20.0,2.0,False,Loss
2919580,3,KRX,T1,T1,KRX,Red,Doran,Jayce,Orianna,TOP,1,7.0,1.0,True,Win
2919580,3,KRX,T1,KRX,T1,Blue,Rich,Yorick,Cassiopeia,TOP,2,8.0,1.0,False,Loss
2919580,3,KRX,T1,KRX,T1,Blue,Willer,XinZhao,Xin Zhao,JGL,3,9.0,1.0,False,Loss
2919580,3,KRX,T1,T1,KRX,Red,Oner,Trundle,Trundle,JGL,4,10.0,1.0,True,Win
2919580,3,KRX,T1,T1,KRX,Red,Faker,Orianna,Jayce,MID,5,11.0,1.0,True,Win
2919580,3,KRX,T1,KRX,T1,Blue,Ucal,Cassiopeia,Yorick,MID,6,12.0,1.0,False,Loss
2919580,3,KRX,T1,KRX,T1,Blue,LazyFeel,Kalista,Kalista,BOT,7,17.0,2.0,False,Loss
2919580,3,KRX,T1,T1,KRX,Red,Peyz,Ziggs,Ziggs,BOT,8,18.0,2.0,True,Win
2919580,3,KRX,T1,T1,KRX,Red,Keria,Pyke,Pyke,SUP,9,19.0,2.0,True,Win
2919580,3,KRX,T1,KRX,T1,Blue,Andil,Leona,Leona,SUP,10,20.0,2.0,False,Loss
2919581,1,NS,KT,KT,NS,Red,PerfecT,Sion,Lucian,TOP,1,7.0,1.0,False,Loss
2919581,1,NS,KT,NS,KT,Blue,Kingen,KSante,Ryze,TOP,2,8.0,1.0,True,Win
2919581,1,NS,KT,NS,KT,Blue,Sponge,LeeSin,Ezreal,JGL,3,9.0,1.0,True,Win
2919581,1,NS,KT,KT,NS,Red,Cuzz,Naafiri,Milio,JGL,4,10.0,1.0,False,Loss
2919581,1,NS,KT,KT,NS,Red,Bdd,Annie,Annie,MID,5,11.0,1.0,False,Loss
2919581,1,NS,KT,NS,KT,Blue,Scout,Ryze,Nami,MID,6,12.0,1.0,True,Win
2919581,1,NS,KT,NS,KT,Blue,Diable,Ezreal,Lee Sin,BOT,7,17.0,2.0,True,Win
2919581,1,NS,KT,KT,NS,Red,FenRir,Lucian,Sion,BOT,8,18.0,2.0,False,Loss
2919581,1,NS,KT,KT,NS,Red,Effort,Milio,Naafiri,SUP,9,19.0,2.0,False,Loss
2919581,1,NS,KT,NS,KT,Blue,Lehends,Nami,K'Sante,SUP,10,20.0,2.0,True,Win
2919581,2,KT,NS,KT,NS,Blue,PerfecT,Gnar,Jarvan IV,TOP,1,7.0,1.0,True,Win
2919581,2,KT,NS,NS,KT,Red,Kingen,Renekton,Yunara,TOP,2,8.0,1.0,False,Loss
2919581,2,KT,NS,NS,KT,Red,Sponge,XinZhao,Lulu,JGL,3,9.0,1.0,False,Loss
2919581,2,KT,NS,KT,NS,Blue,Cuzz,JarvanIV,Nautilus,JGL,4,10.0,1.0,True,Win
2919581,2,KT,NS,KT,NS,Blue,Bdd,Aurora,Miss Fortune,MID,5,11.0,1.0,True,Win
2919581,2,KT,NS,NS,KT,Red,Scout,Viktor,Xin Zhao,MID,6,12.0,1.0,False,Loss
2919581,2,KT,NS,NS,KT,Red,Diable,Yunara,Renekton,BOT,7,17.0,2.0,False,Loss
2919581,2,KT,NS,KT,NS,Blue,FenRir,MissFortune,Aurora,BOT,8,18.0,2.0,True,Win
2919581,2,KT,NS,KT,NS,Blue,Effort,Nautilus,Gnar,SUP,9,19.0,2.0,True,Win
2919581,2,KT,NS,NS,KT,Red,Lehends,Lulu,Viktor,SUP,10,20.0,2.0,False,Loss
2919581,3,KT,NS,NS,KT,Red,Kingen,Yorick,Caitlyn,TOP,1,7.0,1.0,False,Loss
2919581,3,KT,NS,KT,NS,Blue,PerfecT,Zaahen,Pantheon,TOP,2,8.0,1.0,True,Win
2919581,3,KT,NS,KT,NS,Blue,Cuzz,Pantheon,Karma,JGL,3,9.0,1.0,True,Win
2919581,3,KT,NS,NS,KT,Red,Sponge,Skarner,Bard,JGL,4,10.0,1.0,False,Loss
2919581,3,KT,NS,NS,KT,Red,Scout,TwistedFate,Twisted Fate,MID,5,11.0,1.0,False,Loss
2919581,3,KT,NS,KT,NS,Blue,Bdd,Taliyah,Sivir,MID,6,12.0,1.0,True,Win
2919581,3,KT,NS,KT,NS,Blue,FenRir,Sivir,Taliyah,BOT,7,17.0,2.0,True,Win
2919581,3,KT,NS,NS,KT,Red,Diable,Caitlyn,Yorick,BOT,8,18.0,2.0,False,Loss
2919581,3,KT,NS,NS,KT,Red,Pleata,Bard,Skarner,SUP,9,19.0,2.0,False,Loss
2919581,3,KT,NS,KT,NS,Blue,Effort,Karma,Zaahen,SUP,10,20.0,2.0,True,Win
2919582,1,BFX,HLE,HLE,BFX,Red,Zeus,Rumble,Rumble,TOP,1,7.0,1.0,True,Win
2919582,1,BFX,HLE,BFX,HLE,Blue,Clear,Galio,Karma,TOP,2,8.0,1.0,False,Loss
2919582,1,BFX,HLE,BFX,HLE,Blue,Raptor,XinZhao,Xin Zhao,JGL,3,9.0,1.0,False,Loss
2919582,1,BFX,HLE,HLE,BFX,Red,Kanavi,Vi,Nautilus,JGL,4,10.0,1.0,True,Win
2919582,1,BFX,HLE,HLE,BFX,Red,Zeka,Yone,Miss Fortune,MID,5,11.0,1.0,True,Win
2919582,1,BFX,HLE,BFX,HLE,Blue,VicLa,Ryze,Sivir,MID,6,12.0,1.0,False,Loss
2919582,1,BFX,HLE,BFX,HLE,Blue,Taeyoon,Sivir,Ryze,BOT,7,17.0,2.0,False,Loss
2919582,1,BFX,HLE,HLE,BFX,Red,Gumayusi,MissFortune,Vi,BOT,8,18.0,2.0,True,Win
2919582,1,BFX,HLE,HLE,BFX,Red,Bluffing,Nautilus,Yone,SUP,9,19.0,2.0,True,Win
2919582,1,BFX,HLE,BFX,HLE,Blue,Kellin,Karma,Galio,SUP,10,20.0,2.0,False,Loss
2919582,2,HLE,BFX,BFX,HLE,Red,Clear,Sion,Lucian,TOP,1,7.0,1.0,False,Loss
2919582,2,HLE,BFX,HLE,BFX,Blue,Zeus,Ambessa,Ashe,TOP,2,8.0,1.0,True,Win
2919582,2,HLE,BFX,HLE,BFX,Blue,Kanavi,Pantheon,Seraphine,JGL,3,9.0,1.0,True,Win
2919582,2,HLE,BFX,BFX,HLE,Red,Raptor,Trundle,Milio,JGL,4,10.0,1.0,False,Loss
2919582,2,HLE,BFX,BFX,HLE,Red,VicLa,TwistedFate,Twisted Fate,MID,5,11.0,1.0,False,Loss
2919582,2,HLE,BFX,HLE,BFX,Blue,Zeka,Mel,Mel,MID,6,12.0,1.0,True,Win
2919582,2,HLE,BFX,HLE,BFX,Blue,Gumayusi,Ashe,Pantheon,BOT,7,17.0,2.0,True,Win
2919582,2,HLE,BFX,BFX,HLE,Red,Taeyoon,Lucian,Sion,BOT,8,18.0,2.0,False,Loss
2919582,2,HLE,BFX,BFX,HLE,Red,Kellin,Milio,Trundle,SUP,9,19.0,2.0,False,Loss
2919582,2,HLE,BFX,HLE,BFX,Blue,Bluffing,Seraphine,Ambessa,SUP,10,20.0,2.0,True,Win
2919583,1,DK,BRO,BRO,DK,Red,Casting,Rumble,Orianna,TOP,1,7.0,1.0,False,Loss
2919583,1,DK,BRO,DK,BRO,Blue,Siwoo,KSante,Jarvan IV,TOP,2,8.0,1.0,True,Win
2919583,1,DK,BRO,DK,BRO,Blue,Lucid,JarvanIV,Bard,JGL,3,9.0,1.0,True,Win
2919583,1,DK,BRO,BRO,DK,Red,GIDEON,Pantheon,Nautilus,JGL,4,10.0,1.0,False,Loss
2919583,1,DK,BRO,BRO,DK,Red,Roamer,Orianna,Ezreal,MID,5,11.0,1.0,False,Loss
2919583,1,DK,BRO,DK,BRO,Blue,ShowMaker,Viktor,Sivir,MID,6,12.0,1.0,True,Win
2919583,1,DK,BRO,DK,BRO,Blue,Smash,Sivir,Viktor,BOT,7,17.0,2.0,True,Win
2919583,1,DK,BRO,BRO,DK,Red,Teddy,Ezreal,Rumble,BOT,8,18.0,2.0,False,Loss
2919583,1,DK,BRO,BRO,DK,Red,Namgung,Nautilus,Pantheon,SUP,9,19.0,2.0,False,Loss
2919583,1,DK,BRO,DK,BRO,Blue,Career,Bard,K'Sante,SUP,10,20.0,2.0,True,Win
2919583,2,BRO,DK,BRO,DK,Blue,Casting,Jayce,Cassiopeia,TOP,1,7.0,1.0,True,Win
2919583,2,BRO,DK,DK,BRO,Red,Siwoo,Anivia,Ashe,TOP,2,8.0,1.0,False,Loss
2919583,2,BRO,DK,DK,BRO,Red,Lucid,XinZhao,Xin Zhao,JGL,3,9.0,1.0,False,Loss
2919583,2,BRO,DK,BRO,DK,Blue,GIDEON,Vi,Vi,JGL,4,10.0,1.0,True,Win
2919583,2,BRO,DK,BRO,DK,Blue,Roamer,Cassiopeia,Jayce,MID,5,11.0,1.0,True,Win
2919583,2,BRO,DK,DK,BRO,Red,ShowMaker,KogMaw,Seraphine,MID,6,12.0,1.0,False,Loss
2919583,2,BRO,DK,DK,BRO,Red,Smash,Ashe,Anivia,BOT,7,17.0,2.0,False,Loss
2919583,2,BRO,DK,BRO,DK,Blue,Teddy,Caitlyn,Caitlyn,BOT,8,18.0,2.0,True,Win
2919583,2,BRO,DK,BRO,DK,Blue,Namgung,Lux,Lux,SUP,9,19.0,2.0,True,Win
2919583,2,BRO,DK,DK,BRO,Red,Career,Seraphine,Kog'Maw,SUP,10,20.0,2.0,False,Loss
2919583,3,BRO,DK,DK,BRO,Red,Siwoo,Illaoi,Karma,TOP,1,7.0,1.0,True,Win
2919583,3,BRO,DK,BRO,DK,Blue,Casting,Renekton,Jhin,TOP,2,8.0,1.0,False,Loss
2919583,3,BRO,DK,BRO,DK,Blue,GIDEON,Naafiri,Annie,JGL,3,9.0,1.0,False,Loss
2919583,3,BRO,DK,DK,BRO,Red,Lucid,MonkeyKing,Wukong,JGL,4,10.0,1.0,True,Win
2919583,3,BRO,DK,DK,BRO,Red,ShowMaker,Taliyah,Yunara,MID,5,11.0,1.0,True,Win
2919583,3,BRO,DK,BRO,DK,Blue,Roamer,Annie,Naafiri,MID,6,12.0,1.0,False,Loss
2919583,3,BRO,DK,BRO,DK,Blue,Teddy,Jhin,Renekton,BOT,7,17.0,2.0,False,Loss
2919583,3,BRO,DK,DK,BRO,Red,Smash,Yunara,Taliyah,BOT,8,18.0,2.0,True,Win
2919583,3,BRO,DK,DK,BRO,Red,Career,Karma,Illaoi,SUP,9,19.0,2.0,True,Win
2919583,3,BRO,DK,BRO,DK,Blue,Namgung,Neeko,Neeko,SUP,10,20.0,2.0,False,Loss
2919584,1,DNS,KRX,KRX,DNS,Red,Rich,KSante,Cassiopeia,TOP,1,7.0,1.0,True,Win
2919584,1,DNS,KRX,DNS,KRX,Blue,DuDu,Rumble,Rumble,TOP,2,8.0,1.0,False,Loss
2919584,1,DNS,KRX,DNS,KRX,Blue,Pyosik,Skarner,Yone,JGL,3,9.0,1.0,False,Loss
2919584,1,DNS,KRX,KRX,DNS,Red,Willer,XinZhao,Xin Zhao,JGL,4,10.0,1.0,True,Win
2919584,1,DNS,KRX,KRX,DNS,Red,Ucal,Cassiopeia,K'Sante,MID,5,11.0,1.0,True,Win
2919584,1,DNS,KRX,DNS,KRX,Blue,Clozer,Yone,Skarner,MID,6,12.0,1.0,False,Loss
2919584,1,DNS,KRX,DNS,KRX,Blue,deokdam,Lucian,Lucian,BOT,7,17.0,2.0,False,Loss
2919584,1,DNS,KRX,KRX,DNS,Red,LazyFeel,MissFortune,Miss Fortune,BOT,8,18.0,2.0,True,Win
2919584,1,DNS,KRX,KRX,DNS,Red,Andil,Bard,Bard,SUP,9,19.0,2.0,True,Win
2919584,1,DNS,KRX,DNS,KRX,Blue,Peter,Milio,Milio,SUP,10,20.0,2.0,False,Loss
2919584,2,KRX,DNS,DNS,KRX,Red,DuDu,Ambessa,Lee Sin,TOP,1,7.0,1.0,False,Loss
2919584,2,KRX,DNS,KRX,DNS,Blue,Rich,Gnar,Ezreal,TOP,2,8.0,1.0,True,Win
2919584,2,KRX,DNS,KRX,DNS,Blue,Willer,Pantheon,Karma,JGL,3,9.0,1.0,True,Win
2919584,2,KRX,DNS,DNS,KRX,Red,Pyosik,LeeSin,Nautilus,JGL,4,10.0,1.0,False,Loss
2919584,2,KRX,DNS,DNS,KRX,Red,Clozer,Ahri,Sivir,MID,5,11.0,1.0,False,Loss
2919584,2,KRX,DNS,KRX,DNS,Blue,Ucal,Viktor,Gnar,MID,6,12.0,1.0,True,Win
2919584,2,KRX,DNS,KRX,DNS,Blue,LazyFeel,Ezreal,Pantheon,BOT,7,17.0,2.0,True,Win
2919584,2,KRX,DNS,DNS,KRX,Red,deokdam,Sivir,Ahri,BOT,8,18.0,2.0,False,Loss
2919584,2,KRX,DNS,DNS,KRX,Red,Peter,Nautilus,Ambessa,SUP,9,19.0,2.0,False,Loss
2919584,2,KRX,DNS,KRX,DNS,Blue,Andil,Karma,Viktor,SUP,10,20.0,2.0,True,Win
2919585,1,KT,GEN,GEN,KT,Red,Kiin,Sion,Karma,TOP,1,7.0,1.0,True,Win
2919585,1,KT,GEN,KT,GEN,Blue,PerfecT,Ambessa,Ezreal,TOP,2,8.0,1.0,False,Loss
2919585,1,KT,GEN,KT,GEN,Blue,Cuzz,Pantheon,Nami,JGL,3,9.0,1.0,False,Loss
2919585,1,KT,GEN,GEN,KT,Red,Canyon,Naafiri,Jhin,JGL,4,10.0,1.0,True,Win
2919585,1,KT,GEN,GEN,KT,Red,Chovy,Ryze,Ryze,MID,5,11.0,1.0,True,Win
2919585,1,KT,GEN,KT,GEN,Blue,Bdd,Anivia,Pantheon,MID,6,12.0,1.0,False,Loss
2919585,1,KT,GEN,KT,GEN,Blue,Aiming,Ezreal,Anivia,BOT,7,17.0,2.0,False,Loss
2919585,1,KT,GEN,GEN,KT,Red,Ruler,Jhin,Naafiri,BOT,8,18.0,2.0,True,Win
2919585,1,KT,GEN,GEN,KT,Red,Duro,Karma,Sion,SUP,9,19.0,2.0,True,Win
2919585,1,KT,GEN,KT,GEN,Blue,Effort,Nami,Ambessa,SUP,10,20.0,2.0,False,Loss
2919585,2,KT,GEN,KT,GEN,Blue,PerfecT,Jayce,Cassiopeia,TOP,1,7.0,1.0,False,Loss
2919585,2,KT,GEN,GEN,KT,Red,Kiin,Vayne,Ashe,TOP,2,8.0,1.0,True,Win
2919585,2,KT,GEN,GEN,KT,Red,Canyon,Nocturne,Galio,JGL,3,9.0,1.0,True,Win
2919585,2,KT,GEN,KT,GEN,Blue,Cuzz,Trundle,Nautilus,JGL,4,10.0,1.0,False,Loss
2919585,2,KT,GEN,KT,GEN,Blue,Bdd,Cassiopeia,Jayce,MID,5,11.0,1.0,False,Loss
2919585,2,KT,GEN,GEN,KT,Red,Chovy,Galio,Seraphine,MID,6,12.0,1.0,True,Win
2919585,2,KT,GEN,GEN,KT,Red,Ruler,Ashe,Nocturne,BOT,7,17.0,2.0,True,Win
2919585,2,KT,GEN,KT,GEN,Blue,Aiming,Corki,Corki,BOT,8,18.0,2.0,False,Loss
2919585,2,KT,GEN,KT,GEN,Blue,Effort,Nautilus,Trundle,SUP,9,19.0,2.0,False,Loss
2919585,2,KT,GEN,GEN,KT,Red,Duro,Seraphine,Vayne,SUP,10,20.0,2.0,True,Win
2919586,1,DK,BFX,BFX,DK,Red,Clear,Sion,Orianna,TOP,1,7.0,1.0,False,Loss
2919586,1,DK,BFX,DK,BFX,Blue,Siwoo,Gnar,Jarvan IV,TOP,2,8.0,1.0,True,Win
2919586,1,DK,BFX,DK,BFX,Blue,Lucid,JarvanIV,Karma,JGL,3,9.0,1.0,True,Win
2919586,1,DK,BFX,BFX,DK,Red,Raptor,Naafiri,Lucian,JGL,4,10.0,1.0,False,Loss
2919586,1,DK,BFX,BFX,DK,Red,VicLa,Orianna,Milio,MID,5,11.0,1.0,False,Loss
2919586,1,DK,BFX,DK,BFX,Blue,ShowMaker,Ryze,Caitlyn,MID,6,12.0,1.0,True,Win
2919586,1,DK,BFX,DK,BFX,Blue,Smash,Caitlyn,Ryze,BOT,7,17.0,2.0,True,Win
2919586,1,DK,BFX,BFX,DK,Red,Taeyoon,Lucian,Naafiri,BOT,8,18.0,2.0,False,Loss
2919586,1,DK,BFX,BFX,DK,Red,Kellin,Milio,Sion,SUP,9,19.0,2.0,False,Loss
2919586,1,DK,BFX,DK,BFX,Blue,Career,Karma,Gnar,SUP,10,20.0,2.0,True,Win
2919586,2,BFX,DK,BFX,DK,Blue,Clear,Ambessa,Ashe,TOP,1,7.0,1.0,True,Win
2919586,2,BFX,DK,DK,BFX,Red,Siwoo,Rumble,Seraphine,TOP,2,8.0,1.0,False,Loss
2919586,2,BFX,DK,DK,BFX,Red,Lucid,XinZhao,Xin Zhao,JGL,3,9.0,1.0,False,Loss
2919586,2,BFX,DK,BFX,DK,Blue,Raptor,LeeSin,Lulu,JGL,4,10.0,1.0,True,Win
2919586,2,BFX,DK,BFX,DK,Blue,VicLa,Ahri,Lee Sin,MID,5,11.0,1.0,True,Win
2919586,2,BFX,DK,DK,BFX,Red,ShowMaker,Leblanc,Ezreal,MID,6,12.0,1.0,False,Loss
2919586,2,BFX,DK,DK,BFX,Red,Smash,Ezreal,Rumble,BOT,7,17.0,2.0,False,Loss
2919586,2,BFX,DK,BFX,DK,Blue,Taeyoon,Ashe,Ambessa,BOT,8,18.0,2.0,True,Win
2919586,2,BFX,DK,BFX,DK,Blue,Kellin,Lulu,Ahri,SUP,9,19.0,2.0,True,Win
2919586,2,BFX,DK,DK,BFX,Red,Career,Seraphine,LeBlanc,SUP,10,20.0,2.0,False,Loss
2919586,3,DK,BFX,DK,BFX,Blue,Siwoo,Jayce,Viktor,TOP,1,7.0,1.0,True,Win
2919586,3,DK,BFX,BFX,DK,Red,Clear,Yorick,Pantheon,TOP,2,8.0,1.0,False,Loss
2919586,3,DK,BFX,BFX,DK,Red,Raptor,Pantheon,Taliyah,JGL,3,9.0,1.0,False,Loss
2919586,3,DK,BFX,DK,BFX,Blue,Lucid,Skarner,Skarner,JGL,4,10.0,1.0,True,Win
2919586,3,DK,BFX,DK,BFX,Blue,ShowMaker,Viktor,Jayce,MID,5,11.0,1.0,True,Win
2919586,3,DK,BFX,BFX,DK,Red,VicLa,Taliyah,Yorick,MID,6,12.0,1.0,False,Loss
2919586,3,DK,BFX,BFX,DK,Red,Taeyoon,MissFortune,Alistar,BOT,7,17.0,2.0,False,Loss
2919586,3,DK,BFX,DK,BFX,Blue,Smash,Jhin,Poppy,BOT,8,18.0,2.0,True,Win
2919586,3,DK,BFX,DK,BFX,Blue,Career,Poppy,Jhin,SUP,9,19.0,2.0,True,Win
2919586,3,DK,BFX,BFX,DK,Red,Kellin,Alistar,Miss Fortune,SUP,10,20.0,2.0,False,Loss
2919587,1,HLE,NS,NS,HLE,Red,Kingen,Rumble,Rumble,TOP,1,7.0,1.0,True,Win
2919587,1,HLE,NS,HLE,NS,Blue,Zeus,Yorick,Bard,TOP,2,8.0,1.0,False,Loss
2919587,1,HLE,NS,HLE,NS,Blue,Kanavi,XinZhao,Xin Zhao,JGL,3,9.0,1.0,False,Loss
2919587,1,HLE,NS,NS,HLE,Red,Sponge,MonkeyKing,Lucian,JGL,4,10.0,1.0,True,Win
2919587,1,HLE,NS,NS,HLE,Red,Scout,Annie,Milio,MID,5,11.0,1.0,True,Win
2919587,1,HLE,NS,HLE,NS,Blue,Zeka,Akali,Jhin,MID,6,12.0,1.0,False,Loss
2919587,1,HLE,NS,HLE,NS,Blue,Gumayusi,Jhin,Yorick,BOT,7,17.0,2.0,False,Loss
2919587,1,HLE,NS,NS,HLE,Red,Diable,Lucian,Annie,BOT,8,18.0,2.0,True,Win
2919587,1,HLE,NS,NS,HLE,Red,Lehends,Milio,Wukong,SUP,9,19.0,2.0,True,Win
2919587,1,HLE,NS,HLE,NS,Blue,Bluffing,Bard,Akali,SUP,10,20.0,2.0,False,Loss
2919587,2,NS,HLE,HLE,NS,Red,Zeus,Sion,Vi,TOP,1,7.0,1.0,True,Win
2919587,2,NS,HLE,NS,HLE,Blue,Kingen,Ambessa,Ashe,TOP,2,8.0,1.0,False,Loss
2919587,2,NS,HLE,NS,HLE,Blue,Sponge,Pantheon,Pantheon,JGL,3,9.0,1.0,False,Loss
2919587,2,NS,HLE,HLE,NS,Red,Kanavi,Vi,Ziggs,JGL,4,10.0,1.0,True,Win
2919587,2,NS,HLE,HLE,NS,Red,Zeka,Aurora,Pyke,MID,5,11.0,1.0,True,Win
2919587,2,NS,HLE,NS,HLE,Blue,Scout,Ahri,Nautilus,MID,6,12.0,1.0,False,Loss
2919587,2,NS,HLE,NS,HLE,Blue,Diable,Ashe,Ahri,BOT,7,17.0,2.0,False,Loss
2919587,2,NS,HLE,HLE,NS,Red,Gumayusi,Ziggs,Aurora,BOT,8,18.0,2.0,True,Win
2919587,2,NS,HLE,HLE,NS,Red,Delight,Pyke,Sion,SUP,9,19.0,2.0,True,Win
2919587,2,NS,HLE,NS,HLE,Blue,Lehends,Nautilus,Ambessa,SUP,10,20.0,2.0,False,Loss
2919587,3,HLE,NS,NS,HLE,Red,Kingen,Renekton,Jarvan IV,TOP,1,7.0,1.0,False,Loss
2919587,3,HLE,NS,HLE,NS,Blue,Zeus,Gnar,Ryze,TOP,2,8.0,1.0,True,Win
2919587,3,HLE,NS,HLE,NS,Blue,Kanavi,LeeSin,Lee Sin,JGL,3,9.0,1.0,True,Win
2919587,3,HLE,NS,NS,HLE,Red,Sponge,JarvanIV,Yunara,JGL,4,10.0,1.0,False,Loss
2919587,3,HLE,NS,NS,HLE,Red,Scout,TwistedFate,Lulu,MID,5,11.0,1.0,False,Loss
2919587,3,HLE,NS,HLE,NS,Blue,Zeka,Ryze,Gnar,MID,6,12.0,1.0,True,Win
2919587,3,HLE,NS,HLE,NS,Blue,Gumayusi,Corki,Corki,BOT,7,17.0,2.0,True,Win
2919587,3,HLE,NS,NS,HLE,Red,Diable,Yunara,Twisted Fate,BOT,8,18.0,2.0,False,Loss
2919587,3,HLE,NS,NS,HLE,Red,Lehends,Lulu,Renekton,SUP,9,19.0,2.0,False,Loss
2919587,3,HLE,NS,HLE,NS,Blue,Delight,Nami,Nami,SUP,10,20.0,2.0,True,Win
2919588,1,GEN,DNS,DNS,GEN,Red,DuDu,Rumble,Ryze,TOP,1,7.0,1.0,False,Loss
2919588,1,GEN,DNS,GEN,DNS,Blue,Kiin,Ambessa,Bard,TOP,2,8.0,1.0,True,Win
2919588,1,GEN,DNS,GEN,DNS,Blue,Canyon,Skarner,Anivia,JGL,3,9.0,1.0,True,Win
2919588,1,GEN,DNS,DNS,GEN,Red,Pyosik,LeeSin,Lee Sin,JGL,4,10.0,1.0,False,Loss
2919588,1,GEN,DNS,DNS,GEN,Red,Clozer,Ryze,Rumble,MID,5,11.0,1.0,False,Loss
2919588,1,GEN,DNS,GEN,DNS,Blue,Chovy,Anivia,Caitlyn,MID,6,12.0,1.0,True,Win
2919588,1,GEN,DNS,GEN,DNS,Blue,Ruler,Caitlyn,Skarner,BOT,7,17.0,2.0,True,Win
2919588,1,GEN,DNS,DNS,GEN,Red,deokdam,Ashe,Ashe,BOT,8,18.0,2.0,False,Loss
2919588,1,GEN,DNS,DNS,GEN,Red,Peter,Seraphine,Seraphine,SUP,9,19.0,2.0,False,Loss
2919588,1,GEN,DNS,GEN,DNS,Blue,Duro,Bard,Ambessa,SUP,10,20.0,2.0,True,Win
2919588,2,GEN,DNS,DNS,GEN,Red,DuDu,Sion,Wukong,TOP,1,7.0,1.0,False,Loss
2919588,2,GEN,DNS,GEN,DNS,Blue,Kiin,Vayne,Annie,TOP,2,8.0,1.0,True,Win
2919588,2,GEN,DNS,GEN,DNS,Blue,Canyon,Maokai,Lucian,JGL,3,9.0,1.0,True,Win
2919588,2,GEN,DNS,DNS,GEN,Red,Pyosik,MonkeyKing,Sion,JGL,4,10.0,1.0,False,Loss
2919588,2,GEN,DNS,DNS,GEN,Red,Clozer,Akali,Akali,MID,5,11.0,1.0,False,Loss
2919588,2,GEN,DNS,GEN,DNS,Blue,Chovy,Annie,Milio,MID,6,12.0,1.0,True,Win
2919588,2,GEN,DNS,GEN,DNS,Blue,Ruler,Lucian,Vayne,BOT,7,17.0,2.0,True,Win
2919588,2,GEN,DNS,DNS,GEN,Red,deokdam,Corki,Corki,BOT,8,18.0,2.0,False,Loss
2919588,2,GEN,DNS,DNS,GEN,Red,Peter,Nami,Nami,SUP,9,19.0,2.0,False,Loss
2919588,2,GEN,DNS,GEN,DNS,Blue,Duro,Milio,Maokai,SUP,10,20.0,2.0,True,Win
2919589,1,T1,BRO,BRO,T1,Red,Casting,Rumble,Ryze,TOP,1,7.0,1.0,False,Loss
2919589,1,T1,BRO,T1,BRO,Blue,Doran,Sion,Twisted Fate,TOP,2,8.0,1.0,True,Win
2919589,1,T1,BRO,T1,BRO,Blue,Oner,Naafiri,Caitlyn,JGL,3,9.0,1.0,True,Win
2919589,1,T1,BRO,BRO,T1,Red,GIDEON,LeeSin,Lee Sin,JGL,4,10.0,1.0,False,Loss
2919589,1,T1,BRO,BRO,T1,Red,Roamer,Ryze,Rumble,MID,5,11.0,1.0,False,Loss
2919589,1,T1,BRO,T1,BRO,Blue,Faker,TwistedFate,Lux,MID,6,12.0,1.0,True,Win
2919589,1,T1,BRO,T1,BRO,Blue,Peyz,Caitlyn,Sion,BOT,7,17.0,2.0,True,Win
2919589,1,T1,BRO,BRO,T1,Red,Teddy,Jhin,Jhin,BOT,8,18.0,2.0,False,Loss
2919589,1,T1,BRO,BRO,T1,Red,Namgung,Pyke,Pyke,SUP,9,19.0,2.0,False,Loss
2919589,1,T1,BRO,T1,BRO,Blue,Keria,Lux,Naafiri,SUP,10,20.0,2.0,True,Win
2919589,2,T1,BRO,BRO,T1,Red,Casting,Jayce,Lucian,TOP,1,7.0,1.0,False,Loss
2919589,2,T1,BRO,T1,BRO,Blue,Doran,Yorick,Ashe,TOP,2,8.0,1.0,True,Win
2919589,2,T1,BRO,T1,BRO,Blue,Oner,XinZhao,Seraphine,JGL,3,9.0,1.0,True,Win
2919589,2,T1,BRO,BRO,T1,Red,GIDEON,JarvanIV,Milio,JGL,4,10.0,1.0,False,Loss
2919589,2,T1,BRO,BRO,T1,Red,Roamer,Aurora,Jarvan IV,MID,5,11.0,1.0,False,Loss
2919589,2,T1,BRO,T1,BRO,Blue,Faker,Anivia,Xin Zhao,MID,6,12.0,1.0,True,Win
2919589,2,T1,BRO,T1,BRO,Blue,Peyz,Ashe,Anivia,BOT,7,17.0,2.0,True,Win
2919589,2,T1,BRO,BRO,T1,Red,Teddy,Lucian,Jayce,BOT,8,18.0,2.0,False,Loss
2919589,2,T1,BRO,BRO,T1,Red,Namgung,Milio,Aurora,SUP,9,19.0,2.0,False,Loss
2919589,2,T1,BRO,T1,BRO,Blue,Keria,Seraphine,Yorick,SUP,10,20.0,2.0,True,Win
2919590,1,GEN,HLE,HLE,GEN,Red,Zeus,Sion,Jarvan IV,TOP,1,7.0,1.0,True,Win
2919590,1,GEN,HLE,GEN,HLE,Blue,Kiin,Gnar,Karma,TOP,2,8.0,1.0,False,Loss
2919590,1,GEN,HLE,GEN,HLE,Blue,Canyon,Naafiri,Annie,JGL,3,9.0,1.0,False,Loss
2919590,1,GEN,HLE,HLE,GEN,Red,Kanavi,JarvanIV,Caitlyn,JGL,4,10.0,1.0,True,Win
2919590,1,GEN,HLE,HLE,GEN,Red,Zeka,Aurora,Bard,MID,5,11.0,1.0,True,Win
2919590,1,GEN,HLE,GEN,HLE,Blue,Chovy,Annie,Jhin,MID,6,12.0,1.0,False,Loss
2919590,1,GEN,HLE,GEN,HLE,Blue,Ruler,Jhin,Gnar,BOT,7,17.0,2.0,False,Loss
2919590,1,GEN,HLE,HLE,GEN,Red,Gumayusi,Caitlyn,Aurora,BOT,8,18.0,2.0,True,Win
2919590,1,GEN,HLE,HLE,GEN,Red,Delight,Bard,Sion,SUP,9,19.0,2.0,True,Win
2919590,1,GEN,HLE,GEN,HLE,Blue,Duro,Karma,Naafiri,SUP,10,20.0,2.0,False,Loss
2919590,2,GEN,HLE,HLE,GEN,Red,Zeus,Rumble,Ryze,TOP,1,7.0,1.0,False,Loss
2919590,2,GEN,HLE,GEN,HLE,Blue,Kiin,Yorick,Vi,TOP,2,8.0,1.0,True,Win
2919590,2,GEN,HLE,GEN,HLE,Blue,Canyon,Vi,Lucian,JGL,3,9.0,1.0,True,Win
2919590,2,GEN,HLE,HLE,GEN,Red,Kanavi,Trundle,Trundle,JGL,4,10.0,1.0,False,Loss
2919590,2,GEN,HLE,HLE,GEN,Red,Zeka,Ryze,Rumble,MID,5,11.0,1.0,False,Loss
2919590,2,GEN,HLE,GEN,HLE,Blue,Chovy,Ahri,Milio,MID,6,12.0,1.0,True,Win
2919590,2,GEN,HLE,GEN,HLE,Blue,Ruler,Lucian,Yorick,BOT,7,17.0,2.0,True,Win
2919590,2,GEN,HLE,HLE,GEN,Red,Gumayusi,Senna,Senna,BOT,8,18.0,2.0,False,Loss
2919590,2,GEN,HLE,HLE,GEN,Red,Delight,Alistar,Alistar,SUP,9,19.0,2.0,False,Loss
2919590,2,GEN,HLE,GEN,HLE,Blue,Duro,Milio,Ahri,SUP,10,20.0,2.0,True,Win
2919590,3,GEN,HLE,HLE,GEN,Red,Zeus,Renekton,Orianna,TOP,1,7.0,1.0,False,Loss
2919590,3,GEN,HLE,GEN,HLE,Blue,Kiin,Vayne,Lee Sin,TOP,2,8.0,1.0,True,Win
2919590,3,GEN,HLE,GEN,HLE,Blue,Canyon,LeeSin,Galio,JGL,3,9.0,1.0,True,Win
2919590,3,GEN,HLE,HLE,GEN,Red,Kanavi,Pantheon,Pantheon,JGL,4,10.0,1.0,False,Loss
2919590,3,GEN,HLE,HLE,GEN,Red,Zeka,Orianna,Renekton,MID,5,11.0,1.0,False,Loss
2919590,3,GEN,HLE,GEN,HLE,Blue,Chovy,Galio,Vayne,MID,6,12.0,1.0,True,Win
2919590,3,GEN,HLE,GEN,HLE,Blue,Ruler,Sivir,Rakan,BOT,7,17.0,2.0,True,Win
2919590,3,GEN,HLE,HLE,GEN,Red,Gumayusi,Xayah,Nautilus,BOT,8,18.0,2.0,False,Loss
2919590,3,GEN,HLE,HLE,GEN,Red,Delight,Nautilus,Xayah,SUP,9,19.0,2.0,False,Loss
2919590,3,GEN,HLE,GEN,HLE,Blue,Duro,Rakan,Sivir,SUP,10,20.0,2.0,True,Win
2919591,1,BFX,KRX,KRX,BFX,Red,Rich,KSante,Jarvan IV,TOP,1,7.0,1.0,False,Loss
2919591,1,BFX,KRX,BFX,KRX,Blue,Clear,Rumble,Rumble,TOP,2,8.0,1.0,True,Win
2919591,1,BFX,KRX,BFX,KRX,Blue,Raptor,LeeSin,Ryze,JGL,3,9.0,1.0,True,Win
2919591,1,BFX,KRX,KRX,BFX,Red,Willer,JarvanIV,K'Sante,JGL,4,10.0,1.0,False,Loss
2919591,1,BFX,KRX,KRX,BFX,Red,Ucal,Annie,Annie,MID,5,11.0,1.0,False,Loss
2919591,1,BFX,KRX,BFX,KRX,Blue,VicLa,Ryze,Lee Sin,MID,6,12.0,1.0,True,Win
2919591,1,BFX,KRX,BFX,KRX,Blue,Taeyoon,Caitlyn,Caitlyn,BOT,7,17.0,2.0,True,Win
2919591,1,BFX,KRX,KRX,BFX,Red,LazyFeel,MissFortune,Miss Fortune,BOT,8,18.0,2.0,False,Loss
2919591,1,BFX,KRX,KRX,BFX,Red,Andil,Rell,Rell,SUP,9,19.0,2.0,False,Loss
2919591,1,BFX,KRX,BFX,KRX,Blue,Kellin,Lux,Lux,SUP,10,20.0,2.0,True,Win
2919591,2,BFX,KRX,KRX,BFX,Red,Rich,Gnar,Ezreal,TOP,1,7.0,1.0,True,Win
2919591,2,BFX,KRX,BFX,KRX,Blue,Clear,Aurora,Karma,TOP,2,8.0,1.0,False,Loss
2919591,2,BFX,KRX,BFX,KRX,Blue,Raptor,Naafiri,Naafiri,JGL,3,9.0,1.0,False,Loss
2919591,2,BFX,KRX,KRX,BFX,Red,Willer,Pantheon,Bard,JGL,4,10.0,1.0,True,Win
2919591,2,BFX,KRX,KRX,BFX,Red,Ucal,Viktor,Gnar,MID,5,11.0,1.0,True,Win
2919591,2,BFX,KRX,BFX,KRX,Blue,VicLa,Sylas,Jhin,MID,6,12.0,1.0,False,Loss
2919591,2,BFX,KRX,BFX,KRX,Blue,Taeyoon,Jhin,Aurora,BOT,7,17.0,2.0,False,Loss
2919591,2,BFX,KRX,KRX,BFX,Red,LazyFeel,Ezreal,Viktor,BOT,8,18.0,2.0,True,Win
2919591,2,BFX,KRX,KRX,BFX,Red,Andil,Bard,Pantheon,SUP,9,19.0,2.0,True,Win
2919591,2,BFX,KRX,BFX,KRX,Blue,Kellin,Karma,Sylas,SUP,10,20.0,2.0,False,Loss
2919591,3,KRX,BFX,BFX,KRX,Red,Clear,Shen,Lucian,TOP,1,7.0,1.0,True,Win
2919591,3,KRX,BFX,KRX,BFX,Blue,Rich,Renekton,Yunara,TOP,2,8.0,1.0,False,Loss
2919591,3,KRX,BFX,KRX,BFX,Blue,Willer,Jax,Renekton,JGL,3,9.0,1.0,False,Loss
2919591,3,KRX,BFX,BFX,KRX,Red,Raptor,XinZhao,Milio,JGL,4,10.0,1.0,True,Win
2919591,3,KRX,BFX,BFX,KRX,Red,VicLa,Ahri,Xin Zhao,MID,5,11.0,1.0,True,Win
2919591,3,KRX,BFX,KRX,BFX,Blue,Ucal,Mel,Lulu,MID,6,12.0,1.0,False,Loss
2919591,3,KRX,BFX,KRX,BFX,Blue,LazyFeel,Yunara,Jax,BOT,7,17.0,2.0,False,Loss
2919591,3,KRX,BFX,BFX,KRX,Red,Taeyoon,Lucian,Ahri,BOT,8,18.0,2.0,True,Win
2919591,3,KRX,BFX,BFX,KRX,Red,Kellin,Milio,Shen,SUP,9,19.0,2.0,True,Win
2919591,3,KRX,BFX,KRX,BFX,Blue,Andil,Lulu,Mel,SUP,10,20.0,2.0,False,Loss
2925595,1,TTS,ATA,TTS,ATA,Blue,Lerax,Sion,Anivia,TOP,1,7.0,1.0,False,Loss
2925595,1,TTS,ATA,ATA,TTS,Red,Strava,Zaahen,Ryze,TOP,2,8.0,1.0,True,Win
2925595,1,TTS,ATA,ATA,TTS,Red,naau,Vi,Bard,JGL,3,9.0,1.0,True,Win
2925595,1,TTS,ATA,TTS,ATA,Blue,Lesranct,DrMundo,Varus,JGL,4,10.0,1.0,False,Loss
2925595,1,TTS,ATA,TTS,ATA,Blue,Dashkai,Anivia,Rakan,MID,5,11.0,1.0,False,Loss
2925595,1,TTS,ATA,ATA,TTS,Red,Alvanai,Ryze,Jhin,MID,6,12.0,1.0,True,Win
2925595,1,TTS,ATA,ATA,TTS,Red,Pericolo,Jhin,Zaahen,BOT,7,17.0,2.0,True,Win
2925595,1,TTS,ATA,TTS,ATA,Blue,RaptoSauros,Varus,Sion,BOT,8,18.0,2.0,False,Loss
2925595,1,TTS,ATA,TTS,ATA,Blue,Bubba,Rakan,Dr. Mundo,SUP,9,19.0,2.0,False,Loss
2925595,1,TTS,ATA,ATA,TTS,Red,ErPirotBlue,Bard,Vi,SUP,10,20.0,2.0,True,Win
2925595,2,TTS,ATA,TTS,ATA,Blue,Lerax,Shen,Ezreal,TOP,1,7.0,1.0,False,Loss
2925595,2,TTS,ATA,ATA,TTS,Red,Strava,Renekton,Neeko,TOP,2,8.0,1.0,True,Win
2925595,2,TTS,ATA,ATA,TTS,Red,naau,MonkeyKing,Kai'Sa,JGL,3,9.0,1.0,True,Win
2925595,2,TTS,ATA,TTS,ATA,Blue,Lesranct,XinZhao,Aurora,JGL,4,10.0,1.0,False,Loss
2925595,2,TTS,ATA,TTS,ATA,Blue,Dashkai,Aurora,Alistar,MID,5,11.0,1.0,False,Loss
2925595,2,TTS,ATA,ATA,TTS,Red,Alvanai,Ahri,Ahri,MID,6,12.0,1.0,True,Win
2925595,2,TTS,ATA,ATA,TTS,Red,Pericolo,Kaisa,Wukong,BOT,7,17.0,2.0,True,Win
2925595,2,TTS,ATA,TTS,ATA,Blue,RaptoSauros,Ezreal,Xin Zhao,BOT,8,18.0,2.0,False,Loss
2925595,2,TTS,ATA,TTS,ATA,Blue,Bubba,Alistar,Shen,SUP,9,19.0,2.0,False,Loss
2925595,2,TTS,ATA,ATA,TTS,Red,ErPirotBlue,Neeko,Renekton,SUP,10,20.0,2.0,True,Win
2925595,3,TTS,ATA,TTS,ATA,Blue,Lerax,Ambessa,Ambessa,TOP,1,7.0,1.0,False,Loss
2925595,3,TTS,ATA,ATA,TTS,Red,Strava,Ornn,Yunara,TOP,2,8.0,1.0,True,Win
2925595,3,TTS,ATA,ATA,TTS,Red,naau,Aatrox,Aatrox,JGL,3,9.0,1.0,True,Win
2925595,3,TTS,ATA,TTS,ATA,Blue,Lesranct,JarvanIV,Aphelios,JGL,4,10.0,1.0,False,Loss
2925595,3,TTS,ATA,TTS,ATA,Blue,Dashkai,Hwei,Lulu,MID,5,11.0,1.0,False,Loss
2925595,3,TTS,ATA,ATA,TTS,Red,Alvanai,Annie,Pyke,MID,6,12.0,1.0,True,Win
2925595,3,TTS,ATA,ATA,TTS,Red,Pericolo,Yunara,Annie,BOT,7,17.0,2.0,True,Win
2925595,3,TTS,ATA,TTS,ATA,Blue,RaptoSauros,Aphelios,Hwei,BOT,8,18.0,2.0,False,Loss
2925595,3,TTS,ATA,TTS,ATA,Blue,Bubba,Lulu,Jarvan IV,SUP,9,19.0,2.0,False,Loss
2925595,3,TTS,ATA,ATA,TTS,Red,ErPirotBlue,Pyke,Ornn,SUP,10,20.0,2.0,True,Win
2925596,1,ZENA,ATA,ZENA,ATA,Blue,Raffy,Ambessa,Bard,TOP,1,7.0,1.0,True,Win
2925596,1,ZENA,ATA,ATA,ZENA,Red,Strava,Ornn,Neeko,TOP,2,8.0,1.0,False,Loss
2925596,1,ZENA,ATA,ATA,ZENA,Red,naau,Vi,Vi,JGL,3,9.0,1.0,False,Loss
2925596,1,ZENA,ATA,ZENA,ATA,Blue,Jekko,JarvanIV,Jarvan IV,JGL,4,10.0,1.0,True,Win
2925596,1,ZENA,ATA,ZENA,ATA,Blue,MeMo1,Anivia,Ezreal,MID,5,11.0,1.0,True,Win
2925596,1,ZENA,ATA,ATA,ZENA,Red,Alvanai,Ahri,Kai'Sa,MID,6,12.0,1.0,False,Loss
2925596,1,ZENA,ATA,ATA,ZENA,Red,Pericolo,Kaisa,Ornn,BOT,7,17.0,2.0,False,Loss
2925596,1,ZENA,ATA,ZENA,ATA,Blue,ilyy,Ezreal,Anivia,BOT,8,18.0,2.0,True,Win
2925596,1,ZENA,ATA,ZENA,ATA,Blue,OrthoZero,Bard,Ambessa,SUP,9,19.0,2.0,True,Win
2925596,1,ZENA,ATA,ATA,ZENA,Red,ErPirotBlue,Neeko,Ahri,SUP,10,20.0,2.0,False,Loss
2925596,2,ATA,ZENA,ATA,ZENA,Blue,Strava,DrMundo,Seraphine,TOP,1,7.0,1.0,False,Loss
2925596,2,ATA,ZENA,ZENA,ATA,Red,Raffy,Sion,Lucian,TOP,2,8.0,1.0,True,Win
2925596,2,ATA,ZENA,ZENA,ATA,Red,Jekko,MonkeyKing,Nami,JGL,3,9.0,1.0,True,Win
2925596,2,ATA,ZENA,ATA,ZENA,Blue,naau,XinZhao,Xin Zhao,JGL,4,10.0,1.0,False,Loss
2925596,2,ATA,ZENA,ATA,ZENA,Blue,Alvanai,Viktor,Ashe,MID,5,11.0,1.0,False,Loss
2925596,2,ATA,ZENA,ZENA,ATA,Red,MeMo1,Hwei,Wukong,MID,6,12.0,1.0,True,Win
2925596,2,ATA,ZENA,ZENA,ATA,Red,ilyy,Lucian,Sion,BOT,7,17.0,2.0,True,Win
2925596,2,ATA,ZENA,ATA,ZENA,Blue,Pericolo,Ashe,Dr. Mundo,BOT,8,18.0,2.0,False,Loss
2925596,2,ATA,ZENA,ATA,ZENA,Blue,ErPirotBlue,Seraphine,Viktor,SUP,9,19.0,2.0,False,Loss
2925596,2,ATA,ZENA,ZENA,ATA,Red,OrthoZero,Nami,Hwei,SUP,10,20.0,2.0,True,Win
2925596,3,ATA,ZENA,ATA,ZENA,Blue,Strava,Jax,Nautilus,TOP,1,7.0,1.0,False,Loss
2925596,3,ATA,ZENA,ZENA,ATA,Red,Raffy,Gwen,Lulu,TOP,2,8.0,1.0,True,Win
2925596,3,ATA,ZENA,ZENA,ATA,Red,Jekko,Sejuani,Aurora,JGL,3,9.0,1.0,True,Win
2925596,3,ATA,ZENA,ATA,ZENA,Blue,naau,Viego,Miss Fortune,JGL,4,10.0,1.0,False,Loss
2925596,3,ATA,ZENA,ATA,ZENA,Blue,Alvanai,Leblanc,LeBlanc,MID,5,11.0,1.0,False,Loss
2925596,3,ATA,ZENA,ZENA,ATA,Red,MeMo1,Aurora,Yunara,MID,6,12.0,1.0,True,Win
2925596,3,ATA,ZENA,ZENA,ATA,Red,ilyy,Yunara,Sejuani,BOT,7,17.0,2.0,True,Win
2925596,3,ATA,ZENA,ATA,ZENA,Blue,Pericolo,MissFortune,Viego,BOT,8,18.0,2.0,False,Loss
2925596,3,ATA,ZENA,ATA,ZENA,Blue,ErPirotBlue,Nautilus,Jax,SUP,9,19.0,2.0,False,Loss
2925596,3,ATA,ZENA,ZENA,ATA,Red,OrthoZero,Lulu,Gwen,SUP,10,20.0,2.0,True,Win
2925598,1,HMB,CG,HMB,CG,Blue,APP,Gwen,Lee Sin,TOP,1,7.0,1.0,True,Win
2925598,1,HMB,CG,CG,HMB,Red,Iobellan,KSante,Jarvan IV,TOP,2,8.0,1.0,False,Loss
2925598,1,HMB,CG,CG,HMB,Red,Fragola,JarvanIV,Corki,JGL,3,9.0,1.0,False,Loss
2925598,1,HMB,CG,HMB,CG,Blue,adi1,LeeSin,Lucian,JGL,4,10.0,1.0,True,Win
2925598,1,HMB,CG,HMB,CG,Blue,Vigil,Ryze,Milio,MID,5,11.0,1.0,True,Win
2925598,1,HMB,CG,CG,HMB,Red,Sharon,Leblanc,Nami,MID,6,12.0,1.0,False,Loss
2925598,1,HMB,CG,CG,HMB,Red,PiskHeLLo,Corki,K'Sante,BOT,7,17.0,2.0,False,Loss
2925598,1,HMB,CG,HMB,CG,Blue,Tyrone,Lucian,Ryze,BOT,8,18.0,2.0,True,Win
2925598,1,HMB,CG,HMB,CG,Blue,Click,Milio,Gwen,SUP,9,19.0,2.0,True,Win
2925598,1,HMB,CG,CG,HMB,Red,Nash,Nami,LeBlanc,SUP,10,20.0,2.0,False,Loss
2925598,2,HMB,CG,HMB,CG,Blue,APP,Vayne,Ezreal,TOP,1,7.0,1.0,True,Win
2925598,2,HMB,CG,CG,HMB,Red,Iobellan,Gnar,Smolder,TOP,2,8.0,1.0,False,Loss
2925598,2,HMB,CG,CG,HMB,Red,Fragola,Kayn,Karma,JGL,3,9.0,1.0,False,Loss
2925598,2,HMB,CG,HMB,CG,Blue,adi1,Nocturne,Nocturne,JGL,4,10.0,1.0,True,Win
2925598,2,HMB,CG,HMB,CG,Blue,Vigil,TwistedFate,Neeko,MID,5,11.0,1.0,True,Win
2925598,2,HMB,CG,CG,HMB,Red,Sharon,Ahri,Ahri,MID,6,12.0,1.0,False,Loss
2925598,2,HMB,CG,CG,HMB,Red,PiskHeLLo,Smolder,Gnar,BOT,7,17.0,2.0,False,Loss
2925598,2,HMB,CG,HMB,CG,Blue,Tyrone,Ezreal,Vayne,BOT,8,18.0,2.0,True,Win
2925598,2,HMB,CG,HMB,CG,Blue,Click,Neeko,Twisted Fate,SUP,9,19.0,2.0,True,Win
2925598,2,HMB,CG,CG,HMB,Red,Nash,Karma,Kayn,SUP,10,20.0,2.0,False,Loss
2925598,3,HMB,CG,HMB,CG,Blue,APP,Jayce,Jayce,TOP,1,7.0,1.0,True,Win
2925598,3,HMB,CG,CG,HMB,Red,Iobellan,Yorick,Kai'Sa,TOP,2,8.0,1.0,False,Loss
2925598,3,HMB,CG,CG,HMB,Red,Yesu,Zaahen,Zaahen,JGL,3,9.0,1.0,False,Loss
2925598,3,HMB,CG,HMB,CG,Blue,adi1,Poppy,Kalista,JGL,4,10.0,1.0,True,Win
2925598,3,HMB,CG,HMB,CG,Blue,Vigil,Cassiopeia,Renata Glasc,MID,5,11.0,1.0,True,Win
2925598,3,HMB,CG,CG,HMB,Red,Sharon,Aurora,Rell,MID,6,12.0,1.0,False,Loss
2925598,3,HMB,CG,CG,HMB,Red,PiskHeLLo,Kaisa,Aurora,BOT,7,17.0,2.0,False,Loss
2925598,3,HMB,CG,HMB,CG,Blue,Tyrone,Kalista,Poppy,BOT,8,18.0,2.0,True,Win
2925598,3,HMB,CG,HMB,CG,Blue,Click,Renata,Cassiopeia,SUP,9,19.0,2.0,True,Win
2925598,3,HMB,CG,CG,HMB,Red,Nash,Rell,Yorick,SUP,10,20.0,2.0,False,Loss
2925601,1,GMB,ZENA,GMB,ZENA,Blue,SkaR,Renekton,Ezreal,TOP,1,7.0,1.0,False,Loss
2925601,1,GMB,ZENA,ZENA,GMB,Red,Raffy,Gwen,Nocturne,TOP,2,8.0,1.0,True,Win
2925601,1,GMB,ZENA,ZENA,GMB,Red,Jekko,Nocturne,Ashe,JGL,3,9.0,1.0,True,Win
2925601,1,GMB,ZENA,GMB,ZENA,Blue,Mario,XinZhao,Xin Zhao,JGL,4,10.0,1.0,False,Loss
2925601,1,GMB,ZENA,GMB,ZENA,Blue,DejaVu,Aurora,Nautilus,MID,5,11.0,1.0,False,Loss
2925601,1,GMB,ZENA,ZENA,GMB,Red,MeMo1,Galio,Seraphine,MID,6,12.0,1.0,True,Win
2925601,1,GMB,ZENA,ZENA,GMB,Red,ilyy,Ashe,Gwen,BOT,7,17.0,2.0,True,Win
2925601,1,GMB,ZENA,GMB,ZENA,Blue,Rharesh,Ezreal,Aurora,BOT,8,18.0,2.0,False,Loss
2925601,1,GMB,ZENA,GMB,ZENA,Blue,Shredder,Nautilus,Renekton,SUP,9,19.0,2.0,False,Loss
2925601,1,GMB,ZENA,ZENA,GMB,Red,OrthoZero,Seraphine,Galio,SUP,10,20.0,2.0,True,Win
2925601,2,GMB,ZENA,GMB,ZENA,Blue,SkaR,Rumble,Yunara,TOP,1,7.0,1.0,True,Win
2925601,2,GMB,ZENA,ZENA,GMB,Red,Raffy,Aatrox,Pantheon,TOP,2,8.0,1.0,False,Loss
2925601,2,GMB,ZENA,ZENA,GMB,Red,Jekko,Pantheon,Lucian,JGL,3,9.0,1.0,False,Loss
2925601,2,GMB,ZENA,GMB,ZENA,Blue,Mario,Vi,Vi,JGL,4,10.0,1.0,True,Win
2925601,2,GMB,ZENA,GMB,ZENA,Blue,DejaVu,Ryze,Lulu,MID,5,11.0,1.0,True,Win
2925601,2,GMB,ZENA,ZENA,GMB,Red,MeMo1,Viktor,Milio,MID,6,12.0,1.0,False,Loss
2925601,2,GMB,ZENA,ZENA,GMB,Red,ilyy,Lucian,Aatrox,BOT,7,17.0,2.0,False,Loss
2925601,2,GMB,ZENA,GMB,ZENA,Blue,Rharesh,Yunara,Rumble,BOT,8,18.0,2.0,True,Win
2925601,2,GMB,ZENA,GMB,ZENA,Blue,Shredder,Lulu,Ryze,SUP,9,19.0,2.0,True,Win
2925601,2,GMB,ZENA,ZENA,GMB,Red,OrthoZero,Milio,Viktor,SUP,10,20.0,2.0,False,Loss
2925601,3,ZENA,GMB,ZENA,GMB,Blue,Raffy,Ambessa,Wukong,TOP,1,7.0,1.0,True,Win
2925601,3,ZENA,GMB,GMB,ZENA,Red,SkaR,KSante,Varus,TOP,2,8.0,1.0,False,Loss
2925601,3,ZENA,GMB,GMB,ZENA,Red,Mario,JarvanIV,Jarvan IV,JGL,3,9.0,1.0,False,Loss
2925601,3,ZENA,GMB,ZENA,GMB,Blue,Jekko,MonkeyKing,Bard,JGL,4,10.0,1.0,True,Win
2925601,3,ZENA,GMB,ZENA,GMB,Blue,MeMo1,Akali,Sivir,MID,5,11.0,1.0,True,Win
2925601,3,ZENA,GMB,GMB,ZENA,Red,DejaVu,Malzahar,Rell,MID,6,12.0,1.0,False,Loss
2925601,3,ZENA,GMB,GMB,ZENA,Red,Rharesh,Varus,Malzahar,BOT,7,17.0,2.0,False,Loss
2925601,3,ZENA,GMB,ZENA,GMB,Blue,ilyy,Sivir,Akali,BOT,8,18.0,2.0,True,Win
2925601,3,ZENA,GMB,ZENA,GMB,Blue,OrthoZero,Bard,Ambessa,SUP,9,19.0,2.0,True,Win
2925601,3,ZENA,GMB,GMB,ZENA,Red,Shredder,Rell,K'Sante,SUP,10,20.0,2.0,False,Loss
2925601,4,GMB,ZENA,GMB,ZENA,Blue,SkaR,Yorick,Corki,TOP,1,7.0,1.0,True,Win
2925601,4,GMB,ZENA,ZENA,GMB,Red,Raffy,Gnar,Karma,TOP,2,8.0,1.0,False,Loss
2925601,4,GMB,ZENA,ZENA,GMB,Red,Jekko,LeeSin,Jhin,JGL,3,9.0,1.0,False,Loss
2925601,4,GMB,ZENA,GMB,ZENA,Blue,Mario,Skarner,Nami,JGL,4,10.0,1.0,True,Win
2925601,4,GMB,ZENA,GMB,ZENA,Blue,DejaVu,Anivia,Skarner,MID,5,11.0,1.0,True,Win
2925601,4,GMB,ZENA,ZENA,GMB,Red,MeMo1,Ahri,Lee Sin,MID,6,12.0,1.0,False,Loss
2925601,4,GMB,ZENA,ZENA,GMB,Red,ilyy,Jhin,Ahri,BOT,7,17.0,2.0,False,Loss
2925601,4,GMB,ZENA,GMB,ZENA,Blue,Rharesh,Corki,Anivia,BOT,8,18.0,2.0,True,Win
2925601,4,GMB,ZENA,GMB,ZENA,Blue,Shredder,Nami,Yorick,SUP,9,19.0,2.0,True,Win
2925601,4,GMB,ZENA,ZENA,GMB,Red,OrthoZero,Karma,Gnar,SUP,10,20.0,2.0,False,Loss
2925601,5,ZENA,GMB,ZENA,GMB,Blue,Raffy,DrMundo,Neeko,TOP,1,7.0,1.0,False,Loss
2925601,5,ZENA,GMB,GMB,ZENA,Red,SkaR,Sion,Sion,TOP,2,8.0,1.0,True,Win
2925601,5,ZENA,GMB,GMB,ZENA,Red,Mario,Trundle,Trundle,JGL,3,9.0,1.0,True,Win
2925601,5,ZENA,GMB,ZENA,GMB,Blue,Jekko,Graves,Dr. Mundo,JGL,4,10.0,1.0,False,Loss
2925601,5,ZENA,GMB,ZENA,GMB,Blue,MeMo1,Neeko,Graves,MID,5,11.0,1.0,False,Loss
2925601,5,ZENA,GMB,GMB,ZENA,Red,DejaVu,Syndra,Syndra,MID,6,12.0,1.0,True,Win
2925601,5,ZENA,GMB,GMB,ZENA,Red,Rharesh,Xayah,Xayah,BOT,7,17.0,2.0,True,Win
2925601,5,ZENA,GMB,ZENA,GMB,Blue,ilyy,Kaisa,Kai'Sa,BOT,8,18.0,2.0,False,Loss
2925601,5,ZENA,GMB,ZENA,GMB,Blue,OrthoZero,Leona,Leona,SUP,9,19.0,2.0,False,Loss
2925601,5,ZENA,GMB,GMB,ZENA,Red,Shredder,Alistar,Alistar,SUP,10,20.0,2.0,True,Win
2925603,1,EKO,GMB,EKO,GMB,Blue,TheMountain,KSante,Smolder,TOP,1,7.0,1.0,False,Loss
2925603,1,EKO,GMB,GMB,EKO,Red,SkaR,Sion,Sion,TOP,2,8.0,1.0,True,Win
2925603,1,EKO,GMB,GMB,EKO,Red,Mario,Nocturne,Orianna,JGL,3,9.0,1.0,True,Win
2925603,1,EKO,GMB,EKO,GMB,Blue,Izo,LeeSin,K'Sante,JGL,4,10.0,1.0,False,Loss
2925603,1,EKO,GMB,EKO,GMB,Blue,Lukee,Ryze,Ryze,MID,5,11.0,1.0,False,Loss
2925603,1,EKO,GMB,GMB,EKO,Red,DejaVu,Orianna,Nocturne,MID,6,12.0,1.0,True,Win
2925603,1,EKO,GMB,GMB,EKO,Red,Rharesh,Lucian,Lucian,BOT,7,17.0,2.0,True,Win
2925603,1,EKO,GMB,EKO,GMB,Blue,Alessio,Smolder,Lee Sin,BOT,8,18.0,2.0,False,Loss
2925603,1,EKO,GMB,EKO,GMB,Blue,Corri,Nautilus,Nautilus,SUP,9,19.0,2.0,False,Loss
2925603,1,EKO,GMB,GMB,EKO,Red,Shredder,Milio,Milio,SUP,10,20.0,2.0,True,Win
2925603,2,EKO,GMB,EKO,GMB,Blue,TheMountain,Swain,Ezreal,TOP,1,7.0,1.0,False,Loss
2925603,2,EKO,GMB,GMB,EKO,Red,SkaR,Ornn,Xin Zhao,TOP,2,8.0,1.0,True,Win
2925603,2,EKO,GMB,GMB,EKO,Red,Mario,XinZhao,Kai'Sa,JGL,3,9.0,1.0,True,Win
2925603,2,EKO,GMB,EKO,GMB,Blue,Izo,Trundle,Karma,JGL,4,10.0,1.0,False,Loss
2925603,2,EKO,GMB,EKO,GMB,Blue,Lukee,Hwei,Hwei,MID,5,11.0,1.0,False,Loss
2925603,2,EKO,GMB,GMB,EKO,Red,DejaVu,Mel,Rell,MID,6,12.0,1.0,True,Win
2925603,2,EKO,GMB,GMB,EKO,Red,Rharesh,Kaisa,Mel,BOT,7,17.0,2.0,True,Win
2925603,2,EKO,GMB,EKO,GMB,Blue,Alessio,Ezreal,Trundle,BOT,8,18.0,2.0,False,Loss
2925603,2,EKO,GMB,EKO,GMB,Blue,Corri,Karma,Swain,SUP,9,19.0,2.0,False,Loss
2925603,2,EKO,GMB,GMB,EKO,Red,Shredder,Rell,Ornn,SUP,10,20.0,2.0,True,Win
2925603,3,EKO,GMB,EKO,GMB,Blue,TheMountain,Yorick,Corki,TOP,1,7.0,1.0,False,Loss
2925603,3,EKO,GMB,GMB,EKO,Red,SkaR,Shyvana,Jarvan IV,TOP,2,8.0,1.0,True,Win
2925603,3,EKO,GMB,GMB,EKO,Red,Mario,JarvanIV,Senna,JGL,3,9.0,1.0,True,Win
2925603,3,EKO,GMB,EKO,GMB,Blue,Izo,Naafiri,Nami,JGL,4,10.0,1.0,False,Loss
2925603,3,EKO,GMB,EKO,GMB,Blue,Lukee,Syndra,Naafiri,MID,5,11.0,1.0,False,Loss
2925603,3,EKO,GMB,GMB,EKO,Red,DejaVu,Akali,Leona,MID,6,12.0,1.0,True,Win
2925603,3,EKO,GMB,GMB,EKO,Red,Rharesh,Senna,Akali,BOT,7,17.0,2.0,True,Win
2925603,3,EKO,GMB,EKO,GMB,Blue,Alessio,Corki,Syndra,BOT,8,18.0,2.0,False,Loss
2925603,3,EKO,GMB,EKO,GMB,Blue,Corri,Nami,Yorick,SUP,9,19.0,2.0,False,Loss
2925603,3,EKO,GMB,GMB,EKO,Red,Shredder,Leona,Shyvana,SUP,10,20.0,2.0,True,Win
2925622,1,CG,GMB,CG,GMB,Blue,Iobellan,Malphite,Malphite,TOP,1,7.0,1.0,True,Win
2925622,1,CG,GMB,GMB,CG,Red,SkaR,Gnar,Xin Zhao,TOP,2,8.0,1.0,False,Loss
2925622,1,CG,GMB,GMB,CG,Red,Mario,XinZhao,LeBlanc,JGL,3,9.0,1.0,False,Loss
2925622,1,CG,GMB,CG,GMB,Blue,Fragola,Nocturne,Nocturne,JGL,4,10.0,1.0,True,Win
2925622,1,CG,GMB,CG,GMB,Blue,Sharon,Orianna,Orianna,MID,5,11.0,1.0,True,Win
2925622,1,CG,GMB,GMB,CG,Red,DejaVu,Leblanc,Xayah,MID,6,12.0,1.0,False,Loss
2925622,1,CG,GMB,GMB,CG,Red,Rharesh,Xayah,Alistar,BOT,7,17.0,2.0,False,Loss
2925622,1,CG,GMB,CG,GMB,Blue,PiskHeLLo,Kaisa,Kai'Sa,BOT,8,18.0,2.0,True,Win
2925622,1,CG,GMB,CG,GMB,Blue,Nash,Rell,Rell,SUP,9,19.0,2.0,True,Win
2925622,1,CG,GMB,GMB,CG,Red,Shredder,Alistar,Gnar,SUP,10,20.0,2.0,False,Loss
2925622,2,CG,GMB,CG,GMB,Blue,Iobellan,Gragas,Jarvan IV,TOP,1,7.0,1.0,False,Loss
2925622,2,CG,GMB,GMB,CG,Red,SkaR,Shyvana,Lucian,TOP,2,8.0,1.0,True,Win
2925622,2,CG,GMB,GMB,CG,Red,Mario,MonkeyKing,Milio,JGL,3,9.0,1.0,True,Win
2925622,2,CG,GMB,CG,GMB,Blue,Fragola,JarvanIV,Varus,JGL,4,10.0,1.0,False,Loss
2925622,2,CG,GMB,CG,GMB,Blue,Sharon,Viktor,Nautilus,MID,5,11.0,1.0,False,Loss
2925622,2,CG,GMB,GMB,CG,Red,DejaVu,Syndra,Wukong,MID,6,12.0,1.0,True,Win
2925622,2,CG,GMB,GMB,CG,Red,Rharesh,Lucian,Syndra,BOT,7,17.0,2.0,True,Win
2925622,2,CG,GMB,CG,GMB,Blue,PiskHeLLo,Varus,Gragas,BOT,8,18.0,2.0,False,Loss
2925622,2,CG,GMB,CG,GMB,Blue,Nash,Nautilus,Viktor,SUP,9,19.0,2.0,False,Loss
2925622,2,CG,GMB,GMB,CG,Red,Shredder,Milio,Shyvana,SUP,10,20.0,2.0,True,Win
2925622,3,CG,GMB,CG,GMB,Blue,Iobellan,KSante,Ashe,TOP,1,7.0,1.0,False,Loss
2925622,3,CG,GMB,GMB,CG,Red,SkaR,Jayce,Corki,TOP,2,8.0,1.0,True,Win
2925622,3,CG,GMB,GMB,CG,Red,Mario,Vi,Leona,JGL,3,9.0,1.0,True,Win
2925622,3,CG,GMB,CG,GMB,Blue,Fragola,Morgana,Nami,JGL,4,10.0,1.0,False,Loss
2925622,3,CG,GMB,CG,GMB,Blue,Sharon,Naafiri,Morgana,MID,5,11.0,1.0,False,Loss
2925622,3,CG,GMB,GMB,CG,Red,DejaVu,Aurora,Vi,MID,6,12.0,1.0,True,Win
2925622,3,CG,GMB,GMB,CG,Red,Rharesh,Corki,Jayce,BOT,7,17.0,2.0,True,Win
2925622,3,CG,GMB,CG,GMB,Blue,PiskHeLLo,Ashe,K'Sante,BOT,8,18.0,2.0,False,Loss
2925622,3,CG,GMB,CG,GMB,Blue,Nash,Nami,Naafiri,SUP,9,19.0,2.0,False,Loss
2925622,3,CG,GMB,GMB,CG,Red,Shredder,Leona,Aurora,SUP,10,20.0,2.0,True,Win
2925622,4,CG,GMB,CG,GMB,Blue,Iobellan,DrMundo,Yunara,TOP,1,7.0,1.0,True,Win
2925622,4,CG,GMB,GMB,CG,Red,SkaR,Renekton,Smolder,TOP,2,8.0,1.0,False,Loss
2925622,4,CG,GMB,GMB,CG,Red,Mario,Skarner,Bard,JGL,3,9.0,1.0,False,Loss
2925622,4,CG,GMB,CG,GMB,Blue,Fragola,Brand,Lulu,JGL,4,10.0,1.0,True,Win
2925622,4,CG,GMB,CG,GMB,Blue,Sharon,Ahri,Ahri,MID,5,11.0,1.0,True,Win
2925622,4,CG,GMB,GMB,CG,Red,DejaVu,Anivia,Anivia,MID,6,12.0,1.0,False,Loss
2925622,4,CG,GMB,GMB,CG,Red,Rharesh,Smolder,Skarner,BOT,7,17.0,2.0,False,Loss
2925622,4,CG,GMB,CG,GMB,Blue,PiskHeLLo,Yunara,Dr. Mundo,BOT,8,18.0,2.0,True,Win
2925622,4,CG,GMB,CG,GMB,Blue,Nash,Lulu,Brand,SUP,9,19.0,2.0,True,Win
2925622,4,CG,GMB,GMB,CG,Red,Shredder,Bard,Renekton,SUP,10,20.0,2.0,False,Loss
2925622,5,GMB,CG,GMB,CG,Blue,SkaR,Vayne,Trundle,TOP,1,7.0,1.0,True,Win
2925622,5,GMB,CG,CG,GMB,Red,Iobellan,Darius,Karma,TOP,2,8.0,1.0,False,Loss
2925622,5,GMB,CG,CG,GMB,Red,Fragola,Lillia,Lillia,JGL,3,9.0,1.0,False,Loss
2925622,5,GMB,CG,GMB,CG,Blue,Mario,Trundle,Sivir,JGL,4,10.0,1.0,True,Win
2925622,5,GMB,CG,GMB,CG,Blue,DejaVu,Ryze,Rakan,MID,5,11.0,1.0,True,Win
2925622,5,GMB,CG,CG,GMB,Red,Sharon,Veigar,Miss Fortune,MID,6,12.0,1.0,False,Loss
2925622,5,GMB,CG,CG,GMB,Red,PiskHeLLo,MissFortune,Veigar,BOT,7,17.0,2.0,False,Loss
2925622,5,GMB,CG,GMB,CG,Blue,Rharesh,Sivir,Ryze,BOT,8,18.0,2.0,True,Win
2925622,5,GMB,CG,GMB,CG,Blue,Shredder,Rakan,Vayne,SUP,9,19.0,2.0,True,Win
2925622,5,GMB,CG,CG,GMB,Red,Nash,Karma,Darius,SUP,10,20.0,2.0,False,Loss
2906943,1,MISA,BIG,BIG,MISA,Red,Irrelevant,KSante,Jarvan IV,TOP,1,7.0,1.0,False,Loss
2906943,1,MISA,BIG,MISA,BIG,Blue,Ragner,Ambessa,Azir,TOP,2,8.0,1.0,True,Win
2906943,1,MISA,BIG,MISA,BIG,Blue,113,XinZhao,Yunara,JGL,3,9.0,1.0,True,Win
2906943,1,MISA,BIG,BIG,MISA,Red,Habubu,JarvanIV,Lulu,JGL,4,10.0,1.0,False,Loss
2906943,1,MISA,BIG,BIG,MISA,Red,Reeker,KogMaw,Kog'Maw,MID,5,11.0,1.0,False,Loss
2906943,1,MISA,BIG,MISA,BIG,Blue,SlowQ,Azir,Nautilus,MID,6,12.0,1.0,True,Win
2906943,1,MISA,BIG,MISA,BIG,Blue,Hype,Yunara,Xin Zhao,BOT,7,17.0,2.0,True,Win
2906943,1,MISA,BIG,BIG,MISA,Red,FUN k3y,Sivir,K'Sante,BOT,8,18.0,2.0,False,Loss
2906943,1,MISA,BIG,BIG,MISA,Red,Kaiser,Lulu,Sivir,SUP,9,19.0,2.0,False,Loss
2906943,1,MISA,BIG,MISA,BIG,Blue,Stend,Nautilus,Ambessa,SUP,10,20.0,2.0,True,Win
2906943,2,MISA,BIG,BIG,MISA,Red,Irrelevant,Renekton,Qiyana,TOP,1,7.0,1.0,False,Loss
2906943,2,MISA,BIG,MISA,BIG,Blue,Ragner,Ornn,Ryze,TOP,2,8.0,1.0,True,Win
2906943,2,MISA,BIG,MISA,BIG,Blue,113,DrMundo,Nami,JGL,3,9.0,1.0,True,Win
2906943,2,MISA,BIG,BIG,MISA,Red,Habubu,Qiyana,Anivia,JGL,4,10.0,1.0,False,Loss
2906943,2,MISA,BIG,BIG,MISA,Red,Reeker,Anivia,Renekton,MID,5,11.0,1.0,False,Loss
2906943,2,MISA,BIG,MISA,BIG,Blue,SlowQ,Ryze,Lucian,MID,6,12.0,1.0,True,Win
2906943,2,MISA,BIG,MISA,BIG,Blue,Hype,Lucian,Dr. Mundo,BOT,7,17.0,2.0,True,Win
2906943,2,MISA,BIG,BIG,MISA,Red,FUN k3y,Varus,Varus,BOT,8,18.0,2.0,False,Loss
2906943,2,MISA,BIG,BIG,MISA,Red,Kaiser,Alistar,Alistar,SUP,9,19.0,2.0,False,Loss
2906943,2,MISA,BIG,MISA,BIG,Blue,Stend,Nami,Ornn,SUP,10,20.0,2.0,True,Win
2906952,1,BW,UCAM,UCAM,BW,Red,Kozi,Gnar,Ryze,TOP,1,7.0,1.0,True,Win
2906952,1,BW,UCAM,BW,UCAM,Blue,StarScreen,Kennen,Yunara,TOP,2,8.0,1.0,False,Loss
2906952,1,BW,UCAM,BW,UCAM,Blue,Elramir,XinZhao,Taliyah,JGL,3,9.0,1.0,False,Loss
2906952,1,BW,UCAM,UCAM,BW,Red,bluerzor,Nocturne,Gnar,JGL,4,10.0,1.0,True,Win
2906952,1,BW,UCAM,UCAM,BW,Red,ESCIK,Ryze,Nocturne,MID,5,11.0,1.0,True,Win
2906952,1,BW,UCAM,BW,UCAM,Blue,aliX,Taliyah,Xin Zhao,MID,6,12.0,1.0,False,Loss
2906952,1,BW,UCAM,BW,UCAM,Blue,Kenal,Yunara,Kennen,BOT,7,17.0,2.0,False,Loss
2906952,1,BW,UCAM,UCAM,BW,Red,ANDARIEL,Ezreal,Ezreal,BOT,8,18.0,2.0,True,Win
2906952,1,BW,UCAM,UCAM,BW,Red,iLevi,Nautilus,Nautilus,SUP,9,19.0,2.0,True,Win
2906952,1,BW,UCAM,BW,UCAM,Blue,Lekcyc,Alistar,Alistar,SUP,10,20.0,2.0,False,Loss
2906952,2,UCAM,BW,BW,UCAM,Red,StarScreen,Rumble,Rumble,TOP,1,7.0,1.0,False,Loss
2906952,2,UCAM,BW,UCAM,BW,Blue,Kozi,Ambessa,Ambessa,TOP,2,8.0,1.0,True,Win
2906952,2,UCAM,BW,UCAM,BW,Blue,bluerzor,MonkeyKing,Wukong,JGL,3,9.0,1.0,True,Win
2906952,2,UCAM,BW,BW,UCAM,Red,Elramir,Maokai,Corki,JGL,4,10.0,1.0,False,Loss
2906952,2,UCAM,BW,BW,UCAM,Red,aliX,Yone,Nami,MID,5,11.0,1.0,False,Loss
2906952,2,UCAM,BW,UCAM,BW,Blue,ESCIK,Ahri,Ahri,MID,6,12.0,1.0,True,Win
2906952,2,UCAM,BW,UCAM,BW,Blue,ANDARIEL,Kaisa,Kai'Sa,BOT,7,17.0,2.0,True,Win
2906952,2,UCAM,BW,BW,UCAM,Red,Kenal,Corki,Maokai,BOT,8,18.0,2.0,False,Loss
2906952,2,UCAM,BW,BW,UCAM,Red,Lekcyc,Nami,Yone,SUP,9,19.0,2.0,False,Loss
2906952,2,UCAM,BW,UCAM,BW,Blue,iLevi,Leona,Leona,SUP,10,20.0,2.0,True,Win
2906965,1,UCAM,GL,UCAM,GL,Blue,Kozi,Ambessa,Ambessa,TOP,1,7.0,1.0,False,Loss
2906965,1,UCAM,GL,GL,UCAM,Red,Carlsen,Zaahen,Ryze,TOP,2,8.0,1.0,True,Win
2906965,1,UCAM,GL,GL,UCAM,Red,Thayger,Aatrox,Zaahen,JGL,3,9.0,1.0,True,Win
2906965,1,UCAM,GL,UCAM,GL,Blue,bluerzor,Pantheon,Pantheon,JGL,4,10.0,1.0,False,Loss
2906965,1,UCAM,GL,UCAM,GL,Blue,ESCIK,Taliyah,Taliyah,MID,5,11.0,1.0,False,Loss
2906965,1,UCAM,GL,GL,UCAM,Red,OMON,Ryze,Aatrox,MID,6,12.0,1.0,True,Win
2906965,1,UCAM,GL,GL,UCAM,Red,HARPOON,Xayah,Neeko,BOT,7,17.0,2.0,True,Win
2906965,1,UCAM,GL,UCAM,GL,Blue,ANDARIEL,Kaisa,Kai'Sa,BOT,8,18.0,2.0,False,Loss
2906965,1,UCAM,GL,UCAM,GL,Blue,iLevi,Alistar,Alistar,SUP,9,19.0,2.0,False,Loss
2906965,1,UCAM,GL,GL,UCAM,Red,Zoelys,Neeko,Xayah,SUP,10,20.0,2.0,True,Win
2906965,2,GL,UCAM,GL,UCAM,Blue,Carlsen,Renekton,Orianna,TOP,1,7.0,1.0,True,Win
2906965,2,GL,UCAM,UCAM,GL,Red,Kozi,Jax,Galio,TOP,2,8.0,1.0,False,Loss
2906965,2,GL,UCAM,UCAM,GL,Red,bluerzor,Trundle,Yunara,JGL,3,9.0,1.0,False,Loss
2906965,2,GL,UCAM,GL,UCAM,Blue,Thayger,XinZhao,Xin Zhao,JGL,4,10.0,1.0,True,Win
2906965,2,GL,UCAM,GL,UCAM,Blue,OMON,Orianna,Renekton,MID,5,11.0,1.0,True,Win
2906965,2,GL,UCAM,UCAM,GL,Red,ESCIK,Galio,Trundle,MID,6,12.0,1.0,False,Loss
2906965,2,GL,UCAM,UCAM,GL,Red,ANDARIEL,Yunara,Jax,BOT,7,17.0,2.0,False,Loss
2906965,2,GL,UCAM,GL,UCAM,Blue,HARPOON,Sivir,Sivir,BOT,8,18.0,2.0,True,Win
2906965,2,GL,UCAM,GL,UCAM,Blue,Zoelys,Lulu,Lulu,SUP,9,19.0,2.0,True,Win
2906965,2,GL,UCAM,UCAM,GL,Red,iLevi,Pyke,Pyke,SUP,10,20.0,2.0,False,Loss
2906973,1,BW,UCAM,BW,UCAM,Blue,StarScreen,Rumble,Ryze,TOP,1,7.0,1.0,False,Loss
2906973,1,BW,UCAM,UCAM,BW,Red,Kozi,Ambessa,Yunara,TOP,2,8.0,1.0,True,Win
2906973,1,BW,UCAM,UCAM,BW,Red,bluerzor,MonkeyKing,Wukong,JGL,3,9.0,1.0,True,Win
2906973,1,BW,UCAM,BW,UCAM,Blue,Diamondprox,Pantheon,Rumble,JGL,4,10.0,1.0,False,Loss
2906973,1,BW,UCAM,BW,UCAM,Blue,aliX,Ryze,Pantheon,MID,5,11.0,1.0,False,Loss
2906973,1,BW,UCAM,UCAM,BW,Red,ESCIK,Cassiopeia,Ambessa,MID,6,12.0,1.0,True,Win
2906973,1,BW,UCAM,UCAM,BW,Red,ANDARIEL,Yunara,Cassiopeia,BOT,7,17.0,2.0,True,Win
2906973,1,BW,UCAM,BW,UCAM,Blue,Kenal,Varus,Varus,BOT,8,18.0,2.0,False,Loss
2906973,1,BW,UCAM,BW,UCAM,Blue,Lekcyc,Neeko,Neeko,SUP,9,19.0,2.0,False,Loss
2906973,1,BW,UCAM,UCAM,BW,Red,iLevi,Nautilus,Nautilus,SUP,10,20.0,2.0,True,Win
2906973,2,UCAM,BW,UCAM,BW,Blue,Kozi,Zaahen,Corki,TOP,1,7.0,1.0,True,Win
2906973,2,UCAM,BW,BW,UCAM,Red,StarScreen,Gnar,Orianna,TOP,2,8.0,1.0,False,Loss
2906973,2,UCAM,BW,BW,UCAM,Red,Diamondprox,XinZhao,Xin Zhao,JGL,3,9.0,1.0,False,Loss
2906973,2,UCAM,BW,UCAM,BW,Blue,bluerzor,JarvanIV,Jarvan IV,JGL,4,10.0,1.0,True,Win
2906973,2,UCAM,BW,UCAM,BW,Blue,ESCIK,Galio,Galio,MID,5,11.0,1.0,True,Win
2906973,2,UCAM,BW,BW,UCAM,Red,aliX,Orianna,Gnar,MID,6,12.0,1.0,False,Loss
2906973,2,UCAM,BW,BW,UCAM,Red,Kenal,Xayah,Rakan,BOT,7,17.0,2.0,False,Loss
2906973,2,UCAM,BW,UCAM,BW,Blue,ANDARIEL,Corki,Nami,BOT,8,18.0,2.0,True,Win
2906973,2,UCAM,BW,UCAM,BW,Blue,iLevi,Nami,Zaahen,SUP,9,19.0,2.0,True,Win
2906973,2,UCAM,BW,BW,UCAM,Red,Lekcyc,Rakan,Xayah,SUP,10,20.0,2.0,False,Loss
2906988,1,UCAM,GL,UCAM,GL,Blue,Kozi,Ambessa,Ambessa,TOP,1,7.0,1.0,False,Loss
2906988,1,UCAM,GL,GL,UCAM,Red,Carlsen,Zaahen,Zaahen,TOP,2,8.0,1.0,True,Win
2906988,1,UCAM,GL,GL,UCAM,Red,Thayger,Pantheon,Yunara,JGL,3,9.0,1.0,True,Win
2906988,1,UCAM,GL,UCAM,GL,Blue,bluerzor,MonkeyKing,Wukong,JGL,4,10.0,1.0,False,Loss
2906988,1,UCAM,GL,UCAM,GL,Blue,ESCIK,Taliyah,Corki,MID,5,11.0,1.0,False,Loss
2906988,1,UCAM,GL,GL,UCAM,Red,OMON,Ahri,Ahri,MID,6,12.0,1.0,True,Win
2906988,1,UCAM,GL,GL,UCAM,Red,HARPOON,Yunara,Pantheon,BOT,7,17.0,2.0,True,Win
2906988,1,UCAM,GL,UCAM,GL,Blue,ANDARIEL,Corki,Taliyah,BOT,8,18.0,2.0,False,Loss
2906988,1,UCAM,GL,UCAM,GL,Blue,iLevi,Nautilus,Nautilus,SUP,9,19.0,2.0,False,Loss
2906988,1,UCAM,GL,GL,UCAM,Red,Zoelys,Renata,Renata Glasc,SUP,10,20.0,2.0,True,Win
2906988,2,GL,UCAM,GL,UCAM,Blue,Carlsen,Renekton,Aurora,TOP,1,7.0,1.0,False,Loss
2906988,2,GL,UCAM,UCAM,GL,Red,Kozi,DrMundo,Xin Zhao,TOP,2,8.0,1.0,True,Win
2906988,2,GL,UCAM,UCAM,GL,Red,bluerzor,XinZhao,Viktor,JGL,3,9.0,1.0,True,Win
2906988,2,GL,UCAM,GL,UCAM,Blue,Thayger,Jax,Renekton,JGL,4,10.0,1.0,False,Loss
2906988,2,GL,UCAM,GL,UCAM,Blue,OMON,Aurora,Jax,MID,5,11.0,1.0,False,Loss
2906988,2,GL,UCAM,UCAM,GL,Red,ESCIK,Viktor,Dr. Mundo,MID,6,12.0,1.0,True,Win
2906988,2,GL,UCAM,UCAM,GL,Red,ANDARIEL,Kalista,Kalista,BOT,7,17.0,2.0,True,Win
2906988,2,GL,UCAM,GL,UCAM,Blue,HARPOON,Aphelios,Aphelios,BOT,8,18.0,2.0,False,Loss
2906988,2,GL,UCAM,GL,UCAM,Blue,Zoelys,Alistar,Alistar,SUP,9,19.0,2.0,False,Loss
2906988,2,GL,UCAM,UCAM,GL,Red,iLevi,Rakan,Rakan,SUP,10,20.0,2.0,True,Win
2906988,3,UCAM,GL,UCAM,GL,Blue,Kozi,KSante,Jarvan IV,TOP,1,7.0,1.0,False,Loss
2906988,3,UCAM,GL,GL,UCAM,Red,Carlsen,Gnar,Ryze,TOP,2,8.0,1.0,True,Win
2906988,3,UCAM,GL,GL,UCAM,Red,Thayger,Aatrox,Aatrox,JGL,3,9.0,1.0,True,Win
2906988,3,UCAM,GL,UCAM,GL,Blue,bluerzor,JarvanIV,Azir,JGL,4,10.0,1.0,False,Loss
2906988,3,UCAM,GL,UCAM,GL,Blue,ESCIK,Azir,K'Sante,MID,5,11.0,1.0,False,Loss
2906988,3,UCAM,GL,GL,UCAM,Red,OMON,Ryze,Gnar,MID,6,12.0,1.0,True,Win
2906988,3,UCAM,GL,GL,UCAM,Red,HARPOON,Varus,Varus,BOT,7,17.0,2.0,True,Win
2906988,3,UCAM,GL,UCAM,GL,Blue,ANDARIEL,Sivir,Sivir,BOT,8,18.0,2.0,False,Loss
2906988,3,UCAM,GL,UCAM,GL,Blue,iLevi,Lulu,Lulu,SUP,9,19.0,2.0,False,Loss
2906988,3,UCAM,GL,GL,UCAM,Red,Zoelys,Bard,Bard,SUP,10,20.0,2.0,True,Win
2906999,1,MISA,FK,MISA,FK,Blue,Ragner,Renekton,Azir,TOP,1,7.0,1.0,False,Loss
2906999,1,MISA,FK,FK,MISA,Red,Adam,Volibear,Karma,TOP,2,8.0,1.0,True,Win
2906999,1,MISA,FK,FK,MISA,Red,NattyNatt,JarvanIV,Ezreal,JGL,3,9.0,1.0,True,Win
2906999,1,MISA,FK,MISA,FK,Blue,113,Pantheon,Sivir,JGL,4,10.0,1.0,False,Loss
2906999,1,MISA,FK,MISA,FK,Blue,SlowQ,Azir,Bard,MID,5,11.0,1.0,False,Loss
2906999,1,MISA,FK,FK,MISA,Red,SAKEN,Leblanc,Jarvan IV,MID,6,12.0,1.0,True,Win
2906999,1,MISA,FK,FK,MISA,Red,3XA,Ezreal,LeBlanc,BOT,7,17.0,2.0,True,Win
2906999,1,MISA,FK,MISA,FK,Blue,Hype,Sivir,Pantheon,BOT,8,18.0,2.0,False,Loss
2906999,1,MISA,FK,MISA,FK,Blue,Stend,Bard,Renekton,SUP,9,19.0,2.0,False,Loss
2906999,1,MISA,FK,FK,MISA,Red,Targamas,Karma,Volibear,SUP,10,20.0,2.0,True,Win
2906999,2,MISA,FK,MISA,FK,Blue,Ragner,KSante,Seraphine,TOP,1,7.0,1.0,False,Loss
2906999,2,MISA,FK,FK,MISA,Red,Adam,Garen,Ashe,TOP,2,8.0,1.0,True,Win
2906999,2,MISA,FK,FK,MISA,Red,NattyNatt,Rengar,Ryze,JGL,3,9.0,1.0,True,Win
2906999,2,MISA,FK,MISA,FK,Blue,113,Ambessa,Miss Fortune,JGL,4,10.0,1.0,False,Loss
2906999,2,MISA,FK,MISA,FK,Blue,SlowQ,Anivia,Anivia,MID,5,11.0,1.0,False,Loss
2906999,2,MISA,FK,FK,MISA,Red,SAKEN,Ryze,Rengar,MID,6,12.0,1.0,True,Win
2906999,2,MISA,FK,FK,MISA,Red,3XA,Ashe,Neeko,BOT,7,17.0,2.0,True,Win
2906999,2,MISA,FK,MISA,FK,Blue,Hype,MissFortune,Ambessa,BOT,8,18.0,2.0,False,Loss
2906999,2,MISA,FK,MISA,FK,Blue,Stend,Seraphine,K'Sante,SUP,9,19.0,2.0,False,Loss
2906999,2,MISA,FK,FK,MISA,Red,Targamas,Neeko,Garen,SUP,10,20.0,2.0,True,Win
2907007,1,MISA,HRTS,MISA,HRTS,Blue,Ragner,Sion,Yunara,TOP,1,7.0,1.0,True,Win
2907007,1,MISA,HRTS,HRTS,MISA,Red,Mihile,Aatrox,Karma,TOP,2,8.0,1.0,False,Loss
2907007,1,MISA,HRTS,HRTS,MISA,Red,Daglas,Pantheon,Ezreal,JGL,3,9.0,1.0,False,Loss
2907007,1,MISA,HRTS,MISA,HRTS,Blue,113,Ambessa,Ryze,JGL,4,10.0,1.0,True,Win
2907007,1,MISA,HRTS,MISA,HRTS,Blue,SlowQ,Ryze,Lulu,MID,5,11.0,1.0,True,Win
2907007,1,MISA,HRTS,HRTS,MISA,Red,Mercy9,Aurora,Pantheon,MID,6,12.0,1.0,False,Loss
2907007,1,MISA,HRTS,HRTS,MISA,Red,Lure,Ezreal,Aurora,BOT,7,17.0,2.0,False,Loss
2907007,1,MISA,HRTS,MISA,HRTS,Blue,Hype,Yunara,Sion,BOT,8,18.0,2.0,True,Win
2907007,1,MISA,HRTS,MISA,HRTS,Blue,Stend,Lulu,Ambessa,SUP,9,19.0,2.0,True,Win
2907007,1,MISA,HRTS,HRTS,MISA,Red,Batuuu,Karma,Aatrox,SUP,10,20.0,2.0,False,Loss
2907007,2,MISA,HRTS,MISA,HRTS,Blue,Ragner,Renekton,Xin Zhao,TOP,1,7.0,1.0,True,Win
2907007,2,MISA,HRTS,HRTS,MISA,Red,Mihile,Gnar,Wukong,TOP,2,8.0,1.0,False,Loss
2907007,2,MISA,HRTS,HRTS,MISA,Red,Daglas,MonkeyKing,Corki,JGL,3,9.0,1.0,False,Loss
2907007,2,MISA,HRTS,MISA,HRTS,Blue,113,XinZhao,Seraphine,JGL,4,10.0,1.0,True,Win
2907007,2,MISA,HRTS,MISA,HRTS,Blue,SlowQ,Galio,Ashe,MID,5,11.0,1.0,True,Win
2907007,2,MISA,HRTS,HRTS,MISA,Red,Mercy9,Ahri,Ahri,MID,6,12.0,1.0,False,Loss
2907007,2,MISA,HRTS,HRTS,MISA,Red,Lure,Corki,Nami,BOT,7,17.0,2.0,False,Loss
2907007,2,MISA,HRTS,MISA,HRTS,Blue,Hype,Ashe,Renekton,BOT,8,18.0,2.0,True,Win
2907007,2,MISA,HRTS,MISA,HRTS,Blue,Stend,Seraphine,Galio,SUP,9,19.0,2.0,True,Win
2907007,2,MISA,HRTS,HRTS,MISA,Red,Batuuu,Nami,Gnar,SUP,10,20.0,2.0,False,Loss
2907011,1,KCB,MISA,KCB,MISA,Blue,Tao,Rumble,Ryze,TOP,1,7.0,1.0,False,Loss
2907011,1,KCB,MISA,MISA,KCB,Red,Ragner,KSante,Varus,TOP,2,8.0,1.0,True,Win
2907011,1,KCB,MISA,MISA,KCB,Red,113,Pantheon,Pantheon,JGL,3,9.0,1.0,True,Win
2907011,1,KCB,MISA,KCB,MISA,Blue,Yukino,Vi,Vi,JGL,4,10.0,1.0,False,Loss
2907011,1,KCB,MISA,KCB,MISA,Blue,Kamiloo,Ryze,Rumble,MID,5,11.0,1.0,False,Loss
2907011,1,KCB,MISA,MISA,KCB,Red,SlowQ,Anivia,Anivia,MID,6,12.0,1.0,True,Win
2907011,1,KCB,MISA,MISA,KCB,Red,Hype,Varus,K'Sante,BOT,7,17.0,2.0,True,Win
2907011,1,KCB,MISA,KCB,MISA,Blue,Hazel,Corki,Corki,BOT,8,18.0,2.0,False,Loss
2907011,1,KCB,MISA,KCB,MISA,Blue,Prime,Rell,Rell,SUP,9,19.0,2.0,False,Loss
2907011,1,KCB,MISA,MISA,KCB,Red,Stend,Alistar,Alistar,SUP,10,20.0,2.0,True,Win
2907011,2,MISA,KCB,KCB,MISA,Red,Tao,Aatrox,Xin Zhao,TOP,1,7.0,1.0,False,Loss
2907011,2,MISA,KCB,MISA,KCB,Blue,Ragner,Gnar,Lucian,TOP,2,8.0,1.0,True,Win
2907011,2,MISA,KCB,MISA,KCB,Blue,113,DrMundo,Dr. Mundo,JGL,3,9.0,1.0,True,Win
2907011,2,MISA,KCB,KCB,MISA,Red,Yukino,XinZhao,Karma,JGL,4,10.0,1.0,False,Loss
2907011,2,MISA,KCB,KCB,MISA,Red,Kamiloo,Ahri,Jinx,MID,5,11.0,1.0,False,Loss
2907011,2,MISA,KCB,MISA,KCB,Blue,SlowQ,Aurora,Nami,MID,6,12.0,1.0,True,Win
2907011,2,MISA,KCB,MISA,KCB,Blue,Hype,Lucian,Aurora,BOT,7,17.0,2.0,True,Win
2907011,2,MISA,KCB,KCB,MISA,Red,Hazel,Jinx,Aatrox,BOT,8,18.0,2.0,False,Loss
2907011,2,MISA,KCB,KCB,MISA,Red,Prime,Karma,Ahri,SUP,9,19.0,2.0,False,Loss
2907011,2,MISA,KCB,MISA,KCB,Blue,Stend,Nami,Gnar,SUP,10,20.0,2.0,True,Win
2907013,1,MISA,USE,USE,MISA,Red,FornoReason,Aatrox,Yunara,TOP,1,7.0,1.0,False,Loss
2907013,1,MISA,USE,MISA,USE,Blue,Ragner,Gnar,Corki,TOP,2,8.0,1.0,True,Win
2907013,1,MISA,USE,MISA,USE,Blue,113,XinZhao,Nami,JGL,3,9.0,1.0,True,Win
2907013,1,MISA,USE,USE,MISA,Red,White,JarvanIV,Lulu,JGL,4,10.0,1.0,False,Loss
2907013,1,MISA,USE,USE,MISA,Red,Kanin,Ahri,Jarvan IV,MID,5,11.0,1.0,False,Loss
2907013,1,MISA,USE,MISA,USE,Blue,SlowQ,Ryze,Ryze,MID,6,12.0,1.0,True,Win
2907013,1,MISA,USE,MISA,USE,Blue,Hype,Corki,Xin Zhao,BOT,7,17.0,2.0,True,Win
2907013,1,MISA,USE,USE,MISA,Red,DenVoksne,Yunara,Aatrox,BOT,8,18.0,2.0,False,Loss
2907013,1,MISA,USE,USE,MISA,Red,Twiizt,Lulu,Ahri,SUP,9,19.0,2.0,False,Loss
2907013,1,MISA,USE,MISA,USE,Blue,Stend,Nami,Gnar,SUP,10,20.0,2.0,True,Win
2907013,2,MISA,USE,MISA,USE,Blue,Ragner,Gragas,Karma,TOP,1,7.0,1.0,True,Win
2907013,2,MISA,USE,USE,MISA,Red,FornoReason,Ambessa,Vi,TOP,2,8.0,1.0,False,Loss
2907013,2,MISA,USE,USE,MISA,Red,White,Vi,Seraphine,JGL,3,9.0,1.0,False,Loss
2907013,2,MISA,USE,MISA,USE,Blue,113,Zaahen,Ezreal,JGL,4,10.0,1.0,True,Win
2907013,2,MISA,USE,MISA,USE,Blue,SlowQ,Leblanc,Zaahen,MID,5,11.0,1.0,True,Win
2907013,2,MISA,USE,USE,MISA,Red,Kanin,Cassiopeia,Ashe,MID,6,12.0,1.0,False,Loss
2907013,2,MISA,USE,USE,MISA,Red,DenVoksne,Ashe,Cassiopeia,BOT,7,17.0,2.0,False,Loss
2907013,2,MISA,USE,MISA,USE,Blue,Hype,Ezreal,Gragas,BOT,8,18.0,2.0,True,Win
2907013,2,MISA,USE,MISA,USE,Blue,Stend,Karma,LeBlanc,SUP,9,19.0,2.0,True,Win
2907013,2,MISA,USE,USE,MISA,Red,Twiizt,Seraphine,Ambessa,SUP,10,20.0,2.0,False,Loss
2907014,1,MISA,BIG,BIG,MISA,Red,Irrelevant,Rumble,Ryze,TOP,1,7.0,1.0,True,Win
2907014,1,MISA,BIG,MISA,BIG,Blue,Ragner,KSante,Yunara,TOP,2,8.0,1.0,False,Loss
2907014,1,MISA,BIG,MISA,BIG,Blue,113,Pantheon,Lulu,JGL,3,9.0,1.0,False,Loss
2907014,1,MISA,BIG,BIG,MISA,Red,Habubu,MonkeyKing,Corki,JGL,4,10.0,1.0,True,Win
2907014,1,MISA,BIG,BIG,MISA,Red,Reeker,Ryze,Nami,MID,5,11.0,1.0,True,Win
2907014,1,MISA,BIG,MISA,BIG,Blue,SlowQ,Anivia,Anivia,MID,6,12.0,1.0,False,Loss
2907014,1,MISA,BIG,MISA,BIG,Blue,Hype,Yunara,Pantheon,BOT,7,17.0,2.0,False,Loss
2907014,1,MISA,BIG,BIG,MISA,Red,Patrik,Corki,Rumble,BOT,8,18.0,2.0,True,Win
2907014,1,MISA,BIG,BIG,MISA,Red,Kaiser,Nami,Wukong,SUP,9,19.0,2.0,True,Win
2907014,1,MISA,BIG,MISA,BIG,Blue,Stend,Lulu,K'Sante,SUP,10,20.0,2.0,False,Loss
2907014,2,MISA,BIG,MISA,BIG,Blue,Ragner,Gragas,Ashe,TOP,1,7.0,1.0,True,Win
2907014,2,MISA,BIG,BIG,MISA,Red,Irrelevant,Gnar,Seraphine,TOP,2,8.0,1.0,False,Loss
2907014,2,MISA,BIG,BIG,MISA,Red,Habubu,JarvanIV,Jarvan IV,JGL,3,9.0,1.0,False,Loss
2907014,2,MISA,BIG,MISA,BIG,Blue,113,XinZhao,Xin Zhao,JGL,4,10.0,1.0,True,Win
2907014,2,MISA,BIG,MISA,BIG,Blue,SlowQ,Ahri,Karma,MID,5,11.0,1.0,True,Win
2907014,2,MISA,BIG,BIG,MISA,Red,Reeker,Azir,Miss Fortune,MID,6,12.0,1.0,False,Loss
2907014,2,MISA,BIG,BIG,MISA,Red,Patrik,MissFortune,Azir,BOT,7,17.0,2.0,False,Loss
2907014,2,MISA,BIG,MISA,BIG,Blue,Hype,Ashe,Gragas,BOT,8,18.0,2.0,True,Win
2907014,2,MISA,BIG,MISA,BIG,Blue,Stend,Karma,Ahri,SUP,9,19.0,2.0,True,Win
2907014,2,MISA,BIG,BIG,MISA,Red,Kaiser,Seraphine,Gnar,SUP,10,20.0,2.0,False,Loss
2907014,3,MISA,BIG,BIG,MISA,Red,Irrelevant,Renekton,Ezreal,TOP,1,7.0,1.0,False,Loss
2907014,3,MISA,BIG,MISA,BIG,Blue,Ragner,Poppy,Bard,TOP,2,8.0,1.0,True,Win
2907014,3,MISA,BIG,MISA,BIG,Blue,113,Aatrox,Aatrox,JGL,3,9.0,1.0,True,Win
2907014,3,MISA,BIG,BIG,MISA,Red,Habubu,Ambessa,Rell,JGL,4,10.0,1.0,False,Loss
2907014,3,MISA,BIG,BIG,MISA,Red,Reeker,Viktor,Ambessa,MID,5,11.0,1.0,False,Loss
2907014,3,MISA,BIG,MISA,BIG,Blue,SlowQ,Leblanc,Sivir,MID,6,12.0,1.0,True,Win
2907014,3,MISA,BIG,MISA,BIG,Blue,Hype,Sivir,LeBlanc,BOT,7,17.0,2.0,True,Win
2907014,3,MISA,BIG,BIG,MISA,Red,Patrik,Ezreal,Viktor,BOT,8,18.0,2.0,False,Loss
2907014,3,MISA,BIG,BIG,MISA,Red,Kaiser,Rell,Renekton,SUP,9,19.0,2.0,False,Loss
2907014,3,MISA,BIG,MISA,BIG,Blue,Stend,Bard,Poppy,SUP,10,20.0,2.0,True,Win
2907015,1,MISA,SLY,MISA,SLY,Blue,Ragner,Sion,Ashe,TOP,1,7.0,1.0,True,Win
2907015,1,MISA,SLY,SLY,MISA,Red,Kryze,Gwen,Yunara,TOP,2,8.0,1.0,False,Loss
2907015,1,MISA,SLY,SLY,MISA,Red,Zicssi,Nocturne,Lulu,JGL,3,9.0,1.0,False,Loss
2907015,1,MISA,SLY,MISA,SLY,Blue,113,XinZhao,Xin Zhao,JGL,4,10.0,1.0,True,Win
2907015,1,MISA,SLY,MISA,SLY,Blue,SlowQ,Anivia,Seraphine,MID,5,11.0,1.0,True,Win
2907015,1,MISA,SLY,SLY,MISA,Red,Jool,Mel,Mel,MID,6,12.0,1.0,False,Loss
2907015,1,MISA,SLY,SLY,MISA,Red,Aetinoth,Yunara,Nocturne,BOT,7,17.0,2.0,False,Loss
2907015,1,MISA,SLY,MISA,SLY,Blue,Hype,Ashe,Sion,BOT,8,18.0,2.0,True,Win
2907015,1,MISA,SLY,MISA,SLY,Blue,Stend,Seraphine,Anivia,SUP,9,19.0,2.0,True,Win
2907015,1,MISA,SLY,SLY,MISA,Red,Piero,Lulu,Gwen,SUP,10,20.0,2.0,False,Loss
2907015,2,MISA,SLY,MISA,SLY,Blue,Ragner,Kennen,Pantheon,TOP,1,7.0,1.0,True,Win
2907015,2,MISA,SLY,SLY,MISA,Red,Kryze,Gnar,Skarner,TOP,2,8.0,1.0,False,Loss
2907015,2,MISA,SLY,SLY,MISA,Red,Zicssi,Skarner,Gnar,JGL,3,9.0,1.0,False,Loss
2907015,2,MISA,SLY,MISA,SLY,Blue,113,Pantheon,Lucian,JGL,4,10.0,1.0,True,Win
2907015,2,MISA,SLY,MISA,SLY,Blue,SlowQ,Ahri,Nami,MID,5,11.0,1.0,True,Win
2907015,2,MISA,SLY,SLY,MISA,Red,Jool,Azir,Azir,MID,6,12.0,1.0,False,Loss
2907015,2,MISA,SLY,SLY,MISA,Red,Aetinoth,Corki,Corki,BOT,7,17.0,2.0,False,Loss
2907015,2,MISA,SLY,MISA,SLY,Blue,Hype,Lucian,Ahri,BOT,8,18.0,2.0,True,Win
2907015,2,MISA,SLY,MISA,SLY,Blue,Stend,Nami,Kennen,SUP,9,19.0,2.0,True,Win
2907015,2,MISA,SLY,SLY,MISA,Red,Piero,Rell,Rell,SUP,10,20.0,2.0,False,Loss
2907015,3,MISA,SLY,MISA,SLY,Blue,Ragner,Gragas,Jarvan IV,TOP,1,7.0,1.0,False,Loss
2907015,3,MISA,SLY,SLY,MISA,Red,Kryze,KSante,Vi,TOP,2,8.0,1.0,True,Win
2907015,3,MISA,SLY,SLY,MISA,Red,Zicssi,Vi,Varus,JGL,3,9.0,1.0,True,Win
2907015,3,MISA,SLY,MISA,SLY,Blue,113,JarvanIV,Bard,JGL,4,10.0,1.0,False,Loss
2907015,3,MISA,SLY,MISA,SLY,Blue,SlowQ,Zoe,Jhin,MID,5,11.0,1.0,False,Loss
2907015,3,MISA,SLY,SLY,MISA,Red,Jool,Viktor,Alistar,MID,6,12.0,1.0,True,Win
2907015,3,MISA,SLY,SLY,MISA,Red,Aetinoth,Varus,Viktor,BOT,7,17.0,2.0,True,Win
2907015,3,MISA,SLY,MISA,SLY,Blue,Hype,Jhin,Gragas,BOT,8,18.0,2.0,False,Loss
2907015,3,MISA,SLY,MISA,SLY,Blue,Stend,Bard,Zoe,SUP,9,19.0,2.0,False,Loss
2907015,3,MISA,SLY,SLY,MISA,Red,Piero,Alistar,K'Sante,SUP,10,20.0,2.0,True,Win
2907015,4,SLY,MISA,MISA,SLY,Red,Ragner,Rumble,Rumble,TOP,1,7.0,1.0,False,Loss
2907015,4,SLY,MISA,SLY,MISA,Blue,Kryze,Ambessa,Ambessa,TOP,2,8.0,1.0,True,Win
2907015,4,SLY,MISA,SLY,MISA,Blue,Zicssi,Zaahen,Zaahen,JGL,3,9.0,1.0,True,Win
2907015,4,SLY,MISA,MISA,SLY,Red,113,Aatrox,Aatrox,JGL,4,10.0,1.0,False,Loss
2907015,4,SLY,MISA,MISA,SLY,Red,SlowQ,Leblanc,LeBlanc,MID,5,11.0,1.0,False,Loss
2907015,4,SLY,MISA,SLY,MISA,Blue,Jool,Galio,Galio,MID,6,12.0,1.0,True,Win
2907015,4,SLY,MISA,SLY,MISA,Blue,Aetinoth,Sivir,Sivir,BOT,7,17.0,2.0,True,Win
2907015,4,SLY,MISA,MISA,SLY,Red,Hype,Xayah,Xayah,BOT,8,18.0,2.0,False,Loss
2907015,4,SLY,MISA,MISA,SLY,Red,Stend,Rakan,Rakan,SUP,9,19.0,2.0,False,Loss
2907015,4,SLY,MISA,SLY,MISA,Blue,Piero,Nautilus,Nautilus,SUP,10,20.0,2.0,True,Win
2907015,5,SLY,MISA,MISA,SLY,Red,Ragner,Renekton,Aurora,TOP,1,7.0,1.0,False,Loss
2907015,5,SLY,MISA,SLY,MISA,Blue,Kryze,Vayne,Annie,TOP,2,8.0,1.0,True,Win
2907015,5,SLY,MISA,SLY,MISA,Blue,Zicssi,Shyvana,Shyvana,JGL,3,9.0,1.0,True,Win
2907015,5,SLY,MISA,MISA,SLY,Red,113,Qiyana,Qiyana,JGL,4,10.0,1.0,False,Loss
2907015,5,SLY,MISA,MISA,SLY,Red,SlowQ,Aurora,Renekton,MID,5,11.0,1.0,False,Loss
2907015,5,SLY,MISA,SLY,MISA,Blue,Jool,Annie,Vayne,MID,6,12.0,1.0,True,Win
2907015,5,SLY,MISA,SLY,MISA,Blue,Aetinoth,Kalista,Kalista,BOT,7,17.0,2.0,True,Win
2907015,5,SLY,MISA,MISA,SLY,Red,Hype,MissFortune,Neeko,BOT,8,18.0,2.0,False,Loss
2907015,5,SLY,MISA,MISA,SLY,Red,Stend,Neeko,Miss Fortune,SUP,9,19.0,2.0,False,Loss
2907015,5,SLY,MISA,SLY,MISA,Blue,Piero,Pyke,Pyke,SUP,10,20.0,2.0,True,Win
2907858,1,MISA,S2G,MISA,S2G,Blue,Ragner,Rumble,Rumble,TOP,1,7.0,1.0,True,Win
2907858,1,MISA,S2G,S2G,MISA,Red,DnDn,KSante,Pantheon,TOP,2,8.0,1.0,False,Loss
2907858,1,MISA,S2G,S2G,MISA,Red,Bonnie,Pantheon,Yunara,JGL,3,9.0,1.0,False,Loss
2907858,1,MISA,S2G,MISA,S2G,Blue,113,Vi,Vi,JGL,4,10.0,1.0,True,Win
2907858,1,MISA,S2G,MISA,S2G,Blue,SlowQ,Ahri,Ahri,MID,5,11.0,1.0,True,Win
2907858,1,MISA,S2G,S2G,MISA,Red,Kofte,Galio,Nautilus,MID,6,12.0,1.0,False,Loss
2907858,1,MISA,S2G,S2G,MISA,Red,Scorth,Yunara,K'Sante,BOT,7,17.0,2.0,False,Loss
2907858,1,MISA,S2G,MISA,S2G,Blue,Hype,Kaisa,Kai'Sa,BOT,8,18.0,2.0,True,Win
2907858,1,MISA,S2G,MISA,S2G,Blue,Way,Neeko,Neeko,SUP,9,19.0,2.0,True,Win
2907858,1,MISA,S2G,S2G,MISA,Red,Mersa,Nautilus,Galio,SUP,10,20.0,2.0,False,Loss
2907858,2,S2G,MISA,S2G,MISA,Blue,DnDn,Zaahen,Jarvan IV,TOP,1,7.0,1.0,False,Loss
2907858,2,S2G,MISA,MISA,S2G,Red,Ragner,Jax,Ezreal,TOP,2,8.0,1.0,True,Win
2907858,2,S2G,MISA,MISA,S2G,Red,113,DrMundo,Karma,JGL,3,9.0,1.0,True,Win
2907858,2,S2G,MISA,S2G,MISA,Blue,Bonnie,JarvanIV,Jhin,JGL,4,10.0,1.0,False,Loss
2907858,2,S2G,MISA,S2G,MISA,Blue,Kofte,Akali,Rell,MID,5,11.0,1.0,False,Loss
2907858,2,S2G,MISA,MISA,S2G,Red,SlowQ,Viktor,Dr. Mundo,MID,6,12.0,1.0,True,Win
2907858,2,S2G,MISA,MISA,S2G,Red,Hype,Ezreal,Viktor,BOT,7,17.0,2.0,True,Win
2907858,2,S2G,MISA,S2G,MISA,Blue,Scorth,Jhin,Akali,BOT,8,18.0,2.0,False,Loss
2907858,2,S2G,MISA,S2G,MISA,Blue,Mersa,Rell,Zaahen,SUP,9,19.0,2.0,False,Loss
2907858,2,S2G,MISA,MISA,S2G,Red,Way,Karma,Jax,SUP,10,20.0,2.0,True,Win
2907858,3,S2G,MISA,S2G,MISA,Blue,DnDn,Sion,Ryze,TOP,1,7.0,1.0,False,Loss
2907858,3,S2G,MISA,MISA,S2G,Red,Ragner,Chogath,Azir,TOP,2,8.0,1.0,True,Win
2907858,3,S2G,MISA,MISA,S2G,Red,113,XinZhao,Lucian,JGL,3,9.0,1.0,True,Win
2907858,3,S2G,MISA,S2G,MISA,Blue,Bonnie,Khazix,Corki,JGL,4,10.0,1.0,False,Loss
2907858,3,S2G,MISA,S2G,MISA,Blue,Kofte,Ryze,Nami,MID,5,11.0,1.0,False,Loss
2907858,3,S2G,MISA,MISA,S2G,Red,SlowQ,Azir,Milio,MID,6,12.0,1.0,True,Win
2907858,3,S2G,MISA,MISA,S2G,Red,Hype,Lucian,Xin Zhao,BOT,7,17.0,2.0,True,Win
2907858,3,S2G,MISA,S2G,MISA,Blue,Scorth,Corki,Sion,BOT,8,18.0,2.0,False,Loss
2907858,3,S2G,MISA,S2G,MISA,Blue,Mersa,Nami,Kha'Zix,SUP,9,19.0,2.0,False,Loss
2907858,3,S2G,MISA,MISA,S2G,Red,Way,Milio,Cho'Gath,SUP,10,20.0,2.0,True,Win
2921543,1,EWI,KHK,EWI,KHK,Blue,Vizicsacsi,Shen,Ryze,TOP,1,7.0,1.0,True,Win
2921543,1,EWI,KHK,KHK,EWI,Red,Venour,KSante,Yunara,TOP,2,8.0,1.0,False,Loss
2921543,1,EWI,KHK,KHK,EWI,Red,Lurox,XinZhao,Xin Zhao,JGL,3,9.0,1.0,False,Loss
2921543,1,EWI,KHK,EWI,KHK,Blue,Afroboi,Viego,Viego,JGL,4,10.0,1.0,True,Win
2921543,1,EWI,KHK,EWI,KHK,Blue,Relative,Ryze,Ezreal,MID,5,11.0,1.0,True,Win
2921543,1,EWI,KHK,KHK,EWI,Red,Abbedagge,Anivia,Lulu,MID,6,12.0,1.0,False,Loss
2921543,1,EWI,KHK,KHK,EWI,Red,EXOFENG,Yunara,Anivia,BOT,7,17.0,2.0,False,Loss
2921543,1,EWI,KHK,EWI,KHK,Blue,noz2k,Ezreal,Leona,BOT,8,18.0,2.0,True,Win
2921543,1,EWI,KHK,EWI,KHK,Blue,Wildenbruch,Leona,Shen,SUP,9,19.0,2.0,True,Win
2921543,1,EWI,KHK,KHK,EWI,Red,Pyrka,Lulu,K'Sante,SUP,10,20.0,2.0,False,Loss
2921552,1,EWI,G2N,EWI,G2N,Blue,Vizicsacsi,Rumble,Rumble,TOP,1,7.0,1.0,False,Loss
2921552,1,EWI,G2N,G2N,EWI,Red,Shelfmade,KSante,Ezreal,TOP,2,8.0,1.0,True,Win
2921552,1,EWI,G2N,G2N,EWI,Red,Markoon,Nocturne,Orianna,JGL,3,9.0,1.0,True,Win
2921552,1,EWI,G2N,EWI,G2N,Blue,Afroboi,Vi,Vi,JGL,4,10.0,1.0,False,Loss
2921552,1,EWI,G2N,EWI,G2N,Blue,Relative,Ahri,Ahri,MID,5,11.0,1.0,False,Loss
2921552,1,EWI,G2N,G2N,EWI,Red,Toasty,Orianna,Nocturne,MID,6,12.0,1.0,True,Win
2921552,1,EWI,G2N,G2N,EWI,Red,rin,Ezreal,K'Sante,BOT,7,17.0,2.0,True,Win
2921552,1,EWI,G2N,EWI,G2N,Blue,noz2k,Corki,Corki,BOT,8,18.0,2.0,False,Loss
2921552,1,EWI,G2N,EWI,G2N,Blue,Wildenbruch,Nami,Nami,SUP,9,19.0,2.0,False,Loss
2921552,1,EWI,G2N,G2N,EWI,Red,Tockimo,Nautilus,Nautilus,SUP,10,20.0,2.0,True,Win
2921558,1,EWI,ROSS,EWI,ROSS,Blue,Vizicsacsi,Shen,Dr. Mundo,TOP,1,7.0,1.0,True,Win
2921558,1,EWI,ROSS,ROSS,EWI,Red,CPM,KSante,Ryze,TOP,2,8.0,1.0,False,Loss
2921558,1,EWI,ROSS,ROSS,EWI,Red,Pasu,Ambessa,Ambessa,JGL,3,9.0,1.0,False,Loss
2921558,1,EWI,ROSS,EWI,ROSS,Blue,Afroboi,DrMundo,Ezreal,JGL,4,10.0,1.0,True,Win
2921558,1,EWI,ROSS,EWI,ROSS,Blue,Relative,Cassiopeia,Cassiopeia,MID,5,11.0,1.0,True,Win
2921558,1,EWI,ROSS,ROSS,EWI,Red,Fooneses,Ryze,K'Sante,MID,6,12.0,1.0,False,Loss
2921558,1,EWI,ROSS,ROSS,EWI,Red,Devn,Kaisa,Kai'Sa,BOT,7,17.0,2.0,False,Loss
2921558,1,EWI,ROSS,EWI,ROSS,Blue,noz2k,Ezreal,Shen,BOT,8,18.0,2.0,True,Win
2921558,1,EWI,ROSS,EWI,ROSS,Blue,Wildenbruch,Nautilus,Nautilus,SUP,9,19.0,2.0,True,Win
2921558,1,EWI,ROSS,ROSS,EWI,Red,Smarty,Rell,Rell,SUP,10,20.0,2.0,False,Loss
2921575,1,SGE,EWI,SGE,EWI,Blue,Mietek,Sion,Karma,TOP,1,7.0,1.0,False,Loss
2921575,1,SGE,EWI,EWI,SGE,Red,Vizicsacsi,Gnar,Dr. Mundo,TOP,2,8.0,1.0,True,Win
2921575,1,SGE,EWI,EWI,SGE,Red,Afroboi,DrMundo,Ryze,JGL,3,9.0,1.0,True,Win
2921575,1,SGE,EWI,SGE,EWI,Blue,D4nKa,Skarner,Caitlyn,JGL,4,10.0,1.0,False,Loss
2921575,1,SGE,EWI,SGE,EWI,Blue,Sencux,Anivia,Anivia,MID,5,11.0,1.0,False,Loss
2921575,1,SGE,EWI,EWI,SGE,Red,Relative,Ryze,Pyke,MID,6,12.0,1.0,True,Win
2921575,1,SGE,EWI,EWI,SGE,Red,noz2k,Ziggs,Ziggs,BOT,7,17.0,2.0,True,Win
2921575,1,SGE,EWI,SGE,EWI,Blue,Notiko,Caitlyn,Skarner,BOT,8,18.0,2.0,False,Loss
2921575,1,SGE,EWI,SGE,EWI,Blue,farfetch,Karma,Sion,SUP,9,19.0,2.0,False,Loss
2921575,1,SGE,EWI,EWI,SGE,Red,Wildenbruch,Pyke,Gnar,SUP,10,20.0,2.0,True,Win
2921589,1,EWI,VFB,EWI,VFB,Blue,Vizicsacsi,Poppy,Ryze,TOP,1,7.0,1.0,True,Win
2921589,1,EWI,VFB,VFB,EWI,Red,Sven,Aatrox,Azir,TOP,2,8.0,1.0,False,Loss
2921589,1,EWI,VFB,VFB,EWI,Red,Zwickl,Pantheon,Pantheon,JGL,3,9.0,1.0,False,Loss
2921589,1,EWI,VFB,EWI,VFB,Blue,Afroboi,Naafiri,Varus,JGL,4,10.0,1.0,True,Win
2921589,1,EWI,VFB,EWI,VFB,Blue,Relative,Ryze,Naafiri,MID,5,11.0,1.0,True,Win
2921589,1,EWI,VFB,VFB,EWI,Red,Luke,Azir,Sivir,MID,6,12.0,1.0,False,Loss
2921589,1,EWI,VFB,VFB,EWI,Red,Tazaku,Sivir,Aatrox,BOT,7,17.0,2.0,False,Loss
2921589,1,EWI,VFB,EWI,VFB,Blue,noz2k,Varus,Poppy,BOT,8,18.0,2.0,True,Win
2921589,1,EWI,VFB,EWI,VFB,Blue,Wildenbruch,Alistar,Alistar,SUP,9,19.0,2.0,True,Win
2921589,1,EWI,VFB,VFB,EWI,Red,Jakobobbi,Zilean,Zilean,SUP,10,20.0,2.0,False,Loss
2921591,1,BIG,EWI,BIG,EWI,Blue,Irrelevant,Gnar,Ryze,TOP,1,7.0,1.0,True,Win
2921591,1,BIG,EWI,EWI,BIG,Red,Vizicsacsi,Sion,Azir,TOP,2,8.0,1.0,False,Loss
2921591,1,BIG,EWI,EWI,BIG,Red,Afroboi,Viego,Sion,JGL,3,9.0,1.0,False,Loss
2921591,1,BIG,EWI,BIG,EWI,Blue,Habubu,Aatrox,Gnar,JGL,4,10.0,1.0,True,Win
2921591,1,BIG,EWI,BIG,EWI,Blue,Reeker,Ryze,Aatrox,MID,5,11.0,1.0,True,Win
2921591,1,BIG,EWI,EWI,BIG,Red,Relative,Azir,Viego,MID,6,12.0,1.0,False,Loss
2921591,1,BIG,EWI,EWI,BIG,Red,noz2k,Caitlyn,Caitlyn,BOT,7,17.0,2.0,False,Loss
2921591,1,BIG,EWI,BIG,EWI,Blue,Patrik,Varus,Varus,BOT,8,18.0,2.0,True,Win
2921591,1,BIG,EWI,BIG,EWI,Blue,Kaiser,Bard,Bard,SUP,9,19.0,2.0,True,Win
2921591,1,BIG,EWI,EWI,BIG,Red,Wildenbruch,Neeko,Neeko,SUP,10,20.0,2.0,False,Loss
2921597,1,EWI,EINS,EWI,EINS,Blue,Vizicsacsi,Poppy,Ryze,TOP,1,7.0,1.0,True,Win
2921597,1,EWI,EINS,EINS,EWI,Red,Jenax,Sion,Ezreal,TOP,2,8.0,1.0,False,Loss
2921597,1,EWI,EINS,EINS,EWI,Red,Xagog,JarvanIV,Jarvan IV,JGL,3,9.0,1.0,False,Loss
2921597,1,EWI,EINS,EWI,EINS,Blue,Afroboi,Pantheon,Ziggs,JGL,4,10.0,1.0,True,Win
2921597,1,EWI,EINS,EWI,EINS,Blue,Relative,Ryze,Pyke,MID,5,11.0,1.0,True,Win
2921597,1,EWI,EINS,EINS,EWI,Red,PowerOfEvil,KogMaw,Rakan,MID,6,12.0,1.0,False,Loss
2921597,1,EWI,EINS,EINS,EWI,Red,Keduii,Ezreal,Kog'Maw,BOT,7,17.0,2.0,False,Loss
2921597,1,EWI,EINS,EWI,EINS,Blue,noz2k,Ziggs,Pantheon,BOT,8,18.0,2.0,True,Win
2921597,1,EWI,EINS,EWI,EINS,Blue,Wildenbruch,Pyke,Poppy,SUP,9,19.0,2.0,True,Win
2921597,1,EWI,EINS,EINS,EWI,Red,seaz,Rakan,Sion,SUP,10,20.0,2.0,False,Loss
2921606,1,EWI,TOG,EWI,TOG,Blue,Vizicsacsi,Gnar,Pantheon,TOP,1,7.0,1.0,False,Loss
2921606,1,EWI,TOG,TOG,EWI,Red,Zorenous,Ambessa,Jarvan IV,TOP,2,8.0,1.0,True,Win
2921606,1,EWI,TOG,TOG,EWI,Red,Woldjo,JarvanIV,Azir,JGL,3,9.0,1.0,True,Win
2921606,1,EWI,TOG,EWI,TOG,Blue,Afroboi,Pantheon,Caitlyn,JGL,4,10.0,1.0,False,Loss
2921606,1,EWI,TOG,EWI,TOG,Blue,Relative,Aurora,Neeko,MID,5,11.0,1.0,False,Loss
2921606,1,EWI,TOG,TOG,EWI,Red,Sajator,Azir,Karma,MID,6,12.0,1.0,True,Win
2921606,1,EWI,TOG,TOG,EWI,Red,Ryuk,Jhin,Jhin,BOT,7,17.0,2.0,True,Win
2921606,1,EWI,TOG,EWI,TOG,Blue,noz2k,Caitlyn,Aurora,BOT,8,18.0,2.0,False,Loss
2921606,1,EWI,TOG,EWI,TOG,Blue,Wildenbruch,Neeko,Gnar,SUP,9,19.0,2.0,False,Loss
2921606,1,EWI,TOG,TOG,EWI,Red,Lilipp,Karma,Ambessa,SUP,10,20.0,2.0,True,Win
2921608,1,USE,EWI,USE,EWI,Blue,FornoReason,Gnar,Pantheon,TOP,1,7.0,1.0,False,Loss
2921608,1,USE,EWI,EWI,USE,Red,Vizicsacsi,Kennen,Ezreal,TOP,2,8.0,1.0,True,Win
2921608,1,USE,EWI,EWI,USE,Red,Afroboi,DrMundo,Karma,JGL,3,9.0,1.0,True,Win
2921608,1,USE,EWI,USE,EWI,Blue,White,Pantheon,Ashe,JGL,4,10.0,1.0,False,Loss
2921608,1,USE,EWI,USE,EWI,Blue,Kanin,Anivia,Seraphine,MID,5,11.0,1.0,False,Loss
2921608,1,USE,EWI,EWI,USE,Red,Relative,Viktor,Dr. Mundo,MID,6,12.0,1.0,True,Win
2921608,1,USE,EWI,EWI,USE,Red,noz2k,Ezreal,Viktor,BOT,7,17.0,2.0,True,Win
2921608,1,USE,EWI,USE,EWI,Blue,DenVoksne,Ashe,Gnar,BOT,8,18.0,2.0,False,Loss
2921608,1,USE,EWI,USE,EWI,Blue,Twiizt,Seraphine,Anivia,SUP,9,19.0,2.0,False,Loss
2921608,1,USE,EWI,EWI,USE,Red,Wildenbruch,Karma,Kennen,SUP,10,20.0,2.0,True,Win
2922499,1,FLK,UCAM,FLK,UCAM,Blue,Ethe,KSante,K'Sante,TOP,1,7.0,1.0,False,Loss
2922499,1,FLK,UCAM,UCAM,FLK,Red,Kozi,Fiora,Jarvan IV,TOP,2,8.0,1.0,True,Win
2922499,1,FLK,UCAM,UCAM,FLK,Red,bluerzor,JarvanIV,Jhin,JGL,3,9.0,1.0,True,Win
2922499,1,FLK,UCAM,FLK,UCAM,Blue,Clicker,XinZhao,Xin Zhao,JGL,4,10.0,1.0,False,Loss
2922499,1,FLK,UCAM,FLK,UCAM,Blue,Midnight,Anivia,Anivia,MID,5,11.0,1.0,False,Loss
2922499,1,FLK,UCAM,UCAM,FLK,Red,ESCIK,Ryze,Pyke,MID,6,12.0,1.0,True,Win
2922499,1,FLK,UCAM,UCAM,FLK,Red,ANDARIEL,Jhin,Fiora,BOT,7,17.0,2.0,True,Win
2922499,1,FLK,UCAM,FLK,UCAM,Blue,Marcv1,Ezreal,Ezreal,BOT,8,18.0,2.0,False,Loss
2922499,1,FLK,UCAM,FLK,UCAM,Blue,Deleted,Karma,Karma,SUP,9,19.0,2.0,False,Loss
2922499,1,FLK,UCAM,UCAM,FLK,Red,iLevi,Pyke,Ryze,SUP,10,20.0,2.0,True,Win
2922499,2,FLK,UCAM,FLK,UCAM,Blue,Ethe,Jayce,Yunara,TOP,1,7.0,1.0,False,Loss
2922499,2,FLK,UCAM,UCAM,FLK,Red,Kozi,Sion,Vi,TOP,2,8.0,1.0,True,Win
2922499,2,FLK,UCAM,UCAM,FLK,Red,bluerzor,Vi,Kai'Sa,JGL,3,9.0,1.0,True,Win
2922499,2,FLK,UCAM,FLK,UCAM,Blue,Clicker,MonkeyKing,Wukong,JGL,4,10.0,1.0,False,Loss
2922499,2,FLK,UCAM,FLK,UCAM,Blue,Midnight,Taliyah,Taliyah,MID,5,11.0,1.0,False,Loss
2922499,2,FLK,UCAM,UCAM,FLK,Red,ESCIK,Aurora,Nautilus,MID,6,12.0,1.0,True,Win
2922499,2,FLK,UCAM,UCAM,FLK,Red,ANDARIEL,Kaisa,Aurora,BOT,7,17.0,2.0,True,Win
2922499,2,FLK,UCAM,FLK,UCAM,Blue,Marcv1,Yunara,Rell,BOT,8,18.0,2.0,False,Loss
2922499,2,FLK,UCAM,FLK,UCAM,Blue,Deleted,Rell,Jayce,SUP,9,19.0,2.0,False,Loss
2922499,2,FLK,UCAM,UCAM,FLK,Red,iLevi,Nautilus,Sion,SUP,10,20.0,2.0,True,Win
2922507,1,UCAM,HRTS,UCAM,HRTS,Blue,Kozi,Zaahen,Zaahen,TOP,1,7.0,1.0,False,Loss
2922507,1,UCAM,HRTS,HRTS,UCAM,Red,Papiteero,Sion,Sion,TOP,2,8.0,1.0,True,Win
2922507,1,UCAM,HRTS,HRTS,UCAM,Red,Daglas,Pantheon,Pantheon,JGL,3,9.0,1.0,True,Win
2922507,1,UCAM,HRTS,UCAM,HRTS,Blue,bluerzor,XinZhao,Xin Zhao,JGL,4,10.0,1.0,False,Loss
2922507,1,UCAM,HRTS,UCAM,HRTS,Blue,ESCIK,Anivia,Anivia,MID,5,11.0,1.0,False,Loss
2922507,1,UCAM,HRTS,HRTS,UCAM,Red,Mercy9,Ryze,Ryze,MID,6,12.0,1.0,True,Win
2922507,1,UCAM,HRTS,HRTS,UCAM,Red,Lure,Ezreal,Ezreal,BOT,7,17.0,2.0,True,Win
2922507,1,UCAM,HRTS,UCAM,HRTS,Blue,ANDARIEL,Yunara,Yunara,BOT,8,18.0,2.0,False,Loss
2922507,1,UCAM,HRTS,UCAM,HRTS,Blue,iLevi,Nautilus,Nautilus,SUP,9,19.0,2.0,False,Loss
2922507,1,UCAM,HRTS,HRTS,UCAM,Red,Batuuu,Rell,Rell,SUP,10,20.0,2.0,True,Win
2922507,2,HRTS,UCAM,HRTS,UCAM,Blue,Papiteero,Renekton,Jarvan IV,TOP,1,7.0,1.0,False,Loss
2922507,2,HRTS,UCAM,UCAM,HRTS,Red,Kozi,Gnar,Aurora,TOP,2,8.0,1.0,True,Win
2922507,2,HRTS,UCAM,UCAM,HRTS,Red,bluerzor,MonkeyKing,Wukong,JGL,3,9.0,1.0,True,Win
2922507,2,HRTS,UCAM,HRTS,UCAM,Blue,Daglas,JarvanIV,Ahri,JGL,4,10.0,1.0,False,Loss
2922507,2,HRTS,UCAM,HRTS,UCAM,Blue,Mercy9,Ahri,Varus,MID,5,11.0,1.0,False,Loss
2922507,2,HRTS,UCAM,UCAM,HRTS,Red,ESCIK,Aurora,Kalista,MID,6,12.0,1.0,True,Win
2922507,2,HRTS,UCAM,UCAM,HRTS,Red,ANDARIEL,Kalista,Neeko,BOT,7,17.0,2.0,True,Win
2922507,2,HRTS,UCAM,HRTS,UCAM,Blue,Lure,Varus,Nami,BOT,8,18.0,2.0,False,Loss
2922507,2,HRTS,UCAM,HRTS,UCAM,Blue,Batuuu,Nami,Renekton,SUP,9,19.0,2.0,False,Loss
2922507,2,HRTS,UCAM,UCAM,HRTS,Red,iLevi,Neeko,Gnar,SUP,10,20.0,2.0,True,Win
2922507,3,HRTS,UCAM,HRTS,UCAM,Blue,Papiteero,KSante,Ambessa,TOP,1,7.0,1.0,True,Win
2922507,3,HRTS,UCAM,UCAM,HRTS,Red,Kozi,Rumble,Rumble,TOP,2,8.0,1.0,False,Loss
2922507,3,HRTS,UCAM,UCAM,HRTS,Red,bluerzor,Nocturne,Nocturne,JGL,3,9.0,1.0,False,Loss
2922507,3,HRTS,UCAM,HRTS,UCAM,Blue,Daglas,Ambessa,K'Sante,JGL,4,10.0,1.0,True,Win
2922507,3,HRTS,UCAM,HRTS,UCAM,Blue,Mercy9,Akali,Bard,MID,5,11.0,1.0,True,Win
2922507,3,HRTS,UCAM,UCAM,HRTS,Red,ESCIK,Galio,Rakan,MID,6,12.0,1.0,False,Loss
2922507,3,HRTS,UCAM,UCAM,HRTS,Red,ANDARIEL,Corki,Corki,BOT,7,17.0,2.0,False,Loss
2922507,3,HRTS,UCAM,HRTS,UCAM,Blue,Lure,Zeri,Zeri,BOT,8,18.0,2.0,True,Win
2922507,3,HRTS,UCAM,HRTS,UCAM,Blue,Batuuu,Bard,Akali,SUP,9,19.0,2.0,True,Win
2922507,3,HRTS,UCAM,UCAM,HRTS,Red,iLevi,Rakan,Galio,SUP,10,20.0,2.0,False,Loss
2922516,1,BAR,UCAM,BAR,UCAM,Blue,selenex,Gnar,Gnar,TOP,1,7.0,1.0,True,Win
2922516,1,BAR,UCAM,UCAM,BAR,Red,Kozi,Ambessa,Ambessa,TOP,2,8.0,1.0,False,Loss
2922516,1,BAR,UCAM,UCAM,BAR,Red,bluerzor,Pantheon,Pantheon,JGL,3,9.0,1.0,False,Loss
2922516,1,BAR,UCAM,BAR,UCAM,Blue,KoIdo,JarvanIV,Jarvan IV,JGL,4,10.0,1.0,True,Win
2922516,1,BAR,UCAM,BAR,UCAM,Blue,Macaquinho,Syndra,Syndra,MID,5,11.0,1.0,True,Win
2922516,1,BAR,UCAM,UCAM,BAR,Red,ESCIK,Ryze,Ryze,MID,6,12.0,1.0,False,Loss
2922516,1,BAR,UCAM,UCAM,BAR,Red,ANDARIEL,Ezreal,Ezreal,BOT,7,17.0,2.0,False,Loss
2922516,1,BAR,UCAM,BAR,UCAM,Blue,Legolas,Corki,Corki,BOT,8,18.0,2.0,True,Win
2922516,1,BAR,UCAM,BAR,UCAM,Blue,Oscure,Nami,Nami,SUP,9,19.0,2.0,True,Win
2922516,1,BAR,UCAM,UCAM,BAR,Red,iLevi,Bard,Bard,SUP,10,20.0,2.0,False,Loss
2922516,2,UCAM,BAR,UCAM,BAR,Blue,Kozi,Sion,Sion,TOP,1,7.0,1.0,True,Win
2922516,2,UCAM,BAR,BAR,UCAM,Red,selenex,Rumble,Rumble,TOP,2,8.0,1.0,False,Loss
2922516,2,UCAM,BAR,BAR,UCAM,Red,KoIdo,Vi,Vi,JGL,3,9.0,1.0,False,Loss
2922516,2,UCAM,BAR,UCAM,BAR,Blue,bluerzor,XinZhao,Xin Zhao,JGL,4,10.0,1.0,True,Win
2922516,2,UCAM,BAR,UCAM,BAR,Blue,ESCIK,Leblanc,LeBlanc,MID,5,11.0,1.0,True,Win
2922516,2,UCAM,BAR,BAR,UCAM,Red,Macaquinho,Aurora,Aurora,MID,6,12.0,1.0,False,Loss
2922516,2,UCAM,BAR,BAR,UCAM,Red,Legolas,Sivir,Sivir,BOT,7,17.0,2.0,False,Loss
2922516,2,UCAM,BAR,UCAM,BAR,Blue,ANDARIEL,Ashe,Ashe,BOT,8,18.0,2.0,True,Win
2922516,2,UCAM,BAR,UCAM,BAR,Blue,iLevi,Seraphine,Seraphine,SUP,9,19.0,2.0,True,Win
2922516,2,UCAM,BAR,BAR,UCAM,Red,Oscure,Alistar,Alistar,SUP,10,20.0,2.0,False,Loss
2922516,3,BAR,UCAM,BAR,UCAM,Blue,selenex,Ornn,Ornn,TOP,1,7.0,1.0,True,Win
2922516,3,BAR,UCAM,UCAM,BAR,Red,Kozi,Jayce,Jayce,TOP,2,8.0,1.0,False,Loss
2922516,3,BAR,UCAM,UCAM,BAR,Red,bluerzor,MonkeyKing,Wukong,JGL,3,9.0,1.0,False,Loss
2922516,3,BAR,UCAM,BAR,UCAM,Blue,KoIdo,Aatrox,Aatrox,JGL,4,10.0,1.0,True,Win
2922516,3,BAR,UCAM,BAR,UCAM,Blue,Macaquinho,Annie,Annie,MID,5,11.0,1.0,True,Win
2922516,3,BAR,UCAM,UCAM,BAR,Red,ESCIK,Ahri,Ahri,MID,6,12.0,1.0,False,Loss
2922516,3,BAR,UCAM,UCAM,BAR,Red,ANDARIEL,Kaisa,Kai'Sa,BOT,7,17.0,2.0,False,Loss
2922516,3,BAR,UCAM,BAR,UCAM,Blue,Legolas,Yunara,Yunara,BOT,8,18.0,2.0,True,Win
2922516,3,BAR,UCAM,BAR,UCAM,Blue,Oscure,Rell,Rell,SUP,9,19.0,2.0,True,Win
2922516,3,BAR,UCAM,UCAM,BAR,Red,iLevi,Nautilus,Nautilus,SUP,10,20.0,2.0,False,Loss
2922522,1,GX,UCAM,GX,UCAM,Blue,ManoloGap,Rumble,Rumble,TOP,1,7.0,1.0,True,Win
2922522,1,GX,UCAM,UCAM,GX,Red,Kozi,Ambessa,Ambessa,TOP,2,8.0,1.0,False,Loss
2922522,1,GX,UCAM,UCAM,GX,Red,bluerzor,Nocturne,Nocturne,JGL,3,9.0,1.0,False,Loss
2922522,1,GX,UCAM,GX,UCAM,Blue,Th3Antonio,Zaahen,Zaahen,JGL,4,10.0,1.0,True,Win
2922522,1,GX,UCAM,GX,UCAM,Blue,Miniduke,Lissandra,Lissandra,MID,5,11.0,1.0,True,Win
2922522,1,GX,UCAM,UCAM,GX,Red,ESCIK,Leblanc,LeBlanc,MID,6,12.0,1.0,False,Loss
2922522,1,GX,UCAM,UCAM,GX,Red,ANDARIEL,Kalista,Kalista,BOT,7,17.0,2.0,False,Loss
2922522,1,GX,UCAM,GX,UCAM,Blue,Flakked,Ashe,Ashe,BOT,8,18.0,2.0,True,Win
2922522,1,GX,UCAM,GX,UCAM,Blue,Attila,Karma,Karma,SUP,9,19.0,2.0,True,Win
2922522,1,GX,UCAM,UCAM,GX,Red,iLevi,Renata,Renata Glasc,SUP,10,20.0,2.0,False,Loss
2922522,2,UCAM,GX,UCAM,GX,Blue,Kozi,Gwen,Gwen,TOP,1,7.0,1.0,True,Win
2922522,2,UCAM,GX,GX,UCAM,Red,ManoloGap,Sion,Sion,TOP,2,8.0,1.0,False,Loss
2922522,2,UCAM,GX,GX,UCAM,Red,Th3Antonio,XinZhao,Xin Zhao,JGL,3,9.0,1.0,False,Loss
2922522,2,UCAM,GX,UCAM,GX,Blue,bluerzor,JarvanIV,Jarvan IV,JGL,4,10.0,1.0,True,Win
2922522,2,UCAM,GX,UCAM,GX,Blue,ESCIK,Viktor,Viktor,MID,5,11.0,1.0,True,Win
2922522,2,UCAM,GX,GX,UCAM,Red,Miniduke,Aurora,Aurora,MID,6,12.0,1.0,False,Loss
2922522,2,UCAM,GX,GX,UCAM,Red,Flakked,Ezreal,Ezreal,BOT,7,17.0,2.0,False,Loss
2922522,2,UCAM,GX,UCAM,GX,Blue,ANDARIEL,Kaisa,Kai'Sa,BOT,8,18.0,2.0,True,Win
2922522,2,UCAM,GX,UCAM,GX,Blue,iLevi,Neeko,Neeko,SUP,9,19.0,2.0,True,Win
2922522,2,UCAM,GX,GX,UCAM,Red,Attila,Soraka,Soraka,SUP,10,20.0,2.0,False,Loss
2922522,3,GX,UCAM,GX,UCAM,Blue,ManoloGap,Ornn,Ornn,TOP,1,7.0,1.0,False,Loss
2922522,3,GX,UCAM,UCAM,GX,Red,Kozi,Gnar,Gnar,TOP,2,8.0,1.0,True,Win
2922522,3,GX,UCAM,UCAM,GX,Red,bluerzor,MonkeyKing,Wukong,JGL,3,9.0,1.0,True,Win
2922522,3,GX,UCAM,GX,UCAM,Blue,Th3Antonio,Skarner,Skarner,JGL,4,10.0,1.0,False,Loss
2922522,3,GX,UCAM,GX,UCAM,Blue,Miniduke,Anivia,Anivia,MID,5,11.0,1.0,False,Loss
2922522,3,GX,UCAM,UCAM,GX,Red,ESCIK,Hwei,Hwei,MID,6,12.0,1.0,True,Win
2922522,3,GX,UCAM,UCAM,GX,Red,ANDARIEL,Xayah,Xayah,BOT,7,17.0,2.0,True,Win
2922522,3,GX,UCAM,GX,UCAM,Blue,Flakked,Yunara,Yunara,BOT,8,18.0,2.0,False,Loss
2922522,3,GX,UCAM,GX,UCAM,Blue,Attila,Lulu,Lulu,SUP,9,19.0,2.0,False,Loss
2922522,3,GX,UCAM,UCAM,GX,Red,iLevi,Rakan,Rakan,SUP,10,20.0,2.0,True,Win
2922527,1,UB,UCAM,UB,UCAM,Blue,Pasamelcelo,Rumble,Rumble,TOP,1,7.0,1.0,False,Loss
2922527,1,UB,UCAM,UCAM,UB,Red,Kozi,Ambessa,Ambessa,TOP,2,8.0,1.0,True,Win
2922527,1,UB,UCAM,UCAM,UB,Red,bluerzor,Pantheon,Pantheon,JGL,3,9.0,1.0,True,Win
2922527,1,UB,UCAM,UB,UCAM,Blue,Ivama,JarvanIV,Jarvan IV,JGL,4,10.0,1.0,False,Loss
2922527,1,UB,UCAM,UB,UCAM,Blue,Pauporter,Aurora,Bard,MID,5,11.0,1.0,False,Loss
2922527,1,UB,UCAM,UCAM,UB,Red,ESCIK,Leblanc,Ezreal,MID,6,12.0,1.0,True,Win
2922527,1,UB,UCAM,UCAM,UB,Red,ANDARIEL,Ezreal,Nautilus,BOT,7,17.0,2.0,True,Win
2922527,1,UB,UCAM,UB,UCAM,Blue,adrianlanei,Xayah,Xayah,BOT,8,18.0,2.0,False,Loss
2922527,1,UB,UCAM,UB,UCAM,Blue,Kellie,Bard,Aurora,SUP,9,19.0,2.0,False,Loss
2922527,1,UB,UCAM,UCAM,UB,Red,iLevi,Nautilus,LeBlanc,SUP,10,20.0,2.0,True,Win
2922527,2,UB,UCAM,UB,UCAM,Blue,Pasamelcelo,Sion,Sion,TOP,1,7.0,1.0,False,Loss
2922527,2,UB,UCAM,UCAM,UB,Red,Kozi,Jayce,Jayce,TOP,2,8.0,1.0,True,Win
2922527,2,UB,UCAM,UCAM,UB,Red,bluerzor,XinZhao,Xin Zhao,JGL,3,9.0,1.0,True,Win
2922527,2,UB,UCAM,UB,UCAM,Blue,Ivama,Aatrox,Aatrox,JGL,4,10.0,1.0,False,Loss
2922527,2,UB,UCAM,UB,UCAM,Blue,Pauporter,Ryze,Ryze,MID,5,11.0,1.0,False,Loss
2922527,2,UB,UCAM,UCAM,UB,Red,ESCIK,Anivia,Anivia,MID,6,12.0,1.0,True,Win
2922527,2,UB,UCAM,UCAM,UB,Red,ANDARIEL,Kalista,Kalista,BOT,7,17.0,2.0,True,Win
2922527,2,UB,UCAM,UB,UCAM,Blue,adrianlanei,Ziggs,Ziggs,BOT,8,18.0,2.0,False,Loss
2922527,2,UB,UCAM,UB,UCAM,Blue,Kellie,Maokai,Maokai,SUP,9,19.0,2.0,False,Loss
2922527,2,UB,UCAM,UCAM,UB,Red,iLevi,Leona,Leona,SUP,10,20.0,2.0,True,Win
2922531,1,LUA,UCAM,LUA,UCAM,Blue,Dani,Sion,Xin Zhao,TOP,1,7.0,1.0,False,Loss
2922531,1,LUA,UCAM,UCAM,LUA,Red,Kozi,Ambessa,Jarvan IV,TOP,2,8.0,1.0,True,Win
2922531,1,LUA,UCAM,UCAM,LUA,Red,bluerzor,JarvanIV,Ezreal,JGL,3,9.0,1.0,True,Win
2922531,1,LUA,UCAM,LUA,UCAM,Blue,Pegaso,XinZhao,Caitlyn,JGL,4,10.0,1.0,False,Loss
2922531,1,LUA,UCAM,LUA,UCAM,Blue,Hydra,Syndra,Karma,MID,5,11.0,1.0,False,Loss
2922531,1,LUA,UCAM,UCAM,LUA,Red,ESCIK,Annie,Nautilus,MID,6,12.0,1.0,True,Win
2922531,1,LUA,UCAM,UCAM,LUA,Red,ANDARIEL,Ezreal,Annie,BOT,7,17.0,2.0,True,Win
2922531,1,LUA,UCAM,LUA,UCAM,Blue,Kaii1,Caitlyn,Syndra,BOT,8,18.0,2.0,False,Loss
2922531,1,LUA,UCAM,LUA,UCAM,Blue,TIMR,Karma,Sion,SUP,9,19.0,2.0,False,Loss
2922531,1,LUA,UCAM,UCAM,LUA,Red,iLevi,Nautilus,Ambessa,SUP,10,20.0,2.0,True,Win
2922531,2,LUA,UCAM,LUA,UCAM,Blue,Dani,Ornn,Ornn,TOP,1,7.0,1.0,False,Loss
2922531,2,LUA,UCAM,UCAM,LUA,Red,Kozi,Rumble,Rumble,TOP,2,8.0,1.0,True,Win
2922531,2,LUA,UCAM,UCAM,LUA,Red,bluerzor,Vi,Vi,JGL,3,9.0,1.0,True,Win
2922531,2,LUA,UCAM,LUA,UCAM,Blue,Pegaso,Naafiri,Naafiri,JGL,4,10.0,1.0,False,Loss
2922531,2,LUA,UCAM,LUA,UCAM,Blue,Hydra,Viktor,Viktor,MID,5,11.0,1.0,False,Loss
2922531,2,LUA,UCAM,UCAM,LUA,Red,ESCIK,Orianna,Orianna,MID,6,12.0,1.0,True,Win
2922531,2,LUA,UCAM,UCAM,LUA,Red,ANDARIEL,Ashe,Ashe,BOT,7,17.0,2.0,True,Win
2922531,2,LUA,UCAM,LUA,UCAM,Blue,Kaii1,Lucian,Lucian,BOT,8,18.0,2.0,False,Loss
2922531,2,LUA,UCAM,LUA,UCAM,Blue,TIMR,Milio,Milio,SUP,9,19.0,2.0,False,Loss
2922531,2,LUA,UCAM,UCAM,LUA,Red,iLevi,Seraphine,Seraphine,SUP,10,20.0,2.0,True,Win
2922536,1,UCAM,MKF,UCAM,MKF,Blue,Kozi,Yorick,Yorick,TOP,1,7.0,1.0,True,Win
2922536,1,UCAM,MKF,MKF,UCAM,Red,NightSlayer,Jayce,Jayce,TOP,2,8.0,1.0,False,Loss
2922536,1,UCAM,MKF,MKF,UCAM,Red,Time,JarvanIV,Jarvan IV,JGL,3,9.0,1.0,False,Loss
2922536,1,UCAM,MKF,UCAM,MKF,Blue,bluerzor,XinZhao,Xin Zhao,JGL,4,10.0,1.0,True,Win
2922536,1,UCAM,MKF,UCAM,MKF,Blue,ESCIK,Viktor,Viktor,MID,5,11.0,1.0,True,Win
2922536,1,UCAM,MKF,MKF,UCAM,Red,Fresskowy,Sylas,Sylas,MID,6,12.0,1.0,False,Loss
2922536,1,UCAM,MKF,MKF,UCAM,Red,13,Ezreal,Ezreal,BOT,7,17.0,2.0,False,Loss
2922536,1,UCAM,MKF,UCAM,MKF,Blue,ANDARIEL,Ashe,Ashe,BOT,8,18.0,2.0,True,Win
2922536,1,UCAM,MKF,UCAM,MKF,Blue,iLevi,Seraphine,Seraphine,SUP,9,19.0,2.0,True,Win
2922536,1,UCAM,MKF,MKF,UCAM,Red,Myrtus,Karma,Karma,SUP,10,20.0,2.0,False,Loss
2922536,2,MKF,UCAM,MKF,UCAM,Blue,NightSlayer,Gnar,Vi,TOP,1,7.0,1.0,True,Win
2922536,2,MKF,UCAM,UCAM,MKF,Red,Kozi,Sion,Lucian,TOP,2,8.0,1.0,False,Loss
2922536,2,MKF,UCAM,UCAM,MKF,Red,bluerzor,MonkeyKing,Milio,JGL,3,9.0,1.0,False,Loss
2922536,2,MKF,UCAM,MKF,UCAM,Blue,Time,Vi,Lulu,JGL,4,10.0,1.0,True,Win
2922536,2,MKF,UCAM,MKF,UCAM,Blue,Fresskowy,Taliyah,Yunara,MID,5,11.0,1.0,True,Win
2922536,2,MKF,UCAM,UCAM,MKF,Red,ESCIK,Annie,Wukong,MID,6,12.0,1.0,False,Loss
2922536,2,MKF,UCAM,UCAM,MKF,Red,ANDARIEL,Lucian,Annie,BOT,7,17.0,2.0,False,Loss
2922536,2,MKF,UCAM,MKF,UCAM,Blue,13,Yunara,Gnar,BOT,8,18.0,2.0,True,Win
2922536,2,MKF,UCAM,MKF,UCAM,Blue,Myrtus,Lulu,Taliyah,SUP,9,19.0,2.0,True,Win
2922536,2,MKF,UCAM,UCAM,MKF,Red,iLevi,Milio,Sion,SUP,10,20.0,2.0,False,Loss
2922536,3,UCAM,MKF,UCAM,MKF,Blue,Kozi,Rumble,Pantheon,TOP,1,7.0,1.0,False,Loss
2922536,3,UCAM,MKF,MKF,UCAM,Red,NightSlayer,Ambessa,Sejuani,TOP,2,8.0,1.0,True,Win
2922536,3,UCAM,MKF,MKF,UCAM,Red,Time,Sejuani,Anivia,JGL,3,9.0,1.0,True,Win
2922536,3,UCAM,MKF,UCAM,MKF,Blue,bluerzor,Pantheon,Rumble,JGL,4,10.0,1.0,False,Loss
2922536,3,UCAM,MKF,UCAM,MKF,Blue,ESCIK,Leblanc,Jhin,MID,5,11.0,1.0,False,Loss
2922536,3,UCAM,MKF,MKF,UCAM,Red,Fresskowy,Anivia,Ambessa,MID,6,12.0,1.0,True,Win
2922536,3,UCAM,MKF,MKF,UCAM,Red,13,Zeri,Zeri,BOT,7,17.0,2.0,True,Win
2922536,3,UCAM,MKF,UCAM,MKF,Blue,ANDARIEL,Jhin,Rell,BOT,8,18.0,2.0,False,Loss
2922536,3,UCAM,MKF,UCAM,MKF,Blue,iLevi,Rell,LeBlanc,SUP,9,19.0,2.0,False,Loss
2922536,3,UCAM,MKF,MKF,UCAM,Red,Myrtus,Yuumi,Yuumi,SUP,10,20.0,2.0,True,Win
2922538,1,MKF,UCAM,MKF,UCAM,Blue,NightSlayer,Sion,Sion,TOP,1,7.0,1.0,True,Win
2922538,1,MKF,UCAM,UCAM,MKF,Red,Kozi,Rumble,Rumble,TOP,2,8.0,1.0,False,Loss
2922538,1,MKF,UCAM,UCAM,MKF,Red,bluerzor,Pantheon,Pantheon,JGL,3,9.0,1.0,False,Loss
2922538,1,MKF,UCAM,MKF,UCAM,Blue,Time,MonkeyKing,Wukong,JGL,4,10.0,1.0,True,Win
2922538,1,MKF,UCAM,MKF,UCAM,Blue,Fresskowy,Viktor,Viktor,MID,5,11.0,1.0,True,Win
2922538,1,MKF,UCAM,UCAM,MKF,Red,ESCIK,Orianna,Orianna,MID,6,12.0,1.0,False,Loss
2922538,1,MKF,UCAM,UCAM,MKF,Red,ANDARIEL,Kalista,Kalista,BOT,7,17.0,2.0,False,Loss
2922538,1,MKF,UCAM,MKF,UCAM,Blue,13,Lucian,Lucian,BOT,8,18.0,2.0,True,Win
2922538,1,MKF,UCAM,MKF,UCAM,Blue,Myrtus,Milio,Milio,SUP,9,19.0,2.0,True,Win
2922538,1,MKF,UCAM,UCAM,MKF,Red,iLevi,Renata,Renata Glasc,SUP,10,20.0,2.0,False,Loss
2922538,2,UCAM,MKF,UCAM,MKF,Blue,Kozi,Vayne,Vayne,TOP,1,7.0,1.0,True,Win
2922538,2,UCAM,MKF,MKF,UCAM,Red,NightSlayer,Gnar,Gnar,TOP,2,8.0,1.0,False,Loss
2922538,2,UCAM,MKF,MKF,UCAM,Red,Time,Skarner,Skarner,JGL,3,9.0,1.0,False,Loss
2922538,2,UCAM,MKF,UCAM,MKF,Blue,bluerzor,XinZhao,Xin Zhao,JGL,4,10.0,1.0,True,Win
2922538,2,UCAM,MKF,UCAM,MKF,Blue,ESCIK,Hwei,Hwei,MID,5,11.0,1.0,True,Win
2922538,2,UCAM,MKF,MKF,UCAM,Red,Fresskowy,Akali,Akali,MID,6,12.0,1.0,False,Loss
2922538,2,UCAM,MKF,MKF,UCAM,Red,13,Ashe,Ashe,BOT,7,17.0,2.0,False,Loss
2922538,2,UCAM,MKF,UCAM,MKF,Blue,ANDARIEL,Jhin,Jhin,BOT,8,18.0,2.0,True,Win
2922538,2,UCAM,MKF,UCAM,MKF,Blue,iLevi,Leona,Leona,SUP,9,19.0,2.0,True,Win
2922538,2,UCAM,MKF,MKF,UCAM,Red,Myrtus,Seraphine,Seraphine,SUP,10,20.0,2.0,False,Loss
2922538,3,MKF,UCAM,MKF,UCAM,Blue,NightSlayer,Aurora,Aurora,TOP,1,7.0,1.0,False,Loss
2922538,3,MKF,UCAM,UCAM,MKF,Red,Kozi,Renekton,Renekton,TOP,2,8.0,1.0,True,Win
2922538,3,MKF,UCAM,UCAM,MKF,Red,bluerzor,Sejuani,Sejuani,JGL,3,9.0,1.0,True,Win
2922538,3,MKF,UCAM,MKF,UCAM,Blue,Time,Vi,Vi,JGL,4,10.0,1.0,False,Loss
2922538,3,MKF,UCAM,MKF,UCAM,Blue,Fresskowy,Taliyah,Taliyah,MID,5,11.0,1.0,False,Loss
2922538,3,MKF,UCAM,UCAM,MKF,Red,ESCIK,Anivia,Anivia,MID,6,12.0,1.0,True,Win
2922538,3,MKF,UCAM,UCAM,MKF,Red,ANDARIEL,Xayah,Xayah,BOT,7,17.0,2.0,True,Win
2922538,3,MKF,UCAM,MKF,UCAM,Blue,13,Jinx,Jinx,BOT,8,18.0,2.0,False,Loss
2922538,3,MKF,UCAM,MKF,UCAM,Blue,Myrtus,Lulu,Lulu,SUP,9,19.0,2.0,False,Loss
2922538,3,MKF,UCAM,UCAM,MKF,Red,iLevi,Rakan,Rakan,SUP,10,20.0,2.0,True,Win
2922538,4,MKF,UCAM,MKF,UCAM,Blue,NightSlayer,Zaahen,Zaahen,TOP,1,7.0,1.0,True,Win
2922538,4,MKF,UCAM,UCAM,MKF,Red,Kozi,Olaf,Olaf,TOP,2,8.0,1.0,False,Loss
2922538,4,MKF,UCAM,UCAM,MKF,Red,bluerzor,JarvanIV,Jarvan IV,JGL,3,9.0,1.0,False,Loss
2922538,4,MKF,UCAM,MKF,UCAM,Blue,Time,Poppy,Poppy,JGL,4,10.0,1.0,True,Win
2922538,4,MKF,UCAM,MKF,UCAM,Blue,Fresskowy,Cassiopeia,Cassiopeia,MID,5,11.0,1.0,True,Win
2922538,4,MKF,UCAM,UCAM,MKF,Red,ESCIK,Leblanc,LeBlanc,MID,6,12.0,1.0,False,Loss
2922538,4,MKF,UCAM,UCAM,MKF,Red,ANDARIEL,Senna,Senna,BOT,7,17.0,2.0,False,Loss
2922538,4,MKF,UCAM,MKF,UCAM,Blue,13,Smolder,Smolder,BOT,8,18.0,2.0,True,Win
2922538,4,MKF,UCAM,MKF,UCAM,Blue,Myrtus,Rell,Rell,SUP,9,19.0,2.0,True,Win
2922538,4,MKF,UCAM,UCAM,MKF,Red,iLevi,Nautilus,Nautilus,SUP,10,20.0,2.0,False,Loss
2922538,5,UCAM,MKF,UCAM,MKF,Blue,Kozi,KSante,K'Sante,TOP,1,7.0,1.0,True,Win
2922538,5,UCAM,MKF,MKF,UCAM,Red,NightSlayer,Ambessa,Ambessa,TOP,2,8.0,1.0,False,Loss
2922538,5,UCAM,MKF,MKF,UCAM,Red,Time,Kindred,Kindred,JGL,3,9.0,1.0,False,Loss
2922538,5,UCAM,MKF,UCAM,MKF,Blue,bluerzor,Trundle,Trundle,JGL,4,10.0,1.0,True,Win
2922538,5,UCAM,MKF,UCAM,MKF,Blue,ESCIK,Tristana,Tristana,MID,5,11.0,1.0,True,Win
2922538,5,UCAM,MKF,MKF,UCAM,Red,Fresskowy,Ryze,Ryze,MID,6,12.0,1.0,False,Loss
2922538,5,UCAM,MKF,MKF,UCAM,Red,13,Sivir,Sivir,BOT,7,17.0,2.0,False,Loss
2922538,5,UCAM,MKF,UCAM,MKF,Blue,ANDARIEL,Kaisa,Kai'Sa,BOT,8,18.0,2.0,True,Win
2922538,5,UCAM,MKF,UCAM,MKF,Blue,iLevi,Neeko,Neeko,SUP,9,19.0,2.0,True,Win
2922538,5,UCAM,MKF,MKF,UCAM,Red,Myrtus,Alistar,Alistar,SUP,10,20.0,2.0,False,Loss
2922541,1,HRTS,UCAM,HRTS,UCAM,Blue,Papiteero,Rumble,Rumble,TOP,1,7.0,1.0,True,Win
2922541,1,HRTS,UCAM,UCAM,HRTS,Red,Kozi,Ambessa,Ambessa,TOP,2,8.0,1.0,False,Loss
2922541,1,HRTS,UCAM,UCAM,HRTS,Red,bluerzor,JarvanIV,Jarvan IV,JGL,3,9.0,1.0,False,Loss
2922541,1,HRTS,UCAM,HRTS,UCAM,Blue,Lurox,LeeSin,Lee Sin,JGL,4,10.0,1.0,True,Win
2922541,1,HRTS,UCAM,HRTS,UCAM,Blue,Mercy9,Yone,Yone,MID,5,11.0,1.0,True,Win
2922541,1,HRTS,UCAM,UCAM,HRTS,Red,ESCIK,Viktor,Viktor,MID,6,12.0,1.0,False,Loss
2922541,1,HRTS,UCAM,UCAM,HRTS,Red,ANDARIEL,Jhin,Jhin,BOT,7,17.0,2.0,False,Loss
2922541,1,HRTS,UCAM,HRTS,UCAM,Blue,Lure,Caitlyn,Caitlyn,BOT,8,18.0,2.0,True,Win
2922541,1,HRTS,UCAM,HRTS,UCAM,Blue,Batuuu,Elise,Elise,SUP,9,19.0,2.0,True,Win
2922541,1,HRTS,UCAM,UCAM,HRTS,Red,iLevi,Bard,Bard,SUP,10,20.0,2.0,False,Loss
2922541,2,UCAM,HRTS,UCAM,HRTS,Blue,Kozi,Renekton,Renekton,TOP,1,7.0,1.0,False,Loss
2922541,2,UCAM,HRTS,HRTS,UCAM,Red,Papiteero,Gnar,Gnar,TOP,2,8.0,1.0,True,Win
2922541,2,UCAM,HRTS,HRTS,UCAM,Red,Lurox,Nocturne,Nocturne,JGL,3,9.0,1.0,True,Win
2922541,2,UCAM,HRTS,UCAM,HRTS,Blue,bluerzor,XinZhao,Xin Zhao,JGL,4,10.0,1.0,False,Loss
2922541,2,UCAM,HRTS,UCAM,HRTS,Blue,ESCIK,Hwei,Hwei,MID,5,11.0,1.0,False,Loss
2922541,2,UCAM,HRTS,HRTS,UCAM,Red,Mercy9,Cassiopeia,Cassiopeia,MID,6,12.0,1.0,True,Win
2922541,2,UCAM,HRTS,HRTS,UCAM,Red,Lure,MissFortune,Miss Fortune,BOT,7,17.0,2.0,True,Win
2922541,2,UCAM,HRTS,UCAM,HRTS,Blue,ANDARIEL,Ezreal,Ezreal,BOT,8,18.0,2.0,False,Loss
2922541,2,UCAM,HRTS,UCAM,HRTS,Blue,iLevi,Seraphine,Seraphine,SUP,9,19.0,2.0,False,Loss
2922541,2,UCAM,HRTS,HRTS,UCAM,Red,Batuuu,Neeko,Neeko,SUP,10,20.0,2.0,True,Win
2922541,3,UCAM,HRTS,UCAM,HRTS,Blue,Kozi,Fiora,Fiora,TOP,1,7.0,1.0,True,Win
2922541,3,UCAM,HRTS,HRTS,UCAM,Red,Papiteero,KSante,K'Sante,TOP,2,8.0,1.0,False,Loss
2922541,3,UCAM,HRTS,HRTS,UCAM,Red,Lurox,Aatrox,Aatrox,JGL,3,9.0,1.0,False,Loss
2922541,3,UCAM,HRTS,UCAM,HRTS,Blue,bluerzor,MonkeyKing,Wukong,JGL,4,10.0,1.0,True,Win
2922541,3,UCAM,HRTS,UCAM,HRTS,Blue,ESCIK,Ryze,Ryze,MID,5,11.0,1.0,True,Win
2922541,3,UCAM,HRTS,HRTS,UCAM,Red,Mercy9,Taliyah,Taliyah,MID,6,12.0,1.0,False,Loss
2922541,3,UCAM,HRTS,HRTS,UCAM,Red,Lure,Lucian,Lucian,BOT,7,17.0,2.0,False,Loss
2922541,3,UCAM,HRTS,UCAM,HRTS,Blue,ANDARIEL,Senna,Senna,BOT,8,18.0,2.0,True,Win
2922541,3,UCAM,HRTS,UCAM,HRTS,Blue,iLevi,Nautilus,Nautilus,SUP,9,19.0,2.0,True,Win
2922541,3,UCAM,HRTS,HRTS,UCAM,Red,Batuuu,Milio,Milio,SUP,10,20.0,2.0,False,Loss
2922541,4,HRTS,UCAM,HRTS,UCAM,Blue,Papiteero,Shen,Shen,TOP,1,7.0,1.0,True,Win
2922541,4,HRTS,UCAM,UCAM,HRTS,Red,Kozi,Jax,Jax,TOP,2,8.0,1.0,False,Loss
2922541,4,HRTS,UCAM,UCAM,HRTS,Red,bluerzor,Vi,Vi,JGL,3,9.0,1.0,False,Loss
2922541,4,HRTS,UCAM,HRTS,UCAM,Blue,Lurox,Pantheon,Pantheon,JGL,4,10.0,1.0,True,Win
2922541,4,HRTS,UCAM,HRTS,UCAM,Blue,Mercy9,Ahri,Ahri,MID,5,11.0,1.0,True,Win
2922541,4,HRTS,UCAM,UCAM,HRTS,Red,ESCIK,Sylas,Sylas,MID,6,12.0,1.0,False,Loss
2922541,4,HRTS,UCAM,UCAM,HRTS,Red,ANDARIEL,Kalista,Kalista,BOT,7,17.0,2.0,False,Loss
2922541,4,HRTS,UCAM,HRTS,UCAM,Blue,Lure,Ashe,Ashe,BOT,8,18.0,2.0,True,Win
2922541,4,HRTS,UCAM,HRTS,UCAM,Blue,Batuuu,Soraka,Soraka,SUP,9,19.0,2.0,True,Win
2922541,4,HRTS,UCAM,UCAM,HRTS,Red,iLevi,Renata,Renata Glasc,SUP,10,20.0,2.0,False,Loss
2930381,1,MISA,OZO,MISA,OZO,Blue,Ragner,Sion,Ashe,TOP,1,7.0,1.0,True,Win
2930381,1,MISA,OZO,OZO,MISA,Red,StarScreen,Ambessa,Seraphine,TOP,2,8.0,1.0,False,Loss
2930381,1,MISA,OZO,OZO,MISA,Red,CAPE,Aatrox,Ezreal,JGL,3,9.0,1.0,False,Loss
2930381,1,MISA,OZO,MISA,OZO,Blue,113,Qiyana,Ryze,JGL,4,10.0,1.0,True,Win
2930381,1,MISA,OZO,MISA,OZO,Blue,SlowQ,Ryze,Anivia,MID,5,11.0,1.0,True,Win
2930381,1,MISA,OZO,OZO,MISA,Red,Fade,Azir,Azir,MID,6,12.0,1.0,False,Loss
2930381,1,MISA,OZO,OZO,MISA,Red,Grave,Ezreal,Aatrox,BOT,7,17.0,2.0,False,Loss
2930381,1,MISA,OZO,MISA,OZO,Blue,Hype,Ashe,Sion,BOT,8,18.0,2.0,True,Win
2930381,1,MISA,OZO,MISA,OZO,Blue,Stend,Anivia,Qiyana,SUP,9,19.0,2.0,True,Win
2930381,1,MISA,OZO,OZO,MISA,Red,monkaS,Seraphine,Ambessa,SUP,10,20.0,2.0,False,Loss
2930381,2,MISA,OZO,MISA,OZO,Blue,Ragner,Gragas,Yunara,TOP,1,7.0,1.0,True,Win
2930381,2,MISA,OZO,OZO,MISA,Red,StarScreen,Renekton,Lulu,TOP,2,8.0,1.0,False,Loss
2930381,2,MISA,OZO,OZO,MISA,Red,CAPE,XinZhao,Xin Zhao,JGL,3,9.0,1.0,False,Loss
2930381,2,MISA,OZO,MISA,OZO,Blue,113,Pantheon,Pantheon,JGL,4,10.0,1.0,True,Win
2930381,2,MISA,OZO,MISA,OZO,Blue,SlowQ,Ahri,Bard,MID,5,11.0,1.0,True,Win
2930381,2,MISA,OZO,OZO,MISA,Red,Fade,Sylas,Kalista,MID,6,12.0,1.0,False,Loss
2930381,2,MISA,OZO,OZO,MISA,Red,Grave,Kalista,Renekton,BOT,7,17.0,2.0,False,Loss
2930381,2,MISA,OZO,MISA,OZO,Blue,Hype,Yunara,Gragas,BOT,8,18.0,2.0,True,Win
2930381,2,MISA,OZO,MISA,OZO,Blue,Stend,Bard,Ahri,SUP,9,19.0,2.0,True,Win
2930381,2,MISA,OZO,OZO,MISA,Red,monkaS,Lulu,Sylas,SUP,10,20.0,2.0,False,Loss
2930389,1,MISA,PHX,MISA,PHX,Blue,Ragner,Malphite,Nidalee,TOP,1,7.0,1.0,True,Win
2930389,1,MISA,PHX,PHX,MISA,Red,Hecabrand,Sion,Naafiri,TOP,2,8.0,1.0,False,Loss
2930389,1,MISA,PHX,PHX,MISA,Red,meto,Naafiri,Ezreal,JGL,3,9.0,1.0,False,Loss
2930389,1,MISA,PHX,MISA,PHX,Blue,113,Diana,Draven,JGL,4,10.0,1.0,True,Win
2930389,1,MISA,PHX,MISA,PHX,Blue,SlowQ,Yasuo,Yasuo,MID,5,11.0,1.0,True,Win
2930389,1,MISA,PHX,PHX,MISA,Red,SmallBugi,Leblanc,Karma,MID,6,12.0,1.0,False,Loss
2930389,1,MISA,PHX,PHX,MISA,Red,Raen1,Ezreal,LeBlanc,BOT,7,17.0,2.0,False,Loss
2930389,1,MISA,PHX,MISA,PHX,Blue,Hype,Draven,Diana,BOT,8,18.0,2.0,True,Win
2930389,1,MISA,PHX,MISA,PHX,Blue,Stend,Nidalee,Malphite,SUP,9,19.0,2.0,True,Win
2930389,1,MISA,PHX,PHX,MISA,Red,Bmoooo,Karma,Sion,SUP,10,20.0,2.0,False,Loss
2930389,2,MISA,PHX,MISA,PHX,Blue,Ragner,Varus,Varus,TOP,1,7.0,1.0,True,Win
2930389,2,MISA,PHX,PHX,MISA,Red,Hecabrand,Urgot,Bard,TOP,2,8.0,1.0,False,Loss
2930389,2,MISA,PHX,PHX,MISA,Red,meto,XinZhao,Xin Zhao,JGL,3,9.0,1.0,False,Loss
2930389,2,MISA,PHX,MISA,PHX,Blue,113,Neeko,Fiddlesticks,JGL,4,10.0,1.0,True,Win
2930389,2,MISA,PHX,MISA,PHX,Blue,SlowQ,Vayne,Neeko,MID,5,11.0,1.0,True,Win
2930389,2,MISA,PHX,PHX,MISA,Red,SmallBugi,Galio,Galio,MID,6,12.0,1.0,False,Loss
2930389,2,MISA,PHX,PHX,MISA,Red,Raen1,MissFortune,Miss Fortune,BOT,7,17.0,2.0,False,Loss
2930389,2,MISA,PHX,MISA,PHX,Blue,Hype,Zeri,Vayne,BOT,8,18.0,2.0,True,Win
2930389,2,MISA,PHX,MISA,PHX,Blue,Stend,FiddleSticks,Zeri,SUP,9,19.0,2.0,True,Win
2930389,2,MISA,PHX,PHX,MISA,Red,Bmoooo,Bard,Urgot,SUP,10,20.0,2.0,False,Loss
2930396,1,SU,MISA,SU,MISA,Blue,Leks,Ambessa,Pantheon,TOP,1,7.0,1.0,False,Loss
2930396,1,SU,MISA,MISA,SU,Red,Ragner,Sion,Varus,TOP,2,8.0,1.0,True,Win
2930396,1,SU,MISA,MISA,SU,Red,113,XinZhao,Xin Zhao,JGL,3,9.0,1.0,True,Win
2930396,1,SU,MISA,SU,MISA,Blue,RAMES,Pantheon,Sivir,JGL,4,10.0,1.0,False,Loss
2930396,1,SU,MISA,SU,MISA,Blue,Secrett,Ahri,Lulu,MID,5,11.0,1.0,False,Loss
2930396,1,SU,MISA,MISA,SU,Red,Kofte,Aurora,Neeko,MID,6,12.0,1.0,True,Win
2930396,1,SU,MISA,MISA,SU,Red,Ruep,Varus,Sion,BOT,7,17.0,2.0,True,Win
2930396,1,SU,MISA,SU,MISA,Blue,Vespa,Sivir,Ambessa,BOT,8,18.0,2.0,False,Loss
2930396,1,SU,MISA,SU,MISA,Blue,Seneca,Lulu,Ahri,SUP,9,19.0,2.0,False,Loss
2930396,1,SU,MISA,MISA,SU,Red,Carry,Neeko,Aurora,SUP,10,20.0,2.0,True,Win
2930396,2,SU,MISA,SU,MISA,Blue,Leks,Rumble,Rumble,TOP,1,7.0,1.0,False,Loss
2930396,2,SU,MISA,MISA,SU,Red,Ragner,Galio,Galio,TOP,2,8.0,1.0,False,Loss
2930396,2,SU,MISA,MISA,SU,Red,113,Qiyana,Qiyana,JGL,3,9.0,1.0,False,Loss
2930396,2,SU,MISA,SU,MISA,Blue,RAMES,JarvanIV,Jarvan IV,JGL,4,10.0,1.0,False,Loss
2930396,2,SU,MISA,SU,MISA,Blue,Secrett,Syndra,Syndra,MID,5,11.0,1.0,False,Loss
2930396,2,SU,MISA,MISA,SU,Red,Kofte,Leblanc,LeBlanc,MID,6,12.0,1.0,False,Loss
2930396,2,SU,MISA,MISA,SU,Red,Ruep,Corki,Corki,BOT,7,17.0,2.0,False,Loss
2930396,2,SU,MISA,SU,MISA,Blue,Vespa,Xayah,Xayah,BOT,8,18.0,2.0,False,Loss
2930396,2,SU,MISA,SU,MISA,Blue,Seneca,Nautilus,Nautilus,SUP,9,19.0,2.0,False,Loss
2930396,2,SU,MISA,MISA,SU,Red,Carry,Leona,Leona,SUP,10,20.0,2.0,False,Loss
2930396,3,SU,MISA,SU,MISA,Blue,Leks,Rumble,Rumble,TOP,1,,,False,Loss
2930396,3,SU,MISA,SU,MISA,Blue,RAMES,JarvanIV,JarvanIV,JGL,2,,,False,Loss
2930396,3,SU,MISA,SU,MISA,Blue,Secrett,Syndra,Syndra,MID,3,,,False,Loss
2930396,3,SU,MISA,SU,MISA,Blue,Vespa,Xayah,Xayah,BOT,4,,,False,Loss
2930396,3,SU,MISA,SU,MISA,Blue,Seneca,Nautilus,Nautilus,SUP,5,,,False,Loss
2930396,3,SU,MISA,MISA,SU,Red,Ragner,Galio,Galio,TOP,6,,,True,Win
2930396,3,SU,MISA,MISA,SU,Red,113,Qiyana,Qiyana,JGL,7,,,True,Win
2930396,3,SU,MISA,MISA,SU,Red,Kofte,Leblanc,Leblanc,MID,8,,,True,Win
2930396,3,SU,MISA,MISA,SU,Red,Ruep,Corki,Corki,BOT,9,,,True,Win
2930396,3,SU,MISA,MISA,SU,Red,Carry,Leona,Leona,SUP,10,,,True,Win
2930400,1,MISA,BGT,MISA,BGT,Blue,Ragner,Sion,Orianna,TOP,1,7.0,1.0,True,Win
2930400,1,MISA,BGT,BGT,MISA,Red,Dionelux,Gnar,Pantheon,TOP,2,8.0,1.0,False,Loss
2930400,1,MISA,BGT,BGT,MISA,Red,Bicas,Pantheon,Ryze,JGL,3,9.0,1.0,False,Loss
2930400,1,MISA,BGT,MISA,BGT,Blue,113,XinZhao,Xin Zhao,JGL,4,10.0,1.0,True,Win
2930400,1,MISA,BGT,MISA,BGT,Blue,Kofte,Orianna,Sion,MID,5,11.0,1.0,True,Win
2930400,1,MISA,BGT,BGT,MISA,Red,iwanan,Ryze,Neeko,MID,6,12.0,1.0,False,Loss
2930400,1,MISA,BGT,BGT,MISA,Red,meanTnT,Caitlyn,Gnar,BOT,7,17.0,2.0,False,Loss
2930400,1,MISA,BGT,MISA,BGT,Blue,Ruep,Corki,Corki,BOT,8,18.0,2.0,True,Win
2930400,1,MISA,BGT,MISA,BGT,Blue,Carry,Nami,Nami,SUP,9,19.0,2.0,True,Win
2930400,1,MISA,BGT,BGT,MISA,Red,CENTU,Neeko,Caitlyn,SUP,10,20.0,2.0,False,Loss
2930400,2,MISA,BGT,MISA,BGT,Blue,Ragner,Ornn,Ashe,TOP,1,7.0,1.0,True,Win
2930400,2,MISA,BGT,BGT,MISA,Red,Dionelux,Rumble,Rumble,TOP,2,8.0,1.0,False,Loss
2930400,2,MISA,BGT,BGT,MISA,Red,Bicas,Vi,Jhin,JGL,3,9.0,1.0,False,Loss
2930400,2,MISA,BGT,MISA,BGT,Blue,113,Viego,Seraphine,JGL,4,10.0,1.0,True,Win
2930400,2,MISA,BGT,MISA,BGT,Blue,Kofte,Ahri,Ornn,MID,5,11.0,1.0,True,Win
2930400,2,MISA,BGT,BGT,MISA,Red,iwanan,Vladimir,Nautilus,MID,6,12.0,1.0,False,Loss
2930400,2,MISA,BGT,BGT,MISA,Red,meanTnT,Jhin,Vi,BOT,7,17.0,2.0,False,Loss
2930400,2,MISA,BGT,MISA,BGT,Blue,Ruep,Ashe,Ahri,BOT,8,18.0,2.0,True,Win
2930400,2,MISA,BGT,MISA,BGT,Blue,Carry,Seraphine,Viego,SUP,9,19.0,2.0,True,Win
2930400,2,MISA,BGT,BGT,MISA,Red,CENTU,Nautilus,Vladimir,SUP,10,20.0,2.0,False,Loss
2930403,1,MISA,PCF,MISA,PCF,Blue,Ragner,Sion,Orianna,TOP,1,7.0,1.0,True,Win
2930403,1,MISA,PCF,PCF,MISA,Red,Aytekn,Volibear,Jarvan IV,TOP,2,8.0,1.0,False,Loss
2930403,1,MISA,PCF,PCF,MISA,Red,stalken,JarvanIV,Ezreal,JGL,3,9.0,1.0,False,Loss
2930403,1,MISA,PCF,MISA,PCF,Blue,113,Naafiri,Corki,JGL,4,10.0,1.0,True,Win
2930403,1,MISA,PCF,MISA,PCF,Blue,Kofte,Orianna,Nami,MID,5,11.0,1.0,True,Win
2930403,1,MISA,PCF,PCF,MISA,Red,FireAscept,Ryze,Ryze,MID,6,12.0,1.0,False,Loss
2930403,1,MISA,PCF,PCF,MISA,Red,Nawa,Ezreal,Neeko,BOT,7,17.0,2.0,False,Loss
2930403,1,MISA,PCF,MISA,PCF,Blue,Ruep,Corki,Naafiri,BOT,8,18.0,2.0,True,Win
2930403,1,MISA,PCF,MISA,PCF,Blue,Carry,Nami,Sion,SUP,9,19.0,2.0,True,Win
2930403,1,MISA,PCF,PCF,MISA,Red,Beplush,Neeko,Volibear,SUP,10,20.0,2.0,False,Loss
2930403,2,MISA,PCF,MISA,PCF,Blue,Ragner,Gragas,Xin Zhao,TOP,1,7.0,1.0,True,Win
2930403,2,MISA,PCF,PCF,MISA,Red,Aytekn,Gnar,Lucian,TOP,2,8.0,1.0,False,Loss
2930403,2,MISA,PCF,PCF,MISA,Red,stalken,Aatrox,Milio,JGL,3,9.0,1.0,False,Loss
2930403,2,MISA,PCF,MISA,PCF,Blue,113,XinZhao,Caitlyn,JGL,4,10.0,1.0,True,Win
2930403,2,MISA,PCF,MISA,PCF,Blue,Kofte,TwistedFate,Bard,MID,5,11.0,1.0,True,Win
2930403,2,MISA,PCF,PCF,MISA,Red,FireAscept,Akali,Aatrox,MID,6,12.0,1.0,False,Loss
2930403,2,MISA,PCF,PCF,MISA,Red,Nawa,Lucian,Akali,BOT,7,17.0,2.0,False,Loss
2930403,2,MISA,PCF,MISA,PCF,Blue,Ruep,Caitlyn,Gragas,BOT,8,18.0,2.0,True,Win
2930403,2,MISA,PCF,MISA,PCF,Blue,Carry,Bard,Twisted Fate,SUP,9,19.0,2.0,True,Win
2930403,2,MISA,PCF,PCF,MISA,Red,Beplush,Milio,Gnar,SUP,10,20.0,2.0,False,Loss
2930408,1,MISA,DP,MISA,DP,Blue,Ragner,Sion,Orianna,TOP,1,7.0,1.0,True,Win
2930408,1,MISA,DP,DP,MISA,Red,Sangrod,Garen,Pantheon,TOP,2,8.0,1.0,False,Loss
2930408,1,MISA,DP,DP,MISA,Red,Kireas,Pantheon,Ahri,JGL,3,9.0,1.0,False,Loss
2930408,1,MISA,DP,MISA,DP,Blue,113,XinZhao,Xin Zhao,JGL,4,10.0,1.0,True,Win
2930408,1,MISA,DP,MISA,DP,Blue,Kofte,Orianna,Sion,MID,5,11.0,1.0,True,Win
2930408,1,MISA,DP,DP,MISA,Red,KSAEZ,Ahri,Garen,MID,6,12.0,1.0,False,Loss
2930408,1,MISA,DP,DP,MISA,Red,Neramin,Jhin,Jhin,BOT,7,17.0,2.0,False,Loss
2930408,1,MISA,DP,MISA,DP,Blue,Ruep,Ezreal,Ezreal,BOT,8,18.0,2.0,True,Win
2930408,1,MISA,DP,MISA,DP,Blue,Carry,Bard,Bard,SUP,9,19.0,2.0,True,Win
2930408,1,MISA,DP,DP,MISA,Red,Joexy,Pyke,Pyke,SUP,10,20.0,2.0,False,Loss
2930408,2,MISA,DP,MISA,DP,Blue,Ragner,Rumble,Nocturne,TOP,1,7.0,1.0,True,Win
2930408,2,MISA,DP,DP,MISA,Red,Sangrod,TahmKench,Dr. Mundo,TOP,2,8.0,1.0,False,Loss
2930408,2,MISA,DP,DP,MISA,Red,Kireas,DrMundo,Azir,JGL,3,9.0,1.0,False,Loss
2930408,2,MISA,DP,MISA,DP,Blue,113,Nocturne,Rumble,JGL,4,10.0,1.0,True,Win
2930408,2,MISA,DP,MISA,DP,Blue,Kofte,Akali,Akali,MID,5,11.0,1.0,True,Win
2930408,2,MISA,DP,DP,MISA,Red,KSAEZ,Azir,Xayah,MID,6,12.0,1.0,False,Loss
2930408,2,MISA,DP,DP,MISA,Red,Neramin,Xayah,Tahm Kench,BOT,7,17.0,2.0,False,Loss
2930408,2,MISA,DP,MISA,DP,Blue,Ruep,Lucian,Lucian,BOT,8,18.0,2.0,True,Win
2930408,2,MISA,DP,MISA,DP,Blue,Carry,Milio,Milio,SUP,9,19.0,2.0,True,Win
2930408,2,MISA,DP,DP,MISA,Red,Joexy,Soraka,Soraka,SUP,10,20.0,2.0,False,Loss
2930412,1,MISA,BW,MISA,BW,Blue,Ragner,Kled,Xin Zhao,TOP,1,7.0,1.0,False,Loss
2930412,1,MISA,BW,BW,MISA,Red,Ersin,Sion,Pantheon,TOP,2,8.0,1.0,True,Win
2930412,1,MISA,BW,BW,MISA,Red,Kurama,Pantheon,Kai'Sa,JGL,3,9.0,1.0,True,Win
2930412,1,MISA,BW,MISA,BW,Blue,113,XinZhao,Ezreal,JGL,4,10.0,1.0,False,Loss
2930412,1,MISA,BW,MISA,BW,Blue,Kofte,Ryze,Neeko,MID,5,11.0,1.0,False,Loss
2930412,1,MISA,BW,BW,MISA,Red,Warner,Kaisa,Sion,MID,6,12.0,1.0,True,Win
2930412,1,MISA,BW,BW,MISA,Red,Jeyrus,Lucian,Milio,BOT,7,17.0,2.0,True,Win
2930412,1,MISA,BW,MISA,BW,Blue,Ruep,Ezreal,Kled,BOT,8,18.0,2.0,False,Loss
2930412,1,MISA,BW,MISA,BW,Blue,Carry,Neeko,Ryze,SUP,9,19.0,2.0,False,Loss
2930412,1,MISA,BW,BW,MISA,Red,Virgo,Milio,Lucian,SUP,10,20.0,2.0,True,Win
2930412,2,MISA,BW,MISA,BW,Blue,Ragner,KSante,Caitlyn,TOP,1,7.0,1.0,True,Win
2930412,2,MISA,BW,BW,MISA,Red,Ersin,Rumble,Rumble,TOP,2,8.0,1.0,False,Loss
2930412,2,MISA,BW,BW,MISA,Red,Kurama,Qiyana,Bard,JGL,3,9.0,1.0,False,Loss
2930412,2,MISA,BW,MISA,BW,Blue,113,LeeSin,Pyke,JGL,4,10.0,1.0,True,Win
2930412,2,MISA,BW,MISA,BW,Blue,Kofte,Aurora,Aurora,MID,5,11.0,1.0,True,Win
2930412,2,MISA,BW,BW,MISA,Red,Warner,Jayce,Mel,MID,6,12.0,1.0,False,Loss
2930412,2,MISA,BW,BW,MISA,Red,Jeyrus,Mel,Qiyana,BOT,7,17.0,2.0,False,Loss
2930412,2,MISA,BW,MISA,BW,Blue,Ruep,Caitlyn,Lee Sin,BOT,8,18.0,2.0,True,Win
2930412,2,MISA,BW,MISA,BW,Blue,Carry,Pyke,K'Sante,SUP,9,19.0,2.0,True,Win
2930412,2,MISA,BW,BW,MISA,Red,Virgo,Bard,Jayce,SUP,10,20.0,2.0,False,Loss
2930412,3,MISA,BW,MISA,BW,Blue,Ragner,Gragas,Ashe,TOP,1,7.0,1.0,True,Win
2930412,3,MISA,BW,BW,MISA,Red,Ersin,Poppy,Rell,TOP,2,8.0,1.0,False,Loss
2930412,3,MISA,BW,BW,MISA,Red,Kurama,Viego,Viego,JGL,3,9.0,1.0,False,Loss
2930412,3,MISA,BW,MISA,BW,Blue,113,Zaahen,Zaahen,JGL,4,10.0,1.0,True,Win
2930412,3,MISA,BW,MISA,BW,Blue,Kofte,Leblanc,Braum,MID,5,11.0,1.0,True,Win
2930412,3,MISA,BW,BW,MISA,Red,Warner,Ahri,Ahri,MID,6,12.0,1.0,False,Loss
2930412,3,MISA,BW,BW,MISA,Red,Jeyrus,Smolder,Smolder,BOT,7,17.0,2.0,False,Loss
2930412,3,MISA,BW,MISA,BW,Blue,Ruep,Ashe,LeBlanc,BOT,8,18.0,2.0,True,Win
2930412,3,MISA,BW,MISA,BW,Blue,Carry,Braum,Gragas,SUP,9,19.0,2.0,True,Win
2930412,3,MISA,BW,BW,MISA,Red,Virgo,Rell,Poppy,SUP,10,20.0,2.0,False,Loss
2938673,1,EWI,SGE,EWI,SGE,Blue,Vizicsacsi,Poppy,Orianna,TOP,1,7.0,1.0,True,Win
2938673,1,EWI,SGE,SGE,EWI,Red,Mietek,Gwen,Jarvan IV,TOP,2,8.0,1.0,False,Loss
2938673,1,EWI,SGE,SGE,EWI,Red,D4nKa,JarvanIV,Seraphine,JGL,3,9.0,1.0,False,Loss
2938673,1,EWI,SGE,EWI,SGE,Blue,Afroboi,Naafiri,Naafiri,JGL,4,10.0,1.0,True,Win
2938673,1,EWI,SGE,EWI,SGE,Blue,Relative,Orianna,Ezreal,MID,5,11.0,1.0,True,Win
2938673,1,EWI,SGE,SGE,EWI,Red,Sencux,Galio,Ashe,MID,6,12.0,1.0,False,Loss
2938673,1,EWI,SGE,SGE,EWI,Red,Notiko,Ashe,Galio,BOT,7,17.0,2.0,False,Loss
2938673,1,EWI,SGE,EWI,SGE,Blue,noz2k,Ezreal,Poppy,BOT,8,18.0,2.0,True,Win
2938673,1,EWI,SGE,EWI,SGE,Blue,Wildenbruch,Nautilus,Nautilus,SUP,9,19.0,2.0,True,Win
2938673,1,EWI,SGE,SGE,EWI,Red,farfetch,Seraphine,Gwen,SUP,10,20.0,2.0,False,Loss
2938673,2,SGE,EWI,SGE,EWI,Blue,Mietek,Rumble,Rumble,TOP,1,7.0,1.0,False,Loss
2938673,2,SGE,EWI,EWI,SGE,Red,Vizicsacsi,Yorick,Caitlyn,TOP,2,8.0,1.0,True,Win
2938673,2,SGE,EWI,EWI,SGE,Red,Afroboi,Nocturne,Nocturne,JGL,3,9.0,1.0,True,Win
2938673,2,SGE,EWI,SGE,EWI,Blue,D4nKa,Skarner,Varus,JGL,4,10.0,1.0,False,Loss
2938673,2,SGE,EWI,SGE,EWI,Blue,Sencux,Leblanc,Skarner,MID,5,11.0,1.0,False,Loss
2938673,2,SGE,EWI,EWI,SGE,Red,Relative,Viktor,Bard,MID,6,12.0,1.0,True,Win
2938673,2,SGE,EWI,EWI,SGE,Red,noz2k,Caitlyn,Yorick,BOT,7,17.0,2.0,True,Win
2938673,2,SGE,EWI,SGE,EWI,Blue,Notiko,Varus,Thresh,BOT,8,18.0,2.0,False,Loss
2938673,2,SGE,EWI,SGE,EWI,Blue,farfetch,Thresh,LeBlanc,SUP,9,19.0,2.0,False,Loss
2938673,2,SGE,EWI,EWI,SGE,Red,Wildenbruch,Bard,Viktor,SUP,10,20.0,2.0,True,Win
2938680,1,EWI,G2N,EWI,G2N,Blue,Vizicsacsi,Poppy,Orianna,TOP,1,7.0,1.0,True,Win
2938680,1,EWI,G2N,G2N,EWI,Red,Shelfmade,Varus,Ezreal,TOP,2,8.0,1.0,False,Loss
2938680,1,EWI,G2N,G2N,EWI,Red,Markoon,Nocturne,Azir,JGL,3,9.0,1.0,False,Loss
2938680,1,EWI,G2N,EWI,G2N,Blue,Afroboi,DrMundo,Ziggs,JGL,4,10.0,1.0,True,Win
2938680,1,EWI,G2N,EWI,G2N,Blue,Relative,Orianna,Pyke,MID,5,11.0,1.0,True,Win
2938680,1,EWI,G2N,G2N,EWI,Red,Toasty,Azir,Rell,MID,6,12.0,1.0,False,Loss
2938680,1,EWI,G2N,G2N,EWI,Red,rin,Ezreal,Nocturne,BOT,7,17.0,2.0,False,Loss
2938680,1,EWI,G2N,EWI,G2N,Blue,noz2k,Ziggs,Dr. Mundo,BOT,8,18.0,2.0,True,Win
2938680,1,EWI,G2N,EWI,G2N,Blue,Wildenbruch,Pyke,Poppy,SUP,9,19.0,2.0,True,Win
2938680,1,EWI,G2N,G2N,EWI,Red,Tockimo,Rell,Varus,SUP,10,20.0,2.0,False,Loss
2938680,2,EWI,G2N,EWI,G2N,Blue,Vizicsacsi,Yorick,Naafiri,TOP,1,7.0,1.0,False,Loss
2938680,2,EWI,G2N,G2N,EWI,Red,Shelfmade,Renekton,Yunara,TOP,2,8.0,1.0,True,Win
2938680,2,EWI,G2N,G2N,EWI,Red,Markoon,Vi,Vi,JGL,3,9.0,1.0,True,Win
2938680,2,EWI,G2N,EWI,G2N,Blue,Afroboi,Naafiri,Lucian,JGL,4,10.0,1.0,False,Loss
2938680,2,EWI,G2N,EWI,G2N,Blue,Relative,Galio,Nami,MID,5,11.0,1.0,False,Loss
2938680,2,EWI,G2N,G2N,EWI,Red,Toasty,Aurora,Nautilus,MID,6,12.0,1.0,True,Win
2938680,2,EWI,G2N,G2N,EWI,Red,rin,Yunara,Aurora,BOT,7,17.0,2.0,True,Win
2938680,2,EWI,G2N,EWI,G2N,Blue,noz2k,Lucian,Galio,BOT,8,18.0,2.0,False,Loss
2938680,2,EWI,G2N,EWI,G2N,Blue,Wildenbruch,Nami,Yorick,SUP,9,19.0,2.0,False,Loss
2938680,2,EWI,G2N,G2N,EWI,Red,Tockimo,Nautilus,Renekton,SUP,10,20.0,2.0,True,Win
2938680,3,G2N,EWI,G2N,EWI,Blue,Shelfmade,Ambessa,Caitlyn,TOP,1,7.0,1.0,True,Win
2938680,3,G2N,EWI,EWI,G2N,Red,Vizicsacsi,Shen,Bard,TOP,2,8.0,1.0,False,Loss
2938680,3,G2N,EWI,EWI,G2N,Red,Afroboi,JarvanIV,Jarvan IV,JGL,3,9.0,1.0,False,Loss
2938680,3,G2N,EWI,G2N,EWI,Blue,Markoon,Pantheon,Pantheon,JGL,4,10.0,1.0,True,Win
2938680,3,G2N,EWI,G2N,EWI,Blue,Toasty,Sylas,Thresh,MID,5,11.0,1.0,True,Win
2938680,3,G2N,EWI,EWI,G2N,Red,Relative,Ahri,Jhin,MID,6,12.0,1.0,False,Loss
2938680,3,G2N,EWI,EWI,G2N,Red,noz2k,Jhin,Ahri,BOT,7,17.0,2.0,False,Loss
2938680,3,G2N,EWI,G2N,EWI,Blue,rin,Caitlyn,Sylas,BOT,8,18.0,2.0,True,Win
2938680,3,G2N,EWI,G2N,EWI,Blue,Tockimo,Thresh,Ambessa,SUP,9,19.0,2.0,True,Win
2938680,3,G2N,EWI,EWI,G2N,Red,Wildenbruch,Bard,Shen,SUP,10,20.0,2.0,False,Loss
2938687,1,EINS,EWI,EINS,EWI,Blue,Jenax,Vayne,Ezreal,TOP,1,7.0,1.0,True,Win
2938687,1,EINS,EWI,EWI,EINS,Red,Vizicsacsi,Gnar,Jarvan IV,TOP,2,8.0,1.0,False,Loss
2938687,1,EINS,EWI,EWI,EINS,Red,Afroboi,JarvanIV,Ziggs,JGL,3,9.0,1.0,False,Loss
2938687,1,EINS,EWI,EINS,EWI,Blue,Xagog,Pantheon,Pantheon,JGL,4,10.0,1.0,True,Win
2938687,1,EINS,EWI,EINS,EWI,Blue,PowerOfEvil,Ahri,Karma,MID,5,11.0,1.0,True,Win
2938687,1,EINS,EWI,EWI,EINS,Red,Relative,Aurora,Leona,MID,6,12.0,1.0,False,Loss
2938687,1,EINS,EWI,EWI,EINS,Red,noz2k,Ziggs,Gnar,BOT,7,17.0,2.0,False,Loss
2938687,1,EINS,EWI,EINS,EWI,Blue,Keduii,Ezreal,Vayne,BOT,8,18.0,2.0,True,Win
2938687,1,EINS,EWI,EINS,EWI,Blue,seaz,Karma,Ahri,SUP,9,19.0,2.0,True,Win
2938687,1,EINS,EWI,EWI,EINS,Red,Wildenbruch,Leona,Aurora,SUP,10,20.0,2.0,False,Loss
2938687,2,EINS,EWI,EINS,EWI,Blue,Jenax,Rumble,Bard,TOP,1,7.0,1.0,True,Win
2938687,2,EINS,EWI,EWI,EINS,Red,Vizicsacsi,Yorick,Caitlyn,TOP,2,8.0,1.0,False,Loss
2938687,2,EINS,EWI,EWI,EINS,Red,Afroboi,DrMundo,Neeko,JGL,3,9.0,1.0,False,Loss
2938687,2,EINS,EWI,EINS,EWI,Blue,Xagog,Nocturne,Nocturne,JGL,4,10.0,1.0,True,Win
2938687,2,EINS,EWI,EINS,EWI,Blue,PowerOfEvil,Malzahar,Jhin,MID,5,11.0,1.0,True,Win
2938687,2,EINS,EWI,EWI,EINS,Red,Relative,Leblanc,Dr. Mundo,MID,6,12.0,1.0,False,Loss
2938687,2,EINS,EWI,EWI,EINS,Red,noz2k,Caitlyn,LeBlanc,BOT,7,17.0,2.0,False,Loss
2938687,2,EINS,EWI,EINS,EWI,Blue,Keduii,Jhin,Rumble,BOT,8,18.0,2.0,True,Win
2938687,2,EINS,EWI,EINS,EWI,Blue,seaz,Bard,Malzahar,SUP,9,19.0,2.0,True,Win
2938687,2,EINS,EWI,EWI,EINS,Red,Wildenbruch,Neeko,Yorick,SUP,10,20.0,2.0,False,Loss
2938695,1,VFB,EWI,VFB,EWI,Blue,Sven,Gnar,Ryze,TOP,1,7.0,1.0,True,Win
2938695,1,VFB,EWI,EWI,VFB,Red,Vizicsacsi,Sion,Varus,TOP,2,8.0,1.0,False,Loss
2938695,1,VFB,EWI,EWI,VFB,Red,Afroboi,Naafiri,Naafiri,JGL,3,9.0,1.0,False,Loss
2938695,1,VFB,EWI,VFB,EWI,Blue,Zwickl,XinZhao,Xin Zhao,JGL,4,10.0,1.0,True,Win
2938695,1,VFB,EWI,VFB,EWI,Blue,Luke,Ryze,Ziggs,MID,5,11.0,1.0,True,Win
2938695,1,VFB,EWI,EWI,VFB,Red,Relative,Azir,Sion,MID,6,12.0,1.0,False,Loss
2938695,1,VFB,EWI,EWI,VFB,Red,noz2k,Varus,Azir,BOT,7,17.0,2.0,False,Loss
2938695,1,VFB,EWI,VFB,EWI,Blue,Tazaku,Ziggs,Gnar,BOT,8,18.0,2.0,True,Win
2938695,1,VFB,EWI,VFB,EWI,Blue,Jakobobbi,Bard,Bard,SUP,9,19.0,2.0,True,Win
2938695,1,VFB,EWI,EWI,VFB,Red,Wildenbruch,Leona,Leona,SUP,10,20.0,2.0,False,Loss
2938695,2,EWI,VFB,EWI,VFB,Blue,Vizicsacsi,Renekton,Jarvan IV,TOP,1,7.0,1.0,True,Win
2938695,2,EWI,VFB,VFB,EWI,Red,Sven,Udyr,Lucian,TOP,2,8.0,1.0,False,Loss
2938695,2,EWI,VFB,VFB,EWI,Red,Zwickl,LeeSin,Lee Sin,JGL,3,9.0,1.0,False,Loss
2938695,2,EWI,VFB,EWI,VFB,Blue,Afroboi,JarvanIV,Ashe,JGL,4,10.0,1.0,True,Win
2938695,2,EWI,VFB,EWI,VFB,Blue,Relative,Leblanc,Seraphine,MID,5,11.0,1.0,True,Win
2938695,2,EWI,VFB,VFB,EWI,Red,Luke,Ahri,Milio,MID,6,12.0,1.0,False,Loss
2938695,2,EWI,VFB,VFB,EWI,Red,Tazaku,Lucian,Ahri,BOT,7,17.0,2.0,False,Loss
2938695,2,EWI,VFB,EWI,VFB,Blue,noz2k,Ashe,LeBlanc,BOT,8,18.0,2.0,True,Win
2938695,2,EWI,VFB,EWI,VFB,Blue,Wildenbruch,Seraphine,Renekton,SUP,9,19.0,2.0,True,Win
2938695,2,EWI,VFB,VFB,EWI,Red,Jakobobbi,Milio,Udyr,SUP,10,20.0,2.0,False,Loss
2938695,3,EWI,VFB,EWI,VFB,Blue,Vizicsacsi,Rumble,Nocturne,TOP,1,7.0,1.0,True,Win
2938695,3,EWI,VFB,VFB,EWI,Red,Sven,Illaoi,Skarner,TOP,2,8.0,1.0,False,Loss
2938695,3,EWI,VFB,VFB,EWI,Red,Zwickl,Skarner,Smolder,JGL,3,9.0,1.0,False,Loss
2938695,3,EWI,VFB,EWI,VFB,Blue,Afroboi,Nocturne,Rumble,JGL,4,10.0,1.0,True,Win
2938695,3,EWI,VFB,EWI,VFB,Blue,Relative,Aurora,Aurora,MID,5,11.0,1.0,True,Win
2938695,3,EWI,VFB,VFB,EWI,Red,Luke,Kassadin,Kassadin,MID,6,12.0,1.0,False,Loss
2938695,3,EWI,VFB,VFB,EWI,Red,Tazaku,Smolder,Illaoi,BOT,7,17.0,2.0,False,Loss
2938695,3,EWI,VFB,EWI,VFB,Blue,noz2k,MissFortune,Rell,BOT,8,18.0,2.0,True,Win
2938695,3,EWI,VFB,EWI,VFB,Blue,Wildenbruch,Rell,Miss Fortune,SUP,9,19.0,2.0,True,Win
2938695,3,EWI,VFB,VFB,EWI,Red,Jakobobbi,Braum,Braum,SUP,10,20.0,2.0,False,Loss
2938697,1,EWI,TOG,EWI,TOG,Blue,Vizicsacsi,Poppy,Xin Zhao,TOP,1,7.0,1.0,True,Win
2938697,1,EWI,TOG,TOG,EWI,Red,Zorenous,Gnar,Ezreal,TOP,2,8.0,1.0,False,Loss
2938697,1,EWI,TOG,TOG,EWI,Red,Woldjo,MonkeyKing,Wukong,JGL,3,9.0,1.0,False,Loss
2938697,1,EWI,TOG,EWI,TOG,Blue,Afroboi,XinZhao,Ashe,JGL,4,10.0,1.0,True,Win
2938697,1,EWI,TOG,EWI,TOG,Blue,Relative,Viktor,Seraphine,MID,5,11.0,1.0,True,Win
2938697,1,EWI,TOG,TOG,EWI,Red,Sajator,Ezreal,Gnar,MID,6,12.0,1.0,False,Loss
2938697,1,EWI,TOG,TOG,EWI,Red,Ryuk,Mel,Nami,BOT,7,17.0,2.0,False,Loss
2938697,1,EWI,TOG,EWI,TOG,Blue,noz2k,Ashe,Viktor,BOT,8,18.0,2.0,True,Win
2938697,1,EWI,TOG,EWI,TOG,Blue,Wildenbruch,Seraphine,Poppy,SUP,9,19.0,2.0,True,Win
2938697,1,EWI,TOG,TOG,EWI,Red,Lilipp,Nami,Mel,SUP,10,20.0,2.0,False,Loss
2938697,2,EWI,TOG,EWI,TOG,Blue,Vizicsacsi,Renekton,Jarvan IV,TOP,1,7.0,1.0,False,Loss
2938697,2,EWI,TOG,TOG,EWI,Red,Zorenous,Vayne,Nocturne,TOP,2,8.0,1.0,True,Win
2938697,2,EWI,TOG,TOG,EWI,Red,Woldjo,Nocturne,Pyke,JGL,3,9.0,1.0,True,Win
2938697,2,EWI,TOG,EWI,TOG,Blue,Afroboi,JarvanIV,Nautilus,JGL,4,10.0,1.0,False,Loss
2938697,2,EWI,TOG,EWI,TOG,Blue,Relative,Ahri,Ziggs,MID,5,11.0,1.0,False,Loss
2938697,2,EWI,TOG,TOG,EWI,Red,Sajator,Leblanc,Sivir,MID,6,12.0,1.0,True,Win
2938697,2,EWI,TOG,TOG,EWI,Red,Ryuk,Sivir,LeBlanc,BOT,7,17.0,2.0,True,Win
2938697,2,EWI,TOG,EWI,TOG,Blue,noz2k,Ziggs,Ahri,BOT,8,18.0,2.0,False,Loss
2938697,2,EWI,TOG,EWI,TOG,Blue,Wildenbruch,Nautilus,Renekton,SUP,9,19.0,2.0,False,Loss
2938697,2,EWI,TOG,TOG,EWI,Red,Lilipp,Pyke,Vayne,SUP,10,20.0,2.0,True,Win
2938697,3,EWI,TOG,EWI,TOG,Blue,Vizicsacsi,Sion,Bard,TOP,1,7.0,1.0,True,Win
2938697,3,EWI,TOG,TOG,EWI,Red,Zorenous,Gwen,Caitlyn,TOP,2,8.0,1.0,False,Loss
2938697,3,EWI,TOG,TOG,EWI,Red,Woldjo,Trundle,Aurora,JGL,3,9.0,1.0,False,Loss
2938697,3,EWI,TOG,EWI,TOG,Blue,Afroboi,Jayce,Sion,JGL,4,10.0,1.0,True,Win
2938697,3,EWI,TOG,EWI,TOG,Blue,Relative,Syndra,Varus,MID,5,11.0,1.0,True,Win
2938697,3,EWI,TOG,TOG,EWI,Red,Sajator,Aurora,Trundle,MID,6,12.0,1.0,False,Loss
2938697,3,EWI,TOG,TOG,EWI,Red,Ryuk,Caitlyn,Elise,BOT,7,17.0,2.0,False,Loss
2938697,3,EWI,TOG,EWI,TOG,Blue,noz2k,Varus,Jayce,BOT,8,18.0,2.0,True,Win
2938697,3,EWI,TOG,EWI,TOG,Blue,Wildenbruch,Bard,Syndra,SUP,9,19.0,2.0,True,Win
2938697,3,EWI,TOG,TOG,EWI,Red,Lilipp,Elise,Gwen,SUP,10,20.0,2.0,False,Loss
2938697,4,EWI,TOG,EWI,TOG,Blue,Vizicsacsi,Shen,Azir,TOP,1,7.0,1.0,True,Win
2938697,4,EWI,TOG,TOG,EWI,Red,Zorenous,Kennen,Sejuani,TOP,2,8.0,1.0,False,Loss
2938697,4,EWI,TOG,TOG,EWI,Red,Woldjo,Sejuani,Yone,JGL,3,9.0,1.0,False,Loss
2938697,4,EWI,TOG,EWI,TOG,Blue,Afroboi,Naafiri,Lucian,JGL,4,10.0,1.0,True,Win
2938697,4,EWI,TOG,EWI,TOG,Blue,Relative,Azir,Milio,MID,5,11.0,1.0,True,Win
2938697,4,EWI,TOG,TOG,EWI,Red,Sajator,Yone,Kog'Maw,MID,6,12.0,1.0,False,Loss
2938697,4,EWI,TOG,TOG,EWI,Red,Ryuk,KogMaw,Karma,BOT,7,17.0,2.0,False,Loss
2938697,4,EWI,TOG,EWI,TOG,Blue,noz2k,Lucian,Naafiri,BOT,8,18.0,2.0,True,Win
2938697,4,EWI,TOG,EWI,TOG,Blue,Wildenbruch,Milio,Shen,SUP,9,19.0,2.0,True,Win
2938697,4,EWI,TOG,TOG,EWI,Red,Lilipp,Karma,Kennen,SUP,10,20.0,2.0,False,Loss
2938699,1,EINS,EWI,EINS,EWI,Blue,Jenax,Shen,Lucian,TOP,1,7.0,1.0,True,Win
2938699,1,EINS,EWI,EWI,EINS,Red,Vizicsacsi,Sion,Sion,TOP,2,8.0,1.0,False,Loss
2938699,1,EINS,EWI,EWI,EINS,Red,Afroboi,JarvanIV,Ezreal,JGL,3,9.0,1.0,False,Loss
2938699,1,EINS,EWI,EINS,EWI,Blue,Xagog,Naafiri,Milio,JGL,4,10.0,1.0,True,Win
2938699,1,EINS,EWI,EINS,EWI,Blue,PowerOfEvil,Viktor,Viktor,MID,5,11.0,1.0,True,Win
2938699,1,EINS,EWI,EWI,EINS,Red,Relative,Akali,Nami,MID,6,12.0,1.0,False,Loss
2938699,1,EINS,EWI,EWI,EINS,Red,noz2k,Ezreal,Jarvan IV,BOT,7,17.0,2.0,False,Loss
2938699,1,EINS,EWI,EINS,EWI,Blue,Keduii,Lucian,Naafiri,BOT,8,18.0,2.0,True,Win
2938699,1,EINS,EWI,EINS,EWI,Blue,seaz,Milio,Shen,SUP,9,19.0,2.0,True,Win
2938699,1,EINS,EWI,EWI,EINS,Red,Wildenbruch,Nami,Akali,SUP,10,20.0,2.0,False,Loss
2938699,2,EWI,EINS,EWI,EINS,Blue,Vizicsacsi,Gnar,Azir,TOP,1,7.0,1.0,False,Loss
2938699,2,EWI,EINS,EINS,EWI,Red,Jenax,Jayce,Bard,TOP,2,8.0,1.0,True,Win
2938699,2,EWI,EINS,EINS,EWI,Red,Xagog,MonkeyKing,Caitlyn,JGL,3,9.0,1.0,True,Win
2938699,2,EWI,EINS,EWI,EINS,Blue,Afroboi,Maokai,Varus,JGL,4,10.0,1.0,False,Loss
2938699,2,EWI,EINS,EWI,EINS,Blue,Relative,Azir,Karma,MID,5,11.0,1.0,False,Loss
2938699,2,EWI,EINS,EINS,EWI,Red,PowerOfEvil,KogMaw,Kog'Maw,MID,6,12.0,1.0,True,Win
2938699,2,EWI,EINS,EINS,EWI,Red,Keduii,Caitlyn,Wukong,BOT,7,17.0,2.0,True,Win
2938699,2,EWI,EINS,EWI,EINS,Blue,noz2k,Varus,Maokai,BOT,8,18.0,2.0,False,Loss
2938699,2,EWI,EINS,EWI,EINS,Blue,Wildenbruch,Karma,Gnar,SUP,9,19.0,2.0,False,Loss
2938699,2,EWI,EINS,EINS,EWI,Red,seaz,Bard,Jayce,SUP,10,20.0,2.0,True,Win
2938699,3,EINS,EWI,EINS,EWI,Blue,Jenax,Aatrox,Yunara,TOP,1,7.0,1.0,True,Win
2938699,3,EINS,EWI,EWI,EINS,Red,Vizicsacsi,KSante,Ziggs,TOP,2,8.0,1.0,False,Loss
2938699,3,EINS,EWI,EWI,EINS,Red,Afroboi,Viego,Viego,JGL,3,9.0,1.0,False,Loss
2938699,3,EINS,EWI,EINS,EWI,Blue,Xagog,Nocturne,Nocturne,JGL,4,10.0,1.0,True,Win
2938699,3,EINS,EWI,EINS,EWI,Blue,PowerOfEvil,Cassiopeia,Lulu,MID,5,11.0,1.0,True,Win
2938699,3,EINS,EWI,EWI,EINS,Red,Relative,Aurora,Leona,MID,6,12.0,1.0,False,Loss
2938699,3,EINS,EWI,EWI,EINS,Red,noz2k,Ziggs,Aurora,BOT,7,17.0,2.0,False,Loss
2938699,3,EINS,EWI,EINS,EWI,Blue,Keduii,Yunara,Cassiopeia,BOT,8,18.0,2.0,True,Win
2938699,3,EINS,EWI,EINS,EWI,Blue,seaz,Lulu,Aatrox,SUP,9,19.0,2.0,True,Win
2938699,3,EINS,EWI,EWI,EINS,Red,Wildenbruch,Leona,K'Sante,SUP,10,20.0,2.0,False,Loss
2938701,1,BIG,EWI,BIG,EWI,Blue,Irrelevant,Gnar,Ezreal,TOP,1,7.0,1.0,False,Loss
2938701,1,BIG,EWI,EWI,BIG,Red,Vizicsacsi,Kennen,Caitlyn,TOP,2,8.0,1.0,True,Win
2938701,1,BIG,EWI,EWI,BIG,Red,Afroboi,Darius,Bard,JGL,3,9.0,1.0,True,Win
2938701,1,BIG,EWI,BIG,EWI,Blue,Habubu,Nocturne,Nocturne,JGL,4,10.0,1.0,False,Loss
2938701,1,BIG,EWI,BIG,EWI,Blue,Reeker,Azir,Karma,MID,5,11.0,1.0,False,Loss
2938701,1,BIG,EWI,EWI,BIG,Red,Relative,Sion,Sion,MID,6,12.0,1.0,True,Win
2938701,1,BIG,EWI,EWI,BIG,Red,noz2k,Caitlyn,Darius,BOT,7,17.0,2.0,True,Win
2938701,1,BIG,EWI,BIG,EWI,Blue,Patrik,Ezreal,Gnar,BOT,8,18.0,2.0,False,Loss
2938701,1,BIG,EWI,BIG,EWI,Blue,Kaiser,Karma,Azir,SUP,9,19.0,2.0,False,Loss
2938701,1,BIG,EWI,EWI,BIG,Red,Wildenbruch,Bard,Kennen,SUP,10,20.0,2.0,True,Win
2938701,2,BIG,EWI,BIG,EWI,Blue,Irrelevant,Rumble,Ryze,TOP,1,7.0,1.0,True,Win
2938701,2,BIG,EWI,EWI,BIG,Red,Vizicsacsi,Gwen,Lucian,TOP,2,8.0,1.0,False,Loss
2938701,2,BIG,EWI,EWI,BIG,Red,Afroboi,Skarner,Milio,JGL,3,9.0,1.0,False,Loss
2938701,2,BIG,EWI,BIG,EWI,Blue,Habubu,LeeSin,Lee Sin,JGL,4,10.0,1.0,True,Win
2938701,2,BIG,EWI,BIG,EWI,Blue,Reeker,Ryze,Rumble,MID,5,11.0,1.0,True,Win
2938701,2,BIG,EWI,EWI,BIG,Red,Relative,Viktor,Viktor,MID,6,12.0,1.0,False,Loss
2938701,2,BIG,EWI,EWI,BIG,Red,noz2k,Lucian,Skarner,BOT,7,17.0,2.0,False,Loss
2938701,2,BIG,EWI,BIG,EWI,Blue,Patrik,Xayah,Xayah,BOT,8,18.0,2.0,True,Win
2938701,2,BIG,EWI,BIG,EWI,Blue,Kaiser,Rakan,Rakan,SUP,9,19.0,2.0,True,Win
2938701,2,BIG,EWI,EWI,BIG,Red,Wildenbruch,Milio,Gwen,SUP,10,20.0,2.0,False,Loss
2938701,3,EWI,BIG,EWI,BIG,Blue,Vizicsacsi,Shen,Varus,TOP,1,7.0,1.0,True,Win
2938701,3,EWI,BIG,BIG,EWI,Red,Irrelevant,Zaahen,Pantheon,TOP,2,8.0,1.0,False,Loss
2938701,3,EWI,BIG,BIG,EWI,Red,Habubu,Sylas,Jhin,JGL,3,9.0,1.0,False,Loss
2938701,3,EWI,BIG,EWI,BIG,Blue,Afroboi,DrMundo,Dr. Mundo,JGL,4,10.0,1.0,True,Win
2938701,3,EWI,BIG,EWI,BIG,Blue,Relative,Hwei,Neeko,MID,5,11.0,1.0,True,Win
2938701,3,EWI,BIG,BIG,EWI,Red,Reeker,Annie,Annie,MID,6,12.0,1.0,False,Loss
2938701,3,EWI,BIG,BIG,EWI,Red,Patrik,Jhin,Sylas,BOT,7,17.0,2.0,False,Loss
2938701,3,EWI,BIG,EWI,BIG,Blue,noz2k,Varus,Hwei,BOT,8,18.0,2.0,True,Win
2938701,3,EWI,BIG,EWI,BIG,Blue,Wildenbruch,Neeko,Shen,SUP,9,19.0,2.0,True,Win
2938701,3,EWI,BIG,BIG,EWI,Red,Kaiser,Pantheon,Zaahen,SUP,10,20.0,2.0,False,Loss
2938701,4,BIG,EWI,BIG,EWI,Blue,Irrelevant,Malzahar,Aurora,TOP,1,7.0,1.0,False,Loss
2938701,4,BIG,EWI,EWI,BIG,Red,Vizicsacsi,Poppy,Seraphine,TOP,2,8.0,1.0,True,Win
2938701,4,BIG,EWI,EWI,BIG,Red,Afroboi,XinZhao,Xin Zhao,JGL,3,9.0,1.0,True,Win
2938701,4,BIG,EWI,BIG,EWI,Blue,Habubu,Olaf,Yunara,JGL,4,10.0,1.0,False,Loss
2938701,4,BIG,EWI,BIG,EWI,Blue,Reeker,Aurora,Nautilus,MID,5,11.0,1.0,False,Loss
2938701,4,BIG,EWI,EWI,BIG,Red,Relative,Syndra,Poppy,MID,6,12.0,1.0,True,Win
2938701,4,BIG,EWI,EWI,BIG,Red,noz2k,Seraphine,Leona,BOT,7,17.0,2.0,True,Win
2938701,4,BIG,EWI,BIG,EWI,Blue,Patrik,Yunara,Olaf,BOT,8,18.0,2.0,False,Loss
2938701,4,BIG,EWI,BIG,EWI,Blue,Kaiser,Nautilus,Malzahar,SUP,9,19.0,2.0,False,Loss
2938701,4,BIG,EWI,EWI,BIG,Red,Wildenbruch,Leona,Syndra,SUP,10,20.0,2.0,True,Win
2953295,1,MISA,OZO,MISA,OZO,Blue,Ragner,Gwen,Gwen,TOP,1,7.0,1.0,True,Win
2953295,1,MISA,OZO,OZO,MISA,Red,StarScreen,Sion,Sion,TOP,2,8.0,1.0,False,Loss
2953295,1,MISA,OZO,OZO,MISA,Red,CAPE,Pantheon,Pantheon,JGL,3,9.0,1.0,False,Loss
2953295,1,MISA,OZO,MISA,OZO,Blue,113,MonkeyKing,Wukong,JGL,4,10.0,1.0,True,Win
2953295,1,MISA,OZO,MISA,OZO,Blue,Kofte,Cassiopeia,Cassiopeia,MID,5,11.0,1.0,True,Win
2953295,1,MISA,OZO,OZO,MISA,Red,Fade,Viktor,Viktor,MID,6,12.0,1.0,False,Loss
2953295,1,MISA,OZO,OZO,MISA,Red,Grave,Kalista,Kalista,BOT,7,17.0,2.0,False,Loss
2953295,1,MISA,OZO,MISA,OZO,Blue,Ruep,Lucian,Lucian,BOT,8,18.0,2.0,True,Win
2953295,1,MISA,OZO,MISA,OZO,Blue,Carry,Milio,Milio,SUP,9,19.0,2.0,True,Win
2953295,1,MISA,OZO,OZO,MISA,Red,monkaS,Renata,Renata Glasc,SUP,10,20.0,2.0,False,Loss
2953295,2,OZO,MISA,OZO,MISA,Blue,StarScreen,KSante,Xin Zhao,TOP,1,7.0,1.0,False,Loss
2953295,2,OZO,MISA,MISA,OZO,Red,Ragner,TwistedFate,Ashe,TOP,2,8.0,1.0,True,Win
2953295,2,OZO,MISA,MISA,OZO,Red,113,Nocturne,Seraphine,JGL,3,9.0,1.0,True,Win
2953295,2,OZO,MISA,OZO,MISA,Blue,CAPE,XinZhao,Ezreal,JGL,4,10.0,1.0,False,Loss
2953295,2,OZO,MISA,OZO,MISA,Blue,Fade,Akali,Nami,MID,5,11.0,1.0,False,Loss
2953295,2,OZO,MISA,MISA,OZO,Red,Kofte,Annie,Annie,MID,6,12.0,1.0,True,Win
2953295,2,OZO,MISA,MISA,OZO,Red,Ruep,Ashe,Nocturne,BOT,7,17.0,2.0,True,Win
2953295,2,OZO,MISA,OZO,MISA,Blue,Grave,Ezreal,K'Sante,BOT,8,18.0,2.0,False,Loss
2953295,2,OZO,MISA,OZO,MISA,Blue,monkaS,Nami,Akali,SUP,9,19.0,2.0,False,Loss
2953295,2,OZO,MISA,MISA,OZO,Red,Carry,Seraphine,Twisted Fate,SUP,10,20.0,2.0,True,Win
2953295,3,OZO,MISA,OZO,MISA,Blue,StarScreen,Rumble,Karma,TOP,1,7.0,1.0,False,Loss
2953295,3,OZO,MISA,MISA,OZO,Red,Ragner,Anivia,Aurora,TOP,2,8.0,1.0,True,Win
2953295,3,OZO,MISA,MISA,OZO,Red,113,Jayce,Jhin,JGL,3,9.0,1.0,True,Win
2953295,3,OZO,MISA,OZO,MISA,Blue,CAPE,Skarner,Rumble,JGL,4,10.0,1.0,False,Loss
2953295,3,OZO,MISA,OZO,MISA,Blue,Fade,Yasuo,Sivir,MID,5,11.0,1.0,False,Loss
2953295,3,OZO,MISA,MISA,OZO,Red,Kofte,Aurora,Alistar,MID,6,12.0,1.0,True,Win
2953295,3,OZO,MISA,MISA,OZO,Red,Ruep,Jhin,Jayce,BOT,7,17.0,2.0,True,Win
2953295,3,OZO,MISA,OZO,MISA,Blue,Grave,Sivir,Skarner,BOT,8,18.0,2.0,False,Loss
2953295,3,OZO,MISA,OZO,MISA,Blue,monkaS,Karma,Yasuo,SUP,9,19.0,2.0,False,Loss
2953295,3,OZO,MISA,MISA,OZO,Red,Carry,Alistar,Anivia,SUP,10,20.0,2.0,True,Win
2957043,1,MISA,PCF,MISA,PCF,Blue,Ragner,KSante,Ezreal,TOP,1,7.0,1.0,True,Win
2957043,1,MISA,PCF,PCF,MISA,Red,Aytekn,Aurora,Ashe,TOP,2,8.0,1.0,False,Loss
2957043,1,MISA,PCF,PCF,MISA,Red,stalken,XinZhao,Seraphine,JGL,3,9.0,1.0,False,Loss
2957043,1,MISA,PCF,MISA,PCF,Blue,113,Naafiri,Bard,JGL,4,10.0,1.0,True,Win
2957043,1,MISA,PCF,MISA,PCF,Blue,Kofte,Anivia,Anivia,MID,5,11.0,1.0,True,Win
2957043,1,MISA,PCF,PCF,MISA,Red,FireAscept,Akali,Aurora,MID,6,12.0,1.0,False,Loss
2957043,1,MISA,PCF,PCF,MISA,Red,Nawa,Ashe,Xin Zhao,BOT,7,17.0,2.0,False,Loss
2957043,1,MISA,PCF,MISA,PCF,Blue,Ruep,Ezreal,K'Sante,BOT,8,18.0,2.0,True,Win
2957043,1,MISA,PCF,MISA,PCF,Blue,Carry,Bard,Naafiri,SUP,9,19.0,2.0,True,Win
2957043,1,MISA,PCF,PCF,MISA,Red,Beplush,Seraphine,Akali,SUP,10,20.0,2.0,False,Loss
2957043,2,PCF,MISA,PCF,MISA,Blue,Aytekn,Yorick,Milio,TOP,1,7.0,1.0,False,Loss
2957043,2,PCF,MISA,MISA,PCF,Red,Ragner,Gragas,Ryze,TOP,2,8.0,1.0,True,Win
2957043,2,PCF,MISA,MISA,PCF,Red,113,LeeSin,Lee Sin,JGL,3,9.0,1.0,True,Win
2957043,2,PCF,MISA,PCF,MISA,Blue,stalken,Trundle,Lucian,JGL,4,10.0,1.0,False,Loss
2957043,2,PCF,MISA,PCF,MISA,Blue,FireAscept,Leblanc,LeBlanc,MID,5,11.0,1.0,False,Loss
2957043,2,PCF,MISA,MISA,PCF,Red,Kofte,Ryze,Gragas,MID,6,12.0,1.0,True,Win
2957043,2,PCF,MISA,MISA,PCF,Red,Ruep,Xayah,Xayah,BOT,7,17.0,2.0,True,Win
2957043,2,PCF,MISA,PCF,MISA,Blue,Nawa,Lucian,Trundle,BOT,8,18.0,2.0,False,Loss
2957043,2,PCF,MISA,PCF,MISA,Blue,Beplush,Milio,Yorick,SUP,9,19.0,2.0,False,Loss
2957043,2,PCF,MISA,MISA,PCF,Red,Carry,Rakan,Rakan,SUP,10,20.0,2.0,True,Win
2957043,3,MISA,PCF,MISA,PCF,Blue,Ragner,Rumble,Caitlyn,TOP,1,7.0,1.0,True,Win
2957043,3,MISA,PCF,PCF,MISA,Red,Aytekn,Galio,Jhin,TOP,2,8.0,1.0,False,Loss
2957043,3,MISA,PCF,PCF,MISA,Red,stalken,Pantheon,Pantheon,JGL,3,9.0,1.0,False,Loss
2957043,3,MISA,PCF,MISA,PCF,Blue,113,Qiyana,Neeko,JGL,4,10.0,1.0,True,Win
2957043,3,MISA,PCF,MISA,PCF,Blue,Kofte,Cassiopeia,Cassiopeia,MID,5,11.0,1.0,True,Win
2957043,3,MISA,PCF,PCF,MISA,Red,FireAscept,Taliyah,Alistar,MID,6,12.0,1.0,False,Loss
2957043,3,MISA,PCF,PCF,MISA,Red,Nawa,Jhin,Taliyah,BOT,7,17.0,2.0,False,Loss
2957043,3,MISA,PCF,MISA,PCF,Blue,Ruep,Caitlyn,Rumble,BOT,8,18.0,2.0,True,Win
2957043,3,MISA,PCF,MISA,PCF,Blue,Carry,Neeko,Qiyana,SUP,9,19.0,2.0,True,Win
2957043,3,MISA,PCF,PCF,MISA,Red,Beplush,Alistar,Galio,SUP,10,20.0,2.0,False,Loss
2957049,1,OTS,EWI,EWI,OTS,Red,Vizicsacsi,Rumble,Cassiopeia,TOP,1,7.0,1.0,True,Win
2957049,1,OTS,EWI,OTS,EWI,Blue,Hanma,Jayce,Ezreal,TOP,2,8.0,1.0,False,Loss
2957049,1,OTS,EWI,OTS,EWI,Blue,Lulas,XinZhao,Viktor,JGL,3,9.0,1.0,False,Loss
2957049,1,OTS,EWI,EWI,OTS,Red,Afroboi,DrMundo,Varus,JGL,4,10.0,1.0,True,Win
2957049,1,OTS,EWI,EWI,OTS,Red,Relative,Cassiopeia,Nautilus,MID,5,11.0,1.0,True,Win
2957049,1,OTS,EWI,OTS,EWI,Blue,Camana,Viktor,Braum,MID,6,12.0,1.0,False,Loss
2957049,1,OTS,EWI,OTS,EWI,Blue,Cimpo,Ezreal,Xin Zhao,BOT,7,17.0,2.0,False,Loss
2957049,1,OTS,EWI,EWI,OTS,Red,noz2k,Varus,Dr. Mundo,BOT,8,18.0,2.0,True,Win
2957049,1,OTS,EWI,EWI,OTS,Red,Wildenbruch,Nautilus,Rumble,SUP,9,19.0,2.0,True,Win
2957049,1,OTS,EWI,OTS,EWI,Blue,kkero,Braum,Jayce,SUP,10,20.0,2.0,False,Loss
2957088,1,GOAL,EWI,EWI,GOAL,Red,Vizicsacsi,Sion,Orianna,TOP,1,7.0,1.0,True,Win
2957088,1,GOAL,EWI,GOAL,EWI,Blue,kPr,Rumble,Rumble,TOP,2,8.0,1.0,False,Loss
2957088,1,GOAL,EWI,GOAL,EWI,Blue,Elix1r,LeeSin,Bard,JGL,3,9.0,1.0,False,Loss
2957088,1,GOAL,EWI,EWI,GOAL,Red,Afroboi,Viego,Ezreal,JGL,4,10.0,1.0,True,Win
2957088,1,GOAL,EWI,EWI,GOAL,Red,Relative,Orianna,Neeko,MID,5,11.0,1.0,True,Win
2957088,1,GOAL,EWI,GOAL,EWI,Blue,Kuroneel,Ryze,Ryze,MID,6,12.0,1.0,False,Loss
2957088,1,GOAL,EWI,GOAL,EWI,Blue,DRUXY,Sivir,Sivir,BOT,7,17.0,2.0,False,Loss
2957088,1,GOAL,EWI,EWI,GOAL,Red,noz2k,Ezreal,Sion,BOT,8,18.0,2.0,True,Win
2957088,1,GOAL,EWI,EWI,GOAL,Red,Wildenbruch,Neeko,Viego,SUP,9,19.0,2.0,True,Win
2957088,1,GOAL,EWI,GOAL,EWI,Blue,Abagnale,Bard,Lee Sin,SUP,10,20.0,2.0,False,Loss
2957088,2,EWI,GOAL,GOAL,EWI,Red,kPr,Gnar,Varus,TOP,1,7.0,1.0,False,Loss
2957088,2,EWI,GOAL,EWI,GOAL,Blue,Vizicsacsi,Poppy,Seraphine,TOP,2,8.0,1.0,True,Win
2957088,2,EWI,GOAL,EWI,GOAL,Blue,Afroboi,Darius,Darius,JGL,3,9.0,1.0,True,Win
2957088,2,EWI,GOAL,GOAL,EWI,Red,Elix1r,MonkeyKing,Rell,JGL,4,10.0,1.0,False,Loss
2957088,2,EWI,GOAL,GOAL,EWI,Red,Kuroneel,AurelionSol,Wukong,MID,5,11.0,1.0,False,Loss
2957088,2,EWI,GOAL,EWI,GOAL,Blue,Relative,Aurora,Poppy,MID,6,12.0,1.0,True,Win
2957088,2,EWI,GOAL,EWI,GOAL,Blue,noz2k,Ashe,Ashe,BOT,7,17.0,2.0,True,Win
2957088,2,EWI,GOAL,GOAL,EWI,Red,DRUXY,Varus,Gnar,BOT,8,18.0,2.0,False,Loss
2957088,2,EWI,GOAL,GOAL,EWI,Red,Abagnale,Rell,Aurelion Sol,SUP,9,19.0,2.0,False,Loss
2957088,2,EWI,GOAL,EWI,GOAL,Blue,Wildenbruch,Seraphine,Aurora,SUP,10,20.0,2.0,True,Win
2957093,1,HMB,UCAM,HMB,UCAM,Blue,APP,Rumble,Nocturne,TOP,1,7.0,1.0,True,Win
2957093,1,HMB,UCAM,UCAM,HMB,Red,Kozi,KSante,Wukong,TOP,2,8.0,1.0,False,Loss
2957093,1,HMB,UCAM,UCAM,HMB,Red,bluerzor,MonkeyKing,Neeko,JGL,3,9.0,1.0,False,Loss
2957093,1,HMB,UCAM,HMB,UCAM,Blue,adi1,Nocturne,Caitlyn,JGL,4,10.0,1.0,True,Win
2957093,1,HMB,UCAM,HMB,UCAM,Blue,Vigil,Ahri,Rumble,MID,5,11.0,1.0,True,Win
2957093,1,HMB,UCAM,UCAM,HMB,Red,ESCIK,Leblanc,Jhin,MID,6,12.0,1.0,False,Loss
2957093,1,HMB,UCAM,UCAM,HMB,Red,ANDARIEL,Jhin,K'Sante,BOT,7,17.0,2.0,False,Loss
2957093,1,HMB,UCAM,HMB,UCAM,Blue,Tyrone,Caitlyn,Lux,BOT,8,18.0,2.0,True,Win
2957093,1,HMB,UCAM,HMB,UCAM,Blue,Click,Lux,Ahri,SUP,9,19.0,2.0,True,Win
2957093,1,HMB,UCAM,UCAM,HMB,Red,iLevi,Neeko,LeBlanc,SUP,10,20.0,2.0,False,Loss
2957093,2,HMB,UCAM,UCAM,HMB,Red,Kozi,Olaf,Pantheon,TOP,1,7.0,1.0,True,Win
2957093,2,HMB,UCAM,HMB,UCAM,Blue,APP,Renekton,Senna,TOP,2,8.0,1.0,False,Loss
2957093,2,HMB,UCAM,HMB,UCAM,Blue,adi1,Poppy,Nautilus,JGL,3,9.0,1.0,False,Loss
2957093,2,HMB,UCAM,UCAM,HMB,Red,bluerzor,Pantheon,Rell,JGL,4,10.0,1.0,True,Win
2957093,2,HMB,UCAM,UCAM,HMB,Red,ESCIK,Viktor,Tristana,MID,5,11.0,1.0,True,Win
2957093,2,HMB,UCAM,HMB,UCAM,Blue,Vigil,Akali,Poppy,MID,6,12.0,1.0,False,Loss
2957093,2,HMB,UCAM,HMB,UCAM,Blue,Tyrone,Senna,Renekton,BOT,7,17.0,2.0,False,Loss
2957093,2,HMB,UCAM,UCAM,HMB,Red,ANDARIEL,Tristana,Olaf,BOT,8,18.0,2.0,True,Win
2957093,2,HMB,UCAM,UCAM,HMB,Red,iLevi,Rell,Viktor,SUP,9,19.0,2.0,True,Win
2957093,2,HMB,UCAM,HMB,UCAM,Blue,Click,Nautilus,Akali,SUP,10,20.0,2.0,False,Loss
2957093,3,HMB,UCAM,HMB,UCAM,Blue,APP,Sion,Jarvan IV,TOP,1,7.0,1.0,False,Loss
2957093,3,HMB,UCAM,UCAM,HMB,Red,Kozi,Gnar,Ezreal,TOP,2,8.0,1.0,True,Win
2957093,3,HMB,UCAM,UCAM,HMB,Red,bluerzor,XinZhao,Seraphine,JGL,3,9.0,1.0,True,Win
2957093,3,HMB,UCAM,HMB,UCAM,Blue,adi1,JarvanIV,Lucian,JGL,4,10.0,1.0,False,Loss
2957093,3,HMB,UCAM,HMB,UCAM,Blue,Vigil,Hwei,Milio,MID,5,11.0,1.0,False,Loss
2957093,3,HMB,UCAM,UCAM,HMB,Red,ESCIK,Ryze,Xin Zhao,MID,6,12.0,1.0,True,Win
2957093,3,HMB,UCAM,UCAM,HMB,Red,ANDARIEL,Ezreal,Ryze,BOT,7,17.0,2.0,True,Win
2957093,3,HMB,UCAM,HMB,UCAM,Blue,Tyrone,Lucian,Sion,BOT,8,18.0,2.0,False,Loss
2957093,3,HMB,UCAM,HMB,UCAM,Blue,Click,Milio,Hwei,SUP,9,19.0,2.0,False,Loss
2957093,3,HMB,UCAM,UCAM,HMB,Red,iLevi,Seraphine,Gnar,SUP,10,20.0,2.0,True,Win
2957094,1,EWI,MISA,MISA,EWI,Red,Ragner,KSante,Ezreal,TOP,1,7.0,1.0,True,Win
2957094,1,EWI,MISA,EWI,MISA,Blue,Vizicsacsi,Rumble,Sion,TOP,2,8.0,1.0,False,Loss
2957094,1,EWI,MISA,EWI,MISA,Blue,Afroboi,Naafiri,Bard,JGL,3,9.0,1.0,False,Loss
2957094,1,EWI,MISA,MISA,EWI,Red,113,Trundle,Anivia,JGL,4,10.0,1.0,True,Win
2957094,1,EWI,MISA,MISA,EWI,Red,Kofte,Anivia,Seraphine,MID,5,11.0,1.0,True,Win
2957094,1,EWI,MISA,EWI,MISA,Blue,Relative,Sion,Caitlyn,MID,6,12.0,1.0,False,Loss
2957094,1,EWI,MISA,EWI,MISA,Blue,noz2k,Caitlyn,Naafiri,BOT,7,17.0,2.0,False,Loss
2957094,1,EWI,MISA,MISA,EWI,Red,Ruep,Ezreal,Trundle,BOT,8,18.0,2.0,True,Win
2957094,1,EWI,MISA,MISA,EWI,Red,Carry,Seraphine,K'Sante,SUP,9,19.0,2.0,True,Win
2957094,1,EWI,MISA,EWI,MISA,Blue,Wildenbruch,Bard,Rumble,SUP,10,20.0,2.0,False,Loss
2957094,2,MISA,EWI,EWI,MISA,Red,Vizicsacsi,Gnar,Cassiopeia,TOP,1,7.0,1.0,False,Loss
2957094,2,MISA,EWI,MISA,EWI,Blue,Ragner,Jayce,Viktor,TOP,2,8.0,1.0,True,Win
2957094,2,MISA,EWI,MISA,EWI,Blue,113,Skarner,Ashe,JGL,3,9.0,1.0,True,Win
2957094,2,MISA,EWI,EWI,MISA,Red,Afroboi,DrMundo,Varus,JGL,4,10.0,1.0,False,Loss
2957094,2,MISA,EWI,EWI,MISA,Red,Relative,Cassiopeia,Neeko,MID,5,11.0,1.0,False,Loss
2957094,2,MISA,EWI,MISA,EWI,Blue,Kofte,Viktor,Lulu,MID,6,12.0,1.0,True,Win
2957094,2,MISA,EWI,MISA,EWI,Blue,Ruep,Ashe,Jayce,BOT,7,17.0,2.0,True,Win
2957094,2,MISA,EWI,EWI,MISA,Red,noz2k,Varus,Dr. Mundo,BOT,8,18.0,2.0,False,Loss
2957094,2,MISA,EWI,EWI,MISA,Red,Wildenbruch,Neeko,Gnar,SUP,9,19.0,2.0,False,Loss
2957094,2,MISA,EWI,MISA,EWI,Blue,Carry,Lulu,Skarner,SUP,10,20.0,2.0,True,Win
2977794,1,CG,ZENA,CG,ZENA,Blue,SkaR,Ambessa,Cassiopeia,TOP,1,7.0,1.0,True,Win
2977794,1,CG,ZENA,ZENA,CG,Red,Gemon,Zaahen,Jarvan IV,TOP,2,8.0,1.0,False,Loss
2977794,1,CG,ZENA,ZENA,CG,Red,Jekko,JarvanIV,Hwei,JGL,3,9.0,1.0,False,Loss
2977794,1,CG,ZENA,CG,ZENA,Blue,Jeykup,LeeSin,Lee Sin,JGL,4,10.0,1.0,True,Win
2977794,1,CG,ZENA,CG,ZENA,Blue,Azuka,Cassiopeia,Ambessa,MID,5,11.0,1.0,True,Win
2977794,1,CG,ZENA,ZENA,CG,Red,JayJay,Hwei,Zaahen,MID,6,12.0,1.0,False,Loss
2977794,1,CG,ZENA,ZENA,CG,Red,Pericolo,Ezreal,Ezreal,BOT,7,17.0,2.0,False,Loss
2977794,1,CG,ZENA,CG,ZENA,Blue,xHikama,Kaisa,Rell,BOT,8,18.0,2.0,True,Win
2977794,1,CG,ZENA,CG,ZENA,Blue,Shredder,Rell,Kai'Sa,SUP,9,19.0,2.0,True,Win
2977794,1,CG,ZENA,ZENA,CG,Red,OrthoZero,Braum,Braum,SUP,10,20.0,2.0,False,Loss
2977795,1,HMB,GMB,HMB,GMB,Blue,APP,Rumble,Rumble,TOP,1,7.0,1.0,True,Win
2977795,1,HMB,GMB,GMB,HMB,Red,Strava,Ambessa,Syndra,TOP,2,8.0,1.0,False,Loss
2977795,1,HMB,GMB,GMB,HMB,Red,Izo,LeeSin,Leona,JGL,3,9.0,1.0,False,Loss
2977795,1,HMB,GMB,HMB,GMB,Blue,Carnage,Vi,Vi,JGL,4,10.0,1.0,True,Win
2977795,1,HMB,GMB,HMB,GMB,Blue,Vigil,Yasuo,Rell,MID,5,11.0,1.0,True,Win
2977795,1,HMB,GMB,GMB,HMB,Red,lightcat,Syndra,Ambessa,MID,6,12.0,1.0,False,Loss
2977795,1,HMB,GMB,GMB,HMB,Red,Rharesh,Cassiopeia,Lee Sin,BOT,7,17.0,2.0,False,Loss
2977795,1,HMB,GMB,HMB,GMB,Blue,Tyrone,Ziggs,Ziggs,BOT,8,18.0,2.0,True,Win
2977795,1,HMB,GMB,HMB,GMB,Blue,Click,Rell,Yasuo,SUP,9,19.0,2.0,True,Win
2977795,1,HMB,GMB,GMB,HMB,Red,Darkchri99,Leona,Cassiopeia,SUP,10,20.0,2.0,False,Loss
2977796,1,TTS,EKO,TTS,EKO,Blue,Mikizzo,Malphite,Syndra,TOP,1,7.0,1.0,True,Win
2977796,1,TTS,EKO,EKO,TTS,Red,Kaylem,Ambessa,Ziggs,TOP,2,8.0,1.0,False,Loss
2977796,1,TTS,EKO,EKO,TTS,Red,SpeeDy,MonkeyKing,Wukong,JGL,3,9.0,1.0,False,Loss
2977796,1,TTS,EKO,TTS,EKO,Blue,Ryu,LeeSin,Lee Sin,JGL,4,10.0,1.0,True,Win
2977796,1,TTS,EKO,TTS,EKO,Blue,Lukee,Syndra,Alistar,MID,5,11.0,1.0,True,Win
2977796,1,TTS,EKO,EKO,TTS,Red,Crocomux,Ahri,Leona,MID,6,12.0,1.0,False,Loss
2977796,1,TTS,EKO,EKO,TTS,Red,Mihai,Ziggs,Ambessa,BOT,7,17.0,2.0,False,Loss
2977796,1,TTS,EKO,TTS,EKO,Blue,Creon,Kalista,Kalista,BOT,8,18.0,2.0,True,Win
2977796,1,TTS,EKO,TTS,EKO,Blue,AwerpiS,Alistar,Malphite,SUP,9,19.0,2.0,True,Win
2977796,1,TTS,EKO,EKO,TTS,Red,Corriragazz,Leona,Ahri,SUP,10,20.0,2.0,False,Loss
2977797,1,P11,ATA,P11,ATA,Blue,Limoncello,Renekton,Sion,TOP,1,7.0,1.0,False,Loss
2977797,1,P11,ATA,ATA,P11,Red,Niki,Ambessa,Orianna,TOP,2,8.0,1.0,True,Win
2977797,1,P11,ATA,ATA,P11,Red,Goliah,Naafiri,Seraphine,JGL,3,9.0,1.0,True,Win
2977797,1,P11,ATA,P11,ATA,Blue,Maciejka,Pantheon,Ziggs,JGL,4,10.0,1.0,False,Loss
2977797,1,P11,ATA,P11,ATA,Blue,Furby,Sion,Pantheon,MID,5,11.0,1.0,False,Loss
2977797,1,P11,ATA,ATA,P11,Red,Faded2,Orianna,Naafiri,MID,6,12.0,1.0,True,Win
2977797,1,P11,ATA,ATA,P11,Red,Kyte,Seraphine,Rakan,BOT,7,17.0,2.0,True,Win
2977797,1,P11,ATA,P11,ATA,Blue,gwisin,Ziggs,Rell,BOT,8,18.0,2.0,False,Loss
2977797,1,P11,ATA,P11,ATA,Blue,Pinguino,Rell,Renekton,SUP,9,19.0,2.0,False,Loss
2977797,1,P11,ATA,ATA,P11,Red,CloudStrike,Rakan,Ambessa,SUP,10,20.0,2.0,True,Win
2977799,1,EKO,P11,EKO,P11,Blue,Kaylem,Aatrox,Jarvan IV,TOP,1,7.0,1.0,False,Loss
2977799,1,EKO,P11,P11,EKO,Red,Limoncello,Ornn,Ornn,TOP,2,8.0,1.0,False,Loss
2977799,1,EKO,P11,P11,EKO,Red,Maciejka,Kindred,Kindred,JGL,3,9.0,1.0,False,Loss
2977799,1,EKO,P11,EKO,P11,Blue,SpeeDy,JarvanIV,Ezreal,JGL,4,10.0,1.0,False,Loss
2977799,1,EKO,P11,EKO,P11,Blue,Crocomux,Lux,Braum,MID,5,11.0,1.0,False,Loss
2977799,1,EKO,P11,P11,EKO,Red,Furby,Syndra,Syndra,MID,6,12.0,1.0,False,Loss
2977799,1,EKO,P11,P11,EKO,Red,gwisin,Kaisa,Kai'Sa,BOT,7,17.0,2.0,False,Loss
2977799,1,EKO,P11,EKO,P11,Blue,Mihai,Ezreal,Lux,BOT,8,18.0,2.0,False,Loss
2977799,1,EKO,P11,EKO,P11,Blue,Corriragazz,Braum,Aatrox,SUP,9,19.0,2.0,False,Loss
2977799,1,EKO,P11,P11,EKO,Red,Pinguino,Nautilus,Nautilus,SUP,10,20.0,2.0,False,Loss
2977800,1,ZENA,ATA,ZENA,ATA,Blue,Gemon,Shen,Nocturne,TOP,1,7.0,1.0,False,Loss
2977800,1,ZENA,ATA,ATA,ZENA,Red,Niki,Ambessa,Orianna,TOP,2,8.0,1.0,True,Win
2977800,1,ZENA,ATA,ATA,ZENA,Red,Goliah,MonkeyKing,Wukong,JGL,3,9.0,1.0,True,Win
2977800,1,ZENA,ATA,ZENA,ATA,Blue,Jekko,Nocturne,Syndra,JGL,4,10.0,1.0,False,Loss
2977800,1,ZENA,ATA,ZENA,ATA,Blue,JayJay,Syndra,Shen,MID,5,11.0,1.0,False,Loss
2977800,1,ZENA,ATA,ATA,ZENA,Red,Faded2,Orianna,Ambessa,MID,6,12.0,1.0,True,Win
2977800,1,ZENA,ATA,ATA,ZENA,Red,Kyte,Ziggs,Ziggs,BOT,7,17.0,2.0,True,Win
2977800,1,ZENA,ATA,ZENA,ATA,Blue,Pericolo,Kaisa,Rell,BOT,8,18.0,2.0,False,Loss
2977800,1,ZENA,ATA,ZENA,ATA,Blue,OrthoZero,Rell,Kai'Sa,SUP,9,19.0,2.0,False,Loss
2977800,1,ZENA,ATA,ATA,ZENA,Red,CloudStrike,Leona,Leona,SUP,10,20.0,2.0,True,Win
2977801,1,GMB,TTS,GMB,TTS,Blue,Strava,Ambessa,Viktor,TOP,1,7.0,1.0,True,Win
2977801,1,GMB,TTS,TTS,GMB,Red,Mikizzo,KSante,Syndra,TOP,2,8.0,1.0,False,Loss
2977801,1,GMB,TTS,TTS,GMB,Red,Ryu,MonkeyKing,Ezreal,JGL,3,9.0,1.0,False,Loss
2977801,1,GMB,TTS,GMB,TTS,Blue,Izo,JarvanIV,Jarvan IV,JGL,4,10.0,1.0,True,Win
2977801,1,GMB,TTS,GMB,TTS,Blue,lightcat,Viktor,Ambessa,MID,5,11.0,1.0,True,Win
2977801,1,GMB,TTS,TTS,GMB,Red,Lukee,Syndra,K'Sante,MID,6,12.0,1.0,False,Loss
2977801,1,GMB,TTS,TTS,GMB,Red,Creon,Ezreal,Rell,BOT,7,17.0,2.0,False,Loss
2977801,1,GMB,TTS,GMB,TTS,Blue,Rharesh,Cassiopeia,Nautilus,BOT,8,18.0,2.0,True,Win
2977801,1,GMB,TTS,GMB,TTS,Blue,Darkchri99,Nautilus,Cassiopeia,SUP,9,19.0,2.0,True,Win
2977801,1,GMB,TTS,TTS,GMB,Red,AwerpiS,Rell,Wukong,SUP,10,20.0,2.0,False,Loss
2977802,1,CG,HMB,CG,HMB,Blue,SkaR,Ambessa,Vi,TOP,1,7.0,1.0,False,Loss
2977802,1,CG,HMB,HMB,CG,Red,APP,Rumble,Rumble,TOP,2,8.0,1.0,True,Win
2977802,1,CG,HMB,HMB,CG,Red,Carnage,Pantheon,Pantheon,JGL,3,9.0,1.0,True,Win
2977802,1,CG,HMB,CG,HMB,Blue,Jeykup,Vi,Sion,JGL,4,10.0,1.0,False,Loss
2977802,1,CG,HMB,CG,HMB,Blue,Azuka,Ahri,Ahri,MID,5,11.0,1.0,False,Loss
2977802,1,CG,HMB,HMB,CG,Red,Vigil,Sylas,Sylas,MID,6,12.0,1.0,True,Win
2977802,1,CG,HMB,HMB,CG,Red,Tyrone,Xayah,Rakan,BOT,7,17.0,2.0,True,Win
2977802,1,CG,HMB,CG,HMB,Blue,xHikama,Sion,Rell,BOT,8,18.0,2.0,False,Loss
2977802,1,CG,HMB,CG,HMB,Blue,Shredder,Rell,Ambessa,SUP,9,19.0,2.0,False,Loss
2977802,1,CG,HMB,HMB,CG,Red,Click,Rakan,Xayah,SUP,10,20.0,2.0,True,Win
2977803,1,GMB,P11,GMB,P11,Blue,Strava,Ambessa,Ziggs,TOP,1,7.0,1.0,True,Win
2977803,1,GMB,P11,P11,GMB,Red,Limoncello,Ornn,Ornn,TOP,2,8.0,1.0,False,Loss
2977803,1,GMB,P11,P11,GMB,Red,Maciejka,Pantheon,Pantheon,JGL,3,9.0,1.0,False,Loss
2977803,1,GMB,P11,GMB,P11,Blue,Izo,Sylas,Leona,JGL,4,10.0,1.0,True,Win
2977803,1,GMB,P11,GMB,P11,Blue,lightcat,Yone,Yone,MID,5,11.0,1.0,True,Win
2977803,1,GMB,P11,P11,GMB,Red,Furby,Orianna,Orianna,MID,6,12.0,1.0,False,Loss
2977803,1,GMB,P11,P11,GMB,Red,gwisin,Ezreal,Ezreal,BOT,7,17.0,2.0,False,Loss
2977803,1,GMB,P11,GMB,P11,Blue,Rharesh,Ziggs,Ambessa,BOT,8,18.0,2.0,True,Win
2977803,1,GMB,P11,GMB,P11,Blue,Darkchri99,Leona,Sylas,SUP,9,19.0,2.0,True,Win
2977803,1,GMB,P11,P11,GMB,Red,Pinguino,Nautilus,Nautilus,SUP,10,20.0,2.0,False,Loss
2977804,1,CG,TTS,CG,TTS,Blue,SkaR,Renekton,Cassiopeia,TOP,1,7.0,1.0,True,Win
2977804,1,CG,TTS,TTS,CG,Red,Mikizzo,KSante,Anivia,TOP,2,8.0,1.0,False,Loss
2977804,1,CG,TTS,TTS,CG,Red,Ryu,JarvanIV,Jarvan IV,JGL,3,9.0,1.0,False,Loss
2977804,1,CG,TTS,CG,TTS,Blue,Jeykup,Vi,Vi,JGL,4,10.0,1.0,True,Win
2977804,1,CG,TTS,CG,TTS,Blue,Azuka,Akali,Renekton,MID,5,11.0,1.0,True,Win
2977804,1,CG,TTS,TTS,CG,Red,Lukee,Anivia,K'Sante,MID,6,12.0,1.0,False,Loss
2977804,1,CG,TTS,TTS,CG,Red,Creon,Xayah,Xayah,BOT,7,17.0,2.0,False,Loss
2977804,1,CG,TTS,CG,TTS,Blue,xHikama,Cassiopeia,Akali,BOT,8,18.0,2.0,True,Win
2977804,1,CG,TTS,CG,TTS,Blue,Shredder,Rakan,Rakan,SUP,9,19.0,2.0,True,Win
2977804,1,CG,TTS,TTS,CG,Red,AwerpiS,Bard,Bard,SUP,10,20.0,2.0,False,Loss
2977805,1,ZENA,HMB,ZENA,HMB,Blue,Gemon,Zaahen,Lee Sin,TOP,1,7.0,1.0,False,Loss
2977805,1,ZENA,HMB,HMB,ZENA,Red,APP,Vayne,Cassiopeia,TOP,2,8.0,1.0,True,Win
2977805,1,ZENA,HMB,HMB,ZENA,Red,Carnage,Vi,Vi,JGL,3,9.0,1.0,True,Win
2977805,1,ZENA,HMB,ZENA,HMB,Blue,Jekko,LeeSin,Akali,JGL,4,10.0,1.0,False,Loss
2977805,1,ZENA,HMB,ZENA,HMB,Blue,JayJay,Akali,Ziggs,MID,5,11.0,1.0,False,Loss
2977805,1,ZENA,HMB,HMB,ZENA,Red,Vigil,Sylas,Camille,MID,6,12.0,1.0,True,Win
2977805,1,ZENA,HMB,HMB,ZENA,Red,Tyrone,Cassiopeia,Sylas,BOT,7,17.0,2.0,True,Win
2977805,1,ZENA,HMB,ZENA,HMB,Blue,Pericolo,Ziggs,Nautilus,BOT,8,18.0,2.0,False,Loss
2977805,1,ZENA,HMB,ZENA,HMB,Blue,OrthoZero,Nautilus,Zaahen,SUP,9,19.0,2.0,False,Loss
2977805,1,ZENA,HMB,HMB,ZENA,Red,Click,Camille,Vayne,SUP,10,20.0,2.0,True,Win
2977806,1,ATA,EKO,ATA,EKO,Blue,Niki,KSante,Ziggs,TOP,1,7.0,1.0,False,Loss
2977806,1,ATA,EKO,EKO,ATA,Red,Kaylem,Gnar,Sivir,TOP,2,8.0,1.0,True,Win
2977806,1,ATA,EKO,EKO,ATA,Red,SpeeDy,JarvanIV,Jarvan IV,JGL,3,9.0,1.0,True,Win
2977806,1,ATA,EKO,ATA,EKO,Blue,Goliah,LeeSin,Lee Sin,JGL,4,10.0,1.0,False,Loss
2977806,1,ATA,EKO,ATA,EKO,Blue,Faded2,Ahri,Rell,MID,5,11.0,1.0,False,Loss
2977806,1,ATA,EKO,EKO,ATA,Red,Crocomux,Lux,Leona,MID,6,12.0,1.0,True,Win
2977806,1,ATA,EKO,EKO,ATA,Red,Mihai,Sivir,Lux,BOT,7,17.0,2.0,True,Win
2977806,1,ATA,EKO,ATA,EKO,Blue,Kyte,Ziggs,Ahri,BOT,8,18.0,2.0,False,Loss
2977806,1,ATA,EKO,ATA,EKO,Blue,CloudStrike,Rell,K'Sante,SUP,9,19.0,2.0,False,Loss
2977806,1,ATA,EKO,EKO,ATA,Red,Corriragazz,Leona,Gnar,SUP,10,20.0,2.0,True,Win
2977809,1,HMB,TTS,HMB,TTS,Blue,APP,Gnar,Vi,TOP,1,7.0,1.0,True,Win
2977809,1,HMB,TTS,TTS,HMB,Red,Mikizzo,Gragas,Camille,TOP,2,8.0,1.0,False,Loss
2977809,1,HMB,TTS,TTS,HMB,Red,Ryu,Naafiri,Tristana,JGL,3,9.0,1.0,False,Loss
2977809,1,HMB,TTS,HMB,TTS,Blue,Carnage,Vi,Ziggs,JGL,4,10.0,1.0,True,Win
2977809,1,HMB,TTS,HMB,TTS,Blue,Vigil,Syndra,Shen,MID,5,11.0,1.0,True,Win
2977809,1,HMB,TTS,TTS,HMB,Red,Lukee,Hwei,Naafiri,MID,6,12.0,1.0,False,Loss
2977809,1,HMB,TTS,TTS,HMB,Red,Creon,Tristana,Gragas,BOT,7,17.0,2.0,False,Loss
2977809,1,HMB,TTS,HMB,TTS,Blue,Tyrone,Ziggs,Gnar,BOT,8,18.0,2.0,True,Win
2977809,1,HMB,TTS,HMB,TTS,Blue,Click,Shen,Syndra,SUP,9,19.0,2.0,True,Win
2977809,1,HMB,TTS,TTS,HMB,Red,AwerpiS,Camille,Hwei,SUP,10,20.0,2.0,False,Loss
2977810,1,GMB,ATA,GMB,ATA,Blue,Strava,Renekton,Viktor,TOP,1,7.0,1.0,False,Loss
2977810,1,GMB,ATA,ATA,GMB,Red,Niki,Ambessa,Ambessa,TOP,2,8.0,1.0,True,Win
2977810,1,GMB,ATA,ATA,GMB,Red,Goliah,LeeSin,Leona,JGL,3,9.0,1.0,True,Win
2977810,1,GMB,ATA,GMB,ATA,Blue,Izo,JarvanIV,Jarvan IV,JGL,4,10.0,1.0,False,Loss
2977810,1,GMB,ATA,GMB,ATA,Blue,lightcat,Viktor,Renekton,MID,5,11.0,1.0,False,Loss
2977810,1,GMB,ATA,ATA,GMB,Red,Faded2,Ryze,Lee Sin,MID,6,12.0,1.0,True,Win
2977810,1,GMB,ATA,ATA,GMB,Red,Kyte,Zeri,Zeri,BOT,7,17.0,2.0,True,Win
2977810,1,GMB,ATA,GMB,ATA,Blue,Rharesh,Cassiopeia,Rell,BOT,8,18.0,2.0,False,Loss
2977810,1,GMB,ATA,GMB,ATA,Blue,Darkchri99,Rell,Cassiopeia,SUP,9,19.0,2.0,False,Loss
2977810,1,GMB,ATA,ATA,GMB,Red,CloudStrike,Leona,Ryze,SUP,10,20.0,2.0,True,Win
2977811,1,P11,CG,P11,CG,Blue,Limoncello,Sion,Ziggs,TOP,1,7.0,1.0,False,Loss
2977811,1,P11,CG,CG,P11,Red,SkaR,Rumble,Rumble,TOP,2,8.0,1.0,True,Win
2977811,1,P11,CG,CG,P11,Red,Jeykup,Nocturne,Nocturne,JGL,3,9.0,1.0,True,Win
2977811,1,P11,CG,P11,CG,Blue,Maciejka,XinZhao,Xin Zhao,JGL,4,10.0,1.0,False,Loss
2977811,1,P11,CG,P11,CG,Blue,Furby,Viktor,Sion,MID,5,11.0,1.0,False,Loss
2977811,1,P11,CG,CG,P11,Red,Azuka,Yone,Rell,MID,6,12.0,1.0,True,Win
2977811,1,P11,CG,CG,P11,Red,xHikama,Ezreal,Ezreal,BOT,7,17.0,2.0,True,Win
2977811,1,P11,CG,P11,CG,Blue,gwisin,Ziggs,Rakan,BOT,8,18.0,2.0,False,Loss
2977811,1,P11,CG,P11,CG,Blue,Pinguino,Rakan,Viktor,SUP,9,19.0,2.0,False,Loss
2977811,1,P11,CG,CG,P11,Red,Shredder,Rell,Yone,SUP,10,20.0,2.0,True,Win
2977812,1,ZENA,EKO,ZENA,EKO,Blue,Gemon,Ambessa,Ambessa,TOP,1,7.0,1.0,True,Win
2977812,1,ZENA,EKO,EKO,ZENA,Red,Kaylem,Gnar,Kai'Sa,TOP,2,8.0,1.0,False,Loss
2977812,1,ZENA,EKO,EKO,ZENA,Red,SpeeDy,LeeSin,Lee Sin,JGL,3,9.0,1.0,False,Loss
2977812,1,ZENA,EKO,ZENA,EKO,Blue,Jekko,Graves,Graves,JGL,4,10.0,1.0,True,Win
2977812,1,ZENA,EKO,ZENA,EKO,Blue,JayJay,Sylas,Cassiopeia,MID,5,11.0,1.0,True,Win
2977812,1,ZENA,EKO,EKO,ZENA,Red,Crocomux,Zoe,Gnar,MID,6,12.0,1.0,False,Loss
2977812,1,ZENA,EKO,EKO,ZENA,Red,Mihai,Kaisa,Leona,BOT,7,17.0,2.0,False,Loss
2977812,1,ZENA,EKO,ZENA,EKO,Blue,Pericolo,Cassiopeia,Alistar,BOT,8,18.0,2.0,True,Win
2977812,1,ZENA,EKO,ZENA,EKO,Blue,OrthoZero,Alistar,Sylas,SUP,9,19.0,2.0,True,Win
2977812,1,ZENA,EKO,EKO,ZENA,Red,Corriragazz,Leona,Zoe,SUP,10,20.0,2.0,False,Loss
2977813,1,GMB,EKO,GMB,EKO,Blue,Strava,Camille,Jarvan IV,TOP,1,7.0,1.0,True,Win
2977813,1,GMB,EKO,EKO,GMB,Red,Kaylem,Renekton,Leona,TOP,2,8.0,1.0,False,Loss
2977813,1,GMB,EKO,EKO,GMB,Red,SpeeDy,Olaf,Ezreal,JGL,3,9.0,1.0,False,Loss
2977813,1,GMB,EKO,GMB,EKO,Blue,Izo,JarvanIV,Viktor,JGL,4,10.0,1.0,True,Win
2977813,1,GMB,EKO,GMB,EKO,Blue,lightcat,Viktor,Rell,MID,5,11.0,1.0,True,Win
2977813,1,GMB,EKO,EKO,GMB,Red,Crocomux,Ahri,Olaf,MID,6,12.0,1.0,False,Loss
2977813,1,GMB,EKO,EKO,GMB,Red,Mihai,Ezreal,Ahri,BOT,7,17.0,2.0,False,Loss
2977813,1,GMB,EKO,GMB,EKO,Blue,Rharesh,Sivir,Sivir,BOT,8,18.0,2.0,True,Win
2977813,1,GMB,EKO,GMB,EKO,Blue,Darkchri99,Rell,Camille,SUP,9,19.0,2.0,True,Win
2977813,1,GMB,EKO,EKO,GMB,Red,Corriragazz,Leona,Renekton,SUP,10,20.0,2.0,False,Loss
2977814,1,P11,HMB,P11,HMB,Blue,Limoncello,Ornn,Ziggs,TOP,1,7.0,1.0,False,Loss
2977814,1,P11,HMB,HMB,P11,Red,APP,Gnar,Cassiopeia,TOP,2,8.0,1.0,True,Win
2977814,1,P11,HMB,HMB,P11,Red,Carnage,Pantheon,Pantheon,JGL,3,9.0,1.0,True,Win
2977814,1,P11,HMB,P11,HMB,Blue,Maciejka,Aatrox,Rell,JGL,4,10.0,1.0,False,Loss
2977814,1,P11,HMB,P11,HMB,Blue,Furby,Ziggs,Aatrox,MID,5,11.0,1.0,False,Loss
2977814,1,P11,HMB,HMB,P11,Red,Vigil,Cassiopeia,Leona,MID,6,12.0,1.0,True,Win
2977814,1,P11,HMB,HMB,P11,Red,Tyrone,Ezreal,Gnar,BOT,7,17.0,2.0,True,Win
2977814,1,P11,HMB,P11,HMB,Blue,gwisin,Yunara,Ornn,BOT,8,18.0,2.0,False,Loss
2977814,1,P11,HMB,P11,HMB,Blue,Pinguino,Rell,Yunara,SUP,9,19.0,2.0,False,Loss
2977814,1,P11,HMB,HMB,P11,Red,Click,Leona,Ezreal,SUP,10,20.0,2.0,True,Win
2977815,1,CG,ATA,CG,ATA,Blue,SkaR,Yorick,Cassiopeia,TOP,1,7.0,1.0,False,Loss
2977815,1,CG,ATA,ATA,CG,Red,Niki,Rumble,Rumble,TOP,2,8.0,1.0,True,Win
2977815,1,CG,ATA,ATA,CG,Red,Goliah,MonkeyKing,Anivia,JGL,3,9.0,1.0,True,Win
2977815,1,CG,ATA,CG,ATA,Blue,Jeykup,Qiyana,Yorick,JGL,4,10.0,1.0,False,Loss
2977815,1,CG,ATA,CG,ATA,Blue,Azuka,Akali,Leona,MID,5,11.0,1.0,False,Loss
2977815,1,CG,ATA,ATA,CG,Red,Faded2,Anivia,Rell,MID,6,12.0,1.0,True,Win
2977815,1,CG,ATA,ATA,CG,Red,Kyte,Zeri,Wukong,BOT,7,17.0,2.0,True,Win
2977815,1,CG,ATA,CG,ATA,Blue,xHikama,Cassiopeia,Qiyana,BOT,8,18.0,2.0,False,Loss
2977815,1,CG,ATA,CG,ATA,Blue,Shredder,Leona,Akali,SUP,9,19.0,2.0,False,Loss
2977815,1,CG,ATA,ATA,CG,Red,CloudStrike,Rell,Zeri,SUP,10,20.0,2.0,True,Win
2977816,1,ZENA,TTS,ZENA,TTS,Blue,Gemon,Ambessa,Ambessa,TOP,1,7.0,1.0,True,Win
2977816,1,ZENA,TTS,TTS,ZENA,Red,Mikizzo,Poppy,Lee Sin,TOP,2,8.0,1.0,False,Loss
2977816,1,ZENA,TTS,TTS,ZENA,Red,Ryu,LeeSin,Syndra,JGL,3,9.0,1.0,False,Loss
2977816,1,ZENA,TTS,ZENA,TTS,Blue,Jekko,Graves,Orianna,JGL,4,10.0,1.0,True,Win
2977816,1,ZENA,TTS,ZENA,TTS,Blue,JayJay,Orianna,Camille,MID,5,11.0,1.0,True,Win
2977816,1,ZENA,TTS,TTS,ZENA,Red,Lukee,Syndra,Poppy,MID,6,12.0,1.0,False,Loss
2977816,1,ZENA,TTS,TTS,ZENA,Red,Creon,Tristana,Tristana,BOT,7,17.0,2.0,False,Loss
2977816,1,ZENA,TTS,ZENA,TTS,Blue,Pericolo,Corki,Corki,BOT,8,18.0,2.0,True,Win
2977816,1,ZENA,TTS,ZENA,TTS,Blue,OrthoZero,Camille,Graves,SUP,9,19.0,2.0,True,Win
2977816,1,ZENA,TTS,TTS,ZENA,Red,AwerpiS,Nautilus,Nautilus,SUP,10,20.0,2.0,False,Loss
2977818,1,HMB,ATA,HMB,ATA,Blue,APP,KSante,K'Sante,TOP,1,7.0,1.0,True,Win
2977818,1,HMB,ATA,ATA,HMB,Red,Niki,Rumble,Rumble,TOP,2,8.0,1.0,False,Loss
2977818,1,HMB,ATA,ATA,HMB,Red,Goliah,Zaahen,Anivia,JGL,3,9.0,1.0,False,Loss
2977818,1,HMB,ATA,HMB,ATA,Blue,Carnage,Trundle,Cassiopeia,JGL,4,10.0,1.0,True,Win
2977818,1,HMB,ATA,HMB,ATA,Blue,Vigil,Cassiopeia,Leona,MID,5,11.0,1.0,True,Win
2977818,1,HMB,ATA,ATA,HMB,Red,Faded2,Anivia,Nautilus,MID,6,12.0,1.0,False,Loss
2977818,1,HMB,ATA,ATA,HMB,Red,Kyte,Sivir,Zaahen,BOT,7,17.0,2.0,False,Loss
2977818,1,HMB,ATA,HMB,ATA,Blue,Tyrone,Yunara,Trundle,BOT,8,18.0,2.0,True,Win
2977818,1,HMB,ATA,HMB,ATA,Blue,Click,Leona,Yunara,SUP,9,19.0,2.0,True,Win
2977818,1,HMB,ATA,ATA,HMB,Red,CloudStrike,Nautilus,Sivir,SUP,10,20.0,2.0,False,Loss
2977819,1,EKO,CG,EKO,CG,Blue,Kaylem,Aatrox,Ezreal,TOP,1,7.0,1.0,True,Win
2977819,1,EKO,CG,CG,EKO,Red,SkaR,Renekton,Vi,TOP,2,8.0,1.0,False,Loss
2977819,1,EKO,CG,CG,EKO,Red,Jeykup,Vi,Lucian,JGL,3,9.0,1.0,False,Loss
2977819,1,EKO,CG,EKO,CG,Blue,SpeeDy,MonkeyKing,Wukong,JGL,4,10.0,1.0,True,Win
2977819,1,EKO,CG,EKO,CG,Blue,Crocomux,Syndra,Nautilus,MID,5,11.0,1.0,True,Win
2977819,1,EKO,CG,CG,EKO,Red,Azuka,Ekko,Milio,MID,6,12.0,1.0,False,Loss
2977819,1,EKO,CG,CG,EKO,Red,xHikama,Lucian,Ekko,BOT,7,17.0,2.0,False,Loss
2977819,1,EKO,CG,EKO,CG,Blue,Mihai,Ezreal,Syndra,BOT,8,18.0,2.0,True,Win
2977819,1,EKO,CG,EKO,CG,Blue,Corriragazz,Nautilus,Aatrox,SUP,9,19.0,2.0,True,Win
2977819,1,EKO,CG,CG,EKO,Red,Shredder,Milio,Renekton,SUP,10,20.0,2.0,False,Loss
2977820,1,ZENA,GMB,ZENA,GMB,Blue,Gemon,Zaahen,Zaahen,TOP,1,7.0,1.0,False,Loss
2977820,1,ZENA,GMB,GMB,ZENA,Red,Strava,Gnar,Ryze,TOP,2,8.0,1.0,True,Win
2977820,1,ZENA,GMB,GMB,ZENA,Red,Izo,Skarner,Leona,JGL,3,9.0,1.0,True,Win
2977820,1,ZENA,GMB,ZENA,GMB,Blue,Jekko,LeeSin,Rell,JGL,4,10.0,1.0,False,Loss
2977820,1,ZENA,GMB,ZENA,GMB,Blue,JayJay,Locke,Lee Sin,MID,5,11.0,1.0,False,Loss
2977820,1,ZENA,GMB,GMB,ZENA,Red,lightcat,Ryze,Gnar,MID,6,12.0,1.0,True,Win
2977820,1,ZENA,GMB,GMB,ZENA,Red,Rharesh,Sivir,Skarner,BOT,7,17.0,2.0,True,Win
2977820,1,ZENA,GMB,ZENA,GMB,Blue,Pericolo,Seraphine,Zaahen,BOT,8,18.0,2.0,False,Loss
2977820,1,ZENA,GMB,ZENA,GMB,Blue,OrthoZero,Rell,Seraphine,SUP,9,19.0,2.0,False,Loss
2977820,1,ZENA,GMB,GMB,ZENA,Red,Darkchri99,Leona,Sivir,SUP,10,20.0,2.0,True,Win
2977821,1,P11,TTS,P11,TTS,Blue,Limoncello,Rumble,Rumble,TOP,1,7.0,1.0,False,Loss
2977821,1,P11,TTS,TTS,P11,Red,Iobellan,Darius,Syndra,TOP,2,8.0,1.0,True,Win
2977821,1,P11,TTS,TTS,P11,Red,Ryu,Pantheon,Pantheon,JGL,3,9.0,1.0,True,Win
2977821,1,P11,TTS,P11,TTS,Blue,Maciejka,MonkeyKing,Rell,JGL,4,10.0,1.0,False,Loss
2977821,1,P11,TTS,P11,TTS,Blue,Furby,Veigar,Wukong,MID,5,11.0,1.0,False,Loss
2977821,1,P11,TTS,TTS,P11,Red,Lukee,Hwei,Alistar,MID,6,12.0,1.0,True,Win
2977821,1,P11,TTS,TTS,P11,Red,Creon,Syndra,Darius,BOT,7,17.0,2.0,True,Win
2977821,1,P11,TTS,P11,TTS,Blue,gwisin,Jhin,Veigar,BOT,8,18.0,2.0,False,Loss
2977821,1,P11,TTS,P11,TTS,Blue,Pinguino,Rell,Jhin,SUP,9,19.0,2.0,False,Loss
2977821,1,P11,TTS,TTS,P11,Red,AwerpiS,Alistar,Hwei,SUP,10,20.0,2.0,True,Win
2977822,1,ATA,TTS,ATA,TTS,Blue,Niki,Jax,Wukong,TOP,1,7.0,1.0,True,Win
2977822,1,ATA,TTS,TTS,ATA,Red,Iobellan,Renekton,Vi,TOP,2,8.0,1.0,False,Loss
2977822,1,ATA,TTS,TTS,ATA,Red,Ryu,Vi,Syndra,JGL,3,9.0,1.0,False,Loss
2977822,1,ATA,TTS,ATA,TTS,Blue,Goliah,MonkeyKing,Orianna,JGL,4,10.0,1.0,True,Win
2977822,1,ATA,TTS,ATA,TTS,Blue,Faded2,Orianna,Leona,MID,5,11.0,1.0,True,Win
2977822,1,ATA,TTS,TTS,ATA,Red,Lukee,Swain,Rell,MID,6,12.0,1.0,False,Loss
2977822,1,ATA,TTS,TTS,ATA,Red,Creon,Syndra,Swain,BOT,7,17.0,2.0,False,Loss
2977822,1,ATA,TTS,ATA,TTS,Blue,Kyte,Kaisa,Kai'Sa,BOT,8,18.0,2.0,True,Win
2977822,1,ATA,TTS,ATA,TTS,Blue,CloudStrike,Leona,Jax,SUP,9,19.0,2.0,True,Win
2977822,1,ATA,TTS,TTS,ATA,Red,AwerpiS,Rell,Renekton,SUP,10,20.0,2.0,False,Loss
2977823,1,P11,ZENA,P11,ZENA,Blue,Limoncello,Renekton,Lee Sin,TOP,1,7.0,1.0,False,Loss
2977823,1,P11,ZENA,ZENA,P11,Red,Gemon,Zaahen,Orianna,TOP,2,8.0,1.0,True,Win
2977823,1,P11,ZENA,ZENA,P11,Red,Jekko,Nocturne,Nocturne,JGL,3,9.0,1.0,True,Win
2977823,1,P11,ZENA,P11,ZENA,Blue,Maciejka,LeeSin,Sion,JGL,4,10.0,1.0,False,Loss
2977823,1,P11,ZENA,P11,ZENA,Blue,Furby,Sion,Syndra,MID,5,11.0,1.0,False,Loss
2977823,1,P11,ZENA,ZENA,P11,Red,JayJay,Orianna,Shen,MID,6,12.0,1.0,True,Win
2977823,1,P11,ZENA,ZENA,P11,Red,Pericolo,Jhin,Jhin,BOT,7,17.0,2.0,True,Win
2977823,1,P11,ZENA,P11,ZENA,Blue,gwisin,Syndra,Leona,BOT,8,18.0,2.0,False,Loss
2977823,1,P11,ZENA,P11,ZENA,Blue,Pinguino,Leona,Renekton,SUP,9,19.0,2.0,False,Loss
2977823,1,P11,ZENA,ZENA,P11,Red,OrthoZero,Shen,Zaahen,SUP,10,20.0,2.0,True,Win
2977824,1,EKO,HMB,EKO,HMB,Blue,Kaylem,Galio,Ezreal,TOP,1,7.0,1.0,False,Loss
2977824,1,EKO,HMB,HMB,EKO,Red,APP,Rumble,Nocturne,TOP,2,8.0,1.0,True,Win
2977824,1,EKO,HMB,HMB,EKO,Red,Carnage,Nocturne,Rumble,JGL,3,9.0,1.0,True,Win
2977824,1,EKO,HMB,EKO,HMB,Blue,SpeeDy,Vi,Leona,JGL,4,10.0,1.0,False,Loss
2977824,1,EKO,HMB,EKO,HMB,Blue,Crocomux,Syndra,Galio,MID,5,11.0,1.0,False,Loss
2977824,1,EKO,HMB,HMB,EKO,Red,Vigil,Ryze,Jhin,MID,6,12.0,1.0,True,Win
2977824,1,EKO,HMB,HMB,EKO,Red,Tyrone,Jhin,Shen,BOT,7,17.0,2.0,True,Win
2977824,1,EKO,HMB,EKO,HMB,Blue,Mihai,Ezreal,Vi,BOT,8,18.0,2.0,False,Loss
2977824,1,EKO,HMB,EKO,HMB,Blue,Corriragazz,Leona,Syndra,SUP,9,19.0,2.0,False,Loss
2977824,1,EKO,HMB,HMB,EKO,Red,Click,Shen,Ryze,SUP,10,20.0,2.0,True,Win
2977825,1,CG,GMB,CG,GMB,Blue,SkaR,Jax,Leona,TOP,1,7.0,1.0,True,Win
2977825,1,CG,GMB,GMB,CG,Red,Strava,Ambessa,Viktor,TOP,2,8.0,1.0,False,Loss
2977825,1,CG,GMB,GMB,CG,Red,Izo,Vi,Rell,JGL,3,9.0,1.0,False,Loss
2977825,1,CG,GMB,CG,GMB,Blue,Jeykup,Naafiri,Ezreal,JGL,4,10.0,1.0,True,Win
2977825,1,CG,GMB,CG,GMB,Blue,Azuka,Hwei,Hwei,MID,5,11.0,1.0,True,Win
2977825,1,CG,GMB,GMB,CG,Red,lightcat,Viktor,Kai'Sa,MID,6,12.0,1.0,False,Loss
2977825,1,CG,GMB,GMB,CG,Red,Rharesh,Kaisa,Ambessa,BOT,7,17.0,2.0,False,Loss
2977825,1,CG,GMB,CG,GMB,Blue,xHikama,Ezreal,Naafiri,BOT,8,18.0,2.0,True,Win
2977825,1,CG,GMB,CG,GMB,Blue,Shredder,Leona,Jax,SUP,9,19.0,2.0,True,Win
2977825,1,CG,GMB,GMB,CG,Red,Darkchri99,Rell,Vi,SUP,10,20.0,2.0,False,Loss
2977829,1,P11,TTS,P11,TTS,Blue,Fratellin,Renekton,Jayce,TOP,1,7.0,1.0,False,Loss
2977829,1,P11,TTS,TTS,P11,Red,Iobellan,DrMundo,Viktor,TOP,2,8.0,1.0,True,Win
2977829,1,P11,TTS,TTS,P11,Red,Ryu,MonkeyKing,Wukong,JGL,3,9.0,1.0,True,Win
2977829,1,P11,TTS,P11,TTS,Blue,Maciejka,Nidalee,Nidalee,JGL,4,10.0,1.0,False,Loss
2977829,1,P11,TTS,P11,TTS,Blue,Furby,Jayce,Ezreal,MID,5,11.0,1.0,False,Loss
2977829,1,P11,TTS,TTS,P11,Red,Lukee,Viktor,Nautilus,MID,6,12.0,1.0,True,Win
2977829,1,P11,TTS,TTS,P11,Red,Creon,Kaisa,Kai'Sa,BOT,7,17.0,2.0,True,Win
2977829,1,P11,TTS,P11,TTS,Blue,gwisin,Ezreal,Renekton,BOT,8,18.0,2.0,False,Loss
2977829,1,P11,TTS,P11,TTS,Blue,Nesss,Alistar,Alistar,SUP,9,19.0,2.0,False,Loss
2977829,1,P11,TTS,TTS,P11,Red,AwerpiS,Nautilus,Dr. Mundo,SUP,10,20.0,2.0,True,Win
2977829,2,TTS,P11,TTS,P11,Blue,Iobellan,Shen,Ziggs,TOP,1,7.0,1.0,True,Win
2977829,2,TTS,P11,P11,TTS,Red,Fratellin,Urgot,Vi,TOP,2,8.0,1.0,False,Loss
2977829,2,TTS,P11,P11,TTS,Red,Maciejka,Vi,Leona,JGL,3,9.0,1.0,False,Loss
2977829,2,TTS,P11,TTS,P11,Blue,Ryu,Naafiri,Camille,JGL,4,10.0,1.0,True,Win
2977829,2,TTS,P11,TTS,P11,Blue,Lukee,Ryze,Naafiri,MID,5,11.0,1.0,True,Win
2977829,2,TTS,P11,P11,TTS,Red,Furby,Ekko,Sivir,MID,6,12.0,1.0,False,Loss
2977829,2,TTS,P11,P11,TTS,Red,gwisin,Sivir,Ekko,BOT,7,17.0,2.0,False,Loss
2977829,2,TTS,P11,TTS,P11,Blue,Creon,Ziggs,Ryze,BOT,8,18.0,2.0,True,Win
2977829,2,TTS,P11,TTS,P11,Blue,AwerpiS,Camille,Shen,SUP,9,19.0,2.0,True,Win
2977829,2,TTS,P11,P11,TTS,Red,Nesss,Leona,Urgot,SUP,10,20.0,2.0,False,Loss
2977829,3,TTS,P11,TTS,P11,Blue,Iobellan,Yone,Skarner,TOP,1,7.0,1.0,True,Win
2977829,3,TTS,P11,P11,TTS,Red,Fratellin,Malphite,Aatrox,TOP,2,8.0,1.0,False,Loss
2977829,3,TTS,P11,P11,TTS,Red,Maciejka,Aatrox,Thresh,JGL,3,9.0,1.0,False,Loss
2977829,3,TTS,P11,TTS,P11,Blue,Ryu,Skarner,Lucian,JGL,4,10.0,1.0,True,Win
2977829,3,TTS,P11,TTS,P11,Blue,Lukee,Hwei,Milio,MID,5,11.0,1.0,True,Win
2977829,3,TTS,P11,P11,TTS,Red,Furby,Taliyah,Caitlyn,MID,6,12.0,1.0,False,Loss
2977829,3,TTS,P11,P11,TTS,Red,gwisin,Caitlyn,Taliyah,BOT,7,17.0,2.0,False,Loss
2977829,3,TTS,P11,TTS,P11,Blue,Creon,Lucian,Hwei,BOT,8,18.0,2.0,True,Win
2977829,3,TTS,P11,TTS,P11,Blue,AwerpiS,Milio,Yone,SUP,9,19.0,2.0,True,Win
2977829,3,TTS,P11,P11,TTS,Red,Nesss,Thresh,Malphite,SUP,10,20.0,2.0,False,Loss
2977831,1,GMB,HMB,GMB,HMB,Blue,Strava,Rumble,Rumble,TOP,1,7.0,1.0,False,Loss
2977831,1,GMB,HMB,HMB,GMB,Red,APP,KSante,K'Sante,TOP,2,8.0,1.0,True,Win
2977831,1,GMB,HMB,HMB,GMB,Red,Carnage,Trundle,Ezreal,JGL,3,9.0,1.0,True,Win
2977831,1,GMB,HMB,GMB,HMB,Blue,Izo,LeeSin,Nautilus,JGL,4,10.0,1.0,False,Loss
2977831,1,GMB,HMB,GMB,HMB,Blue,lightcat,Syndra,Jhin,MID,5,11.0,1.0,False,Loss
2977831,1,GMB,HMB,HMB,GMB,Red,Vigil,Locke,Rell,MID,6,12.0,1.0,True,Win
2977831,1,GMB,HMB,HMB,GMB,Red,Tyrone,Ezreal,Trundle,BOT,7,17.0,2.0,True,Win
2977831,1,GMB,HMB,GMB,HMB,Blue,Rharesh,Jhin,Syndra,BOT,8,18.0,2.0,False,Loss
2977831,1,GMB,HMB,GMB,HMB,Blue,Darkchri99,Nautilus,Lee Sin,SUP,9,19.0,2.0,False,Loss
2977831,1,GMB,HMB,HMB,GMB,Red,Click,Rell,ID:805,SUP,10,20.0,2.0,True,Win
2977831,2,HMB,GMB,HMB,GMB,Blue,APP,Olaf,Lucian,TOP,1,7.0,1.0,True,Win
2977831,2,HMB,GMB,GMB,HMB,Red,Strava,Anivia,Jayce,TOP,2,8.0,1.0,False,Loss
2977831,2,HMB,GMB,GMB,HMB,Red,Izo,Jayce,Caitlyn,JGL,3,9.0,1.0,False,Loss
2977831,2,HMB,GMB,HMB,GMB,Blue,Carnage,XinZhao,Milio,JGL,4,10.0,1.0,True,Win
2977831,2,HMB,GMB,HMB,GMB,Blue,Vigil,Galio,Olaf,MID,5,11.0,1.0,True,Win
2977831,2,HMB,GMB,GMB,HMB,Red,lightcat,Ryze,Neeko,MID,6,12.0,1.0,False,Loss
2977831,2,HMB,GMB,GMB,HMB,Red,Rharesh,Caitlyn,Anivia,BOT,7,17.0,2.0,False,Loss
2977831,2,HMB,GMB,HMB,GMB,Blue,Tyrone,Lucian,Xin Zhao,BOT,8,18.0,2.0,True,Win
2977831,2,HMB,GMB,HMB,GMB,Blue,Click,Milio,Galio,SUP,9,19.0,2.0,True,Win
2977831,2,HMB,GMB,GMB,HMB,Red,Darkchri99,Neeko,Ryze,SUP,10,20.0,2.0,False,Loss
2977831,3,HMB,GMB,HMB,GMB,Blue,APP,Renekton,Viktor,TOP,1,7.0,1.0,True,Win
2977831,3,HMB,GMB,GMB,HMB,Red,Strava,Sion,Leona,TOP,2,8.0,1.0,False,Loss
2977831,3,HMB,GMB,GMB,HMB,Red,Izo,Naafiri,Orianna,JGL,3,9.0,1.0,False,Loss
2977831,3,HMB,GMB,HMB,GMB,Blue,Carnage,Pantheon,Pantheon,JGL,4,10.0,1.0,True,Win
2977831,3,HMB,GMB,HMB,GMB,Blue,Vigil,Viktor,Shen,MID,5,11.0,1.0,True,Win
2977831,3,HMB,GMB,GMB,HMB,Red,lightcat,Orianna,Naafiri,MID,6,12.0,1.0,False,Loss
2977831,3,HMB,GMB,GMB,HMB,Red,Rharesh,Corki,Corki,BOT,7,17.0,2.0,False,Loss
2977831,3,HMB,GMB,HMB,GMB,Blue,Tyrone,Sivir,Sivir,BOT,8,18.0,2.0,True,Win
2977831,3,HMB,GMB,HMB,GMB,Blue,Click,Shen,Renekton,SUP,9,19.0,2.0,True,Win
2977831,3,HMB,GMB,GMB,HMB,Red,Darkchri99,Leona,Sion,SUP,10,20.0,2.0,False,Loss
2977832,1,CG,ATA,CG,ATA,Blue,SkaR,Camille,Orianna,TOP,1,7.0,1.0,False,Loss
2977832,1,CG,ATA,ATA,CG,Red,Niki,Ambessa,Viktor,TOP,2,8.0,1.0,True,Win
2977832,1,CG,ATA,ATA,CG,Red,Goliah,Naafiri,Naafiri,JGL,3,9.0,1.0,True,Win
2977832,1,CG,ATA,CG,ATA,Blue,Jeykup,Qiyana,Ezreal,JGL,4,10.0,1.0,False,Loss
2977832,1,CG,ATA,CG,ATA,Blue,Azuka,Orianna,Leona,MID,5,11.0,1.0,False,Loss
2977832,1,CG,ATA,ATA,CG,Red,Faded2,Viktor,Rell,MID,6,12.0,1.0,True,Win
2977832,1,CG,ATA,ATA,CG,Red,Kyte,Sivir,Ambessa,BOT,7,17.0,2.0,True,Win
2977832,1,CG,ATA,CG,ATA,Blue,xHikama,Ezreal,Camille,BOT,8,18.0,2.0,False,Loss
2977832,1,CG,ATA,CG,ATA,Blue,Shredder,Leona,Qiyana,SUP,9,19.0,2.0,False,Loss
2977832,1,CG,ATA,ATA,CG,Red,CloudStrike,Rell,Sivir,SUP,10,20.0,2.0,True,Win
2977832,2,CG,ATA,CG,ATA,Blue,SkaR,Rumble,Rumble,TOP,1,7.0,1.0,True,Win
2977832,2,CG,ATA,ATA,CG,Red,Niki,Gwen,Gwen,TOP,2,8.0,1.0,False,Loss
2977832,2,CG,ATA,ATA,CG,Red,Goliah,Poppy,Ryze,JGL,3,9.0,1.0,False,Loss
2977832,2,CG,ATA,CG,ATA,Blue,Jeykup,Khazix,Bard,JGL,4,10.0,1.0,True,Win
2977832,2,CG,ATA,CG,ATA,Blue,Azuka,Taliyah,Jhin,MID,5,11.0,1.0,True,Win
2977832,2,CG,ATA,ATA,CG,Red,Faded2,Ryze,Rakan,MID,6,12.0,1.0,False,Loss
2977832,2,CG,ATA,ATA,CG,Red,Kyte,Corki,Corki,BOT,7,17.0,2.0,False,Loss
2977832,2,CG,ATA,CG,ATA,Blue,xHikama,Jhin,Kha'Zix,BOT,8,18.0,2.0,True,Win
2977832,2,CG,ATA,CG,ATA,Blue,Shredder,Bard,Taliyah,SUP,9,19.0,2.0,True,Win
2977832,2,CG,ATA,ATA,CG,Red,CloudStrike,Rakan,Poppy,SUP,10,20.0,2.0,False,Loss
2977832,3,CG,ATA,CG,ATA,Blue,SkaR,Olaf,Nocturne,TOP,1,7.0,1.0,True,Win
2977832,3,CG,ATA,ATA,CG,Red,Niki,Renekton,Lulu,TOP,2,8.0,1.0,False,Loss
2977832,3,CG,ATA,ATA,CG,Red,Goliah,XinZhao,Yunara,JGL,3,9.0,1.0,False,Loss
2977832,3,CG,ATA,CG,ATA,Blue,Jeykup,Nocturne,Lucian,JGL,4,10.0,1.0,True,Win
2977832,3,CG,ATA,CG,ATA,Blue,Azuka,Locke,Milio,MID,5,11.0,1.0,True,Win
2977832,3,CG,ATA,ATA,CG,Red,Faded2,Syndra,Xin Zhao,MID,6,12.0,1.0,False,Loss
2977832,3,CG,ATA,ATA,CG,Red,Kyte,Yunara,Syndra,BOT,7,17.0,2.0,False,Loss
2977832,3,CG,ATA,CG,ATA,Blue,xHikama,Lucian,Olaf,BOT,8,18.0,2.0,True,Win
2977832,3,CG,ATA,CG,ATA,Blue,Shredder,Milio,Milio,SUP,9,19.0,2.0,True,Win
2977832,3,CG,ATA,ATA,CG,Red,CloudStrike,Lulu,Renekton,SUP,10,20.0,2.0,False,Loss
2977832,4,CG,ATA,CG,ATA,Blue,SkaR,Chogath,Nautilus,TOP,1,7.0,1.0,True,Win
2977832,4,CG,ATA,ATA,CG,Red,Niki,Sion,Alistar,TOP,2,8.0,1.0,False,Loss
2977832,4,CG,ATA,ATA,CG,Red,Goliah,Viego,Viego,JGL,3,9.0,1.0,False,Loss
2977832,4,CG,ATA,CG,ATA,Blue,Jeykup,Jayce,Jayce,JGL,4,10.0,1.0,True,Win
2977832,4,CG,ATA,CG,ATA,Blue,Azuka,Sylas,Sylas,MID,5,11.0,1.0,True,Win
2977832,4,CG,ATA,ATA,CG,Red,Faded2,Lissandra,Varus,MID,6,12.0,1.0,False,Loss
2977832,4,CG,ATA,ATA,CG,Red,Kyte,Varus,Sion,BOT,7,17.0,2.0,False,Loss
2977832,4,CG,ATA,CG,ATA,Blue,xHikama,Zeri,Zeri,BOT,8,18.0,2.0,True,Win
2977832,4,CG,ATA,CG,ATA,Blue,Shredder,Nautilus,Cho'Gath,SUP,9,19.0,2.0,True,Win
2977832,4,CG,ATA,ATA,CG,Red,CloudStrike,Alistar,Lissandra,SUP,10,20.0,2.0,False,Loss
2977833,1,TTS,EKO,TTS,EKO,Blue,Iobellan,DrMundo,Wukong,TOP,1,7.0,1.0,True,Win
2977833,1,TTS,EKO,EKO,TTS,Red,Kaylem,Renekton,Syndra,TOP,2,8.0,1.0,False,Loss
2977833,1,TTS,EKO,EKO,TTS,Red,SpeeDy,Trundle,Trundle,JGL,3,9.0,1.0,False,Loss
2977833,1,TTS,EKO,TTS,EKO,Blue,Ryu,MonkeyKing,Ryze,JGL,4,10.0,1.0,True,Win
2977833,1,TTS,EKO,TTS,EKO,Blue,Lukee,Ryze,Rakan,MID,5,11.0,1.0,True,Win
2977833,1,TTS,EKO,EKO,TTS,Red,Crocomux,Syndra,Ezreal,MID,6,12.0,1.0,False,Loss
2977833,1,TTS,EKO,EKO,TTS,Red,Mihai,Ezreal,Alistar,BOT,7,17.0,2.0,False,Loss
2977833,1,TTS,EKO,TTS,EKO,Blue,Creon,Tristana,Tristana,BOT,8,18.0,2.0,True,Win
2977833,1,TTS,EKO,TTS,EKO,Blue,AwerpiS,Rakan,Dr. Mundo,SUP,9,19.0,2.0,True,Win
2977833,1,TTS,EKO,EKO,TTS,Red,Downfall,Alistar,Renekton,SUP,10,20.0,2.0,False,Loss
2977833,2,TTS,EKO,TTS,EKO,Blue,Iobellan,Yorick,Jayce,TOP,1,7.0,1.0,True,Win
2977833,2,TTS,EKO,EKO,TTS,Red,Kaylem,Ambessa,Jhin,TOP,2,8.0,1.0,False,Loss
2977833,2,TTS,EKO,EKO,TTS,Red,SpeeDy,Malphite,Ambessa,JGL,3,9.0,1.0,False,Loss
2977833,2,TTS,EKO,TTS,EKO,Blue,Ryu,Jayce,Sivir,JGL,4,10.0,1.0,True,Win
2977833,2,TTS,EKO,TTS,EKO,Blue,Lukee,Anivia,Anivia,MID,5,11.0,1.0,True,Win
2977833,2,TTS,EKO,EKO,TTS,Red,Crocomux,Xerath,Leona,MID,6,12.0,1.0,False,Loss
2977833,2,TTS,EKO,EKO,TTS,Red,Mihai,Jhin,Xerath,BOT,7,17.0,2.0,False,Loss
2977833,2,TTS,EKO,TTS,EKO,Blue,Creon,Sivir,Rell,BOT,8,18.0,2.0,True,Win
2977833,2,TTS,EKO,TTS,EKO,Blue,AwerpiS,Rell,Yorick,SUP,9,19.0,2.0,True,Win
2977833,2,TTS,EKO,EKO,TTS,Red,Downfall,Leona,Malphite,SUP,10,20.0,2.0,False,Loss
2977833,3,TTS,EKO,TTS,EKO,Blue,Iobellan,Fiora,Lucian,TOP,1,7.0,1.0,True,Win
2977833,3,TTS,EKO,EKO,TTS,Red,Kaylem,Aatrox,Viktor,TOP,2,8.0,1.0,False,Loss
2977833,3,TTS,EKO,EKO,TTS,Red,SpeeDy,Skarner,Kai'Sa,JGL,3,9.0,1.0,False,Loss
2977833,3,TTS,EKO,TTS,EKO,Blue,Ryu,Sejuani,Milio,JGL,4,10.0,1.0,True,Win
2977833,3,TTS,EKO,TTS,EKO,Blue,Lukee,Mel,Sejuani,MID,5,11.0,1.0,True,Win
2977833,3,TTS,EKO,EKO,TTS,Red,Crocomux,Viktor,Nautilus,MID,6,12.0,1.0,False,Loss
2977833,3,TTS,EKO,EKO,TTS,Red,Mihai,Kaisa,Aatrox,BOT,7,17.0,2.0,False,Loss
2977833,3,TTS,EKO,TTS,EKO,Blue,Creon,Lucian,Mel,BOT,8,18.0,2.0,True,Win
2977833,3,TTS,EKO,TTS,EKO,Blue,AwerpiS,Milio,Fiora,SUP,9,19.0,2.0,True,Win
2977833,3,TTS,EKO,EKO,TTS,Red,Downfall,Nautilus,Skarner,SUP,10,20.0,2.0,False,Loss
2977835,1,TTS,ZENA,TTS,ZENA,Blue,Iobellan,Nasus,Ryze,TOP,1,7.0,1.0,False,Loss
2977835,1,TTS,ZENA,ZENA,TTS,Red,Gemon,Gnar,Tristana,TOP,2,8.0,1.0,True,Win
2977835,1,TTS,ZENA,ZENA,TTS,Red,Jekko,Sylas,Sylas,JGL,3,9.0,1.0,True,Win
2977835,1,TTS,ZENA,TTS,ZENA,Blue,Ryu,Pantheon,Corki,JGL,4,10.0,1.0,False,Loss
2977835,1,TTS,ZENA,TTS,ZENA,Blue,Lukee,Ryze,Rell,MID,5,11.0,1.0,False,Loss
2977835,1,TTS,ZENA,ZENA,TTS,Red,JayJay,Azir,Nautilus,MID,6,12.0,1.0,True,Win
2977835,1,TTS,ZENA,ZENA,TTS,Red,Pericolo,Tristana,Gnar,BOT,7,17.0,2.0,True,Win
2977835,1,TTS,ZENA,TTS,ZENA,Blue,Creon,Corki,Pantheon,BOT,8,18.0,2.0,False,Loss
2977835,1,TTS,ZENA,TTS,ZENA,Blue,AwerpiS,Rell,Nasus,SUP,9,19.0,2.0,False,Loss
2977835,1,TTS,ZENA,ZENA,TTS,Red,OrthoZero,Nautilus,Azir,SUP,10,20.0,2.0,True,Win
2977835,2,ZENA,TTS,ZENA,TTS,Blue,Gemon,Zaahen,Syndra,TOP,1,7.0,1.0,True,Win
2977835,2,ZENA,TTS,TTS,ZENA,Red,Iobellan,Darius,Viktor,TOP,2,8.0,1.0,False,Loss
2977835,2,ZENA,TTS,TTS,ZENA,Red,Ryu,Vi,Vi,JGL,3,9.0,1.0,False,Loss
2977835,2,ZENA,TTS,ZENA,TTS,Blue,Jekko,LeeSin,Lee Sin,JGL,4,10.0,1.0,True,Win
2977835,2,ZENA,TTS,ZENA,TTS,Blue,JayJay,Syndra,Leona,MID,5,11.0,1.0,True,Win
2977835,2,ZENA,TTS,TTS,ZENA,Red,Lukee,Viktor,Alistar,MID,6,12.0,1.0,False,Loss
2977835,2,ZENA,TTS,TTS,ZENA,Red,Creon,MissFortune,Miss Fortune,BOT,7,17.0,2.0,False,Loss
2977835,2,ZENA,TTS,ZENA,TTS,Blue,Pericolo,Jhin,Jhin,BOT,8,18.0,2.0,True,Win
2977835,2,ZENA,TTS,ZENA,TTS,Blue,OrthoZero,Leona,Zaahen,SUP,9,19.0,2.0,True,Win
2977835,2,ZENA,TTS,TTS,ZENA,Red,AwerpiS,Alistar,Darius,SUP,10,20.0,2.0,False,Loss
2977835,3,ZENA,TTS,ZENA,TTS,Blue,Gemon,Malphite,Jarvan IV,TOP,1,7.0,1.0,True,Win
2977835,3,ZENA,TTS,TTS,ZENA,Red,Iobellan,Sion,Wukong,TOP,2,8.0,1.0,False,Loss
2977835,3,ZENA,TTS,TTS,ZENA,Red,Ryu,MonkeyKing,Anivia,JGL,3,9.0,1.0,False,Loss
2977835,3,ZENA,TTS,ZENA,TTS,Blue,Jekko,JarvanIV,Yone,JGL,4,10.0,1.0,True,Win
2977835,3,ZENA,TTS,ZENA,TTS,Blue,JayJay,Yone,Kai'Sa,MID,5,11.0,1.0,True,Win
2977835,3,ZENA,TTS,TTS,ZENA,Red,Lukee,Anivia,Rakan,MID,6,12.0,1.0,False,Loss
2977835,3,ZENA,TTS,TTS,ZENA,Red,Creon,Zeri,Zeri,BOT,7,17.0,2.0,False,Loss
2977835,3,ZENA,TTS,ZENA,TTS,Blue,Pericolo,Kaisa,Bard,BOT,8,18.0,2.0,True,Win
2977835,3,ZENA,TTS,ZENA,TTS,Blue,OrthoZero,Bard,Malphite,SUP,9,19.0,2.0,True,Win
2977835,3,ZENA,TTS,TTS,ZENA,Red,AwerpiS,Rakan,Sion,SUP,10,20.0,2.0,False,Loss
2977837,1,CG,HMB,CG,HMB,Blue,SkaR,Rumble,Rumble,TOP,1,7.0,1.0,False,Loss
2977837,1,CG,HMB,HMB,CG,Red,APP,KSante,K'Sante,TOP,2,8.0,1.0,True,Win
2977837,1,CG,HMB,HMB,CG,Red,Carnage,MonkeyKing,Yunara,JGL,3,9.0,1.0,True,Win
2977837,1,CG,HMB,CG,HMB,Blue,Jeykup,JarvanIV,Syndra,JGL,4,10.0,1.0,False,Loss
2977837,1,CG,HMB,CG,HMB,Blue,Azuka,Syndra,Jarvan IV,MID,5,11.0,1.0,False,Loss
2977837,1,CG,HMB,HMB,CG,Red,Vigil,Ahri,Lulu,MID,6,12.0,1.0,True,Win
2977837,1,CG,HMB,HMB,CG,Red,Tyrone,Yunara,Wukong,BOT,7,17.0,2.0,True,Win
2977837,1,CG,HMB,CG,HMB,Blue,xHikama,Lucian,Lucian,BOT,8,18.0,2.0,False,Loss
2977837,1,CG,HMB,CG,HMB,Blue,Shredder,Milio,Milio,SUP,9,19.0,2.0,False,Loss
2977837,1,CG,HMB,HMB,CG,Red,Click,Lulu,Ahri,SUP,10,20.0,2.0,True,Win
2977837,2,CG,HMB,CG,HMB,Blue,SkaR,Jayce,Ryze,TOP,1,7.0,1.0,False,Loss
2977837,2,CG,HMB,HMB,CG,Red,APP,Ambessa,Yone,TOP,2,8.0,1.0,True,Win
2977837,2,CG,HMB,HMB,CG,Red,Carnage,Sejuani,Sejuani,JGL,3,9.0,1.0,True,Win
2977837,2,CG,HMB,CG,HMB,Blue,Jeykup,Naafiri,Naafiri,JGL,4,10.0,1.0,False,Loss
2977837,2,CG,HMB,CG,HMB,Blue,Azuka,Ryze,Jayce,MID,5,11.0,1.0,False,Loss
2977837,2,CG,HMB,HMB,CG,Red,Vigil,Yone,Ambessa,MID,6,12.0,1.0,True,Win
2977837,2,CG,HMB,HMB,CG,Red,Tyrone,Ashe,Seraphine,BOT,7,17.0,2.0,True,Win
2977837,2,CG,HMB,CG,HMB,Blue,xHikama,Zeri,Leona,BOT,8,18.0,2.0,False,Loss
2977837,2,CG,HMB,CG,HMB,Blue,Shredder,Leona,Zeri,SUP,9,19.0,2.0,False,Loss
2977837,2,CG,HMB,HMB,CG,Red,Click,Seraphine,Ashe,SUP,10,20.0,2.0,True,Win
2977837,3,CG,HMB,CG,HMB,Blue,SkaR,Kennen,Viktor,TOP,1,7.0,1.0,False,Loss
2977837,3,CG,HMB,HMB,CG,Red,APP,Gnar,Gnar,TOP,2,8.0,1.0,True,Win
2977837,3,CG,HMB,HMB,CG,Red,Carnage,Pantheon,Pantheon,JGL,3,9.0,1.0,True,Win
2977837,3,CG,HMB,CG,HMB,Blue,Jeykup,Trundle,Kalista,JGL,4,10.0,1.0,False,Loss
2977837,3,CG,HMB,CG,HMB,Blue,Azuka,Viktor,Renata Glasc,MID,5,11.0,1.0,False,Loss
2977837,3,CG,HMB,HMB,CG,Red,Vigil,Sylas,Sylas,MID,6,12.0,1.0,True,Win
2977837,3,CG,HMB,HMB,CG,Red,Tyrone,Jhin,Neeko,BOT,7,17.0,2.0,True,Win
2977837,3,CG,HMB,CG,HMB,Blue,xHikama,Kalista,Kennen,BOT,8,18.0,2.0,False,Loss
2977837,3,CG,HMB,CG,HMB,Blue,Shredder,Renata,Trundle,SUP,9,19.0,2.0,False,Loss
2977837,3,CG,HMB,HMB,CG,Red,Click,Neeko,Jhin,SUP,10,20.0,2.0,True,Win
2977839,1,ZENA,GMB,ZENA,GMB,Blue,Gemon,Mordekaiser,Orianna,TOP,1,7.0,1.0,True,Win
2977839,1,ZENA,GMB,GMB,ZENA,Red,Strava,Gnar,Nocturne,TOP,2,8.0,1.0,False,Loss
2977839,1,ZENA,GMB,GMB,ZENA,Red,Izo,Nocturne,Nocturne,JGL,3,9.0,1.0,False,Loss
2977839,1,ZENA,GMB,ZENA,GMB,Blue,Jekko,MonkeyKing,Wukong,JGL,4,10.0,1.0,True,Win
2977839,1,ZENA,GMB,ZENA,GMB,Blue,JayJay,Orianna,Corki,MID,5,11.0,1.0,True,Win
2977839,1,ZENA,GMB,GMB,ZENA,Red,lightcat,Locke,Ezreal,MID,6,12.0,1.0,False,Loss
2977839,1,ZENA,GMB,GMB,ZENA,Red,Rharesh,Ezreal,Neeko,BOT,7,17.0,2.0,False,Loss
2977839,1,ZENA,GMB,ZENA,GMB,Blue,Pericolo,Corki,Rell,BOT,8,18.0,2.0,True,Win
2977839,1,ZENA,GMB,ZENA,GMB,Blue,OrthoZero,Rell,Mordekaiser,SUP,9,19.0,2.0,True,Win
2977839,1,ZENA,GMB,GMB,ZENA,Red,Darkchri99,Neeko,Gnar,SUP,10,20.0,2.0,False,Loss
2977839,2,ZENA,GMB,ZENA,GMB,Blue,Gemon,Ambessa,Varus,TOP,1,7.0,1.0,True,Win
2977839,2,ZENA,GMB,GMB,ZENA,Red,Strava,Rumble,Syndra,TOP,2,8.0,1.0,False,Loss
2977839,2,ZENA,GMB,GMB,ZENA,Red,Izo,Aatrox,Jhin,JGL,3,9.0,1.0,False,Loss
2977839,2,ZENA,GMB,ZENA,GMB,Blue,Jekko,Pantheon,Pantheon,JGL,4,10.0,1.0,True,Win
2977839,2,ZENA,GMB,ZENA,GMB,Blue,JayJay,Ahri,Ahri,MID,5,11.0,1.0,True,Win
2977839,2,ZENA,GMB,GMB,ZENA,Red,lightcat,Syndra,Leona,MID,6,12.0,1.0,False,Loss
2977839,2,ZENA,GMB,GMB,ZENA,Red,Rharesh,Jhin,Aatrox,BOT,7,17.0,2.0,False,Loss
2977839,2,ZENA,GMB,ZENA,GMB,Blue,Pericolo,Varus,Alistar,BOT,8,18.0,2.0,True,Win
2977839,2,ZENA,GMB,ZENA,GMB,Blue,OrthoZero,Alistar,Ambessa,SUP,9,19.0,2.0,True,Win
2977839,2,ZENA,GMB,GMB,ZENA,Red,Darkchri99,Leona,Rumble,SUP,10,20.0,2.0,False,Loss
2977839,3,ZENA,GMB,ZENA,GMB,Blue,Gemon,Zaahen,Zaahen,TOP,1,7.0,1.0,False,Loss
2977839,3,ZENA,GMB,GMB,ZENA,Red,Strava,Camille,Ashe,TOP,2,8.0,1.0,True,Win
2977839,3,ZENA,GMB,GMB,ZENA,Red,Izo,Trundle,Seraphine,JGL,3,9.0,1.0,True,Win
2977839,3,ZENA,GMB,ZENA,GMB,Blue,Jekko,Sejuani,Caitlyn,JGL,4,10.0,1.0,False,Loss
2977839,3,ZENA,GMB,ZENA,GMB,Blue,JayJay,Akali,Bard,MID,5,11.0,1.0,False,Loss
2977839,3,ZENA,GMB,GMB,ZENA,Red,lightcat,Aurora,Aurora,MID,6,12.0,1.0,True,Win
2977839,3,ZENA,GMB,GMB,ZENA,Red,Rharesh,Ashe,Camille,BOT,7,17.0,2.0,True,Win
2977839,3,ZENA,GMB,ZENA,GMB,Blue,Pericolo,Caitlyn,Akali,BOT,8,18.0,2.0,False,Loss
2977839,3,ZENA,GMB,ZENA,GMB,Blue,OrthoZero,Bard,Sejuani,SUP,9,19.0,2.0,False,Loss
2977839,3,ZENA,GMB,GMB,ZENA,Red,Darkchri99,Seraphine,Trundle,SUP,10,20.0,2.0,True,Win
2977839,4,GMB,ZENA,GMB,ZENA,Blue,Strava,Olaf,Cassiopeia,TOP,1,7.0,1.0,False,Loss
2977839,4,GMB,ZENA,ZENA,GMB,Red,Gemon,Jax,Hwei,TOP,2,8.0,1.0,True,Win
2977839,4,GMB,ZENA,ZENA,GMB,Red,Jekko,Vi,Vi,JGL,3,9.0,1.0,True,Win
2977839,4,GMB,ZENA,GMB,ZENA,Blue,Izo,XinZhao,Lucian,JGL,4,10.0,1.0,False,Loss
2977839,4,GMB,ZENA,GMB,ZENA,Blue,lightcat,Cassiopeia,Milio,MID,5,11.0,1.0,False,Loss
2977839,4,GMB,ZENA,ZENA,GMB,Red,JayJay,Hwei,Nautilus,MID,6,12.0,1.0,True,Win
2977839,4,GMB,ZENA,ZENA,GMB,Red,Pericolo,MissFortune,Miss Fortune,BOT,7,17.0,2.0,True,Win
2977839,4,GMB,ZENA,GMB,ZENA,Blue,Rharesh,Lucian,Xin Zhao,BOT,8,18.0,2.0,False,Loss
2977839,4,GMB,ZENA,GMB,ZENA,Blue,Darkchri99,Milio,Olaf,SUP,9,19.0,2.0,False,Loss
2977839,4,GMB,ZENA,ZENA,GMB,Red,OrthoZero,Nautilus,Jax,SUP,10,20.0,2.0,True,Win
2977840,1,ZENA,LGC,ZENA,LGC,Blue,Gemon,Mordekaiser,Orianna,TOP,1,7.0,1.0,False,Loss
2977840,1,ZENA,LGC,LGC,ZENA,Red,LordFlipper,Sion,Cassiopeia,TOP,2,8.0,1.0,True,Win
2977840,1,ZENA,LGC,LGC,ZENA,Red,Goliah,XinZhao,Sion,JGL,3,9.0,1.0,True,Win
2977840,1,ZENA,LGC,ZENA,LGC,Blue,Jekko,MonkeyKing,Wukong,JGL,4,10.0,1.0,False,Loss
2977840,1,ZENA,LGC,ZENA,LGC,Blue,JayJay,Orianna,Mordekaiser,MID,5,11.0,1.0,False,Loss
2977840,1,ZENA,LGC,LGC,ZENA,Red,Dehaste,Cassiopeia,Xin Zhao,MID,6,12.0,1.0,True,Win
2977840,1,ZENA,LGC,LGC,ZENA,Red,Kyte,Lucian,Lucian,BOT,7,17.0,2.0,True,Win
2977840,1,ZENA,LGC,ZENA,LGC,Blue,Pericolo,Ashe,Ashe,BOT,8,18.0,2.0,False,Loss
2977840,1,ZENA,LGC,ZENA,LGC,Blue,OrthoZero,Seraphine,Seraphine,SUP,9,19.0,2.0,False,Loss
2977840,1,ZENA,LGC,LGC,ZENA,Red,CloudStrike,Milio,Milio,SUP,10,20.0,2.0,True,Win
2977840,2,ZENA,LGC,ZENA,LGC,Blue,Gemon,Shen,Viktor,TOP,1,7.0,1.0,True,Win
2977840,2,ZENA,LGC,LGC,ZENA,Red,LordFlipper,Ornn,Ryze,TOP,2,8.0,1.0,False,Loss
2977840,2,ZENA,LGC,LGC,ZENA,Red,Goliah,Pantheon,Pantheon,JGL,3,9.0,1.0,False,Loss
2977840,2,ZENA,LGC,ZENA,LGC,Blue,Jekko,Graves,Varus,JGL,4,10.0,1.0,True,Win
2977840,2,ZENA,LGC,ZENA,LGC,Blue,JayJay,Viktor,Graves,MID,5,11.0,1.0,True,Win
2977840,2,ZENA,LGC,LGC,ZENA,Red,Dehaste,Ryze,Ezreal,MID,6,12.0,1.0,False,Loss
2977840,2,ZENA,LGC,LGC,ZENA,Red,Kyte,Ezreal,Braum,BOT,7,17.0,2.0,False,Loss
2977840,2,ZENA,LGC,ZENA,LGC,Blue,Pericolo,Varus,Leona,BOT,8,18.0,2.0,True,Win
2977840,2,ZENA,LGC,ZENA,LGC,Blue,OrthoZero,Leona,Shen,SUP,9,19.0,2.0,True,Win
2977840,2,ZENA,LGC,LGC,ZENA,Red,CloudStrike,Braum,Ornn,SUP,10,20.0,2.0,False,Loss
2977840,3,ZENA,LGC,ZENA,LGC,Blue,Gemon,Zaahen,Nautilus,TOP,1,7.0,1.0,True,Win
2977840,3,ZENA,LGC,LGC,ZENA,Red,LordFlipper,Renekton,Rell,TOP,2,8.0,1.0,False,Loss
2977840,3,ZENA,LGC,LGC,ZENA,Red,Goliah,Viego,Corki,JGL,3,9.0,1.0,False,Loss
2977840,3,ZENA,LGC,ZENA,LGC,Blue,Jekko,Sylas,Kai'Sa,JGL,4,10.0,1.0,True,Win
2977840,3,ZENA,LGC,ZENA,LGC,Blue,JayJay,Ahri,Zaahen,MID,5,11.0,1.0,True,Win
2977840,3,ZENA,LGC,LGC,ZENA,Red,Dehaste,Syndra,Syndra,MID,6,12.0,1.0,False,Loss
2977840,3,ZENA,LGC,LGC,ZENA,Red,Kyte,Corki,Renekton,BOT,7,17.0,2.0,False,Loss
2977840,3,ZENA,LGC,ZENA,LGC,Blue,Pericolo,Kaisa,Ahri,BOT,8,18.0,2.0,True,Win
2977840,3,ZENA,LGC,ZENA,LGC,Blue,OrthoZero,Nautilus,Sylas,SUP,9,19.0,2.0,True,Win
2977840,3,ZENA,LGC,LGC,ZENA,Red,CloudStrike,Rell,Viego,SUP,10,20.0,2.0,False,Loss
2977840,4,LGC,ZENA,LGC,ZENA,Blue,LordFlipper,Sett,Vi,TOP,1,7.0,1.0,True,Win
2977840,4,LGC,ZENA,ZENA,LGC,Red,Gemon,Ambessa,Aurora,TOP,2,8.0,1.0,False,Loss
2977840,4,LGC,ZENA,ZENA,LGC,Red,Jekko,Elise,Jhin,JGL,3,9.0,1.0,False,Loss
2977840,4,LGC,ZENA,LGC,ZENA,Blue,Goliah,Vi,Lulu,JGL,4,10.0,1.0,True,Win
2977840,4,LGC,ZENA,LGC,ZENA,Blue,Dehaste,Locke,Sivir,MID,5,11.0,1.0,True,Win
2977840,4,LGC,ZENA,ZENA,LGC,Red,JayJay,Aurora,Blitzcrank,MID,6,12.0,1.0,False,Loss
2977840,4,LGC,ZENA,ZENA,LGC,Red,Pericolo,Jhin,Ambessa,BOT,7,17.0,2.0,False,Loss
2977840,4,LGC,ZENA,LGC,ZENA,Blue,Kyte,Sivir,Sivir,BOT,8,18.0,2.0,True,Win
2977840,4,LGC,ZENA,LGC,ZENA,Blue,CloudStrike,Lulu,Sett,SUP,9,19.0,2.0,True,Win
2977840,4,LGC,ZENA,ZENA,LGC,Red,OrthoZero,Blitzcrank,Elise,SUP,10,20.0,2.0,False,Loss
2977840,5,ZENA,LGC,ZENA,LGC,Blue,Gemon,Malphite,Bard,TOP,1,7.0,1.0,False,Loss
2977840,5,ZENA,LGC,LGC,ZENA,Red,LordFlipper,Kled,Caitlyn,TOP,2,8.0,1.0,True,Win
2977840,5,ZENA,LGC,LGC,ZENA,Red,Goliah,Zac,Karma,JGL,3,9.0,1.0,True,Win
2977840,5,ZENA,LGC,ZENA,LGC,Blue,Jekko,Poppy,Ziggs,JGL,4,10.0,1.0,False,Loss
2977840,5,ZENA,LGC,ZENA,LGC,Blue,JayJay,Tristana,Malphite,MID,5,11.0,1.0,False,Loss
2977840,5,ZENA,LGC,LGC,ZENA,Red,Dehaste,TwistedFate,Twisted Fate,MID,6,12.0,1.0,True,Win
2977840,5,ZENA,LGC,LGC,ZENA,Red,Kyte,Caitlyn,Kled,BOT,7,17.0,2.0,True,Win
2977840,5,ZENA,LGC,ZENA,LGC,Blue,Pericolo,Ziggs,Tristana,BOT,8,18.0,2.0,False,Loss
2977840,5,ZENA,LGC,ZENA,LGC,Blue,OrthoZero,Bard,Poppy,SUP,9,19.0,2.0,False,Loss
2977840,5,ZENA,LGC,LGC,ZENA,Red,CloudStrike,Karma,Zac,SUP,10,20.0,2.0,True,Win
2977841,1,CG,TA,CG,TA,Blue,SkaR,Camille,Ryze,TOP,1,7.0,1.0,True,Win
2977841,1,CG,TA,TA,CG,Red,LordFlipper,Sion,Orianna,TOP,2,8.0,1.0,False,Loss
2977841,1,CG,TA,TA,CG,Red,Goliah,Naafiri,Naafiri,JGL,3,9.0,1.0,False,Loss
2977841,1,CG,TA,CG,TA,Blue,Sojo,Chogath,Cho'Gath,JGL,4,10.0,1.0,True,Win
2977841,1,CG,TA,CG,TA,Blue,Azuka,Ryze,Rell,MID,5,11.0,1.0,True,Win
2977841,1,CG,TA,TA,CG,Red,Dehaste,Orianna,Sion,MID,6,12.0,1.0,False,Loss
2977841,1,CG,TA,TA,CG,Red,Kyte,KogMaw,Milio,BOT,7,17.0,2.0,False,Loss
2977841,1,CG,TA,CG,TA,Blue,xHikama,Draven,Camille,BOT,8,18.0,2.0,True,Win
2977841,1,CG,TA,CG,TA,Blue,Shredder,Rell,Draven,SUP,9,19.0,2.0,True,Win
2977841,1,CG,TA,TA,CG,Red,CloudStrike,Milio,Kog'Maw,SUP,10,20.0,2.0,False,Loss
2977841,2,CG,TA,CG,TA,Blue,SkaR,Aatrox,Aatrox,TOP,1,7.0,1.0,False,Loss
2977841,2,CG,TA,TA,CG,Red,LordFlipper,Shen,Wukong,TOP,2,8.0,1.0,False,Loss
2977841,2,CG,TA,TA,CG,Red,Goliah,MonkeyKing,Ezreal,JGL,3,9.0,1.0,False,Loss
2977841,2,CG,TA,CG,TA,Blue,Sojo,Nocturne,Nocturne,JGL,4,10.0,1.0,False,Loss
2977841,2,CG,TA,CG,TA,Blue,Azuka,Aurora,Aurora,MID,5,11.0,1.0,False,Loss
2977841,2,CG,TA,TA,CG,Red,Dehaste,Viktor,Shen,MID,6,12.0,1.0,False,Loss
2977841,2,CG,TA,TA,CG,Red,Kyte,Ezreal,Karma,BOT,7,17.0,2.0,False,Loss
2977841,2,CG,TA,CG,TA,Blue,xHikama,Xayah,Xayah,BOT,8,18.0,2.0,False,Loss
2977841,2,CG,TA,CG,TA,Blue,Shredder,Rakan,Rakan,SUP,9,19.0,2.0,False,Loss
2977841,2,CG,TA,TA,CG,Red,CloudStrike,Karma,Viktor,SUP,10,20.0,2.0,False,Loss
2977841,3,CG,TA,CG,TA,Blue,SkaR,Aatrox,Aatrox,TOP,1,7.0,1.0,True,Win
2977841,3,CG,TA,TA,CG,Red,LordFlipper,Shen,Shen,TOP,2,8.0,1.0,False,Loss
2977841,3,CG,TA,TA,CG,Red,Goliah,MonkeyKing,MonkeyKing,JGL,3,9.0,1.0,False,Loss
2977841,3,CG,TA,CG,TA,Blue,Sojo,Nocturne,Nocturne,JGL,4,10.0,1.0,True,Win
2977841,3,CG,TA,CG,TA,Blue,Azuka,Aurora,Aurora,MID,5,11.0,1.0,True,Win
2977841,3,CG,TA,TA,CG,Red,Dehaste,Viktor,Viktor,MID,6,12.0,1.0,False,Loss
2977841,3,CG,TA,TA,CG,Red,Kyte,Ezreal,Ezreal,BOT,7,17.0,2.0,False,Loss
2977841,3,CG,TA,CG,TA,Blue,xHikama,Xayah,Xayah,BOT,8,18.0,2.0,True,Win
2977841,3,CG,TA,CG,TA,Blue,Shredder,Rakan,Rakan,SUP,9,19.0,2.0,True,Win
2977841,3,CG,TA,TA,CG,Red,CloudStrike,Karma,Karma,SUP,10,20.0,2.0,False,Loss
2977841,4,CG,TA,CG,TA,Blue,SkaR,Gwen,Gwen,TOP,1,,,True,Win
2977841,4,CG,TA,CG,TA,Blue,Sojo,Skarner,Skarner,JGL,2,,,True,Win
2977841,4,CG,TA,CG,TA,Blue,Azuka,Ahri,Ahri,MID,3,,,True,Win
2977841,4,CG,TA,CG,TA,Blue,xHikama,Yunara,Yunara,BOT,4,,,True,Win
2977841,4,CG,TA,CG,TA,Blue,Shredder,Lulu,Lulu,SUP,5,,,True,Win
2977841,4,CG,TA,TA,CG,Red,LordFlipper,Malphite,Malphite,TOP,6,,,False,Loss
2977841,4,CG,TA,TA,CG,Red,Goliah,Vi,Vi,JGL,7,,,False,Loss
2977841,4,CG,TA,TA,CG,Red,Dehaste,Locke,Locke,MID,8,,,False,Loss
2977841,4,CG,TA,TA,CG,Red,Kyte,Ashe,Ashe,BOT,9,,,False,Loss
2977841,4,CG,TA,TA,CG,Red,CloudStrike,Seraphine,Seraphine,SUP,10,,,False,Loss
2972328,1,FLK,LUA,FLK,LUA,Blue,Bobsik,Gnar,Gnar,TOP,1,7.0,1.0,False,Loss
2972328,1,FLK,LUA,LUA,FLK,Red,NIQKL,KSante,K'Sante,TOP,2,8.0,1.0,True,Win
2972328,1,FLK,LUA,LUA,FLK,Red,Pegaso,XinZhao,Xin Zhao,JGL,3,9.0,1.0,True,Win
2972328,1,FLK,LUA,FLK,LUA,Blue,Clicker,MonkeyKing,Wukong,JGL,4,10.0,1.0,False,Loss
2972328,1,FLK,LUA,FLK,LUA,Blue,Mentos,Hwei,Hwei,MID,5,11.0,1.0,False,Loss
2972328,1,FLK,LUA,LUA,FLK,Red,Hydra,Cassiopeia,Cassiopeia,MID,6,12.0,1.0,True,Win
2972328,1,FLK,LUA,LUA,FLK,Red,Kaii1,Lucian,Lucian,BOT,7,17.0,2.0,True,Win
2972328,1,FLK,LUA,FLK,LUA,Blue,Marcv1,Ezreal,Ezreal,BOT,8,18.0,2.0,False,Loss
2972328,1,FLK,LUA,FLK,LUA,Blue,Deleted,Neeko,Neeko,SUP,9,19.0,2.0,False,Loss
2972328,1,FLK,LUA,LUA,FLK,Red,TIMR,Milio,Milio,SUP,10,20.0,2.0,True,Win
2972328,2,LUA,FLK,LUA,FLK,Blue,NIQKL,Renekton,Renekton,TOP,1,7.0,1.0,False,Loss
2972328,2,LUA,FLK,FLK,LUA,Red,Bobsik,Zaahen,Zaahen,TOP,2,8.0,1.0,True,Win
2972328,2,LUA,FLK,FLK,LUA,Red,Clicker,JarvanIV,Jarvan IV,JGL,3,9.0,1.0,True,Win
2972328,2,LUA,FLK,LUA,FLK,Blue,Pegaso,LeeSin,Lee Sin,JGL,4,10.0,1.0,False,Loss
2972328,2,LUA,FLK,LUA,FLK,Blue,Hydra,Ahri,Ahri,MID,5,11.0,1.0,False,Loss
2972328,2,LUA,FLK,FLK,LUA,Red,Mentos,Taliyah,Taliyah,MID,6,12.0,1.0,True,Win
2972328,2,LUA,FLK,FLK,LUA,Red,Marcv1,Varus,Varus,BOT,7,17.0,2.0,True,Win
2972328,2,LUA,FLK,LUA,FLK,Blue,Kaii1,Zeri,Zeri,BOT,8,18.0,2.0,False,Loss
2972328,2,LUA,FLK,LUA,FLK,Blue,TIMR,Braum,Braum,SUP,9,19.0,2.0,False,Loss
2972328,2,LUA,FLK,FLK,LUA,Red,Deleted,Rell,Rell,SUP,10,20.0,2.0,True,Win
2972328,3,LUA,FLK,LUA,FLK,Blue,NIQKL,Sett,Nocturne,TOP,1,7.0,1.0,True,Win
2972328,3,LUA,FLK,FLK,LUA,Red,Bobsik,Ambessa,Ambessa,TOP,2,8.0,1.0,False,Loss
2972328,3,LUA,FLK,FLK,LUA,Red,Clicker,Pantheon,Pantheon,JGL,3,9.0,1.0,False,Loss
2972328,3,LUA,FLK,LUA,FLK,Blue,Pegaso,Nocturne,Ziggs,JGL,4,10.0,1.0,True,Win
2972328,3,LUA,FLK,LUA,FLK,Blue,Hydra,Viktor,Shen,MID,5,11.0,1.0,True,Win
2972328,3,LUA,FLK,FLK,LUA,Red,Mentos,Ryze,Ryze,MID,6,12.0,1.0,False,Loss
2972328,3,LUA,FLK,FLK,LUA,Red,Marcv1,Kaisa,Kai'Sa,BOT,7,17.0,2.0,False,Loss
2972328,3,LUA,FLK,LUA,FLK,Blue,Kaii1,Ziggs,Viktor,BOT,8,18.0,2.0,True,Win
2972328,3,LUA,FLK,LUA,FLK,Blue,TIMR,Shen,Sett,SUP,9,19.0,2.0,True,Win
2972328,3,LUA,FLK,FLK,LUA,Red,Deleted,Rakan,Rakan,SUP,10,20.0,2.0,False,Loss
2972329,1,UCAM,HRTS,UCAM,HRTS,Blue,Kozi,Gnar,Cassiopeia,TOP,1,7.0,1.0,True,Win
2972329,1,UCAM,HRTS,HRTS,UCAM,Red,Papiteero,Olaf,Ziggs,TOP,2,8.0,1.0,False,Loss
2972329,1,UCAM,HRTS,HRTS,UCAM,Red,Lurox,Naafiri,Camille,JGL,3,9.0,1.0,False,Loss
2972329,1,UCAM,HRTS,UCAM,HRTS,Blue,bluerzor,LeeSin,Lee Sin,JGL,4,10.0,1.0,True,Win
2972329,1,UCAM,HRTS,UCAM,HRTS,Blue,ESCIK,Galio,Shen,MID,5,11.0,1.0,True,Win
2972329,1,UCAM,HRTS,HRTS,UCAM,Red,Mercy9,Leblanc,Naafiri,MID,6,12.0,1.0,False,Loss
2972329,1,UCAM,HRTS,HRTS,UCAM,Red,Lure,Ziggs,LeBlanc,BOT,7,17.0,2.0,False,Loss
2972329,1,UCAM,HRTS,UCAM,HRTS,Blue,ANDARIEL,Cassiopeia,Gnar,BOT,8,18.0,2.0,True,Win
2972329,1,UCAM,HRTS,UCAM,HRTS,Blue,iLevi,Shen,Galio,SUP,9,19.0,2.0,True,Win
2972329,1,UCAM,HRTS,HRTS,UCAM,Red,Batuuu,Camille,Olaf,SUP,10,20.0,2.0,False,Loss
2972329,2,HRTS,UCAM,HRTS,UCAM,Blue,Papiteero,Rumble,Jarvan IV,TOP,1,7.0,1.0,False,Loss
2972329,2,HRTS,UCAM,UCAM,HRTS,Red,Kozi,Ambessa,Poppy,TOP,2,8.0,1.0,True,Win
2972329,2,HRTS,UCAM,UCAM,HRTS,Red,bluerzor,Poppy,Ezreal,JGL,3,9.0,1.0,True,Win
2972329,2,HRTS,UCAM,HRTS,UCAM,Blue,Lurox,JarvanIV,Sivir,JGL,4,10.0,1.0,False,Loss
2972329,2,HRTS,UCAM,HRTS,UCAM,Blue,Mercy9,Syndra,Karma,MID,5,11.0,1.0,False,Loss
2972329,2,HRTS,UCAM,UCAM,HRTS,Red,ESCIK,Ryze,Ryze,MID,6,12.0,1.0,True,Win
2972329,2,HRTS,UCAM,UCAM,HRTS,Red,ANDARIEL,Ezreal,Rell,BOT,7,17.0,2.0,True,Win
2972329,2,HRTS,UCAM,HRTS,UCAM,Blue,Lure,Sivir,Rumble,BOT,8,18.0,2.0,False,Loss
2972329,2,HRTS,UCAM,HRTS,UCAM,Blue,Batuuu,Karma,Syndra,SUP,9,19.0,2.0,False,Loss
2972329,2,HRTS,UCAM,UCAM,HRTS,Red,iLevi,Rell,Ambessa,SUP,10,20.0,2.0,True,Win
2972330,1,UB,GX,UB,GX,Blue,Pasamelcelo,Sion,Sion,TOP,1,7.0,1.0,False,Loss
2972330,1,UB,GX,GX,UB,Red,Th3Antonio,Jayce,Jayce,TOP,2,8.0,1.0,True,Win
2972330,1,UB,GX,GX,UB,Red,Time,JarvanIV,Jarvan IV,JGL,3,9.0,1.0,True,Win
2972330,1,UB,GX,UB,GX,Blue,Ivama,MonkeyKing,Wukong,JGL,4,10.0,1.0,False,Loss
2972330,1,UB,GX,UB,GX,Blue,Midnight,Syndra,Syndra,MID,5,11.0,1.0,False,Loss
2972330,1,UB,GX,GX,UB,Red,Dyenn,Cassiopeia,Cassiopeia,MID,6,12.0,1.0,True,Win
2972330,1,UB,GX,GX,UB,Red,Rayito,Lux,Lux,BOT,7,17.0,2.0,True,Win
2972330,1,UB,GX,UB,GX,Blue,adrianlanei,Sivir,Sivir,BOT,8,18.0,2.0,False,Loss
2972330,1,UB,GX,UB,GX,Blue,Xixauxas,Alistar,Alistar,SUP,9,19.0,2.0,False,Loss
2972330,1,UB,GX,GX,UB,Red,Attila,Karma,Karma,SUP,10,20.0,2.0,True,Win
2972330,2,UB,GX,UB,GX,Blue,Pasamelcelo,Ambessa,Ambessa,TOP,1,7.0,1.0,False,Loss
2972330,2,UB,GX,GX,UB,Red,Th3Antonio,Gnar,Gnar,TOP,2,8.0,1.0,True,Win
2972330,2,UB,GX,GX,UB,Red,Time,Nocturne,Nocturne,JGL,3,9.0,1.0,True,Win
2972330,2,UB,GX,UB,GX,Blue,Ivama,Aatrox,Aatrox,JGL,4,10.0,1.0,False,Loss
2972330,2,UB,GX,UB,GX,Blue,Midnight,Ryze,Ryze,MID,5,11.0,1.0,False,Loss
2972330,2,UB,GX,GX,UB,Red,Dyenn,Anivia,Anivia,MID,6,12.0,1.0,True,Win
2972330,2,UB,GX,GX,UB,Red,Rayito,Ezreal,Ezreal,BOT,7,17.0,2.0,True,Win
2972330,2,UB,GX,UB,GX,Blue,adrianlanei,Kalista,Kalista,BOT,8,18.0,2.0,False,Loss
2972330,2,UB,GX,UB,GX,Blue,Xixauxas,Renata,Renata Glasc,SUP,9,19.0,2.0,False,Loss
2972330,2,UB,GX,GX,UB,Red,Attila,Zilean,Zilean,SUP,10,20.0,2.0,True,Win
2972332,1,FLK,UCAM,FLK,UCAM,Blue,Bobsik,KSante,K'Sante,TOP,1,7.0,1.0,False,Loss
2972332,1,FLK,UCAM,UCAM,FLK,Red,Kozi,Jayce,Jayce,TOP,2,8.0,1.0,True,Win
2972332,1,FLK,UCAM,UCAM,FLK,Red,bluerzor,LeeSin,Lee Sin,JGL,3,9.0,1.0,True,Win
2972332,1,FLK,UCAM,FLK,UCAM,Blue,Clicker,JarvanIV,Jarvan IV,JGL,4,10.0,1.0,False,Loss
2972332,1,FLK,UCAM,FLK,UCAM,Blue,Mentos,Anivia,Anivia,MID,5,11.0,1.0,False,Loss
2972332,1,FLK,UCAM,UCAM,FLK,Red,ESCIK,Ryze,Ryze,MID,6,12.0,1.0,True,Win
2972332,1,FLK,UCAM,UCAM,FLK,Red,ANDARIEL,Tristana,Tristana,BOT,7,17.0,2.0,True,Win
2972332,1,FLK,UCAM,FLK,UCAM,Blue,Marcv1,Ziggs,Ziggs,BOT,8,18.0,2.0,False,Loss
2972332,1,FLK,UCAM,FLK,UCAM,Blue,Deleted,Poppy,Poppy,SUP,9,19.0,2.0,False,Loss
2972332,1,FLK,UCAM,UCAM,FLK,Red,iLevi,Leona,Leona,SUP,10,20.0,2.0,True,Win
2972332,2,FLK,UCAM,FLK,UCAM,Blue,Bobsik,Renekton,Wukong,TOP,1,7.0,1.0,False,Loss
2972332,2,FLK,UCAM,UCAM,FLK,Red,Kozi,Gnar,Syndra,TOP,2,8.0,1.0,True,Win
2972332,2,FLK,UCAM,UCAM,FLK,Red,bluerzor,Vi,Vi,JGL,3,9.0,1.0,True,Win
2972332,2,FLK,UCAM,FLK,UCAM,Blue,Clicker,MonkeyKing,Ezreal,JGL,4,10.0,1.0,False,Loss
2972332,2,FLK,UCAM,FLK,UCAM,Blue,Mentos,Lissandra,Camille,MID,5,11.0,1.0,False,Loss
2972332,2,FLK,UCAM,UCAM,FLK,Red,ESCIK,Ahri,Shen,MID,6,12.0,1.0,True,Win
2972332,2,FLK,UCAM,UCAM,FLK,Red,ANDARIEL,Syndra,Ahri,BOT,7,17.0,2.0,True,Win
2972332,2,FLK,UCAM,FLK,UCAM,Blue,Marcv1,Ezreal,Lissandra,BOT,8,18.0,2.0,False,Loss
2972332,2,FLK,UCAM,FLK,UCAM,Blue,Deleted,Camille,Renekton,SUP,9,19.0,2.0,False,Loss
2972332,2,FLK,UCAM,UCAM,FLK,Red,iLevi,Shen,Gnar,SUP,10,20.0,2.0,True,Win
2972333,1,BAR,HRTS,BAR,HRTS,Blue,selenex,KSante,Ziggs,TOP,1,7.0,1.0,False,Loss
2972333,1,BAR,HRTS,HRTS,BAR,Red,Papiteero,Jayce,Jayce,TOP,2,8.0,1.0,True,Win
2972333,1,BAR,HRTS,HRTS,BAR,Red,Lurox,Naafiri,Naafiri,JGL,3,9.0,1.0,True,Win
2972333,1,BAR,HRTS,BAR,HRTS,Blue,KoIdo,LeeSin,Lee Sin,JGL,4,10.0,1.0,False,Loss
2972333,1,BAR,HRTS,BAR,HRTS,Blue,Macaquinho,Cassiopeia,Leona,MID,5,11.0,1.0,False,Loss
2972333,1,BAR,HRTS,HRTS,BAR,Red,Mercy9,Orianna,Orianna,MID,6,12.0,1.0,True,Win
2972333,1,BAR,HRTS,HRTS,BAR,Red,Lure,Kaisa,Kai'Sa,BOT,7,17.0,2.0,True,Win
2972333,1,BAR,HRTS,BAR,HRTS,Blue,Legolas,Ziggs,Cassiopeia,BOT,8,18.0,2.0,False,Loss
2972333,1,BAR,HRTS,BAR,HRTS,Blue,Oscure,Leona,K'Sante,SUP,9,19.0,2.0,False,Loss
2972333,1,BAR,HRTS,HRTS,BAR,Red,Batuuu,Camille,Camille,SUP,10,20.0,2.0,True,Win
2972333,2,BAR,HRTS,BAR,HRTS,Blue,selenex,Rumble,Vi,TOP,1,7.0,1.0,True,Win
2972333,2,BAR,HRTS,HRTS,BAR,Red,Papiteero,Varus,Pantheon,TOP,2,8.0,1.0,False,Loss
2972333,2,BAR,HRTS,HRTS,BAR,Red,Lurox,Pantheon,Ezreal,JGL,3,9.0,1.0,False,Loss
2972333,2,BAR,HRTS,BAR,HRTS,Blue,KoIdo,Vi,Nautilus,JGL,4,10.0,1.0,True,Win
2972333,2,BAR,HRTS,BAR,HRTS,Blue,Macaquinho,Syndra,Rumble,MID,5,11.0,1.0,True,Win
2972333,2,BAR,HRTS,HRTS,BAR,Red,Mercy9,Galio,Varus,MID,6,12.0,1.0,False,Loss
2972333,2,BAR,HRTS,HRTS,BAR,Red,Lure,Ezreal,Shen,BOT,7,17.0,2.0,False,Loss
2972333,2,BAR,HRTS,BAR,HRTS,Blue,Legolas,Zeri,Syndra,BOT,8,18.0,2.0,True,Win
2972333,2,BAR,HRTS,BAR,HRTS,Blue,Oscure,Nautilus,Zeri,SUP,9,19.0,2.0,True,Win
2972333,2,BAR,HRTS,HRTS,BAR,Red,Batuuu,Shen,Galio,SUP,10,20.0,2.0,False,Loss
2972333,3,HRTS,BAR,HRTS,BAR,Blue,Papiteero,Vayne,Ryze,TOP,1,7.0,1.0,True,Win
2972333,3,HRTS,BAR,BAR,HRTS,Red,selenex,Gnar,Gnar,TOP,2,8.0,1.0,False,Loss
2972333,3,HRTS,BAR,BAR,HRTS,Red,KoIdo,XinZhao,Mel,JGL,3,9.0,1.0,False,Loss
2972333,3,HRTS,BAR,HRTS,BAR,Blue,Lurox,MonkeyKing,Wukong,JGL,4,10.0,1.0,True,Win
2972333,3,HRTS,BAR,HRTS,BAR,Blue,Mercy9,Ryze,Vayne,MID,5,11.0,1.0,True,Win
2972333,3,HRTS,BAR,BAR,HRTS,Red,Macaquinho,Mel,Xin Zhao,MID,6,12.0,1.0,False,Loss
2972333,3,HRTS,BAR,BAR,HRTS,Red,Legolas,Tristana,Alistar,BOT,7,17.0,2.0,False,Loss
2972333,3,HRTS,BAR,HRTS,BAR,Blue,Lure,Jhin,Rakan,BOT,8,18.0,2.0,True,Win
2972333,3,HRTS,BAR,HRTS,BAR,Blue,Batuuu,Rakan,Jhin,SUP,9,19.0,2.0,True,Win
2972333,3,HRTS,BAR,BAR,HRTS,Red,Oscure,Alistar,Tristana,SUP,10,20.0,2.0,False,Loss
2972334,1,LUA,UB,LUA,UB,Blue,NIQKL,KSante,K'Sante,TOP,1,7.0,1.0,True,Win
2972334,1,LUA,UB,UB,LUA,Red,Pasamelcelo,Ambessa,Cassiopeia,TOP,2,8.0,1.0,False,Loss
2972334,1,LUA,UB,UB,LUA,Red,Ivama,MonkeyKing,Wukong,JGL,3,9.0,1.0,False,Loss
2972334,1,LUA,UB,LUA,UB,Blue,Pegaso,XinZhao,Xin Zhao,JGL,4,10.0,1.0,True,Win
2972334,1,LUA,UB,LUA,UB,Blue,Hydra,Leblanc,Ezreal,MID,5,11.0,1.0,True,Win
2972334,1,LUA,UB,UB,LUA,Red,Midnight,Cassiopeia,Ambessa,MID,6,12.0,1.0,False,Loss
2972334,1,LUA,UB,UB,LUA,Red,adrianlanei,Varus,Varus,BOT,7,17.0,2.0,False,Loss
2972334,1,LUA,UB,LUA,UB,Blue,Kaii1,Ezreal,LeBlanc,BOT,8,18.0,2.0,True,Win
2972334,1,LUA,UB,LUA,UB,Blue,TIMR,Rell,Rell,SUP,9,19.0,2.0,True,Win
2972334,1,LUA,UB,UB,LUA,Red,Xixauxas,Alistar,Alistar,SUP,10,20.0,2.0,False,Loss
2972334,2,LUA,UB,LUA,UB,Blue,NIQKL,Sion,Jarvan IV,TOP,1,7.0,1.0,True,Win
2972334,2,LUA,UB,UB,LUA,Red,Pasamelcelo,Shen,Ziggs,TOP,2,8.0,1.0,False,Loss
2972334,2,LUA,UB,UB,LUA,Red,Ivama,Naafiri,Naafiri,JGL,3,9.0,1.0,False,Loss
2972334,2,LUA,UB,LUA,UB,Blue,Pegaso,JarvanIV,Zeri,JGL,4,10.0,1.0,True,Win
2972334,2,LUA,UB,LUA,UB,Blue,Hydra,Aurora,Aurora,MID,5,11.0,1.0,True,Win
2972334,2,LUA,UB,UB,LUA,Red,Midnight,Ahri,Pyke,MID,6,12.0,1.0,False,Loss
2972334,2,LUA,UB,UB,LUA,Red,adrianlanei,Ziggs,Ahri,BOT,7,17.0,2.0,False,Loss
2972334,2,LUA,UB,LUA,UB,Blue,Kaii1,Zeri,Nautilus,BOT,8,18.0,2.0,True,Win
2972334,2,LUA,UB,LUA,UB,Blue,TIMR,Nautilus,Sion,SUP,9,19.0,2.0,True,Win
2972334,2,LUA,UB,UB,LUA,Red,Xixauxas,Pyke,Shen,SUP,10,20.0,2.0,False,Loss
2972335,1,MKF,GX,MKF,GX,Blue,NightSlayer,Jayce,Jayce,TOP,1,7.0,1.0,True,Win
2972335,1,MKF,GX,GX,MKF,Red,Th3Antonio,Malphite,Syndra,TOP,2,8.0,1.0,False,Loss
2972335,1,MKF,GX,GX,MKF,Red,Time,JarvanIV,Jarvan IV,JGL,3,9.0,1.0,False,Loss
2972335,1,MKF,GX,MKF,GX,Blue,XnS,LeeSin,Ezreal,JGL,4,10.0,1.0,True,Win
2972335,1,MKF,GX,MKF,GX,Blue,Fresskowy,Akali,Lee Sin,MID,5,11.0,1.0,True,Win
2972335,1,MKF,GX,GX,MKF,Red,Dyenn,Syndra,Malphite,MID,6,12.0,1.0,False,Loss
2972335,1,MKF,GX,GX,MKF,Red,Rayito,Jhin,Bard,BOT,7,17.0,2.0,False,Loss
2972335,1,MKF,GX,MKF,GX,Blue,13,Ezreal,Leona,BOT,8,18.0,2.0,True,Win
2972335,1,MKF,GX,MKF,GX,Blue,Myrtus,Leona,Akali,SUP,9,19.0,2.0,True,Win
2972335,1,MKF,GX,GX,MKF,Red,Attila,Bard,Jhin,SUP,10,20.0,2.0,False,Loss
2972335,2,MKF,GX,MKF,GX,Blue,NightSlayer,Gnar,Gnar,TOP,1,7.0,1.0,True,Win
2972335,2,MKF,GX,GX,MKF,Red,Th3Antonio,Rumble,Rumble,TOP,2,8.0,1.0,False,Loss
2972335,2,MKF,GX,GX,MKF,Red,Time,Nocturne,Nocturne,JGL,3,9.0,1.0,False,Loss
2972335,2,MKF,GX,MKF,GX,Blue,XnS,Locke,Locke,JGL,4,10.0,1.0,True,Win
2972335,2,MKF,GX,MKF,GX,Blue,Fresskowy,Galio,Nautilus,MID,5,11.0,1.0,True,Win
2972335,2,MKF,GX,GX,MKF,Red,Dyenn,Aurora,Aurora,MID,6,12.0,1.0,False,Loss
2972335,2,MKF,GX,GX,MKF,Red,Rayito,Sivir,Sivir,BOT,7,17.0,2.0,False,Loss
2972335,2,MKF,GX,MKF,GX,Blue,13,Kaisa,Kai'Sa,BOT,8,18.0,2.0,True,Win
2972335,2,MKF,GX,MKF,GX,Blue,Myrtus,Nautilus,Galio,SUP,9,19.0,2.0,True,Win
2972335,2,MKF,GX,GX,MKF,Red,Attila,Trundle,Trundle,SUP,10,20.0,2.0,False,Loss
2972336,1,UB,FLK,UB,FLK,Blue,Pasamelcelo,Ambessa,Ambessa,TOP,1,7.0,1.0,True,Win
2972336,1,UB,FLK,FLK,UB,Red,Bobsik,Aatrox,Aatrox,TOP,2,8.0,1.0,False,Loss
2972336,1,UB,FLK,FLK,UB,Red,Clicker,Pantheon,Pantheon,JGL,3,9.0,1.0,False,Loss
2972336,1,UB,FLK,UB,FLK,Blue,Ivama,JarvanIV,Jarvan IV,JGL,4,10.0,1.0,True,Win
2972336,1,UB,FLK,UB,FLK,Blue,Midnight,Anivia,Anivia,MID,5,11.0,1.0,True,Win
2972336,1,UB,FLK,FLK,UB,Red,Mentos,Cassiopeia,Cassiopeia,MID,6,12.0,1.0,False,Loss
2972336,1,UB,FLK,FLK,UB,Red,Marcv1,Ezreal,Ezreal,BOT,7,17.0,2.0,False,Loss
2972336,1,UB,FLK,UB,FLK,Blue,adrianlanei,Viktor,Viktor,BOT,8,18.0,2.0,True,Win
2972336,1,UB,FLK,UB,FLK,Blue,Xixauxas,Shen,Shen,SUP,9,19.0,2.0,True,Win
2972336,1,UB,FLK,FLK,UB,Red,Deleted,Camille,Camille,SUP,10,20.0,2.0,False,Loss
2972336,2,FLK,UB,FLK,UB,Blue,Bobsik,Sion,Ryze,TOP,1,7.0,1.0,False,Loss
2972336,2,FLK,UB,UB,FLK,Red,Pasamelcelo,Renekton,Taliyah,TOP,2,8.0,1.0,True,Win
2972336,2,FLK,UB,UB,FLK,Red,Ivama,Vi,Vi,JGL,3,9.0,1.0,True,Win
2972336,2,FLK,UB,FLK,UB,Blue,Clicker,Naafiri,Sion,JGL,4,10.0,1.0,False,Loss
2972336,2,FLK,UB,FLK,UB,Blue,Mentos,Ryze,Naafiri,MID,5,11.0,1.0,False,Loss
2972336,2,FLK,UB,UB,FLK,Red,Midnight,Taliyah,Renekton,MID,6,12.0,1.0,True,Win
2972336,2,FLK,UB,UB,FLK,Red,adrianlanei,Xayah,Xayah,BOT,7,17.0,2.0,True,Win
2972336,2,FLK,UB,FLK,UB,Blue,Marcv1,Caitlyn,Caitlyn,BOT,8,18.0,2.0,False,Loss
2972336,2,FLK,UB,FLK,UB,Blue,Deleted,Neeko,Neeko,SUP,9,19.0,2.0,False,Loss
2972336,2,FLK,UB,UB,FLK,Red,Xixauxas,Rakan,Rakan,SUP,10,20.0,2.0,True,Win
2972338,1,BAR,UCAM,BAR,UCAM,Blue,selenex,Rumble,Cassiopeia,TOP,1,7.0,1.0,False,Loss
2972338,1,BAR,UCAM,UCAM,BAR,Red,Kozi,Jayce,Jayce,TOP,2,8.0,1.0,True,Win
2972338,1,BAR,UCAM,UCAM,BAR,Red,bluerzor,LeeSin,Lee Sin,JGL,3,9.0,1.0,True,Win
2972338,1,BAR,UCAM,BAR,UCAM,Blue,KoIdo,RekSai,Camille,JGL,4,10.0,1.0,False,Loss
2972338,1,BAR,UCAM,BAR,UCAM,Blue,Macaquinho,Cassiopeia,Ezreal,MID,5,11.0,1.0,False,Loss
2972338,1,BAR,UCAM,UCAM,BAR,Red,ESCIK,Orianna,Orianna,MID,6,12.0,1.0,True,Win
2972338,1,BAR,UCAM,UCAM,BAR,Red,ANDARIEL,Syndra,Rell,BOT,7,17.0,2.0,True,Win
2972338,1,BAR,UCAM,BAR,UCAM,Blue,Legolas,Ezreal,Rek'Sai,BOT,8,18.0,2.0,False,Loss
2972338,1,BAR,UCAM,BAR,UCAM,Blue,Oscure,Camille,Rumble,SUP,9,19.0,2.0,False,Loss
2972338,1,BAR,UCAM,UCAM,BAR,Red,iLevi,Rell,Syndra,SUP,10,20.0,2.0,True,Win
2972338,2,BAR,UCAM,BAR,UCAM,Blue,selenex,Gnar,Gnar,TOP,1,7.0,1.0,False,Loss
2972338,2,BAR,UCAM,UCAM,BAR,Red,Kozi,Vayne,Jarvan IV,TOP,2,8.0,1.0,True,Win
2972338,2,BAR,UCAM,UCAM,BAR,Red,bluerzor,JarvanIV,Shen,JGL,3,9.0,1.0,True,Win
2972338,2,BAR,UCAM,BAR,UCAM,Blue,KoIdo,XinZhao,Xin Zhao,JGL,4,10.0,1.0,False,Loss
2972338,2,BAR,UCAM,BAR,UCAM,Blue,Macaquinho,Aurora,Aurora,MID,5,11.0,1.0,False,Loss
2972338,2,BAR,UCAM,UCAM,BAR,Red,ESCIK,Ryze,Vayne,MID,6,12.0,1.0,True,Win
2972338,2,BAR,UCAM,UCAM,BAR,Red,ANDARIEL,Mel,Ryze,BOT,7,17.0,2.0,True,Win
2972338,2,BAR,UCAM,BAR,UCAM,Blue,Legolas,Lucian,Lucian,BOT,8,18.0,2.0,False,Loss
2972338,2,BAR,UCAM,BAR,UCAM,Blue,Oscure,Milio,Milio,SUP,9,19.0,2.0,False,Loss
2972338,2,BAR,UCAM,UCAM,BAR,Red,iLevi,Shen,Mel,SUP,10,20.0,2.0,True,Win
2972339,1,LUA,MKF,LUA,MKF,Blue,NIQKL,Ornn,Ornn,TOP,1,7.0,1.0,False,Loss
2972339,1,LUA,MKF,MKF,LUA,Red,NightSlayer,Renekton,Renekton,TOP,2,8.0,1.0,True,Win
2972339,1,LUA,MKF,MKF,LUA,Red,XnS,LeeSin,Lee Sin,JGL,3,9.0,1.0,True,Win
2972339,1,LUA,MKF,LUA,MKF,Blue,Pegaso,JarvanIV,Jarvan IV,JGL,4,10.0,1.0,False,Loss
2972339,1,LUA,MKF,LUA,MKF,Blue,Hydra,Akali,Akali,MID,5,11.0,1.0,False,Loss
2972339,1,LUA,MKF,MKF,LUA,Red,Fresskowy,Orianna,Orianna,MID,6,12.0,1.0,True,Win
2972339,1,LUA,MKF,MKF,LUA,Red,13,Zeri,Zeri,BOT,7,17.0,2.0,True,Win
2972339,1,LUA,MKF,LUA,MKF,Blue,Kaii1,Ezreal,Ezreal,BOT,8,18.0,2.0,False,Loss
2972339,1,LUA,MKF,LUA,MKF,Blue,TIMR,Rell,Rell,SUP,9,19.0,2.0,False,Loss
2972339,1,LUA,MKF,MKF,LUA,Red,Myrtus,Camille,Camille,SUP,10,20.0,2.0,True,Win
2972339,2,MKF,LUA,MKF,LUA,Blue,NightSlayer,Gnar,Vi,TOP,1,7.0,1.0,True,Win
2972339,2,MKF,LUA,LUA,MKF,Red,NIQKL,Ambessa,Cassiopeia,TOP,2,8.0,1.0,False,Loss
2972339,2,MKF,LUA,LUA,MKF,Red,Pegaso,MonkeyKing,Wukong,JGL,3,9.0,1.0,False,Loss
2972339,2,MKF,LUA,MKF,LUA,Blue,XnS,Vi,Syndra,JGL,4,10.0,1.0,True,Win
2972339,2,MKF,LUA,MKF,LUA,Blue,Fresskowy,Syndra,Gnar,MID,5,11.0,1.0,True,Win
2972339,2,MKF,LUA,LUA,MKF,Red,Hydra,Cassiopeia,Ambessa,MID,6,12.0,1.0,False,Loss
2972339,2,MKF,LUA,LUA,MKF,Red,Kaii1,Jinx,Rakan,BOT,7,17.0,2.0,False,Loss
2972339,2,MKF,LUA,MKF,LUA,Blue,13,Taliyah,Taliyah,BOT,8,18.0,2.0,True,Win
2972339,2,MKF,LUA,MKF,LUA,Blue,Myrtus,Poppy,Poppy,SUP,9,19.0,2.0,True,Win
2972339,2,MKF,LUA,LUA,MKF,Red,TIMR,Rakan,Jinx,SUP,10,20.0,2.0,False,Loss
2972340,1,GX,HRTS,GX,HRTS,Blue,Th3Antonio,Gnar,Orianna,TOP,1,7.0,1.0,False,Loss
2972340,1,GX,HRTS,HRTS,GX,Red,Papiteero,Yorick,Syndra,TOP,2,8.0,1.0,True,Win
2972340,1,GX,HRTS,HRTS,GX,Red,Lurox,LeeSin,Lee Sin,JGL,3,9.0,1.0,True,Win
2972340,1,GX,HRTS,GX,HRTS,Blue,Time,Vi,Gnar,JGL,4,10.0,1.0,False,Loss
2972340,1,GX,HRTS,GX,HRTS,Blue,Dyenn,Orianna,Vi,MID,5,11.0,1.0,False,Loss
2972340,1,GX,HRTS,HRTS,GX,Red,Mercy9,Syndra,Bard,MID,6,12.0,1.0,True,Win
2972340,1,GX,HRTS,HRTS,GX,Red,Lure,Xayah,Yorick,BOT,7,17.0,2.0,True,Win
2972340,1,GX,HRTS,GX,HRTS,Blue,Rayito,Sion,Sion,BOT,8,18.0,2.0,False,Loss
2972340,1,GX,HRTS,GX,HRTS,Blue,Attila,Sona,Sona,SUP,9,19.0,2.0,False,Loss
2972340,1,GX,HRTS,HRTS,GX,Red,Batuuu,Bard,Xayah,SUP,10,20.0,2.0,True,Win
2972340,2,GX,HRTS,GX,HRTS,Blue,Th3Antonio,Jayce,Jayce,TOP,1,7.0,1.0,False,Loss
2972340,2,GX,HRTS,HRTS,GX,Red,Papiteero,Olaf,Jarvan IV,TOP,2,8.0,1.0,True,Win
2972340,2,GX,HRTS,HRTS,GX,Red,Lurox,JarvanIV,Ziggs,JGL,3,9.0,1.0,True,Win
2972340,2,GX,HRTS,GX,HRTS,Blue,Time,Poppy,Poppy,JGL,4,10.0,1.0,False,Loss
2972340,2,GX,HRTS,GX,HRTS,Blue,Dyenn,Annie,Dr. Mundo,MID,5,11.0,1.0,False,Loss
2972340,2,GX,HRTS,HRTS,GX,Red,Mercy9,Viktor,Olaf,MID,6,12.0,1.0,True,Win
2972340,2,GX,HRTS,HRTS,GX,Red,Lure,Ziggs,Viktor,BOT,7,17.0,2.0,True,Win
2972340,2,GX,HRTS,GX,HRTS,Blue,Rayito,DrMundo,Senna,BOT,8,18.0,2.0,False,Loss
2972340,2,GX,HRTS,GX,HRTS,Blue,Attila,Senna,Annie,SUP,9,19.0,2.0,False,Loss
2972340,2,GX,HRTS,HRTS,GX,Red,Batuuu,Pyke,Pyke,SUP,10,20.0,2.0,True,Win
2972341,1,UB,UCAM,UB,UCAM,Blue,Pasamelcelo,Sion,Sion,TOP,1,7.0,1.0,False,Loss
2972341,1,UB,UCAM,UCAM,UB,Red,Kozi,Fiora,Fiora,TOP,2,8.0,1.0,True,Win
2972341,1,UB,UCAM,UCAM,UB,Red,bluerzor,LeeSin,Lee Sin,JGL,3,9.0,1.0,True,Win
2972341,1,UB,UCAM,UB,UCAM,Blue,Ivama,JarvanIV,Jarvan IV,JGL,4,10.0,1.0,False,Loss
2972341,1,UB,UCAM,UB,UCAM,Blue,Midnight,Akali,Akali,MID,5,11.0,1.0,False,Loss
2972341,1,UB,UCAM,UCAM,UB,Red,ESCIK,Orianna,Orianna,MID,6,12.0,1.0,True,Win
2972341,1,UB,UCAM,UCAM,UB,Red,ANDARIEL,Cassiopeia,Cassiopeia,BOT,7,17.0,2.0,True,Win
2972341,1,UB,UCAM,UB,UCAM,Blue,adrianlanei,Syndra,Syndra,BOT,8,18.0,2.0,False,Loss
2972341,1,UB,UCAM,UB,UCAM,Blue,Xixauxas,Shen,Shen,SUP,9,19.0,2.0,False,Loss
2972341,1,UB,UCAM,UCAM,UB,Red,iLevi,Camille,Camille,SUP,10,20.0,2.0,True,Win
2972341,2,UB,UCAM,UB,UCAM,Blue,Pasamelcelo,Rumble,Rumble,TOP,1,7.0,1.0,False,Loss
2972341,2,UB,UCAM,UCAM,UB,Red,Kozi,Ambessa,Ambessa,TOP,2,8.0,1.0,True,Win
2972341,2,UB,UCAM,UCAM,UB,Red,bluerzor,Vi,Vi,JGL,3,9.0,1.0,True,Win
2972341,2,UB,UCAM,UB,UCAM,Blue,Ivama,XinZhao,Xin Zhao,JGL,4,10.0,1.0,False,Loss
2972341,2,UB,UCAM,UB,UCAM,Blue,Midnight,Taliyah,Taliyah,MID,5,11.0,1.0,False,Loss
2972341,2,UB,UCAM,UCAM,UB,Red,ESCIK,Ryze,Ryze,MID,6,12.0,1.0,True,Win
2972341,2,UB,UCAM,UCAM,UB,Red,ANDARIEL,Kaisa,Kai'Sa,BOT,7,17.0,2.0,True,Win
2972341,2,UB,UCAM,UB,UCAM,Blue,adrianlanei,Corki,Corki,BOT,8,18.0,2.0,False,Loss
2972341,2,UB,UCAM,UB,UCAM,Blue,Xixauxas,Rell,Rell,SUP,9,19.0,2.0,False,Loss
2972341,2,UB,UCAM,UCAM,UB,Red,iLevi,Leona,Leona,SUP,10,20.0,2.0,True,Win
2972342,1,GX,BAR,GX,BAR,Blue,Th3Antonio,Yorick,Yorick,TOP,1,7.0,1.0,False,Loss
2972342,1,GX,BAR,BAR,GX,Red,selenex,Gnar,Lee Sin,TOP,2,8.0,1.0,True,Win
2972342,1,GX,BAR,BAR,GX,Red,KoIdo,LeeSin,Gnar,JGL,3,9.0,1.0,True,Win
2972342,1,GX,BAR,GX,BAR,Blue,Time,Pantheon,Pantheon,JGL,4,10.0,1.0,False,Loss
2972342,1,GX,BAR,GX,BAR,Blue,Dyenn,Locke,Locke,MID,5,11.0,1.0,False,Loss
2972342,1,GX,BAR,BAR,GX,Red,Macaquinho,Lissandra,Lissandra,MID,6,12.0,1.0,True,Win
2972342,1,GX,BAR,BAR,GX,Red,Legolas,Zeri,Zeri,BOT,7,17.0,2.0,True,Win
2972342,1,GX,BAR,GX,BAR,Blue,Rayito,Ezreal,Ezreal,BOT,8,18.0,2.0,False,Loss
2972342,1,GX,BAR,GX,BAR,Blue,Attila,Shen,Shen,SUP,9,19.0,2.0,False,Loss
2972342,1,GX,BAR,BAR,GX,Red,Oscure,Camille,Camille,SUP,10,20.0,2.0,True,Win
2972342,2,GX,BAR,GX,BAR,Blue,Th3Antonio,Vayne,Vayne,TOP,1,7.0,1.0,True,Win
2972342,2,GX,BAR,BAR,GX,Red,selenex,Renekton,Renekton,TOP,2,8.0,1.0,False,Loss
2972342,2,GX,BAR,BAR,GX,Red,KoIdo,Naafiri,Naafiri,JGL,3,9.0,1.0,False,Loss
2972342,2,GX,BAR,GX,BAR,Blue,Time,JarvanIV,Jarvan IV,JGL,4,10.0,1.0,True,Win
2972342,2,GX,BAR,GX,BAR,Blue,Dyenn,Syndra,Syndra,MID,5,11.0,1.0,True,Win
2972342,2,GX,BAR,BAR,GX,Red,Macaquinho,Orianna,Orianna,MID,6,12.0,1.0,False,Loss
2972342,2,GX,BAR,BAR,GX,Red,Legolas,Vladimir,Vladimir,BOT,7,17.0,2.0,False,Loss
2972342,2,GX,BAR,GX,BAR,Blue,Rayito,Ziggs,Ziggs,BOT,8,18.0,2.0,True,Win
2972342,2,GX,BAR,GX,BAR,Blue,Attila,Alistar,Alistar,SUP,9,19.0,2.0,True,Win
2972342,2,GX,BAR,BAR,GX,Red,Oscure,Leona,Leona,SUP,10,20.0,2.0,False,Loss
2972342,3,GX,BAR,GX,BAR,Blue,Th3Antonio,Urgot,Urgot,TOP,1,7.0,1.0,False,Loss
2972342,3,GX,BAR,BAR,GX,Red,selenex,Varus,Varus,TOP,2,8.0,1.0,True,Win
2972342,3,GX,BAR,BAR,GX,Red,KoIdo,Trundle,Trundle,JGL,3,9.0,1.0,True,Win
2972342,3,GX,BAR,GX,BAR,Blue,Time,XinZhao,Xin Zhao,JGL,4,10.0,1.0,False,Loss
2972342,3,GX,BAR,GX,BAR,Blue,Dyenn,Viktor,Viktor,MID,5,11.0,1.0,False,Loss
2972342,3,GX,BAR,BAR,GX,Red,Macaquinho,Lux,Lux,MID,6,12.0,1.0,True,Win
2972342,3,GX,BAR,BAR,GX,Red,Legolas,Xayah,Xayah,BOT,7,17.0,2.0,True,Win
2972342,3,GX,BAR,GX,BAR,Blue,Rayito,Sivir,Sivir,BOT,8,18.0,2.0,False,Loss
2972342,3,GX,BAR,GX,BAR,Blue,Attila,Rakan,Rakan,SUP,9,19.0,2.0,False,Loss
2972342,3,GX,BAR,BAR,GX,Red,Oscure,Nautilus,Nautilus,SUP,10,20.0,2.0,True,Win
2972343,1,LUA,HRTS,LUA,HRTS,Blue,NIQKL,KSante,Vi,TOP,1,7.0,1.0,False,Loss
2972343,1,LUA,HRTS,HRTS,LUA,Red,Papiteero,Ambessa,Bard,TOP,2,8.0,1.0,True,Win
2972343,1,LUA,HRTS,HRTS,LUA,Red,Lurox,MonkeyKing,Wukong,JGL,3,9.0,1.0,True,Win
2972343,1,LUA,HRTS,LUA,HRTS,Blue,Pegaso,Vi,Lucian,JGL,4,10.0,1.0,False,Loss
2972343,1,LUA,HRTS,LUA,HRTS,Blue,Hydra,Taliyah,Milio,MID,5,11.0,1.0,False,Loss
2972343,1,LUA,HRTS,HRTS,LUA,Red,Mercy9,Cassiopeia,Caitlyn,MID,6,12.0,1.0,True,Win
2972343,1,LUA,HRTS,HRTS,LUA,Red,Lure,Caitlyn,Ambessa,BOT,7,17.0,2.0,True,Win
2972343,1,LUA,HRTS,LUA,HRTS,Blue,Kaii1,Lucian,K'Sante,BOT,8,18.0,2.0,False,Loss
2972343,1,LUA,HRTS,LUA,HRTS,Blue,TIMR,Milio,Taliyah,SUP,9,19.0,2.0,False,Loss
2972343,1,LUA,HRTS,HRTS,LUA,Red,Batuuu,Bard,Cassiopeia,SUP,10,20.0,2.0,True,Win
2972343,2,LUA,HRTS,LUA,HRTS,Blue,NIQKL,Zaahen,Jarvan IV,TOP,1,7.0,1.0,False,Loss
2972343,2,LUA,HRTS,HRTS,LUA,Red,Papiteero,Renekton,Lee Sin,TOP,2,8.0,1.0,True,Win
2972343,2,LUA,HRTS,HRTS,LUA,Red,Lurox,LeeSin,Ziggs,JGL,3,9.0,1.0,True,Win
2972343,2,LUA,HRTS,LUA,HRTS,Blue,Pegaso,JarvanIV,Zeri,JGL,4,10.0,1.0,False,Loss
2972343,2,LUA,HRTS,LUA,HRTS,Blue,Hydra,Syndra,Leona,MID,5,11.0,1.0,False,Loss
2972343,2,LUA,HRTS,HRTS,LUA,Red,Mercy9,Akali,Shen,MID,6,12.0,1.0,True,Win
2972343,2,LUA,HRTS,HRTS,LUA,Red,Lure,Ziggs,Renekton,BOT,7,17.0,2.0,True,Win
2972343,2,LUA,HRTS,LUA,HRTS,Blue,Kaii1,Zeri,Zaahen,BOT,8,18.0,2.0,False,Loss
2972343,2,LUA,HRTS,LUA,HRTS,Blue,TIMR,Leona,Syndra,SUP,9,19.0,2.0,False,Loss
2972343,2,LUA,HRTS,HRTS,LUA,Red,Batuuu,Shen,Akali,SUP,10,20.0,2.0,True,Win
2972344,1,MKOI,FLK,MKOI,FLK,Blue,NightSlayer,Ambessa,Syndra,TOP,1,7.0,1.0,True,Win
2972344,1,MKOI,FLK,FLK,MKOI,Red,Bobsik,Sion,Wukong,TOP,2,8.0,1.0,False,Loss
2972344,1,MKOI,FLK,FLK,MKOI,Red,Clicker,MonkeyKing,Cassiopeia,JGL,3,9.0,1.0,False,Loss
2972344,1,MKOI,FLK,MKF,FLK,Blue,XnS,LeeSin,Lee Sin,JGL,4,10.0,1.0,True,Win
2972344,1,MKOI,FLK,MKF,FLK,Blue,Fresskowy,Syndra,Camille,MID,5,11.0,1.0,True,Win
2972344,1,MKOI,FLK,FLK,MKOI,Red,Mentos,Cassiopeia,Nautilus,MID,6,12.0,1.0,False,Loss
2972344,1,MKOI,FLK,FLK,MKOI,Red,Marcv1,Kaisa,Sion,BOT,7,17.0,2.0,False,Loss
2972344,1,MKOI,FLK,MKF,FLK,Blue,13,Zeri,Ambessa,BOT,8,18.0,2.0,True,Win
2972344,1,MKOI,FLK,MKF,FLK,Blue,Myrtus,Camille,Zeri,SUP,9,19.0,2.0,True,Win
2972344,1,MKOI,FLK,FLK,MKOI,Red,Deleted,Nautilus,Kai'Sa,SUP,10,20.0,2.0,False,Loss
2972344,2,MKOI,FLK,MKOI,FLK,Blue,NightSlayer,Gwen,Jayce,TOP,1,7.0,1.0,True,Win
2972344,2,MKOI,FLK,FLK,MKOI,Red,Bobsik,Yorick,Xin Zhao,TOP,2,8.0,1.0,False,Loss
2972344,2,MKOI,FLK,FLK,MKOI,Red,Clicker,XinZhao,Ziggs,JGL,3,9.0,1.0,False,Loss
2972344,2,MKOI,FLK,MKF,FLK,Blue,XnS,Sylas,Tristana,JGL,4,10.0,1.0,True,Win
2972344,2,MKOI,FLK,MKF,FLK,Blue,Fresskowy,Jayce,Shen,MID,5,11.0,1.0,True,Win
2972344,2,MKOI,FLK,FLK,MKOI,Red,Mentos,Annie,Alistar,MID,6,12.0,1.0,False,Loss
2972344,2,MKOI,FLK,FLK,MKOI,Red,Marcv1,Ziggs,Yorick,BOT,7,17.0,2.0,False,Loss
2972344,2,MKOI,FLK,MKF,FLK,Blue,13,Tristana,Gwen,BOT,8,18.0,2.0,True,Win
2972344,2,MKOI,FLK,MKF,FLK,Blue,Myrtus,Shen,Sylas,SUP,9,19.0,2.0,True,Win
2972344,2,MKOI,FLK,FLK,MKOI,Red,Deleted,Alistar,Annie,SUP,10,20.0,2.0,False,Loss
2972345,1,LUA,BAR,LUA,BAR,Blue,NIQKL,Ornn,Ornn,TOP,1,7.0,1.0,False,Loss
2972345,1,LUA,BAR,BAR,LUA,Red,selenex,Olaf,Olaf,TOP,2,8.0,1.0,True,Win
2972345,1,LUA,BAR,BAR,LUA,Red,KoIdo,LeeSin,Lee Sin,JGL,3,9.0,1.0,True,Win
2972345,1,LUA,BAR,LUA,BAR,Blue,Pegaso,Pantheon,Pantheon,JGL,4,10.0,1.0,False,Loss
2972345,1,LUA,BAR,LUA,BAR,Blue,Hydra,Syndra,Syndra,MID,5,11.0,1.0,False,Loss
2972345,1,LUA,BAR,BAR,LUA,Red,Macaquinho,Locke,Locke,MID,6,12.0,1.0,True,Win
2972345,1,LUA,BAR,BAR,LUA,Red,Legolas,Ezreal,Ezreal,BOT,7,17.0,2.0,True,Win
2972345,1,LUA,BAR,LUA,BAR,Blue,Kaii1,Kaisa,Kai'Sa,BOT,8,18.0,2.0,False,Loss
2972345,1,LUA,BAR,LUA,BAR,Blue,TIMR,Alistar,Alistar,SUP,9,19.0,2.0,False,Loss
2972345,1,LUA,BAR,BAR,LUA,Red,Oscure,Leona,Leona,SUP,10,20.0,2.0,True,Win
2972345,2,LUA,BAR,LUA,BAR,Blue,NIQKL,KSante,K'Sante,TOP,1,7.0,1.0,False,Loss
2972345,2,LUA,BAR,BAR,LUA,Red,selenex,Vayne,Vayne,TOP,2,8.0,1.0,True,Win
2972345,2,LUA,BAR,BAR,LUA,Red,KoIdo,Naafiri,Naafiri,JGL,3,9.0,1.0,True,Win
2972345,2,LUA,BAR,LUA,BAR,Blue,Pegaso,MonkeyKing,Wukong,JGL,4,10.0,1.0,False,Loss
2972345,2,LUA,BAR,LUA,BAR,Blue,Hydra,Aurora,Aurora,MID,5,11.0,1.0,False,Loss
2972345,2,LUA,BAR,BAR,LUA,Red,Macaquinho,Taliyah,Taliyah,MID,6,12.0,1.0,True,Win
2972345,2,LUA,BAR,BAR,LUA,Red,Legolas,Lucian,Lucian,BOT,7,17.0,2.0,True,Win
2972345,2,LUA,BAR,LUA,BAR,Blue,Kaii1,Zeri,Zeri,BOT,8,18.0,2.0,False,Loss
2972345,2,LUA,BAR,LUA,BAR,Blue,TIMR,Rell,Rell,SUP,9,19.0,2.0,False,Loss
2972345,2,LUA,BAR,BAR,LUA,Red,Oscure,Nautilus,Nautilus,SUP,10,20.0,2.0,True,Win
2972346,1,HRTS,FLK,HRTS,FLK,Blue,Papiteero,Jayce,Camille,TOP,1,7.0,1.0,True,Win
2972346,1,HRTS,FLK,FLK,HRTS,Red,Bobsik,Yorick,Ziggs,TOP,2,8.0,1.0,False,Loss
2972346,1,HRTS,FLK,FLK,HRTS,Red,Clicker,MonkeyKing,Shen,JGL,3,9.0,1.0,False,Loss
2972346,1,HRTS,FLK,HRTS,FLK,Blue,Lurox,LeeSin,Jayce,JGL,4,10.0,1.0,True,Win
2972346,1,HRTS,FLK,HRTS,FLK,Blue,Mercy9,Syndra,Lee Sin,MID,5,11.0,1.0,True,Win
2972346,1,HRTS,FLK,FLK,HRTS,Red,Mentos,Galio,Wukong,MID,6,12.0,1.0,False,Loss
2972346,1,HRTS,FLK,FLK,HRTS,Red,Marcv1,Ziggs,Yorick,BOT,7,17.0,2.0,False,Loss
2972346,1,HRTS,FLK,HRTS,FLK,Blue,Lure,Cassiopeia,Syndra,BOT,8,18.0,2.0,True,Win
2972346,1,HRTS,FLK,HRTS,FLK,Blue,Batuuu,Camille,Cassiopeia,SUP,9,19.0,2.0,True,Win
2972346,1,HRTS,FLK,FLK,HRTS,Red,Deleted,Shen,Galio,SUP,10,20.0,2.0,False,Loss
2972346,2,FLK,HRTS,FLK,HRTS,Blue,Bobsik,Ambessa,Ambessa,TOP,1,7.0,1.0,False,Loss
2972346,2,FLK,HRTS,HRTS,FLK,Red,Papiteero,Olaf,Olaf,TOP,2,8.0,1.0,True,Win
2972346,2,FLK,HRTS,HRTS,FLK,Red,Lurox,Skarner,Skarner,JGL,3,9.0,1.0,True,Win
2972346,2,FLK,HRTS,FLK,HRTS,Blue,Clicker,Pantheon,Pantheon,JGL,4,10.0,1.0,False,Loss
2972346,2,FLK,HRTS,FLK,HRTS,Blue,Mentos,Yone,Yone,MID,5,11.0,1.0,False,Loss
2972346,2,FLK,HRTS,HRTS,FLK,Red,Mercy9,Orianna,Orianna,MID,6,12.0,1.0,True,Win
2972346,2,FLK,HRTS,HRTS,FLK,Red,Lure,Ezreal,Ezreal,BOT,7,17.0,2.0,True,Win
2972346,2,FLK,HRTS,FLK,HRTS,Blue,Marcv1,Viktor,Viktor,BOT,8,18.0,2.0,False,Loss
2972346,2,FLK,HRTS,FLK,HRTS,Blue,Deleted,Rakan,Rakan,SUP,9,19.0,2.0,False,Loss
2972346,2,FLK,HRTS,HRTS,FLK,Red,Batuuu,Leona,Leona,SUP,10,20.0,2.0,True,Win
2972347,1,MKOI,UB,MKOI,UB,Blue,NightSlayer,Gnar,Syndra,TOP,1,7.0,1.0,True,Win
2972347,1,MKOI,UB,UB,MKOI,Red,Pasamelcelo,Ambessa,Viktor,TOP,2,8.0,1.0,False,Loss
2972347,1,MKOI,UB,UB,MKOI,Red,Ivama,JarvanIV,Jarvan IV,JGL,3,9.0,1.0,False,Loss
2972347,1,MKOI,UB,MKF,UB,Blue,XnS,LeeSin,Lee Sin,JGL,4,10.0,1.0,True,Win
2972347,1,MKOI,UB,MKF,UB,Blue,Fresskowy,Syndra,Gnar,MID,5,11.0,1.0,True,Win
2972347,1,MKOI,UB,UB,MKOI,Red,Midnight,Leblanc,Ambessa,MID,6,12.0,1.0,False,Loss
2972347,1,MKOI,UB,UB,MKOI,Red,adrianlanei,Viktor,Shen,BOT,7,17.0,2.0,False,Loss
2972347,1,MKOI,UB,MKF,UB,Blue,13,Corki,Rell,BOT,8,18.0,2.0,True,Win
2972347,1,MKOI,UB,MKF,UB,Blue,Myrtus,Rell,Corki,SUP,9,19.0,2.0,True,Win
2972347,1,MKOI,UB,UB,MKOI,Red,Xixauxas,Shen,LeBlanc,SUP,10,20.0,2.0,False,Loss
2972347,2,MKOI,UB,MKOI,UB,Blue,NightSlayer,Aatrox,Orianna,TOP,1,7.0,1.0,True,Win
2972347,2,MKOI,UB,UB,MKOI,Red,Pasamelcelo,Rumble,Rumble,TOP,2,8.0,1.0,False,Loss
2972347,2,MKOI,UB,UB,MKOI,Red,Ivama,Pantheon,Pantheon,JGL,3,9.0,1.0,False,Loss
2972347,2,MKOI,UB,MKF,UB,Blue,XnS,XinZhao,Leona,JGL,4,10.0,1.0,True,Win
2972347,2,MKOI,UB,MKF,UB,Blue,Fresskowy,Orianna,Ezreal,MID,5,11.0,1.0,True,Win
2972347,2,MKOI,UB,UB,MKOI,Red,Midnight,Akali,Akali,MID,6,12.0,1.0,False,Loss
2972347,2,MKOI,UB,UB,MKOI,Red,adrianlanei,Sivir,Sivir,BOT,7,17.0,2.0,False,Loss
2972347,2,MKOI,UB,MKF,UB,Blue,13,Ezreal,Xin Zhao,BOT,8,18.0,2.0,True,Win
2972347,2,MKOI,UB,MKF,UB,Blue,Myrtus,Leona,Aatrox,SUP,9,19.0,2.0,True,Win
2972347,2,MKOI,UB,UB,MKOI,Red,Xixauxas,Alistar,Alistar,SUP,10,20.0,2.0,False,Loss
2972348,1,UCAM,GX,UCAM,GX,Blue,Kozi,Jayce,Jayce,TOP,1,7.0,1.0,True,Win
2972348,1,UCAM,GX,GX,UCAM,Red,Th3Antonio,Yorick,Yorick,TOP,2,8.0,1.0,False,Loss
2972348,1,UCAM,GX,GX,UCAM,Red,Time,JarvanIV,Jarvan IV,JGL,3,9.0,1.0,False,Loss
2972348,1,UCAM,GX,UCAM,GX,Blue,bluerzor,MonkeyKing,Wukong,JGL,4,10.0,1.0,True,Win
2972348,1,UCAM,GX,UCAM,GX,Blue,ESCIK,Galio,Galio,MID,5,11.0,1.0,True,Win
2972348,1,UCAM,GX,GX,UCAM,Red,Dyenn,Viktor,Viktor,MID,6,12.0,1.0,False,Loss
2972348,1,UCAM,GX,GX,UCAM,Red,Rayito,Ziggs,Ziggs,BOT,7,17.0,2.0,False,Loss
2972348,1,UCAM,GX,UCAM,GX,Blue,ANDARIEL,Cassiopeia,Cassiopeia,BOT,8,18.0,2.0,True,Win
2972348,1,UCAM,GX,UCAM,GX,Blue,iLevi,Camille,Camille,SUP,9,19.0,2.0,True,Win
2972348,1,UCAM,GX,GX,UCAM,Red,Attila,Alistar,Alistar,SUP,10,20.0,2.0,False,Loss
2972348,2,GX,UCAM,GX,UCAM,Blue,Th3Antonio,Urgot,Syndra,TOP,1,7.0,1.0,False,Loss
2972348,2,GX,UCAM,UCAM,GX,Red,Kozi,Gnar,Ezreal,TOP,2,8.0,1.0,True,Win
2972348,2,GX,UCAM,UCAM,GX,Red,bluerzor,XinZhao,Leona,JGL,3,9.0,1.0,True,Win
2972348,2,GX,UCAM,GX,UCAM,Blue,Time,Vi,Trundle,JGL,4,10.0,1.0,False,Loss
2972348,2,GX,UCAM,GX,UCAM,Blue,Dyenn,Syndra,Vi,MID,5,11.0,1.0,False,Loss
2972348,2,GX,UCAM,UCAM,GX,Red,ESCIK,Sylas,Xin Zhao,MID,6,12.0,1.0,True,Win
2972348,2,GX,UCAM,UCAM,GX,Red,ANDARIEL,Ezreal,Gnar,BOT,7,17.0,2.0,True,Win
2972348,2,GX,UCAM,GX,UCAM,Blue,Rayito,Corki,Urgot,BOT,8,18.0,2.0,False,Loss
2972348,2,GX,UCAM,GX,UCAM,Blue,Attila,Trundle,Corki,SUP,9,19.0,2.0,False,Loss
2972348,2,GX,UCAM,UCAM,GX,Red,iLevi,Leona,Sylas,SUP,10,20.0,2.0,True,Win
2972349,1,GX,LUA,GX,LUA,Blue,Th3Antonio,Jayce,Jayce,TOP,1,7.0,1.0,False,Loss
2972349,1,GX,LUA,LUA,GX,Red,NIQKL,Sion,Sion,TOP,2,8.0,1.0,True,Win
2972349,1,GX,LUA,LUA,GX,Red,Pegaso,Vi,Vi,JGL,3,9.0,1.0,True,Win
2972349,1,GX,LUA,GX,LUA,Blue,Time,Naafiri,Naafiri,JGL,4,10.0,1.0,False,Loss
2972349,1,GX,LUA,GX,LUA,Blue,Dyenn,Anivia,Anivia,MID,5,11.0,1.0,False,Loss
2972349,1,GX,LUA,LUA,GX,Red,Hydra,Cassiopeia,Cassiopeia,MID,6,12.0,1.0,True,Win
2972349,1,GX,LUA,LUA,GX,Red,Kaii1,Lucian,Lucian,BOT,7,17.0,2.0,True,Win
2972349,1,GX,LUA,GX,LUA,Blue,Rayito,Ezreal,Ezreal,BOT,8,18.0,2.0,False,Loss
2972349,1,GX,LUA,GX,LUA,Blue,Attila,Shen,Shen,SUP,9,19.0,2.0,False,Loss
2972349,1,GX,LUA,LUA,GX,Red,TIMR,Milio,Milio,SUP,10,20.0,2.0,True,Win
2972349,2,GX,LUA,GX,LUA,Blue,Th3Antonio,Olaf,Jarvan IV,TOP,1,7.0,1.0,True,Win
2972349,2,GX,LUA,LUA,GX,Red,NIQKL,KSante,Bard,TOP,2,8.0,1.0,False,Loss
2972349,2,GX,LUA,LUA,GX,Red,Pegaso,MonkeyKing,Wukong,JGL,3,9.0,1.0,False,Loss
2972349,2,GX,LUA,GX,LUA,Blue,Time,JarvanIV,Nautilus,JGL,4,10.0,1.0,True,Win
2972349,2,GX,LUA,GX,LUA,Blue,Dyenn,Syndra,Ziggs,MID,5,11.0,1.0,True,Win
2972349,2,GX,LUA,LUA,GX,Red,Hydra,Leblanc,K'Sante,MID,6,12.0,1.0,False,Loss
2972349,2,GX,LUA,LUA,GX,Red,Kaii1,Tristana,Tristana,BOT,7,17.0,2.0,False,Loss
2972349,2,GX,LUA,GX,LUA,Blue,Rayito,Ziggs,Syndra,BOT,8,18.0,2.0,True,Win
2972349,2,GX,LUA,GX,LUA,Blue,Attila,Nautilus,Olaf,SUP,9,19.0,2.0,True,Win
2972349,2,GX,LUA,LUA,GX,Red,TIMR,Bard,LeBlanc,SUP,10,20.0,2.0,False,Loss
2972349,3,GX,LUA,GX,LUA,Blue,Th3Antonio,Gnar,Gnar,TOP,1,7.0,1.0,True,Win
2972349,3,GX,LUA,LUA,GX,Red,NIQKL,Rumble,Rumble,TOP,2,8.0,1.0,False,Loss
2972349,3,GX,LUA,LUA,GX,Red,Pegaso,Pantheon,Pantheon,JGL,3,9.0,1.0,False,Loss
2972349,3,GX,LUA,GX,LUA,Blue,Time,Kindred,Viktor,JGL,4,10.0,1.0,True,Win
2972349,3,GX,LUA,GX,LUA,Blue,Dyenn,Viktor,Leona,MID,5,11.0,1.0,True,Win
2972349,3,GX,LUA,LUA,GX,Red,Hydra,Aurora,Alistar,MID,6,12.0,1.0,False,Loss
2972349,3,GX,LUA,LUA,GX,Red,Kaii1,Kaisa,Kai'Sa,BOT,7,17.0,2.0,False,Loss
2972349,3,GX,LUA,GX,LUA,Blue,Rayito,Corki,Kindred,BOT,8,18.0,2.0,True,Win
2972349,3,GX,LUA,GX,LUA,Blue,Attila,Leona,Corki,SUP,9,19.0,2.0,True,Win
2972349,3,GX,LUA,LUA,GX,Red,TIMR,Alistar,Aurora,SUP,10,20.0,2.0,False,Loss
2972350,1,MKOI,UCAM,MKOI,UCAM,Blue,NightSlayer,Renekton,Camille,TOP,1,7.0,1.0,True,Win
2972350,1,MKOI,UCAM,UCAM,MKOI,Red,Kozi,Kled,Kled,TOP,2,8.0,1.0,False,Loss
2972350,1,MKOI,UCAM,UCAM,MKOI,Red,bluerzor,LeeSin,Lee Sin,JGL,3,9.0,1.0,False,Loss
2972350,1,MKOI,UCAM,MKF,UCAM,Blue,XnS,Skarner,Skarner,JGL,4,10.0,1.0,True,Win
2972350,1,MKOI,UCAM,MKF,UCAM,Blue,Fresskowy,Syndra,Syndra,MID,5,11.0,1.0,True,Win
2972350,1,MKOI,UCAM,UCAM,MKOI,Red,ESCIK,Orianna,Orianna,MID,6,12.0,1.0,False,Loss
2972350,1,MKOI,UCAM,UCAM,MKOI,Red,ANDARIEL,Viktor,Viktor,BOT,7,17.0,2.0,False,Loss
2972350,1,MKOI,UCAM,MKF,UCAM,Blue,13,Tristana,Tristana,BOT,8,18.0,2.0,True,Win
2972350,1,MKOI,UCAM,MKF,UCAM,Blue,Myrtus,Camille,Renekton,SUP,9,19.0,2.0,True,Win
2972350,1,MKOI,UCAM,UCAM,MKOI,Red,iLevi,Shen,Shen,SUP,10,20.0,2.0,False,Loss
2972350,2,MKOI,UCAM,MKOI,UCAM,Blue,NightSlayer,Ambessa,Leona,TOP,1,7.0,1.0,False,Loss
2972350,2,MKOI,UCAM,UCAM,MKOI,Red,Kozi,Gnar,Gnar,TOP,2,8.0,1.0,True,Win
2972350,2,MKOI,UCAM,UCAM,MKOI,Red,bluerzor,MonkeyKing,Ezreal,JGL,3,9.0,1.0,True,Win
2972350,2,MKOI,UCAM,MKF,UCAM,Blue,XnS,Vi,Vi,JGL,4,10.0,1.0,False,Loss
2972350,2,MKOI,UCAM,MKF,UCAM,Blue,Fresskowy,Ahri,Ambessa,MID,5,11.0,1.0,False,Loss
2972350,2,MKOI,UCAM,UCAM,MKOI,Red,ESCIK,Lissandra,Wukong,MID,6,12.0,1.0,True,Win
2972350,2,MKOI,UCAM,UCAM,MKOI,Red,ANDARIEL,Ezreal,Rell,BOT,7,17.0,2.0,True,Win
2972350,2,MKOI,UCAM,MKF,UCAM,Blue,13,Jhin,Ahri,BOT,8,18.0,2.0,False,Loss
2972350,2,MKOI,UCAM,MKF,UCAM,Blue,Myrtus,Leona,Jhin,SUP,9,19.0,2.0,False,Loss
2972350,2,MKOI,UCAM,UCAM,MKOI,Red,iLevi,Rell,Lissandra,SUP,10,20.0,2.0,True,Win
2972350,3,MKOI,UCAM,MKOI,UCAM,Blue,NightSlayer,Rumble,Rumble,TOP,1,,,False,Loss
2972350,3,MKOI,UCAM,MKF,UCAM,Blue,XnS,Qiyana,Qiyana,JGL,2,,,False,Loss
2972350,3,MKOI,UCAM,MKF,UCAM,Blue,Fresskowy,Jayce,Jayce,MID,3,,,False,Loss
2972350,3,MKOI,UCAM,MKF,UCAM,Blue,13,Zeri,Zeri,BOT,4,,,False,Loss
2972350,3,MKOI,UCAM,MKF,UCAM,Blue,Myrtus,Nautilus,Nautilus,SUP,5,,,False,Loss
2972350,3,MKOI,UCAM,UCAM,MKOI,Red,Kozi,Olaf,Olaf,TOP,6,,,False,Loss
2972350,3,MKOI,UCAM,UCAM,MKOI,Red,bluerzor,JarvanIV,JarvanIV,JGL,7,,,False,Loss
2972350,3,MKOI,UCAM,UCAM,MKOI,Red,ESCIK,Cassiopeia,Cassiopeia,MID,8,,,False,Loss
2972350,3,MKOI,UCAM,UCAM,MKOI,Red,ANDARIEL,Kaisa,Kaisa,BOT,9,,,False,Loss
2972350,3,MKOI,UCAM,UCAM,MKOI,Red,iLevi,Alistar,Alistar,SUP,10,,,False,Loss
2972351,1,UB,HRTS,UB,HRTS,Blue,Pasamelcelo,KSante,K'Sante,TOP,1,7.0,1.0,False,Loss
2972351,1,UB,HRTS,HRTS,UB,Red,Papiteero,Ambessa,Ambessa,TOP,2,8.0,1.0,True,Win
2972351,1,UB,HRTS,HRTS,UB,Red,Lurox,Vi,Vi,JGL,3,9.0,1.0,True,Win
2972351,1,UB,HRTS,UB,HRTS,Blue,Ivama,MonkeyKing,Wukong,JGL,4,10.0,1.0,False,Loss
2972351,1,UB,HRTS,UB,HRTS,Blue,Midnight,Mel,Mel,MID,5,11.0,1.0,False,Loss
2972351,1,UB,HRTS,HRTS,UB,Red,Mercy9,Locke,Locke,MID,6,12.0,1.0,True,Win
2972351,1,UB,HRTS,HRTS,UB,Red,Lure,Viktor,Viktor,BOT,7,17.0,2.0,True,Win
2972351,1,UB,HRTS,UB,HRTS,Blue,adrianlanei,Corki,Corki,BOT,8,18.0,2.0,False,Loss
2972351,1,UB,HRTS,UB,HRTS,Blue,Xixauxas,Alistar,Alistar,SUP,9,19.0,2.0,False,Loss
2972351,1,UB,HRTS,HRTS,UB,Red,Batuuu,Rell,Rell,SUP,10,20.0,2.0,True,Win
2972351,2,UB,HRTS,UB,HRTS,Blue,Pasamelcelo,Aatrox,Aatrox,TOP,1,7.0,1.0,True,Win
2972351,2,UB,HRTS,HRTS,UB,Red,Papiteero,Rumble,Rumble,TOP,2,8.0,1.0,False,Loss
2972351,2,UB,HRTS,HRTS,UB,Red,Lurox,Trundle,Trundle,JGL,3,9.0,1.0,False,Loss
2972351,2,UB,HRTS,UB,HRTS,Blue,Ivama,XinZhao,Xin Zhao,JGL,4,10.0,1.0,True,Win
2972351,2,UB,HRTS,UB,HRTS,Blue,Midnight,Lux,Lux,MID,5,11.0,1.0,True,Win
2972351,2,UB,HRTS,HRTS,UB,Red,Mercy9,Orianna,Orianna,MID,6,12.0,1.0,False,Loss
2972351,2,UB,HRTS,HRTS,UB,Red,Lure,Lucian,Lucian,BOT,7,17.0,2.0,False,Loss
2972351,2,UB,HRTS,UB,HRTS,Blue,adrianlanei,MissFortune,Miss Fortune,BOT,8,18.0,2.0,True,Win
2972351,2,UB,HRTS,UB,HRTS,Blue,Xixauxas,Seraphine,Seraphine,SUP,9,19.0,2.0,True,Win
2972351,2,UB,HRTS,HRTS,UB,Red,Batuuu,Milio,Milio,SUP,10,20.0,2.0,False,Loss
2972351,3,UB,HRTS,UB,HRTS,Blue,Pasamelcelo,Sion,Sion,TOP,1,7.0,1.0,False,Loss
2972351,3,UB,HRTS,HRTS,UB,Red,Papiteero,Gnar,Gnar,TOP,2,8.0,1.0,True,Win
2972351,3,UB,HRTS,HRTS,UB,Red,Lurox,Skarner,Skarner,JGL,3,9.0,1.0,True,Win
2972351,3,UB,HRTS,UB,HRTS,Blue,Ivama,Pantheon,Pantheon,JGL,4,10.0,1.0,False,Loss
2972351,3,UB,HRTS,UB,HRTS,Blue,Midnight,Anivia,Anivia,MID,5,11.0,1.0,False,Loss
2972351,3,UB,HRTS,HRTS,UB,Red,Mercy9,Cassiopeia,Cassiopeia,MID,6,12.0,1.0,True,Win
2972351,3,UB,HRTS,HRTS,UB,Red,Lure,Ezreal,Ezreal,BOT,7,17.0,2.0,True,Win
2972351,3,UB,HRTS,UB,HRTS,Blue,adrianlanei,Jhin,Jhin,BOT,8,18.0,2.0,False,Loss
2972351,3,UB,HRTS,UB,HRTS,Blue,Xixauxas,Shen,Shen,SUP,9,19.0,2.0,False,Loss
2972351,3,UB,HRTS,HRTS,UB,Red,Batuuu,Bard,Bard,SUP,10,20.0,2.0,True,Win
2972352,1,FLK,BAR,FLK,BAR,Blue,Bobsik,Zaahen,Zaahen,TOP,1,7.0,1.0,False,Loss
2972352,1,FLK,BAR,BAR,FLK,Red,selenex,Renekton,Renekton,TOP,2,8.0,1.0,True,Win
2972352,1,FLK,BAR,BAR,FLK,Red,KoIdo,Vi,Vi,JGL,3,9.0,1.0,True,Win
2972352,1,FLK,BAR,FLK,BAR,Blue,Clicker,Pantheon,Pantheon,JGL,4,10.0,1.0,False,Loss
2972352,1,FLK,BAR,FLK,BAR,Blue,Mentos,Galio,Galio,MID,5,11.0,1.0,False,Loss
2972352,1,FLK,BAR,BAR,FLK,Red,Macaquinho,Cassiopeia,Cassiopeia,MID,6,12.0,1.0,True,Win
2972352,1,FLK,BAR,BAR,FLK,Red,Legolas,Ezreal,Ezreal,BOT,7,17.0,2.0,True,Win
2972352,1,FLK,BAR,FLK,BAR,Blue,Marcv1,Viktor,Viktor,BOT,8,18.0,2.0,False,Loss
2972352,1,FLK,BAR,FLK,BAR,Blue,Deleted,Leona,Leona,SUP,9,19.0,2.0,False,Loss
2972352,1,FLK,BAR,BAR,FLK,Red,Oscure,Shen,Shen,SUP,10,20.0,2.0,True,Win
2972352,2,FLK,BAR,FLK,BAR,Blue,Bobsik,Ambessa,Ambessa,TOP,1,7.0,1.0,False,Loss
2972352,2,FLK,BAR,BAR,FLK,Red,selenex,Varus,Varus,TOP,2,8.0,1.0,True,Win
2972352,2,FLK,BAR,BAR,FLK,Red,KoIdo,Naafiri,Naafiri,JGL,3,9.0,1.0,True,Win
2972352,2,FLK,BAR,FLK,BAR,Blue,Clicker,JarvanIV,Jarvan IV,JGL,4,10.0,1.0,False,Loss
2972352,2,FLK,BAR,FLK,BAR,Blue,Mentos,Locke,Locke,MID,5,11.0,1.0,False,Loss
2972352,2,FLK,BAR,BAR,FLK,Red,Macaquinho,Aurora,Aurora,MID,6,12.0,1.0,True,Win
2972352,2,FLK,BAR,BAR,FLK,Red,Legolas,Zeri,Zeri,BOT,7,17.0,2.0,True,Win
2972352,2,FLK,BAR,FLK,BAR,Blue,Marcv1,Ziggs,Ziggs,BOT,8,18.0,2.0,False,Loss
2972352,2,FLK,BAR,FLK,BAR,Blue,Deleted,Nautilus,Nautilus,SUP,9,19.0,2.0,False,Loss
2972352,2,FLK,BAR,BAR,FLK,Red,Oscure,Camille,Camille,SUP,10,20.0,2.0,True,Win
2972353,1,UB,BAR,UB,BAR,Blue,Pasamelcelo,Ambessa,Ambessa,TOP,1,7.0,1.0,False,Loss
2972353,1,UB,BAR,BAR,UB,Red,selenex,Renekton,Renekton,TOP,2,8.0,1.0,True,Win
2972353,1,UB,BAR,BAR,UB,Red,KoIdo,LeeSin,Lee Sin,JGL,3,9.0,1.0,True,Win
2972353,1,UB,BAR,UB,BAR,Blue,Ivama,JarvanIV,Jarvan IV,JGL,4,10.0,1.0,False,Loss
2972353,1,UB,BAR,UB,BAR,Blue,Midnight,Leblanc,LeBlanc,MID,5,11.0,1.0,False,Loss
2972353,1,UB,BAR,BAR,UB,Red,Macaquinho,Syndra,Syndra,MID,6,12.0,1.0,True,Win
2972353,1,UB,BAR,BAR,UB,Red,Legolas,Lucian,Lucian,BOT,7,17.0,2.0,True,Win
2972353,1,UB,BAR,UB,BAR,Blue,adrianlanei,Viktor,Viktor,BOT,8,18.0,2.0,False,Loss
2972353,1,UB,BAR,UB,BAR,Blue,Xixauxas,Pyke,Pyke,SUP,9,19.0,2.0,False,Loss
2972353,1,UB,BAR,BAR,UB,Red,Oscure,Shen,Shen,SUP,10,20.0,2.0,True,Win
2972353,2,UB,BAR,UB,BAR,Blue,Pasamelcelo,Sion,Sion,TOP,1,7.0,1.0,False,Loss
2972353,2,UB,BAR,BAR,UB,Red,selenex,Zaahen,Zaahen,TOP,2,8.0,1.0,True,Win
2972353,2,UB,BAR,BAR,UB,Red,KoIdo,Vi,Vi,JGL,3,9.0,1.0,True,Win
2972353,2,UB,BAR,UB,BAR,Blue,Ivama,XinZhao,Xin Zhao,JGL,4,10.0,1.0,False,Loss
2972353,2,UB,BAR,UB,BAR,Blue,Midnight,Ahri,Ahri,MID,5,11.0,1.0,False,Loss
2972353,2,UB,BAR,BAR,UB,Red,Macaquinho,Taliyah,Taliyah,MID,6,12.0,1.0,True,Win
2972353,2,UB,BAR,BAR,UB,Red,Legolas,Ezreal,Ezreal,BOT,7,17.0,2.0,True,Win
2972353,2,UB,BAR,UB,BAR,Blue,adrianlanei,Ziggs,Ziggs,BOT,8,18.0,2.0,False,Loss
2972353,2,UB,BAR,UB,BAR,Blue,Xixauxas,Nautilus,Nautilus,SUP,9,19.0,2.0,False,Loss
2972353,2,UB,BAR,BAR,UB,Red,Oscure,Leona,Leona,SUP,10,20.0,2.0,True,Win
2972354,1,UCAM,LUA,UCAM,LUA,Blue,Kozi,Jax,Viktor,TOP,1,7.0,1.0,True,Win
2972354,1,UCAM,LUA,LUA,UCAM,Red,NIQKL,Renekton,Ezreal,TOP,2,8.0,1.0,False,Loss
2972354,1,UCAM,LUA,LUA,UCAM,Red,Pegaso,Vi,Vi,JGL,3,9.0,1.0,False,Loss
2972354,1,UCAM,LUA,UCAM,LUA,Blue,bluerzor,LeeSin,Lee Sin,JGL,4,10.0,1.0,True,Win
2972354,1,UCAM,LUA,UCAM,LUA,Blue,ESCIK,Ryze,Shen,MID,5,11.0,1.0,True,Win
2972354,1,UCAM,LUA,LUA,UCAM,Red,Hydra,Syndra,Bard,MID,6,12.0,1.0,False,Loss
2972354,1,UCAM,LUA,LUA,UCAM,Red,Kaii1,Ezreal,Renekton,BOT,7,17.0,2.0,False,Loss
2972354,1,UCAM,LUA,UCAM,LUA,Blue,ANDARIEL,Viktor,Ryze,BOT,8,18.0,2.0,True,Win
2972354,1,UCAM,LUA,UCAM,LUA,Blue,iLevi,Shen,Jax,SUP,9,19.0,2.0,True,Win
2972354,1,UCAM,LUA,LUA,UCAM,Red,TIMR,Bard,Syndra,SUP,10,20.0,2.0,False,Loss
2972354,2,LUA,UCAM,LUA,UCAM,Blue,NIQKL,KSante,K'Sante,TOP,1,7.0,1.0,False,Loss
2972354,2,LUA,UCAM,UCAM,LUA,Red,Kozi,Gnar,Gnar,TOP,2,8.0,1.0,True,Win
2972354,2,LUA,UCAM,UCAM,LUA,Red,bluerzor,Poppy,Poppy,JGL,3,9.0,1.0,True,Win
2972354,2,LUA,UCAM,LUA,UCAM,Blue,Pegaso,JarvanIV,Jarvan IV,JGL,4,10.0,1.0,False,Loss
2972354,2,LUA,UCAM,LUA,UCAM,Blue,Hydra,Taliyah,Taliyah,MID,5,11.0,1.0,False,Loss
2972354,2,LUA,UCAM,UCAM,LUA,Red,ESCIK,Cassiopeia,Cassiopeia,MID,6,12.0,1.0,True,Win
2972354,2,LUA,UCAM,UCAM,LUA,Red,ANDARIEL,Kalista,Kalista,BOT,7,17.0,2.0,True,Win
2972354,2,LUA,UCAM,LUA,UCAM,Blue,Kaii1,Hwei,Hwei,BOT,8,18.0,2.0,False,Loss
2972354,2,LUA,UCAM,LUA,UCAM,Blue,TIMR,Nautilus,Nautilus,SUP,9,19.0,2.0,False,Loss
2972354,2,LUA,UCAM,UCAM,LUA,Red,iLevi,Braum,Braum,SUP,10,20.0,2.0,True,Win
2972355,1,GX,FLK,GX,FLK,Blue,Th3Antonio,Gnar,Jarvan IV,TOP,1,7.0,1.0,True,Win
2972355,1,GX,FLK,FLK,GX,Red,Bobsik,Yorick,Ezreal,TOP,2,8.0,1.0,False,Loss
2972355,1,GX,FLK,FLK,GX,Red,Clicker,Vi,Vi,JGL,3,9.0,1.0,False,Loss
2972355,1,GX,FLK,GX,FLK,Blue,Time,JarvanIV,Xayah,JGL,4,10.0,1.0,True,Win
2972355,1,GX,FLK,GX,FLK,Blue,Dyenn,Anivia,Rakan,MID,5,11.0,1.0,True,Win
2972355,1,GX,FLK,FLK,GX,Red,Mentos,Cassiopeia,Cassiopeia,MID,6,12.0,1.0,False,Loss
2972355,1,GX,FLK,FLK,GX,Red,Marcv1,Ezreal,Leona,BOT,7,17.0,2.0,False,Loss
2972355,1,GX,FLK,GX,FLK,Blue,Rayito,Xayah,Gnar,BOT,8,18.0,2.0,True,Win
2972355,1,GX,FLK,GX,FLK,Blue,Attila,Rakan,Anivia,SUP,9,19.0,2.0,True,Win
2972355,1,GX,FLK,FLK,GX,Red,Deleted,Leona,Yorick,SUP,10,20.0,2.0,False,Loss
2972355,2,GX,FLK,GX,FLK,Blue,Th3Antonio,Aatrox,Syndra,TOP,1,7.0,1.0,True,Win
2972355,2,GX,FLK,FLK,GX,Red,Bobsik,Sion,Pantheon,TOP,2,8.0,1.0,False,Loss
2972355,2,GX,FLK,FLK,GX,Red,Clicker,Pantheon,Taliyah,JGL,3,9.0,1.0,False,Loss
2972355,2,GX,FLK,GX,FLK,Blue,Time,Viego,Viego,JGL,4,10.0,1.0,True,Win
2972355,2,GX,FLK,GX,FLK,Blue,Dyenn,Syndra,Nautilus,MID,5,11.0,1.0,True,Win
2972355,2,GX,FLK,FLK,GX,Red,Mentos,Taliyah,Rell,MID,6,12.0,1.0,False,Loss
2972355,2,GX,FLK,FLK,GX,Red,Marcv1,Zeri,Sion,BOT,7,17.0,2.0,False,Loss
2972355,2,GX,FLK,GX,FLK,Blue,Rayito,Tristana,Aatrox,BOT,8,18.0,2.0,True,Win
2972355,2,GX,FLK,GX,FLK,Blue,Attila,Nautilus,Tristana,SUP,9,19.0,2.0,True,Win
2972355,2,GX,FLK,FLK,GX,Red,Deleted,Rell,Zeri,SUP,10,20.0,2.0,False,Loss
2972356,1,MKOI,HRTS,MKOI,HRTS,Blue,NightSlayer,Gnar,Syndra,TOP,1,7.0,1.0,False,Loss
2972356,1,MKOI,HRTS,HRTS,MKOI,Red,Papiteero,Rumble,Rumble,TOP,2,8.0,1.0,True,Win
2972356,1,MKOI,HRTS,HRTS,MKOI,Red,Lurox,JarvanIV,Jarvan IV,JGL,3,9.0,1.0,True,Win
2972356,1,MKOI,HRTS,MKF,HRTS,Blue,XnS,Qiyana,Qiyana,JGL,4,10.0,1.0,False,Loss
2972356,1,MKOI,HRTS,MKF,HRTS,Blue,Fresskowy,Syndra,Gnar,MID,5,11.0,1.0,False,Loss
2972356,1,MKOI,HRTS,HRTS,MKOI,Red,Mercy9,Cassiopeia,Cassiopeia,MID,6,12.0,1.0,True,Win
2972356,1,MKOI,HRTS,HRTS,MKOI,Red,Lure,Lucian,Lucian,BOT,7,17.0,2.0,True,Win
2972356,1,MKOI,HRTS,MKF,HRTS,Blue,13,Varus,Varus,BOT,8,18.0,2.0,False,Loss
2972356,1,MKOI,HRTS,MKF,HRTS,Blue,Myrtus,Leona,Leona,SUP,9,19.0,2.0,False,Loss
2972356,1,MKOI,HRTS,HRTS,MKOI,Red,Batuuu,Milio,Milio,SUP,10,20.0,2.0,True,Win
2972356,2,MKOI,HRTS,MKOI,HRTS,Blue,NightSlayer,Renekton,Viktor,TOP,1,7.0,1.0,True,Win
2972356,2,MKOI,HRTS,HRTS,MKOI,Red,Papiteero,Ornn,Ezreal,TOP,2,8.0,1.0,False,Loss
2972356,2,MKOI,HRTS,HRTS,MKOI,Red,Lurox,Skarner,Shen,JGL,3,9.0,1.0,False,Loss
2972356,2,MKOI,HRTS,MKF,HRTS,Blue,XnS,LeeSin,Rell,JGL,4,10.0,1.0,True,Win
2972356,2,MKOI,HRTS,MKF,HRTS,Blue,Fresskowy,Ryze,Lee Sin,MID,5,11.0,1.0,True,Win
2972356,2,MKOI,HRTS,HRTS,MKOI,Red,Mercy9,Sylas,Skarner,MID,6,12.0,1.0,False,Loss
2972356,2,MKOI,HRTS,HRTS,MKOI,Red,Lure,Ezreal,Sylas,BOT,7,17.0,2.0,False,Loss
2972356,2,MKOI,HRTS,MKF,HRTS,Blue,13,Viktor,Renekton,BOT,8,18.0,2.0,True,Win
2972356,2,MKOI,HRTS,MKF,HRTS,Blue,Myrtus,Rell,Ryze,SUP,9,19.0,2.0,True,Win
2972356,2,MKOI,HRTS,HRTS,MKOI,Red,Batuuu,Shen,Ornn,SUP,10,20.0,2.0,False,Loss
2972356,3,MKOI,HRTS,MKOI,HRTS,Blue,NightSlayer,Olaf,Olaf,TOP,1,7.0,1.0,True,Win
2972356,3,MKOI,HRTS,HRTS,MKOI,Red,Papiteero,Jayce,Jayce,TOP,2,8.0,1.0,False,Loss
2972356,3,MKOI,HRTS,HRTS,MKOI,Red,Lurox,MonkeyKing,Wukong,JGL,3,9.0,1.0,False,Loss
2972356,3,MKOI,HRTS,MKF,HRTS,Blue,XnS,Shyvana,Shyvana,JGL,4,10.0,1.0,True,Win
2972356,3,MKOI,HRTS,MKF,HRTS,Blue,Fresskowy,Taliyah,Taliyah,MID,5,11.0,1.0,True,Win
2972356,3,MKOI,HRTS,HRTS,MKOI,Red,Mercy9,Ahri,Ahri,MID,6,12.0,1.0,False,Loss
2972356,3,MKOI,HRTS,HRTS,MKOI,Red,Lure,Sivir,Sivir,BOT,7,17.0,2.0,False,Loss
2972356,3,MKOI,HRTS,MKF,HRTS,Blue,13,Kaisa,Kai'Sa,BOT,8,18.0,2.0,True,Win
2972356,3,MKOI,HRTS,MKF,HRTS,Blue,Myrtus,Nautilus,Nautilus,SUP,9,19.0,2.0,True,Win
2972356,3,MKOI,HRTS,HRTS,MKOI,Red,Batuuu,Rakan,Rakan,SUP,10,20.0,2.0,False,Loss
2972357,1,MKOI,BAR,MKOI,BAR,Blue,NightSlayer,Jax,Jax,TOP,1,7.0,1.0,False,Loss
2972357,1,MKOI,BAR,BAR,MKOI,Red,selenex,Olaf,Olaf,TOP,2,8.0,1.0,False,Loss
2972357,1,MKOI,BAR,BAR,MKOI,Red,KoIdo,Naafiri,Naafiri,JGL,3,9.0,1.0,False,Loss
2972357,1,MKOI,BAR,MKF,BAR,Blue,XnS,MonkeyKing,Wukong,JGL,4,10.0,1.0,False,Loss
2972357,1,MKOI,BAR,MKF,BAR,Blue,Fresskowy,Jayce,Jayce,MID,5,11.0,1.0,False,Loss
2972357,1,MKOI,BAR,BAR,MKOI,Red,Macaquinho,Lux,Lux,MID,6,12.0,1.0,False,Loss
2972357,1,MKOI,BAR,BAR,MKOI,Red,Legolas,Viktor,Viktor,BOT,7,17.0,2.0,False,Loss
2972357,1,MKOI,BAR,MKF,BAR,Blue,13,Cassiopeia,Cassiopeia,BOT,8,18.0,2.0,False,Loss
2972357,1,MKOI,BAR,MKF,BAR,Blue,Myrtus,Rell,Rell,SUP,9,19.0,2.0,False,Loss
2972357,1,MKOI,BAR,BAR,MKOI,Red,Oscure,Shen,Shen,SUP,10,20.0,2.0,False,Loss
2972357,2,MKOI,BAR,MKOI,BAR,Blue,NightSlayer,Jax,Jax,TOP,1,7.0,1.0,True,Win
2972357,2,MKOI,BAR,BAR,MKOI,Red,selenex,Olaf,Olaf,TOP,2,8.0,1.0,False,Loss
2972357,2,MKOI,BAR,BAR,MKOI,Red,KoIdo,Naafiri,Naafiri,JGL,3,9.0,1.0,False,Loss
2972357,2,MKOI,BAR,MKF,BAR,Blue,XnS,MonkeyKing,MonkeyKing,JGL,4,10.0,1.0,True,Win
2972357,2,MKOI,BAR,MKF,BAR,Blue,Fresskowy,Jayce,Jayce,MID,5,11.0,1.0,True,Win
2972357,2,MKOI,BAR,BAR,MKOI,Red,Macaquinho,Lux,Lux,MID,6,12.0,1.0,False,Loss
2972357,2,MKOI,BAR,BAR,MKOI,Red,Legolas,Viktor,Viktor,BOT,7,17.0,2.0,False,Loss
2972357,2,MKOI,BAR,MKF,BAR,Blue,13,Cassiopeia,Cassiopeia,BOT,8,18.0,2.0,True,Win
2972357,2,MKOI,BAR,MKF,BAR,Blue,Myrtus,Rell,Rell,SUP,9,19.0,2.0,True,Win
2972357,2,MKOI,BAR,BAR,MKOI,Red,Oscure,Shen,Shen,SUP,10,20.0,2.0,False,Loss
2972357,3,MKOI,BAR,MKOI,BAR,Blue,NightSlayer,Gnar,Gnar,TOP,1,7.0,1.0,True,Win
2972357,3,MKOI,BAR,BAR,MKOI,Red,selenex,Yorick,Yorick,TOP,2,8.0,1.0,False,Loss
2972357,3,MKOI,BAR,BAR,MKOI,Red,KoIdo,Skarner,Skarner,JGL,3,9.0,1.0,False,Loss
2972357,3,MKOI,BAR,MKF,BAR,Blue,XnS,JarvanIV,JarvanIV,JGL,4,10.0,1.0,True,Win
2972357,3,MKOI,BAR,MKF,BAR,Blue,Fresskowy,Galio,Galio,MID,5,11.0,1.0,True,Win
2972357,3,MKOI,BAR,BAR,MKOI,Red,Macaquinho,Syndra,Syndra,MID,6,12.0,1.0,False,Loss
2972357,3,MKOI,BAR,BAR,MKOI,Red,Legolas,Xayah,Xayah,BOT,7,17.0,2.0,False,Loss
2972357,3,MKOI,BAR,MKF,BAR,Blue,13,Zeri,Zeri,BOT,8,18.0,2.0,True,Win
2972357,3,MKOI,BAR,MKF,BAR,Blue,Myrtus,Camille,Camille,SUP,9,19.0,2.0,True,Win
2972357,3,MKOI,BAR,BAR,MKOI,Red,Oscure,Leona,Leona,SUP,10,20.0,2.0,False,Loss
2972357,4,MKOI,BAR,MKOI,BAR,Blue,NightSlayer,Ambessa,Ambessa,TOP,1,,,True,Win
2972357,4,MKOI,BAR,MKF,BAR,Blue,XnS,XinZhao,XinZhao,JGL,2,,,True,Win
2972357,4,MKOI,BAR,MKF,BAR,Blue,Fresskowy,Orianna,Orianna,MID,3,,,True,Win
2972357,4,MKOI,BAR,MKF,BAR,Blue,13,Kalista,Kalista,BOT,4,,,True,Win
2972357,4,MKOI,BAR,MKF,BAR,Blue,Myrtus,Nautilus,Nautilus,SUP,5,,,True,Win
2972357,4,MKOI,BAR,BAR,MKOI,Red,selenex,KSante,KSante,TOP,6,,,False,Loss
2972357,4,MKOI,BAR,BAR,MKOI,Red,KoIdo,Nocturne,Nocturne,JGL,7,,,False,Loss
2972357,4,MKOI,BAR,BAR,MKOI,Red,Macaquinho,Ahri,Ahri,MID,8,,,False,Loss
2972357,4,MKOI,BAR,BAR,MKOI,Red,Legolas,Kaisa,Kaisa,BOT,9,,,False,Loss
2972357,4,MKOI,BAR,BAR,MKOI,Red,Oscure,Alistar,Alistar,SUP,10,,,False,Loss
2972358,1,UCAM,HRTS,UCAM,HRTS,Blue,Kozi,Gnar,Gnar,TOP,1,7.0,1.0,False,Loss
2972358,1,UCAM,HRTS,HRTS,UCAM,Red,Papiteero,Rumble,Rumble,TOP,2,8.0,1.0,True,Win
2972358,1,UCAM,HRTS,HRTS,UCAM,Red,Lurox,JarvanIV,Jarvan IV,JGL,3,9.0,1.0,True,Win
2972358,1,UCAM,HRTS,UCAM,HRTS,Blue,bluerzor,LeeSin,Lee Sin,JGL,4,10.0,1.0,False,Loss
2972358,1,UCAM,HRTS,UCAM,HRTS,Blue,ESCIK,Ryze,Ryze,MID,5,11.0,1.0,False,Loss
2972358,1,UCAM,HRTS,HRTS,UCAM,Red,Mercy9,Syndra,Syndra,MID,6,12.0,1.0,True,Win
2972358,1,UCAM,HRTS,HRTS,UCAM,Red,Lure,Jhin,Jhin,BOT,7,17.0,2.0,True,Win
2972358,1,UCAM,HRTS,UCAM,HRTS,Blue,ANDARIEL,Viktor,Viktor,BOT,8,18.0,2.0,False,Loss
2972358,1,UCAM,HRTS,UCAM,HRTS,Blue,iLevi,Shen,Shen,SUP,9,19.0,2.0,False,Loss
2972358,1,UCAM,HRTS,HRTS,UCAM,Red,Batuuu,Leona,Leona,SUP,10,20.0,2.0,True,Win
2972358,2,UCAM,HRTS,UCAM,HRTS,Blue,Kozi,Jayce,Jayce,TOP,1,7.0,1.0,False,Loss
2972358,2,UCAM,HRTS,HRTS,UCAM,Red,Papiteero,Olaf,Olaf,TOP,2,8.0,1.0,True,Win
2972358,2,UCAM,HRTS,HRTS,UCAM,Red,Lurox,Skarner,Ezreal,JGL,3,9.0,1.0,True,Win
2972358,2,UCAM,HRTS,UCAM,HRTS,Blue,bluerzor,MonkeyKing,Wukong,JGL,4,10.0,1.0,False,Loss
2972358,2,UCAM,HRTS,UCAM,HRTS,Blue,ESCIK,Anivia,Nautilus,MID,5,11.0,1.0,False,Loss
2972358,2,UCAM,HRTS,HRTS,UCAM,Red,Mercy9,Ahri,Rell,MID,6,12.0,1.0,True,Win
2972358,2,UCAM,HRTS,HRTS,UCAM,Red,Lure,Ezreal,Skarner,BOT,7,17.0,2.0,True,Win
2972358,2,UCAM,HRTS,UCAM,HRTS,Blue,ANDARIEL,Xayah,Anivia,BOT,8,18.0,2.0,False,Loss
2972358,2,UCAM,HRTS,UCAM,HRTS,Blue,iLevi,Nautilus,Xayah,SUP,9,19.0,2.0,False,Loss
2972358,2,UCAM,HRTS,HRTS,UCAM,Red,Batuuu,Rell,Ahri,SUP,10,20.0,2.0,True,Win
2972358,3,HRTS,UCAM,HRTS,UCAM,Blue,Papiteero,Renekton,Orianna,TOP,1,7.0,1.0,True,Win
2972358,3,HRTS,UCAM,UCAM,HRTS,Red,Kozi,Jax,Lucian,TOP,2,8.0,1.0,False,Loss
2972358,3,HRTS,UCAM,UCAM,HRTS,Red,bluerzor,XinZhao,Milio,JGL,3,9.0,1.0,False,Loss
2972358,3,HRTS,UCAM,HRTS,UCAM,Blue,Lurox,Trundle,Caitlyn,JGL,4,10.0,1.0,True,Win
2972358,3,HRTS,UCAM,HRTS,UCAM,Blue,Mercy9,Orianna,Karma,MID,5,11.0,1.0,True,Win
2972358,3,HRTS,UCAM,UCAM,HRTS,Red,ESCIK,Galio,Galio,MID,6,12.0,1.0,False,Loss
2972358,3,HRTS,UCAM,UCAM,HRTS,Red,ANDARIEL,Lucian,Xin Zhao,BOT,7,17.0,2.0,False,Loss
2972358,3,HRTS,UCAM,HRTS,UCAM,Blue,Lure,Caitlyn,Trundle,BOT,8,18.0,2.0,True,Win
2972358,3,HRTS,UCAM,HRTS,UCAM,Blue,Batuuu,Karma,Renekton,SUP,9,19.0,2.0,True,Win
2972358,3,HRTS,UCAM,UCAM,HRTS,Red,iLevi,Milio,Jax,SUP,10,20.0,2.0,False,Loss
2972359,1,UCAM,BAR,UCAM,BAR,Blue,Kozi,Jayce,Jayce,TOP,1,7.0,1.0,True,Win
2972359,1,UCAM,BAR,BAR,UCAM,Red,selenex,Rumble,Rumble,TOP,2,8.0,1.0,False,Loss
2972359,1,UCAM,BAR,BAR,UCAM,Red,KoIdo,Skarner,Skarner,JGL,3,9.0,1.0,False,Loss
2972359,1,UCAM,BAR,UCAM,BAR,Blue,bluerzor,JarvanIV,Jarvan IV,JGL,4,10.0,1.0,True,Win
2972359,1,UCAM,BAR,UCAM,BAR,Blue,ESCIK,Ryze,Ryze,MID,5,11.0,1.0,True,Win
2972359,1,UCAM,BAR,BAR,UCAM,Red,Macaquinho,Syndra,Syndra,MID,6,12.0,1.0,False,Loss
2972359,1,UCAM,BAR,BAR,UCAM,Red,Legolas,Ezreal,Ezreal,BOT,7,17.0,2.0,False,Loss
2972359,1,UCAM,BAR,UCAM,BAR,Blue,ANDARIEL,Lux,Lux,BOT,8,18.0,2.0,True,Win
2972359,1,UCAM,BAR,UCAM,BAR,Blue,iLevi,Camille,Camille,SUP,9,19.0,2.0,True,Win
2972359,1,UCAM,BAR,BAR,UCAM,Red,Oscure,Shen,Shen,SUP,10,20.0,2.0,False,Loss
2972359,2,BAR,UCAM,BAR,UCAM,Blue,selenex,Gnar,Cassiopeia,TOP,1,7.0,1.0,True,Win
2972359,2,BAR,UCAM,UCAM,BAR,Red,Kozi,Olaf,Viktor,TOP,2,8.0,1.0,False,Loss
2972359,2,BAR,UCAM,UCAM,BAR,Red,bluerzor,MonkeyKing,Wukong,JGL,3,9.0,1.0,False,Loss
2972359,2,BAR,UCAM,BAR,UCAM,Blue,KoIdo,Vi,Vi,JGL,4,10.0,1.0,True,Win
2972359,2,BAR,UCAM,BAR,UCAM,Blue,Macaquinho,Cassiopeia,Leona,MID,5,11.0,1.0,True,Win
2972359,2,BAR,UCAM,UCAM,BAR,Red,ESCIK,Viktor,Olaf,MID,6,12.0,1.0,False,Loss
2972359,2,BAR,UCAM,UCAM,BAR,Red,ANDARIEL,Xayah,Xayah,BOT,7,17.0,2.0,False,Loss
2972359,2,BAR,UCAM,BAR,UCAM,Blue,Legolas,Tristana,Gnar,BOT,8,18.0,2.0,True,Win
2972359,2,BAR,UCAM,BAR,UCAM,Blue,Oscure,Leona,Tristana,SUP,9,19.0,2.0,True,Win
2972359,2,BAR,UCAM,UCAM,BAR,Red,iLevi,Rakan,Rakan,SUP,10,20.0,2.0,False,Loss
2972359,3,BAR,UCAM,BAR,UCAM,Blue,selenex,Varus,Varus,TOP,1,7.0,1.0,True,Win
2972359,3,BAR,UCAM,UCAM,BAR,Red,Kozi,Yorick,Xin Zhao,TOP,2,8.0,1.0,False,Loss
2972359,3,BAR,UCAM,UCAM,BAR,Red,bluerzor,XinZhao,Rell,JGL,3,9.0,1.0,False,Loss
2972359,3,BAR,UCAM,BAR,UCAM,Blue,KoIdo,Trundle,Trundle,JGL,4,10.0,1.0,True,Win
2972359,3,BAR,UCAM,BAR,UCAM,Blue,Macaquinho,Taliyah,Alistar,MID,5,11.0,1.0,True,Win
2972359,3,BAR,UCAM,UCAM,BAR,Red,ESCIK,Sylas,Kalista,MID,6,12.0,1.0,False,Loss
2972359,3,BAR,UCAM,UCAM,BAR,Red,ANDARIEL,Kalista,Sylas,BOT,7,17.0,2.0,False,Loss
2972359,3,BAR,UCAM,BAR,UCAM,Blue,Legolas,Yunara,Yunara,BOT,8,18.0,2.0,True,Win
2972359,3,BAR,UCAM,BAR,UCAM,Blue,Oscure,Alistar,Taliyah,SUP,9,19.0,2.0,True,Win
2972359,3,BAR,UCAM,UCAM,BAR,Red,iLevi,Rell,Yorick,SUP,10,20.0,2.0,False,Loss
2972360,1,MKOI,HRTS,MKOI,HRTS,Blue,NightSlayer,DrMundo,Dr. Mundo,TOP,1,7.0,1.0,False,Loss
2972360,1,MKOI,HRTS,HRTS,MKOI,Red,Papiteero,Renekton,Renekton,TOP,2,8.0,1.0,True,Win
2972360,1,MKOI,HRTS,HRTS,MKOI,Red,Lurox,LeeSin,Lee Sin,JGL,3,9.0,1.0,True,Win
2972360,1,MKOI,HRTS,MKF,HRTS,Blue,XnS,Nocturne,Nocturne,JGL,4,10.0,1.0,False,Loss
2972360,1,MKOI,HRTS,MKF,HRTS,Blue,Fresskowy,Cassiopeia,Cassiopeia,MID,5,11.0,1.0,False,Loss
2972360,1,MKOI,HRTS,HRTS,MKOI,Red,Mercy9,Syndra,Syndra,MID,6,12.0,1.0,True,Win
2972360,1,MKOI,HRTS,HRTS,MKOI,Red,Lure,Zeri,Zeri,BOT,7,17.0,2.0,True,Win
2972360,1,MKOI,HRTS,MKF,HRTS,Blue,13,Viktor,Viktor,BOT,8,18.0,2.0,False,Loss
2972360,1,MKOI,HRTS,MKF,HRTS,Blue,Myrtus,Shen,Shen,SUP,9,19.0,2.0,False,Loss
2972360,1,MKOI,HRTS,HRTS,MKOI,Red,Batuuu,Rell,Rell,SUP,10,20.0,2.0,True,Win
2972360,2,MKOI,HRTS,MKOI,HRTS,Blue,NightSlayer,Ambessa,Orianna,TOP,1,7.0,1.0,True,Win
2972360,2,MKOI,HRTS,HRTS,MKOI,Red,Papiteero,Mordekaiser,Lucian,TOP,2,8.0,1.0,False,Loss
2972360,2,MKOI,HRTS,HRTS,MKOI,Red,Lurox,XinZhao,Milio,JGL,3,9.0,1.0,False,Loss
2972360,2,MKOI,HRTS,MKF,HRTS,Blue,XnS,Khazix,Yunara,JGL,4,10.0,1.0,True,Win
2972360,2,MKOI,HRTS,MKF,HRTS,Blue,Fresskowy,Orianna,Lulu,MID,5,11.0,1.0,True,Win
2972360,2,MKOI,HRTS,HRTS,MKOI,Red,Mercy9,Ryze,Ryze,MID,6,12.0,1.0,False,Loss
2972360,2,MKOI,HRTS,HRTS,MKOI,Red,Lure,Lucian,Xin Zhao,BOT,7,17.0,2.0,False,Loss
2972360,2,MKOI,HRTS,MKF,HRTS,Blue,13,Yunara,Ambessa,BOT,8,18.0,2.0,True,Win
2972360,2,MKOI,HRTS,MKF,HRTS,Blue,Myrtus,Lulu,Kha'Zix,SUP,9,19.0,2.0,True,Win
2972360,2,MKOI,HRTS,HRTS,MKOI,Red,Batuuu,Milio,Mordekaiser,SUP,10,20.0,2.0,False,Loss
2972360,3,MKOI,HRTS,MKOI,HRTS,Blue,NightSlayer,Zaahen,Zaahen,TOP,1,7.0,1.0,True,Win
2972360,3,MKOI,HRTS,HRTS,MKOI,Red,Papiteero,KSante,K'Sante,TOP,2,8.0,1.0,False,Loss
2972360,3,MKOI,HRTS,HRTS,MKOI,Red,Lurox,MonkeyKing,Wukong,JGL,3,9.0,1.0,False,Loss
2972360,3,MKOI,HRTS,MKF,HRTS,Blue,XnS,JarvanIV,Jarvan IV,JGL,4,10.0,1.0,True,Win
2972360,3,MKOI,HRTS,MKF,HRTS,Blue,Fresskowy,Ahri,Ahri,MID,5,11.0,1.0,True,Win
2972360,3,MKOI,HRTS,HRTS,MKOI,Red,Mercy9,Locke,Locke,MID,6,12.0,1.0,False,Loss
2972360,3,MKOI,HRTS,HRTS,MKOI,Red,Lure,Caitlyn,Caitlyn,BOT,7,17.0,2.0,False,Loss
2972360,3,MKOI,HRTS,MKF,HRTS,Blue,13,Ezreal,Ezreal,BOT,8,18.0,2.0,True,Win
2972360,3,MKOI,HRTS,MKF,HRTS,Blue,Myrtus,Seraphine,Seraphine,SUP,9,19.0,2.0,True,Win
2972360,3,MKOI,HRTS,HRTS,MKOI,Red,Batuuu,Karma,Karma,SUP,10,20.0,2.0,False,Loss
2972360,4,MKOI,HRTS,MKOI,HRTS,Blue,NightSlayer,Olaf,Olaf,TOP,1,7.0,1.0,False,Loss
2972360,4,MKOI,HRTS,HRTS,MKOI,Red,Papiteero,Anivia,Anivia,TOP,2,8.0,1.0,True,Win
2972360,4,MKOI,HRTS,HRTS,MKOI,Red,Lurox,Naafiri,Jhin,JGL,3,9.0,1.0,True,Win
2972360,4,MKOI,HRTS,MKF,HRTS,Blue,XnS,Shyvana,Kai'Sa,JGL,4,10.0,1.0,False,Loss
2972360,4,MKOI,HRTS,MKF,HRTS,Blue,Fresskowy,Taliyah,Rakan,MID,5,11.0,1.0,False,Loss
2972360,4,MKOI,HRTS,HRTS,MKOI,Red,Mercy9,Sylas,Leona,MID,6,12.0,1.0,True,Win
2972360,4,MKOI,HRTS,HRTS,MKOI,Red,Lure,Jhin,Naafiri,BOT,7,17.0,2.0,True,Win
2972360,4,MKOI,HRTS,MKF,HRTS,Blue,13,Kaisa,Shyvana,BOT,8,18.0,2.0,False,Loss
2972360,4,MKOI,HRTS,MKF,HRTS,Blue,Myrtus,Rakan,Taliyah,SUP,9,19.0,2.0,False,Loss
2972360,4,MKOI,HRTS,HRTS,MKOI,Red,Batuuu,Leona,Sylas,SUP,10,20.0,2.0,True,Win
2972360,5,HRTS,MKOI,HRTS,MKOI,Blue,Papiteero,Varus,Varus,TOP,1,7.0,1.0,False,Loss
2972360,5,HRTS,MKOI,MKOI,HRTS,Red,NightSlayer,Gnar,Gnar,TOP,2,8.0,1.0,True,Win
2972360,5,HRTS,MKOI,MKF,HRTS,Red,XnS,Nidalee,Nidalee,JGL,3,9.0,1.0,True,Win
2972360,5,HRTS,MKOI,HRTS,MKOI,Blue,Lurox,Pantheon,Pantheon,JGL,4,10.0,1.0,False,Loss
2972360,5,HRTS,MKOI,HRTS,MKOI,Blue,Mercy9,Azir,Azir,MID,5,11.0,1.0,False,Loss
2972360,5,HRTS,MKOI,MKF,HRTS,Red,Fresskowy,Galio,Galio,MID,6,12.0,1.0,True,Win
2972360,5,HRTS,MKOI,MKF,HRTS,Red,13,Jinx,Jinx,BOT,7,17.0,2.0,True,Win
2972360,5,HRTS,MKOI,HRTS,MKOI,Blue,Lure,Sivir,Sivir,BOT,8,18.0,2.0,False,Loss
2972360,5,HRTS,MKOI,HRTS,MKOI,Blue,Batuuu,Alistar,Alistar,SUP,9,19.0,2.0,False,Loss
2972360,5,HRTS,MKOI,MKF,HRTS,Red,Myrtus,Nautilus,Nautilus,SUP,10,20.0,2.0,True,Win
2977842,1,CG,HMB,CG,HMB,Blue,SkaR,Sion,Ryze,TOP,1,7.0,1.0,False,Loss
2977842,1,CG,HMB,HMB,CG,Red,APP,Rumble,Rumble,TOP,2,8.0,1.0,True,Win
2977842,1,CG,HMB,HMB,CG,Red,Carnage,Trundle,Tristana,JGL,3,9.0,1.0,True,Win
2977842,1,CG,HMB,CG,HMB,Blue,Sojo,XinZhao,Lucian,JGL,4,10.0,1.0,False,Loss
2977842,1,CG,HMB,CG,HMB,Blue,Azuka,Ryze,Milio,MID,5,11.0,1.0,False,Loss
2977842,1,CG,HMB,HMB,CG,Red,Vigil,Tristana,Nautilus,MID,6,12.0,1.0,True,Win
2977842,1,CG,HMB,HMB,CG,Red,Tyrone,Yunara,Yunara,BOT,7,17.0,2.0,True,Win
2977842,1,CG,HMB,CG,HMB,Blue,xHikama,Lucian,Sion,BOT,8,18.0,2.0,False,Loss
2977842,1,CG,HMB,CG,HMB,Blue,Shredder,Milio,Xin Zhao,SUP,9,19.0,2.0,False,Loss
2977842,1,CG,HMB,HMB,CG,Red,Click,Nautilus,Trundle,SUP,10,20.0,2.0,True,Win
2977842,2,CG,HMB,CG,HMB,Blue,SkaR,Yorick,Vi,TOP,1,7.0,1.0,False,Loss
2977842,2,CG,HMB,HMB,CG,Red,APP,Jayce,Jayce,TOP,2,8.0,1.0,True,Win
2977842,2,CG,HMB,HMB,CG,Red,Carnage,Sejuani,Ezreal,JGL,3,9.0,1.0,True,Win
2977842,2,CG,HMB,CG,HMB,Blue,Sojo,Vi,Bard,JGL,4,10.0,1.0,False,Loss
2977842,2,CG,HMB,CG,HMB,Blue,Azuka,Viktor,Jhin,MID,5,11.0,1.0,False,Loss
2977842,2,CG,HMB,HMB,CG,Red,Vigil,Sylas,Camille,MID,6,12.0,1.0,True,Win
2977842,2,CG,HMB,HMB,CG,Red,Tyrone,Ezreal,Sejuani,BOT,7,17.0,2.0,True,Win
2977842,2,CG,HMB,CG,HMB,Blue,xHikama,Jhin,Viktor,BOT,8,18.0,2.0,False,Loss
2977842,2,CG,HMB,CG,HMB,Blue,Shredder,Bard,Yorick,SUP,9,19.0,2.0,False,Loss
2977842,2,CG,HMB,HMB,CG,Red,Click,Camille,Sylas,SUP,10,20.0,2.0,True,Win
2977842,3,CG,HMB,CG,HMB,Blue,SkaR,Ambessa,Ivern,TOP,1,7.0,1.0,False,Loss
2977842,3,CG,HMB,HMB,CG,Red,APP,Gnar,Seraphine,TOP,2,8.0,1.0,True,Win
2977842,3,CG,HMB,HMB,CG,Red,Carnage,MonkeyKing,Ashe,JGL,3,9.0,1.0,True,Win
2977842,3,CG,HMB,CG,HMB,Blue,Sojo,Ivern,Leona,JGL,4,10.0,1.0,False,Loss
2977842,3,CG,HMB,CG,HMB,Blue,Azuka,Yone,Yone,MID,5,11.0,1.0,False,Loss
2977842,3,CG,HMB,HMB,CG,Red,Vigil,Ahri,Wukong,MID,6,12.0,1.0,True,Win
2977842,3,CG,HMB,HMB,CG,Red,Tyrone,Ashe,Gnar,BOT,7,17.0,2.0,True,Win
2977842,3,CG,HMB,CG,HMB,Blue,xHikama,Mel,Mel,BOT,8,18.0,2.0,False,Loss
2977842,3,CG,HMB,CG,HMB,Blue,Shredder,Leona,Ambessa,SUP,9,19.0,2.0,False,Loss
2977842,3,CG,HMB,HMB,CG,Red,Click,Seraphine,Ahri,SUP,10,20.0,2.0,True,Win
3008205,1,SC,AP,AP,SC,Red,Nille,Gnar,Qiyana,TOP,1,7.0,1.0,False,Loss
3008205,1,SC,AP,SC,AP,Blue,Yeti,Jayce,Skarner,TOP,2,8.0,1.0,True,Win
3008205,1,SC,AP,SC,AP,Blue,SPOOKY,Skarner,Ezreal,JGL,3,9.0,1.0,True,Win
3008205,1,SC,AP,AP,SC,Red,DIBU,Qiyana,Yunara,JGL,4,10.0,1.0,False,Loss
3008205,1,SC,AP,AP,SC,Red,Simpli,Orianna,Lulu,MID,5,11.0,1.0,False,Loss
3008205,1,SC,AP,SC,AP,Blue,Nafkelah,Viktor,Viktor,MID,6,12.0,1.0,True,Win
3008205,1,SC,AP,SC,AP,Blue,EXOFENG,Ezreal,Bard,BOT,7,17.0,2.0,True,Win
3008205,1,SC,AP,AP,SC,Red,Kehvo,Yunara,Orianna,BOT,8,18.0,2.0,False,Loss
3008205,1,SC,AP,AP,SC,Red,Boltox,Lulu,Gnar,SUP,9,19.0,2.0,False,Loss
3008205,1,SC,AP,SC,AP,Blue,SteeelBack,Bard,Jayce,SUP,10,20.0,2.0,True,Win
3008205,2,SC,AP,SC,AP,Blue,Yeti,Rumble,Vi,TOP,1,7.0,1.0,False,Loss
3008205,2,SC,AP,AP,SC,Red,Nille,Galio,Trundle,TOP,2,8.0,1.0,True,Win
3008205,2,SC,AP,AP,SC,Red,DIBU,Trundle,Nautilus,JGL,3,9.0,1.0,True,Win
3008205,2,SC,AP,SC,AP,Blue,SPOOKY,Vi,Syndra,JGL,4,10.0,1.0,False,Loss
3008205,2,SC,AP,SC,AP,Blue,Nafkelah,Syndra,Rell,MID,5,11.0,1.0,False,Loss
3008205,2,SC,AP,AP,SC,Red,Simpli,Akali,Akali,MID,6,12.0,1.0,True,Win
3008205,2,SC,AP,AP,SC,Red,Kehvo,Tristana,Tristana,BOT,7,17.0,2.0,True,Win
3008205,2,SC,AP,SC,AP,Blue,EXOFENG,Xayah,Xayah,BOT,8,18.0,2.0,False,Loss
3008205,2,SC,AP,SC,AP,Blue,SteeelBack,Rell,Rumble,SUP,9,19.0,2.0,False,Loss
3008205,2,SC,AP,AP,SC,Red,Boltox,Nautilus,Galio,SUP,10,20.0,2.0,True,Win
3008205,3,SC,AP,AP,SC,Red,Nille,Shen,Nocturne,TOP,1,7.0,1.0,False,Loss
3008205,3,SC,AP,SC,AP,Blue,Yeti,Camille,Jarvan IV,TOP,2,8.0,1.0,True,Win
3008205,3,SC,AP,SC,AP,Blue,SPOOKY,JarvanIV,Rakan,JGL,3,9.0,1.0,True,Win
3008205,3,SC,AP,AP,SC,Red,DIBU,Nocturne,Zeri,JGL,4,10.0,1.0,False,Loss
3008205,3,SC,AP,AP,SC,Red,Simpli,Cassiopeia,Yuumi,MID,5,11.0,1.0,False,Loss
3008205,3,SC,AP,SC,AP,Blue,Nafkelah,Ahri,Kai'Sa,MID,6,12.0,1.0,True,Win
3008205,3,SC,AP,SC,AP,Blue,EXOFENG,Kaisa,Camille,BOT,7,17.0,2.0,True,Win
3008205,3,SC,AP,AP,SC,Red,Kehvo,Zeri,Shen,BOT,8,18.0,2.0,False,Loss
3008205,3,SC,AP,AP,SC,Red,Boltox,Yuumi,Cassiopeia,SUP,9,19.0,2.0,False,Loss
3008205,3,SC,AP,SC,AP,Blue,SteeelBack,Rakan,Ahri,SUP,10,20.0,2.0,True,Win
3008206,1,USE,OTS,USE,OTS,Blue,FornoReason,Camille,Cassiopeia,TOP,1,7.0,1.0,True,Win
3008206,1,USE,OTS,OTS,USE,Red,GreatGary,Gnar,Orianna,TOP,2,8.0,1.0,False,Loss
3008206,1,USE,OTS,OTS,USE,Red,Kurama,JarvanIV,Jarvan IV,JGL,3,9.0,1.0,False,Loss
3008206,1,USE,OTS,USE,OTS,Blue,White,Skarner,Kalista,JGL,4,10.0,1.0,True,Win
3008206,1,USE,OTS,USE,OTS,Blue,Kanin,Cassiopeia,Renata Glasc,MID,5,11.0,1.0,True,Win
3008206,1,USE,OTS,OTS,USE,Red,Baca,Orianna,Gnar,MID,6,12.0,1.0,False,Loss
3008206,1,USE,OTS,OTS,USE,Red,Deadly,MissFortune,Rell,BOT,7,17.0,2.0,False,Loss
3008206,1,USE,OTS,USE,OTS,Blue,DenVoksne,Kalista,Skarner,BOT,8,18.0,2.0,True,Win
3008206,1,USE,OTS,USE,OTS,Blue,Twiizt,Renata,Camille,SUP,9,19.0,2.0,True,Win
3008206,1,USE,OTS,OTS,USE,Red,Smarty,Rell,Miss Fortune,SUP,10,20.0,2.0,False,Loss
3008206,2,USE,OTS,OTS,USE,Red,GreatGary,Ornn,Wukong,TOP,1,7.0,1.0,False,Loss
3008206,2,USE,OTS,USE,OTS,Blue,FornoReason,Aatrox,Maokai,TOP,2,8.0,1.0,True,Win
3008206,2,USE,OTS,USE,OTS,Blue,White,Maokai,Karma,JGL,3,9.0,1.0,True,Win
3008206,2,USE,OTS,OTS,USE,Red,Kurama,MonkeyKing,Ashe,JGL,4,10.0,1.0,False,Loss
3008206,2,USE,OTS,OTS,USE,Red,Baca,Aurora,Seraphine,MID,5,11.0,1.0,False,Loss
3008206,2,USE,OTS,USE,OTS,Blue,Kanin,Anivia,Caitlyn,MID,6,12.0,1.0,True,Win
3008206,2,USE,OTS,USE,OTS,Blue,DenVoksne,Caitlyn,Anivia,BOT,7,17.0,2.0,True,Win
3008206,2,USE,OTS,OTS,USE,Red,Deadly,Ashe,Ornn,BOT,8,18.0,2.0,False,Loss
3008206,2,USE,OTS,OTS,USE,Red,Smarty,Seraphine,Aurora,SUP,9,19.0,2.0,False,Loss
3008206,2,USE,OTS,USE,OTS,Blue,Twiizt,Karma,Aatrox,SUP,10,20.0,2.0,True,Win
3008207,1,SU,VER,SU,VER,Blue,IlllIma,Ambessa,Vi,TOP,1,7.0,1.0,True,Win
3008207,1,SU,VER,VER,SU,Red,bobista,Zaahen,Ashe,TOP,2,8.0,1.0,False,Loss
3008207,1,SU,VER,VER,SU,Red,Mafro,MonkeyKing,Seraphine,JGL,3,9.0,1.0,False,Loss
3008207,1,SU,VER,SU,VER,Blue,Kaboom,Vi,Lucian,JGL,4,10.0,1.0,True,Win
3008207,1,SU,VER,SU,VER,Blue,Vetheo,TwistedFate,Milio,MID,5,11.0,1.0,True,Win
3008207,1,SU,VER,VER,SU,Red,Sayn,Ryze,Ryze,MID,6,12.0,1.0,False,Loss
3008207,1,SU,VER,VER,SU,Red,Mishi,Ashe,Wukong,BOT,7,17.0,2.0,False,Loss
3008207,1,SU,VER,SU,VER,Blue,Nako,Lucian,Ambessa,BOT,8,18.0,2.0,True,Win
3008207,1,SU,VER,SU,VER,Blue,Patch,Milio,Twisted Fate,SUP,9,19.0,2.0,True,Win
3008207,1,SU,VER,VER,SU,Red,guggu,Seraphine,Zaahen,SUP,10,20.0,2.0,False,Loss
3008207,2,VER,SU,SU,VER,Red,IlllIma,Olaf,Qiyana,TOP,1,7.0,1.0,True,Win
3008207,2,VER,SU,VER,SU,Blue,bobista,Ornn,Lee Sin,TOP,2,8.0,1.0,False,Loss
3008207,2,VER,SU,VER,SU,Blue,Mafro,LeeSin,Yunara,JGL,3,9.0,1.0,False,Loss
3008207,2,VER,SU,SU,VER,Red,Kaboom,Qiyana,Caitlyn,JGL,4,10.0,1.0,True,Win
3008207,2,VER,SU,SU,VER,Red,Vetheo,Leblanc,Bard,MID,5,11.0,1.0,True,Win
3008207,2,VER,SU,VER,SU,Blue,Sayn,Viktor,Lulu,MID,6,12.0,1.0,False,Loss
3008207,2,VER,SU,VER,SU,Blue,Mishi,Yunara,Ornn,BOT,7,17.0,2.0,False,Loss
3008207,2,VER,SU,SU,VER,Red,Nako,Caitlyn,Olaf,BOT,8,18.0,2.0,True,Win
3008207,2,VER,SU,SU,VER,Red,Patch,Bard,LeBlanc,SUP,9,19.0,2.0,True,Win
3008207,2,VER,SU,VER,SU,Blue,guggu,Lulu,Viktor,SUP,10,20.0,2.0,False,Loss
3008208,1,BBK,BAR,BAR,BBK,Red,selenex,Gnar,Syndra,TOP,1,7.0,1.0,True,Win
3008208,1,BBK,BAR,BBK,BAR,Blue,Sankaizer,Malphite,Yunara,TOP,2,8.0,1.0,False,Loss
3008208,1,BBK,BAR,BBK,BAR,Blue,TinjaNurtle,XinZhao,Lulu,JGL,3,9.0,1.0,False,Loss
3008208,1,BBK,BAR,BAR,BBK,Red,KoIdo,MonkeyKing,Lucian,JGL,4,10.0,1.0,True,Win
3008208,1,BBK,BAR,BAR,BBK,Red,Macaquinho,Syndra,Milio,MID,5,11.0,1.0,True,Win
3008208,1,BBK,BAR,BBK,BAR,Blue,Heroic,Akali,Xin Zhao,MID,6,12.0,1.0,False,Loss
3008208,1,BBK,BAR,BBK,BAR,Blue,demonadc,Yunara,Akali,BOT,7,17.0,2.0,False,Loss
3008208,1,BBK,BAR,BAR,BBK,Red,Legolas,Lucian,Wukong,BOT,8,18.0,2.0,True,Win
3008208,1,BBK,BAR,BAR,BBK,Red,Oscure,Milio,Gnar,SUP,9,19.0,2.0,True,Win
3008208,1,BBK,BAR,BBK,BAR,Blue,Lekcyc,Lulu,Malphite,SUP,10,20.0,2.0,False,Loss
3008208,2,BBK,BAR,BBK,BAR,Blue,Sankaizer,Shen,Cassiopeia,TOP,1,7.0,1.0,True,Win
3008208,2,BBK,BAR,BAR,BBK,Red,selenex,Ambessa,Caitlyn,TOP,2,8.0,1.0,False,Loss
3008208,2,BBK,BAR,BAR,BBK,Red,KoIdo,Vi,Bard,JGL,3,9.0,1.0,False,Loss
3008208,2,BBK,BAR,BBK,BAR,Blue,TinjaNurtle,Skarner,Skarner,JGL,4,10.0,1.0,True,Win
3008208,2,BBK,BAR,BBK,BAR,Blue,Heroic,Cassiopeia,Ezreal,MID,5,11.0,1.0,True,Win
3008208,2,BBK,BAR,BAR,BBK,Red,Macaquinho,Ahri,Vi,MID,6,12.0,1.0,False,Loss
3008208,2,BBK,BAR,BAR,BBK,Red,Legolas,Caitlyn,Ahri,BOT,7,17.0,2.0,False,Loss
3008208,2,BBK,BAR,BBK,BAR,Blue,demonadc,Ezreal,Nautilus,BOT,8,18.0,2.0,True,Win
3008208,2,BBK,BAR,BBK,BAR,Blue,Lekcyc,Nautilus,Shen,SUP,9,19.0,2.0,True,Win
3008208,2,BBK,BAR,BAR,BBK,Red,Oscure,Bard,Ambessa,SUP,10,20.0,2.0,False,Loss
3008208,3,BAR,BBK,BAR,BBK,Blue,selenex,Olaf,Nocturne,TOP,1,7.0,1.0,True,Win
3008208,3,BAR,BBK,BBK,BAR,Red,Sankaizer,Volibear,Cho'Gath,TOP,2,8.0,1.0,False,Loss
3008208,3,BAR,BBK,BBK,BAR,Red,TinjaNurtle,Chogath,Leona,JGL,3,9.0,1.0,False,Loss
3008208,3,BAR,BBK,BAR,BBK,Blue,KoIdo,Nocturne,Orianna,JGL,4,10.0,1.0,True,Win
3008208,3,BAR,BBK,BAR,BBK,Blue,Macaquinho,Orianna,Olaf,MID,5,11.0,1.0,True,Win
3008208,3,BAR,BBK,BBK,BAR,Red,Heroic,Yone,Yone,MID,6,12.0,1.0,False,Loss
3008208,3,BAR,BBK,BBK,BAR,Red,demonadc,Tristana,Tristana,BOT,7,17.0,2.0,False,Loss
3008208,3,BAR,BBK,BAR,BBK,Blue,Legolas,Xayah,Xayah,BOT,8,18.0,2.0,True,Win
3008208,3,BAR,BBK,BAR,BBK,Blue,Oscure,Rakan,Rakan,SUP,9,19.0,2.0,True,Win
3008208,3,BAR,BBK,BBK,BAR,Red,Lekcyc,Leona,Volibear,SUP,10,20.0,2.0,False,Loss
3008209,1,P4,LDS,LDS,P4,Red,Sinmivak,Sion,Cassiopeia,TOP,1,7.0,1.0,True,Win
3008209,1,P4,LDS,P4,LDS,Blue,StarScreen,Aatrox,Caitlyn,TOP,2,8.0,1.0,False,Loss
3008209,1,P4,LDS,P4,LDS,Blue,moe,MonkeyKing,Viktor,JGL,3,9.0,1.0,False,Loss
3008209,1,P4,LDS,LDS,P4,Red,mikusik,LeeSin,Jhin,JGL,4,10.0,1.0,True,Win
3008209,1,P4,LDS,LDS,P4,Red,Czekolad,Cassiopeia,Karma,MID,5,11.0,1.0,True,Win
3008209,1,P4,LDS,P4,LDS,Blue,Akashii,Viktor,Rell,MID,6,12.0,1.0,False,Loss
3008209,1,P4,LDS,P4,LDS,Blue,Jalleba,Caitlyn,Wukong,BOT,7,17.0,2.0,False,Loss
3008209,1,P4,LDS,LDS,P4,Red,zamulek,Jhin,Lee Sin,BOT,8,18.0,2.0,True,Win
3008209,1,P4,LDS,LDS,P4,Red,Kaseko,Karma,Sion,SUP,9,19.0,2.0,True,Win
3008209,1,P4,LDS,P4,LDS,Blue,Mahonix,Rell,Aatrox,SUP,10,20.0,2.0,False,Loss
3008209,2,LDS,P4,P4,LDS,Red,StarScreen,Renekton,Jarvan IV,TOP,1,7.0,1.0,False,Loss
3008209,2,LDS,P4,LDS,P4,Blue,Sinmivak,Ornn,Lucian,TOP,2,8.0,1.0,True,Win
3008209,2,LDS,P4,LDS,P4,Blue,mikusik,Qiyana,Milio,JGL,3,9.0,1.0,True,Win
3008209,2,LDS,P4,P4,LDS,Red,moe,JarvanIV,Ashe,JGL,4,10.0,1.0,False,Loss
3008209,2,LDS,P4,P4,LDS,Red,Akashii,Leblanc,Seraphine,MID,5,11.0,1.0,False,Loss
3008209,2,LDS,P4,LDS,P4,Blue,Czekolad,Annie,Qiyana,MID,6,12.0,1.0,True,Win
3008209,2,LDS,P4,LDS,P4,Blue,zamulek,Lucian,Annie,BOT,7,17.0,2.0,True,Win
3008209,2,LDS,P4,P4,LDS,Red,Jalleba,Ashe,LeBlanc,BOT,8,18.0,2.0,False,Loss
3008209,2,LDS,P4,P4,LDS,Red,Mahonix,Seraphine,Renekton,SUP,9,19.0,2.0,False,Loss
3008209,2,LDS,P4,LDS,P4,Blue,Kaseko,Milio,Ornn,SUP,10,20.0,2.0,True,Win
3008210,1,CKZ,TA,TA,CKZ,Red,LordFlipper,Sion,Cassiopeia,TOP,1,7.0,1.0,False,Loss
3008210,1,CKZ,TA,CKZ,TA,Blue,tomomaso,Gwen,Viktor,TOP,2,8.0,1.0,True,Win
3008210,1,CKZ,TA,CKZ,TA,Blue,Techoteco,Vi,Vi,JGL,3,9.0,1.0,True,Win
3008210,1,CKZ,TA,TA,CKZ,Red,Goliah,XinZhao,Xin Zhao,JGL,4,10.0,1.0,False,Loss
3008210,1,CKZ,TA,TA,CKZ,Red,Dehaste,Cassiopeia,Ezreal,MID,5,11.0,1.0,False,Loss
3008210,1,CKZ,TA,CKZ,TA,Blue,Ophelia,Viktor,Jhin,MID,6,12.0,1.0,True,Win
3008210,1,CKZ,TA,CKZ,TA,Blue,Archer,Jhin,Leona,BOT,7,17.0,2.0,True,Win
3008210,1,CKZ,TA,TA,CKZ,Red,Kyte,Ezreal,Sion,BOT,8,18.0,2.0,False,Loss
3008210,1,CKZ,TA,TA,CKZ,Red,CloudStrike,Rell,Rell,SUP,9,19.0,2.0,False,Loss
3008210,1,CKZ,TA,CKZ,TA,Blue,Oki1,Leona,Gwen,SUP,10,20.0,2.0,True,Win
3008210,2,CKZ,TA,CKZ,TA,Blue,tomomaso,Gragas,Syndra,TOP,1,7.0,1.0,False,Loss
3008210,2,CKZ,TA,TA,CKZ,Red,LordFlipper,MonkeyKing,Yunara,TOP,2,8.0,1.0,True,Win
3008210,2,CKZ,TA,TA,CKZ,Red,Goliah,Qiyana,Lulu,JGL,3,9.0,1.0,True,Win
3008210,2,CKZ,TA,CKZ,TA,Blue,Techoteco,Shyvana,Lucian,JGL,4,10.0,1.0,False,Loss
3008210,2,CKZ,TA,CKZ,TA,Blue,Ophelia,Syndra,Milio,MID,5,11.0,1.0,False,Loss
3008210,2,CKZ,TA,TA,CKZ,Red,Dehaste,Akali,Akali,MID,6,12.0,1.0,True,Win
3008210,2,CKZ,TA,TA,CKZ,Red,Kyte,Yunara,Wukong,BOT,7,17.0,2.0,True,Win
3008210,2,CKZ,TA,CKZ,TA,Blue,Archer,Lucian,Gragas,BOT,8,18.0,2.0,False,Loss
3008210,2,CKZ,TA,CKZ,TA,Blue,Oki1,Milio,Shyvana,SUP,9,19.0,2.0,False,Loss
3008210,2,CKZ,TA,TA,CKZ,Red,CloudStrike,Lulu,Qiyana,SUP,10,20.0,2.0,True,Win
3008210,3,CKZ,TA,TA,CKZ,Red,LordFlipper,Pantheon,Pantheon,TOP,1,7.0,1.0,False,Loss
3008210,3,CKZ,TA,CKZ,TA,Blue,tomomaso,Vladimir,Caitlyn,TOP,2,8.0,1.0,True,Win
3008210,3,CKZ,TA,CKZ,TA,Blue,Techoteco,Skarner,Karma,JGL,3,9.0,1.0,True,Win
3008210,3,CKZ,TA,TA,CKZ,Red,Goliah,Nocturne,Ashe,JGL,4,10.0,1.0,False,Loss
3008210,3,CKZ,TA,TA,CKZ,Red,Dehaste,Aurora,Seraphine,MID,5,11.0,1.0,False,Loss
3008210,3,CKZ,TA,CKZ,TA,Blue,Ophelia,Ahri,Skarner,MID,6,12.0,1.0,True,Win
3008210,3,CKZ,TA,CKZ,TA,Blue,Archer,Caitlyn,Ahri,BOT,7,17.0,2.0,True,Win
3008210,3,CKZ,TA,TA,CKZ,Red,Kyte,Ashe,Aurora,BOT,8,18.0,2.0,False,Loss
3008210,3,CKZ,TA,TA,CKZ,Red,CloudStrike,Seraphine,Nocturne,SUP,9,19.0,2.0,False,Loss
3008210,3,CKZ,TA,CKZ,TA,Blue,Oki1,Karma,Vladimir,SUP,10,20.0,2.0,True,Win
3008211,1,UCAM,MCON,UCAM,MCON,Blue,Kozi,Jayce,Nocturne,TOP,1,7.0,1.0,True,Win
3008211,1,UCAM,MCON,MCON,UCAM,Red,ILYXOUUU,KSante,Orianna,TOP,2,8.0,1.0,False,Loss
3008211,1,UCAM,MCON,MCON,UCAM,Red,Oguzkhan,MonkeyKing,Wukong,JGL,3,9.0,1.0,False,Loss
3008211,1,UCAM,MCON,UCAM,MCON,Blue,bluerzor,Nocturne,Jayce,JGL,4,10.0,1.0,True,Win
3008211,1,UCAM,MCON,UCAM,MCON,Blue,ESCIK,Viktor,Viktor,MID,5,11.0,1.0,True,Win
3008211,1,UCAM,MCON,MCON,UCAM,Red,STANIK,Orianna,K'Sante,MID,6,12.0,1.0,False,Loss
3008211,1,UCAM,MCON,MCON,UCAM,Red,Slyv3r,Jhin,Jhin,BOT,7,17.0,2.0,False,Loss
3008211,1,UCAM,MCON,UCAM,MCON,Blue,ANDARIEL,Kaisa,Kai'Sa,BOT,8,18.0,2.0,True,Win
3008211,1,UCAM,MCON,UCAM,MCON,Blue,Passzi,Nautilus,Nautilus,SUP,9,19.0,2.0,True,Win
3008211,1,UCAM,MCON,MCON,UCAM,Red,Mikkel,Rakan,Rakan,SUP,10,20.0,2.0,False,Loss
3008211,2,UCAM,MCON,MCON,UCAM,Red,ILYXOUUU,Renekton,Lee Sin,TOP,1,7.0,1.0,False,Loss
3008211,2,UCAM,MCON,UCAM,MCON,Blue,Kozi,Gnar,Lucian,TOP,2,8.0,1.0,True,Win
3008211,2,UCAM,MCON,UCAM,MCON,Blue,bluerzor,Poppy,Milio,JGL,3,9.0,1.0,True,Win
3008211,2,UCAM,MCON,MCON,UCAM,Red,Oguzkhan,LeeSin,LeBlanc,JGL,4,10.0,1.0,False,Loss
3008211,2,UCAM,MCON,MCON,UCAM,Red,STANIK,Hwei,Swain,MID,5,11.0,1.0,False,Loss
3008211,2,UCAM,MCON,UCAM,MCON,Blue,ESCIK,Lissandra,Poppy,MID,6,12.0,1.0,True,Win
3008211,2,UCAM,MCON,UCAM,MCON,Blue,ANDARIEL,Lucian,Lissandra,BOT,7,17.0,2.0,True,Win
3008211,2,UCAM,MCON,MCON,UCAM,Red,Slyv3r,Swain,Hwei,BOT,8,18.0,2.0,False,Loss
3008211,2,UCAM,MCON,MCON,UCAM,Red,Mikkel,Leblanc,Renekton,SUP,9,19.0,2.0,False,Loss
3008211,2,UCAM,MCON,UCAM,MCON,Blue,Passzi,Milio,Gnar,SUP,10,20.0,2.0,True,Win
3008212,1,GSMC,OTF,OTF,GSMC,Red,Heprex,Camille,Wukong,TOP,1,7.0,1.0,False,Loss
3008212,1,GSMC,OTF,GSMC,OTF,Blue,Septico1,Gnar,Vi,TOP,2,8.0,1.0,True,Win
3008212,1,GSMC,OTF,GSMC,OTF,Blue,Elix1r,Vi,Caitlyn,JGL,3,9.0,1.0,True,Win
3008212,1,GSMC,OTF,OTF,GSMC,Red,Renewal,MonkeyKing,Lucian,JGL,4,10.0,1.0,False,Loss
3008212,1,GSMC,OTF,OTF,GSMC,Red,Skaterot,Aurora,Milio,MID,5,11.0,1.0,False,Loss
3008212,1,GSMC,OTF,GSMC,OTF,Blue,Alix,Orianna,Bard,MID,6,12.0,1.0,True,Win
3008212,1,GSMC,OTF,GSMC,OTF,Blue,Vaynedeta,Caitlyn,Gnar,BOT,7,17.0,2.0,True,Win
3008212,1,GSMC,OTF,OTF,GSMC,Red,Vespa,Lucian,Camille,BOT,8,18.0,2.0,False,Loss
3008212,1,GSMC,OTF,OTF,GSMC,Red,Leo S Man,Milio,Aurora,SUP,9,19.0,2.0,False,Loss
3008212,1,GSMC,OTF,GSMC,OTF,Blue,Abagnale,Bard,Orianna,SUP,10,20.0,2.0,True,Win
3008212,2,GSMC,OTF,GSMC,OTF,Blue,Septico1,Rumble,Ryze,TOP,1,7.0,1.0,True,Win
3008212,2,GSMC,OTF,OTF,GSMC,Red,Heprex,KSante,Yunara,TOP,2,8.0,1.0,False,Loss
3008212,2,GSMC,OTF,OTF,GSMC,Red,Renewal,Aatrox,Lulu,JGL,3,9.0,1.0,False,Loss
3008212,2,GSMC,OTF,GSMC,OTF,Blue,Elix1r,LeeSin,Rumble,JGL,4,10.0,1.0,True,Win
3008212,2,GSMC,OTF,GSMC,OTF,Blue,Alix,Ryze,Lee Sin,MID,5,11.0,1.0,True,Win
3008212,2,GSMC,OTF,OTF,GSMC,Red,Skaterot,Hwei,K'Sante,MID,6,12.0,1.0,False,Loss
3008212,2,GSMC,OTF,OTF,GSMC,Red,Vespa,Yunara,Aatrox,BOT,7,17.0,2.0,False,Loss
3008212,2,GSMC,OTF,GSMC,OTF,Blue,Vaynedeta,Ezreal,Ezreal,BOT,8,18.0,2.0,True,Win
3008212,2,GSMC,OTF,GSMC,OTF,Blue,Abagnale,Karma,Karma,SUP,9,19.0,2.0,True,Win
3008212,2,GSMC,OTF,OTF,GSMC,Red,Leo S Man,Lulu,Hwei,SUP,10,20.0,2.0,False,Loss
3008213,1,LDS,SC,LDS,SC,Blue,Sinmivak,Renekton,Ezreal,TOP,1,7.0,1.0,True,Win
3008213,1,LDS,SC,SC,LDS,Red,Yeti,Gnar,Vi,TOP,2,8.0,1.0,False,Loss
3008213,1,LDS,SC,SC,LDS,Red,SPOOKY,Vi,Kai'Sa,JGL,3,9.0,1.0,False,Loss
3008213,1,LDS,SC,LDS,SC,Blue,mikusik,XinZhao,Xin Zhao,JGL,4,10.0,1.0,True,Win
3008213,1,LDS,SC,LDS,SC,Blue,Czekolad,Taliyah,Lulu,MID,5,11.0,1.0,True,Win
3008213,1,LDS,SC,SC,LDS,Red,Nafkelah,Ryze,Nautilus,MID,6,12.0,1.0,False,Loss
3008213,1,LDS,SC,SC,LDS,Red,EXOFENG,Kaisa,Ryze,BOT,7,17.0,2.0,False,Loss
3008213,1,LDS,SC,LDS,SC,Blue,zamulek,Ezreal,Renekton,BOT,8,18.0,2.0,True,Win
3008213,1,LDS,SC,LDS,SC,Blue,Kaseko,Lulu,Taliyah,SUP,9,19.0,2.0,True,Win
3008213,1,LDS,SC,SC,LDS,Red,SteeelBack,Nautilus,Gnar,SUP,10,20.0,2.0,False,Loss
3008213,2,LDS,SC,SC,LDS,Red,Yeti,Rumble,Syndra,TOP,1,7.0,1.0,True,Win
3008213,2,LDS,SC,LDS,SC,Blue,Sinmivak,Jayce,Jarvan IV,TOP,2,8.0,1.0,False,Loss
3008213,2,LDS,SC,LDS,SC,Blue,mikusik,JarvanIV,Milio,JGL,3,9.0,1.0,False,Loss
3008213,2,LDS,SC,SC,LDS,Red,SPOOKY,Skarner,Xayah,JGL,4,10.0,1.0,True,Win
3008213,2,LDS,SC,SC,LDS,Red,Nafkelah,Syndra,Rakan,MID,5,11.0,1.0,True,Win
3008213,2,LDS,SC,LDS,SC,Blue,Czekolad,Orianna,Lucian,MID,6,12.0,1.0,False,Loss
3008213,2,LDS,SC,LDS,SC,Blue,zamulek,Lucian,Orianna,BOT,7,17.0,2.0,False,Loss
3008213,2,LDS,SC,SC,LDS,Red,EXOFENG,Xayah,Skarner,BOT,8,18.0,2.0,True,Win
3008213,2,LDS,SC,SC,LDS,Red,SteeelBack,Rakan,Rumble,SUP,9,19.0,2.0,True,Win
3008213,2,LDS,SC,LDS,SC,Blue,Kaseko,Milio,Jayce,SUP,10,20.0,2.0,False,Loss
3008213,3,SC,LDS,LDS,SC,Red,Sinmivak,Sion,Qiyana,TOP,1,7.0,1.0,True,Win
3008213,3,SC,LDS,SC,LDS,Blue,Yeti,Ambessa,Rell,TOP,2,8.0,1.0,False,Loss
3008213,3,SC,LDS,SC,LDS,Blue,SPOOKY,Chogath,Yunara,JGL,3,9.0,1.0,False,Loss
3008213,3,SC,LDS,LDS,SC,Red,mikusik,Qiyana,Bard,JGL,4,10.0,1.0,True,Win
3008213,3,SC,LDS,LDS,SC,Red,Czekolad,Ziggs,Caitlyn,MID,5,11.0,1.0,True,Win
3008213,3,SC,LDS,SC,LDS,Blue,Nafkelah,Azir,Cho'Gath,MID,6,12.0,1.0,False,Loss
3008213,3,SC,LDS,SC,LDS,Blue,EXOFENG,Yunara,Azir,BOT,7,17.0,2.0,False,Loss
3008213,3,SC,LDS,LDS,SC,Red,zamulek,Caitlyn,Ziggs,BOT,8,18.0,2.0,True,Win
3008213,3,SC,LDS,LDS,SC,Red,Kaseko,Bard,Sion,SUP,9,19.0,2.0,True,Win
3008213,3,SC,LDS,SC,LDS,Blue,SteeelBack,Rell,Ambessa,SUP,10,20.0,2.0,False,Loss
3008214,1,CKZ,USE,USE,CKZ,Red,FornoReason,Ambessa,Vi,TOP,1,7.0,1.0,True,Win
3008214,1,CKZ,USE,CKZ,USE,Blue,tomomaso,Tryndamere,Wukong,TOP,2,8.0,1.0,False,Loss
3008214,1,CKZ,USE,CKZ,USE,Blue,Techoteco,MonkeyKing,Syndra,JGL,3,9.0,1.0,False,Loss
3008214,1,CKZ,USE,USE,CKZ,Red,White,Vi,Ahri,JGL,4,10.0,1.0,True,Win
3008214,1,CKZ,USE,USE,CKZ,Red,Kanin,Ahri,Ambessa,MID,5,11.0,1.0,True,Win
3008214,1,CKZ,USE,CKZ,USE,Blue,Ophelia,Syndra,Tryndamere,MID,6,12.0,1.0,False,Loss
3008214,1,CKZ,USE,CKZ,USE,Blue,Archer,Ziggs,Ziggs,BOT,7,17.0,2.0,False,Loss
3008214,1,CKZ,USE,USE,CKZ,Red,DenVoksne,Tristana,Tristana,BOT,8,18.0,2.0,True,Win
3008214,1,CKZ,USE,USE,CKZ,Red,Twiizt,Lulu,Lulu,SUP,9,19.0,2.0,True,Win
3008214,1,CKZ,USE,CKZ,USE,Blue,Oki1,Leona,Leona,SUP,10,20.0,2.0,False,Loss
3008214,2,USE,CKZ,USE,CKZ,Blue,FornoReason,Rumble,Rumble,TOP,1,7.0,1.0,True,Win
3008214,2,USE,CKZ,CKZ,USE,Red,tomomaso,Galio,Lucian,TOP,2,8.0,1.0,False,Loss
3008214,2,USE,CKZ,CKZ,USE,Red,Techoteco,JarvanIV,Milio,JGL,3,9.0,1.0,False,Loss
3008214,2,USE,CKZ,USE,CKZ,Blue,White,XinZhao,Caitlyn,JGL,4,10.0,1.0,True,Win
3008214,2,USE,CKZ,USE,CKZ,Blue,Kanin,Annie,Karma,MID,5,11.0,1.0,True,Win
3008214,2,USE,CKZ,CKZ,USE,Red,Ophelia,Ryze,Jarvan IV,MID,6,12.0,1.0,False,Loss
3008214,2,USE,CKZ,CKZ,USE,Red,Archer,Lucian,Galio,BOT,7,17.0,2.0,False,Loss
3008214,2,USE,CKZ,USE,CKZ,Blue,DenVoksne,Caitlyn,Xin Zhao,BOT,8,18.0,2.0,True,Win
3008214,2,USE,CKZ,USE,CKZ,Blue,Twiizt,Karma,Annie,SUP,9,19.0,2.0,True,Win
3008214,2,USE,CKZ,CKZ,USE,Red,Oki1,Milio,Ryze,SUP,10,20.0,2.0,False,Loss
3008215,1,SU,UCAM,SU,UCAM,Blue,IlllIma,Renekton,Vi,TOP,1,7.0,1.0,False,Loss
3008215,1,SU,UCAM,UCAM,SU,Red,Kozi,Gnar,Caitlyn,TOP,2,8.0,1.0,True,Win
3008215,1,SU,UCAM,UCAM,SU,Red,bluerzor,LeeSin,Bard,JGL,3,9.0,1.0,True,Win
3008215,1,SU,UCAM,SU,UCAM,Blue,Kaboom,Vi,Lucian,JGL,4,10.0,1.0,False,Loss
3008215,1,SU,UCAM,SU,UCAM,Blue,Vetheo,Ahri,Milio,MID,5,11.0,1.0,False,Loss
3008215,1,SU,UCAM,UCAM,SU,Red,ESCIK,Syndra,Syndra,MID,6,12.0,1.0,True,Win
3008215,1,SU,UCAM,UCAM,SU,Red,ANDARIEL,Caitlyn,Lee Sin,BOT,7,17.0,2.0,True,Win
3008215,1,SU,UCAM,SU,UCAM,Blue,Nako,Lucian,Ahri,BOT,8,18.0,2.0,False,Loss
3008215,1,SU,UCAM,SU,UCAM,Blue,Patch,Milio,Renekton,SUP,9,19.0,2.0,False,Loss
3008215,1,SU,UCAM,UCAM,SU,Red,Passzi,Bard,Gnar,SUP,10,20.0,2.0,True,Win
3008215,2,UCAM,SU,SU,UCAM,Red,IlllIma,Rumble,Jarvan IV,TOP,1,7.0,1.0,False,Loss
3008215,2,UCAM,SU,UCAM,SU,Blue,Kozi,Ambessa,Wukong,TOP,2,8.0,1.0,True,Win
3008215,2,UCAM,SU,UCAM,SU,Blue,bluerzor,MonkeyKing,Viktor,JGL,3,9.0,1.0,True,Win
3008215,2,UCAM,SU,SU,UCAM,Red,Kaboom,JarvanIV,Yunara,JGL,4,10.0,1.0,False,Loss
3008215,2,UCAM,SU,SU,UCAM,Red,Vetheo,Yone,Lulu,MID,5,11.0,1.0,False,Loss
3008215,2,UCAM,SU,UCAM,SU,Blue,ESCIK,Viktor,Ezreal,MID,6,12.0,1.0,True,Win
3008215,2,UCAM,SU,UCAM,SU,Blue,ANDARIEL,Ezreal,Seraphine,BOT,7,17.0,2.0,True,Win
3008215,2,UCAM,SU,SU,UCAM,Red,Nako,Yunara,Yone,BOT,8,18.0,2.0,False,Loss
3008215,2,UCAM,SU,SU,UCAM,Red,Patch,Lulu,Rumble,SUP,9,19.0,2.0,False,Loss
3008215,2,UCAM,SU,UCAM,SU,Blue,Passzi,Seraphine,Ambessa,SUP,10,20.0,2.0,True,Win
3008216,1,GSMC,BAR,BAR,GSMC,Red,selenex,Gnar,Lulu,TOP,1,7.0,1.0,True,Win
3008216,1,GSMC,BAR,GSMC,BAR,Blue,Septico1,Jayce,Ezreal,TOP,2,8.0,1.0,False,Loss
3008216,1,GSMC,BAR,GSMC,BAR,Blue,Elix1r,JarvanIV,Karma,JGL,3,9.0,1.0,False,Loss
3008216,1,GSMC,BAR,BAR,GSMC,Red,KoIdo,Skarner,Syndra,JGL,4,10.0,1.0,True,Win
3008216,1,GSMC,BAR,BAR,GSMC,Red,Macaquinho,Syndra,Yunara,MID,5,11.0,1.0,True,Win
3008216,1,GSMC,BAR,GSMC,BAR,Blue,Alix,Akali,Akali,MID,6,12.0,1.0,False,Loss
3008216,1,GSMC,BAR,GSMC,BAR,Blue,Vaynedeta,Ezreal,Jarvan IV,BOT,7,17.0,2.0,False,Loss
3008216,1,GSMC,BAR,BAR,GSMC,Red,Legolas,Yunara,Skarner,BOT,8,18.0,2.0,True,Win
3008216,1,GSMC,BAR,BAR,GSMC,Red,Oscure,Lulu,Gnar,SUP,9,19.0,2.0,True,Win
3008216,1,GSMC,BAR,GSMC,BAR,Blue,Abagnale,Karma,Jayce,SUP,10,20.0,2.0,False,Loss
3008216,2,GSMC,BAR,GSMC,BAR,Blue,Septico1,Olaf,Nocturne,TOP,1,7.0,1.0,False,Loss
3008216,2,GSMC,BAR,BAR,GSMC,Red,selenex,Renekton,Orianna,TOP,2,8.0,1.0,True,Win
3008216,2,GSMC,BAR,BAR,GSMC,Red,KoIdo,LeeSin,Lee Sin,JGL,3,9.0,1.0,True,Win
3008216,2,GSMC,BAR,GSMC,BAR,Blue,Elix1r,Nocturne,Sylas,JGL,4,10.0,1.0,False,Loss
3008216,2,GSMC,BAR,GSMC,BAR,Blue,Alix,Sylas,Olaf,MID,5,11.0,1.0,False,Loss
3008216,2,GSMC,BAR,BAR,GSMC,Red,Macaquinho,Orianna,Renekton,MID,6,12.0,1.0,True,Win
3008216,2,GSMC,BAR,BAR,GSMC,Red,Legolas,Zeri,Zeri,BOT,7,17.0,2.0,True,Win
3008216,2,GSMC,BAR,GSMC,BAR,Blue,Vaynedeta,Corki,Nautilus,BOT,8,18.0,2.0,False,Loss
3008216,2,GSMC,BAR,GSMC,BAR,Blue,Abagnale,Nautilus,Corki,SUP,9,19.0,2.0,False,Loss
3008216,2,GSMC,BAR,BAR,GSMC,Red,Oscure,Braum,Braum,SUP,10,20.0,2.0,True,Win
3008217,1,AP,P4,P4,AP,Red,StarScreen,Sion,Cassiopeia,TOP,1,7.0,1.0,True,Win
3008217,1,AP,P4,AP,P4,Blue,Nille,Jayce,Syndra,TOP,2,8.0,1.0,False,Loss
3008217,1,AP,P4,AP,P4,Blue,DIBU,JarvanIV,Jarvan IV,JGL,3,9.0,1.0,False,Loss
3008217,1,AP,P4,P4,AP,Red,moe,Rengar,Lucian,JGL,4,10.0,1.0,True,Win
3008217,1,AP,P4,P4,AP,Red,Akashii,Cassiopeia,Milio,MID,5,11.0,1.0,True,Win
3008217,1,AP,P4,AP,P4,Blue,Simpli,Syndra,Jayce,MID,6,12.0,1.0,False,Loss
3008217,1,AP,P4,AP,P4,Blue,Kehvo,Caitlyn,Bard,BOT,7,17.0,2.0,False,Loss
3008217,1,AP,P4,P4,AP,Red,Jalleba,Lucian,Sion,BOT,8,18.0,2.0,True,Win
3008217,1,AP,P4,P4,AP,Red,Mahonix,Milio,Rengar,SUP,9,19.0,2.0,True,Win
3008217,1,AP,P4,AP,P4,Blue,Boltox,Bard,Caitlyn,SUP,10,20.0,2.0,False,Loss
3008217,2,AP,P4,P4,AP,Red,StarScreen,Gnar,Wukong,TOP,1,7.0,1.0,False,Loss
3008217,2,AP,P4,AP,P4,Blue,Nille,Renekton,Yunara,TOP,2,8.0,1.0,True,Win
3008217,2,AP,P4,AP,P4,Blue,DIBU,XinZhao,Lulu,JGL,3,9.0,1.0,True,Win
3008217,2,AP,P4,P4,AP,Red,moe,MonkeyKing,Ashe,JGL,4,10.0,1.0,False,Loss
3008217,2,AP,P4,P4,AP,Red,Akashii,Galio,Seraphine,MID,5,11.0,1.0,False,Loss
3008217,2,AP,P4,AP,P4,Blue,Simpli,Viktor,Xin Zhao,MID,6,12.0,1.0,True,Win
3008217,2,AP,P4,AP,P4,Blue,Kehvo,Yunara,Viktor,BOT,7,17.0,2.0,True,Win
3008217,2,AP,P4,P4,AP,Red,Jalleba,Ashe,Galio,BOT,8,18.0,2.0,False,Loss
3008217,2,AP,P4,P4,AP,Red,Mahonix,Seraphine,Gnar,SUP,9,19.0,2.0,False,Loss
3008217,2,AP,P4,AP,P4,Blue,Boltox,Lulu,Renekton,SUP,10,20.0,2.0,True,Win
3008217,3,P4,AP,P4,AP,Blue,StarScreen,Ambessa,Qiyana,TOP,1,7.0,1.0,True,Win
3008217,3,P4,AP,AP,P4,Red,Nille,Rumble,Skarner,TOP,2,8.0,1.0,False,Loss
3008217,3,P4,AP,AP,P4,Red,DIBU,Skarner,Rumble,JGL,3,9.0,1.0,False,Loss
3008217,3,P4,AP,P4,AP,Blue,moe,Qiyana,Ambessa,JGL,4,10.0,1.0,True,Win
3008217,3,P4,AP,P4,AP,Blue,Akashii,Ryze,Ryze,MID,5,11.0,1.0,True,Win
3008217,3,P4,AP,AP,P4,Red,Simpli,Azir,Azir,MID,6,12.0,1.0,False,Loss
3008217,3,P4,AP,AP,P4,Red,Kehvo,Corki,Leona,BOT,7,17.0,2.0,False,Loss
3008217,3,P4,AP,P4,AP,Blue,Jalleba,Tristana,Braum,BOT,8,18.0,2.0,True,Win
3008217,3,P4,AP,P4,AP,Blue,Mahonix,Braum,Tristana,SUP,9,19.0,2.0,True,Win
3008217,3,P4,AP,AP,P4,Red,Boltox,Leona,Corki,SUP,10,20.0,2.0,False,Loss
3008218,1,OTS,TA,TA,OTS,Red,LordFlipper,Kled,Cassiopeia,TOP,1,7.0,1.0,False,Loss
3008218,1,OTS,TA,OTS,TA,Blue,GreatGary,Ornn,Syndra,TOP,2,8.0,1.0,True,Win
3008218,1,OTS,TA,OTS,TA,Blue,Kurama,Qiyana,Qiyana,JGL,3,9.0,1.0,True,Win
3008218,1,OTS,TA,TA,OTS,Red,Goliah,MonkeyKing,Wukong,JGL,4,10.0,1.0,False,Loss
3008218,1,OTS,TA,TA,OTS,Red,Dehaste,Cassiopeia,Jhin,MID,5,11.0,1.0,False,Loss
3008218,1,OTS,TA,OTS,TA,Blue,Baca,Syndra,Ornn,MID,6,12.0,1.0,True,Win
3008218,1,OTS,TA,OTS,TA,Blue,Deadly,Jinx,Jinx,BOT,7,17.0,2.0,True,Win
3008218,1,OTS,TA,TA,OTS,Red,Kyte,Jhin,Kled,BOT,8,18.0,2.0,False,Loss
3008218,1,OTS,TA,TA,OTS,Red,CloudStrike,Neeko,Neeko,SUP,9,19.0,2.0,False,Loss
3008218,1,OTS,TA,OTS,TA,Blue,Smarty,Alistar,Alistar,SUP,10,20.0,2.0,True,Win
3008218,2,TA,OTS,OTS,TA,Red,GreatGary,Gnar,Jarvan IV,TOP,1,7.0,1.0,True,Win
3008218,2,TA,OTS,TA,OTS,Blue,LordFlipper,Sion,Xin Zhao,TOP,2,8.0,1.0,False,Loss
3008218,2,TA,OTS,TA,OTS,Blue,Goliah,XinZhao,Sion,JGL,3,9.0,1.0,False,Loss
3008218,2,TA,OTS,OTS,TA,Red,Kurama,JarvanIV,Gnar,JGL,4,10.0,1.0,True,Win
3008218,2,TA,OTS,OTS,TA,Red,Baca,Ryze,Ryze,MID,5,11.0,1.0,True,Win
3008218,2,TA,OTS,TA,OTS,Blue,Dehaste,Anivia,Anivia,MID,6,12.0,1.0,False,Loss
3008218,2,TA,OTS,TA,OTS,Blue,Kyte,Ezreal,Karma,BOT,7,17.0,2.0,False,Loss
3008218,2,TA,OTS,OTS,TA,Red,Deadly,Caitlyn,Caitlyn,BOT,8,18.0,2.0,True,Win
3008218,2,TA,OTS,OTS,TA,Red,Smarty,Bard,Bard,SUP,9,19.0,2.0,True,Win
3008218,2,TA,OTS,TA,OTS,Blue,CloudStrike,Karma,Ezreal,SUP,10,20.0,2.0,False,Loss
3008219,1,MCON,VER,VER,MCON,Red,bobista,Ambessa,Ryze,TOP,1,7.0,1.0,True,Win
3008219,1,MCON,VER,MCON,VER,Blue,ILYXOUUU,Irelia,Ashe,TOP,2,8.0,1.0,False,Loss
3008219,1,MCON,VER,MCON,VER,Blue,Oguzkhan,JarvanIV,Seraphine,JGL,3,9.0,1.0,False,Loss
3008219,1,MCON,VER,VER,MCON,Red,Mafro,Qiyana,Jhin,JGL,4,10.0,1.0,True,Win
3008219,1,MCON,VER,VER,MCON,Red,Sayn,Ryze,Nautilus,MID,5,11.0,1.0,True,Win
3008219,1,MCON,VER,MCON,VER,Blue,STANIK,Anivia,Jarvan IV,MID,6,12.0,1.0,False,Loss
3008219,1,MCON,VER,MCON,VER,Blue,Slyv3r,Ashe,Anivia,BOT,7,17.0,2.0,False,Loss
3008219,1,MCON,VER,VER,MCON,Red,Mishi,Jhin,Qiyana,BOT,8,18.0,2.0,True,Win
3008219,1,MCON,VER,VER,MCON,Red,guggu,Nautilus,Ambessa,SUP,9,19.0,2.0,True,Win
3008219,1,MCON,VER,MCON,VER,Blue,Mikkel,Seraphine,Irelia,SUP,10,20.0,2.0,False,Loss
3008219,2,MCON,VER,VER,MCON,Red,bobista,Olaf,Trundle,TOP,1,7.0,1.0,True,Win
3008219,2,MCON,VER,MCON,VER,Blue,ILYXOUUU,Fiora,Xin Zhao,TOP,2,8.0,1.0,False,Loss
3008219,2,MCON,VER,MCON,VER,Blue,Oguzkhan,XinZhao,Syndra,JGL,3,9.0,1.0,False,Loss
3008219,2,MCON,VER,VER,MCON,Red,Mafro,Trundle,Leona,JGL,4,10.0,1.0,True,Win
3008219,2,MCON,VER,VER,MCON,Red,Sayn,Viktor,Viktor,MID,5,11.0,1.0,True,Win
3008219,2,MCON,VER,MCON,VER,Blue,STANIK,Syndra,Braum,MID,6,12.0,1.0,False,Loss
3008219,2,MCON,VER,MCON,VER,Blue,Slyv3r,Corki,Corki,BOT,7,17.0,2.0,False,Loss
3008219,2,MCON,VER,VER,MCON,Red,Mishi,Ezreal,Ezreal,BOT,8,18.0,2.0,True,Win
3008219,2,MCON,VER,VER,MCON,Red,guggu,Leona,Olaf,SUP,9,19.0,2.0,True,Win
3008219,2,MCON,VER,MCON,VER,Blue,Mikkel,Braum,Fiora,SUP,10,20.0,2.0,False,Loss
3008220,1,BBK,OTF,BBK,OTF,Blue,Sankaizer,Sion,Vi,TOP,1,7.0,1.0,False,Loss
3008220,1,BBK,OTF,OTF,BBK,Red,Heprex,Renekton,Wukong,TOP,2,8.0,1.0,True,Win
3008220,1,BBK,OTF,OTF,BBK,Red,Renewal,MonkeyKing,Renekton,JGL,3,9.0,1.0,True,Win
3008220,1,BBK,OTF,BBK,OTF,Blue,TinjaNurtle,Vi,Sion,JGL,4,10.0,1.0,False,Loss
3008220,1,BBK,OTF,BBK,OTF,Blue,Heroic,Taliyah,Kai'Sa,MID,5,11.0,1.0,False,Loss
3008220,1,BBK,OTF,OTF,BBK,Red,Skaterot,Viktor,Viktor,MID,6,12.0,1.0,True,Win
3008220,1,BBK,OTF,OTF,BBK,Red,Vespa,Sivir,Sivir,BOT,7,17.0,2.0,True,Win
3008220,1,BBK,OTF,BBK,OTF,Blue,Lekcyc,Rakan,Rakan,SUP,8,18.0,2.0,False,Loss
3008220,1,BBK,OTF,BBK,OTF,Blue,demonadc,Kaisa,Taliyah,BOT,9,19.0,2.0,False,Loss
3008220,1,BBK,OTF,OTF,BBK,Red,Leo S Man,Nautilus,Nautilus,SUP,10,20.0,2.0,True,Win
3008220,2,OTF,BBK,BBK,OTF,Red,Sankaizer,Ambessa,Pantheon,TOP,1,7.0,1.0,False,Loss
3008220,2,OTF,BBK,OTF,BBK,Blue,Heprex,Jax,Lucian,TOP,2,8.0,1.0,True,Win
3008220,2,OTF,BBK,OTF,BBK,Blue,Renewal,LeeSin,Milio,JGL,3,9.0,1.0,True,Win
3008220,2,OTF,BBK,BBK,OTF,Red,TinjaNurtle,Pantheon,Bard,JGL,4,10.0,1.0,False,Loss
3008220,2,OTF,BBK,BBK,OTF,Red,Heroic,Ryze,Ryze,MID,5,11.0,1.0,False,Loss
3008220,2,OTF,BBK,OTF,BBK,Blue,Skaterot,Annie,Lee Sin,MID,6,12.0,1.0,True,Win
3008220,2,OTF,BBK,OTF,BBK,Blue,Vespa,Lucian,Annie,BOT,7,17.0,2.0,True,Win
3008220,2,OTF,BBK,BBK,OTF,Red,demonadc,Jhin,Jhin,BOT,8,18.0,2.0,False,Loss
3008220,2,OTF,BBK,BBK,OTF,Red,Lekcyc,Bard,Ambessa,SUP,9,19.0,2.0,False,Loss
3008220,2,OTF,BBK,OTF,BBK,Blue,Leo S Man,Milio,Jax,SUP,10,20.0,2.0,True,Win
3008221,1,P4,SC,SC,P4,Red,Yeti,KSante,Qiyana,TOP,1,7.0,1.0,True,Win
3008221,1,P4,SC,P4,SC,Blue,StarScreen,Sion,Lee Sin,TOP,2,8.0,1.0,False,Loss
3008221,1,P4,SC,P4,SC,Blue,moe,LeeSin,Cassiopeia,JGL,3,9.0,1.0,False,Loss
3008221,1,P4,SC,SC,P4,Red,SPOOKY,Qiyana,Syndra,JGL,4,10.0,1.0,True,Win
3008221,1,P4,SC,SC,P4,Red,Nafkelah,Syndra,Ezreal,MID,5,11.0,1.0,True,Win
3008221,1,P4,SC,P4,SC,Blue,Akashii,Cassiopeia,Sion,MID,6,12.0,1.0,False,Loss
3008221,1,P4,SC,P4,SC,Blue,Jalleba,Jhin,Jhin,BOT,7,17.0,2.0,False,Loss
3008221,1,P4,SC,SC,P4,Red,EXOFENG,Ezreal,Leona,BOT,8,18.0,2.0,True,Win
3008221,1,P4,SC,SC,P4,Red,SteeelBack,Leona,K'Sante,SUP,9,19.0,2.0,True,Win
3008221,1,P4,SC,P4,SC,Blue,Mahonix,Alistar,Alistar,SUP,10,20.0,2.0,False,Loss
3008221,2,SC,P4,P4,SC,Red,StarScreen,Ornn,Jayce,TOP,1,7.0,1.0,False,Loss
3008221,2,SC,P4,SC,P4,Blue,Yeti,Rumble,Yunara,TOP,2,8.0,1.0,True,Win
3008221,2,SC,P4,SC,P4,Blue,SPOOKY,Khazix,Lulu,JGL,3,9.0,1.0,True,Win
3008221,2,SC,P4,P4,SC,Red,moe,Jayce,Lucian,JGL,4,10.0,1.0,False,Loss
3008221,2,SC,P4,P4,SC,Red,Akashii,Sylas,Milio,MID,5,11.0,1.0,False,Loss
3008221,2,SC,P4,SC,P4,Blue,Nafkelah,Ahri,Rumble,MID,6,12.0,1.0,True,Win
3008221,2,SC,P4,SC,P4,Blue,EXOFENG,Yunara,Ahri,BOT,7,17.0,2.0,True,Win
3008221,2,SC,P4,P4,SC,Red,Jalleba,Lucian,Ornn,BOT,8,18.0,2.0,False,Loss
3008221,2,SC,P4,P4,SC,Red,Mahonix,Milio,Sylas,SUP,9,19.0,2.0,False,Loss
3008221,2,SC,P4,SC,P4,Blue,SteeelBack,Lulu,Kha'Zix,SUP,10,20.0,2.0,True,Win
3008222,1,CKZ,OTS,OTS,CKZ,Red,GreatGary,KSante,Syndra,TOP,1,7.0,1.0,False,Loss
3008222,1,CKZ,OTS,CKZ,OTS,Blue,tomomaso,TwistedFate,Pantheon,TOP,2,8.0,1.0,True,Win
3008222,1,CKZ,OTS,CKZ,OTS,Blue,Techoteco,Pantheon,Pantheon,JGL,3,9.0,1.0,True,Win
3008222,1,CKZ,OTS,OTS,CKZ,Red,Kurama,LeeSin,Lee Sin,JGL,4,10.0,1.0,False,Loss
3008222,1,CKZ,OTS,OTS,CKZ,Red,Baca,Syndra,K'Sante,MID,5,11.0,1.0,False,Loss
3008222,1,CKZ,OTS,CKZ,OTS,Blue,Ophelia,Locke,Twisted Fate,MID,6,12.0,1.0,True,Win
3008222,1,CKZ,OTS,CKZ,OTS,Blue,Archer,Yunara,Yunara,BOT,7,17.0,2.0,True,Win
3008222,1,CKZ,OTS,OTS,CKZ,Red,Deadly,Jhin,Jhin,BOT,8,18.0,2.0,False,Loss
3008222,1,CKZ,OTS,OTS,CKZ,Red,Smarty,Nautilus,Nautilus,SUP,9,19.0,2.0,False,Loss
3008222,1,CKZ,OTS,CKZ,OTS,Blue,Oki1,Leona,Leona,SUP,10,20.0,2.0,True,Win
3008222,2,CKZ,OTS,OTS,CKZ,Red,GreatGary,Sion,Jarvan IV,TOP,1,7.0,1.0,True,Win
3008222,2,CKZ,OTS,CKZ,OTS,Blue,tomomaso,Gwen,Ezreal,TOP,2,8.0,1.0,False,Loss
3008222,2,CKZ,OTS,CKZ,OTS,Blue,Techoteco,Skarner,Skarner,JGL,3,9.0,1.0,False,Loss
3008222,2,CKZ,OTS,OTS,CKZ,Red,Kurama,JarvanIV,Cassiopeia,JGL,4,10.0,1.0,True,Win
3008222,2,CKZ,OTS,OTS,CKZ,Red,Baca,Cassiopeia,Seraphine,MID,5,11.0,1.0,True,Win
3008222,2,CKZ,OTS,CKZ,OTS,Blue,Ophelia,Ahri,Karma,MID,6,12.0,1.0,False,Loss
3008222,2,CKZ,OTS,CKZ,OTS,Blue,Archer,Ezreal,Ahri,BOT,7,17.0,2.0,False,Loss
3008222,2,CKZ,OTS,OTS,CKZ,Red,Deadly,Sivir,Sivir,BOT,8,18.0,2.0,True,Win
3008222,2,CKZ,OTS,OTS,CKZ,Red,Smarty,Seraphine,Sion,SUP,9,19.0,2.0,True,Win
3008222,2,CKZ,OTS,CKZ,OTS,Blue,Oki1,Karma,Gwen,SUP,10,20.0,2.0,False,Loss
3008222,3,CKZ,OTS,OTS,CKZ,Red,GreatGary,Gnar,Ryze,TOP,1,7.0,1.0,True,Win
3008222,3,CKZ,OTS,CKZ,OTS,Blue,tomomaso,Gragas,Xayah,TOP,2,8.0,1.0,False,Loss
3008222,3,CKZ,OTS,CKZ,OTS,Blue,Techoteco,Lillia,Rakan,JGL,3,9.0,1.0,False,Loss
3008222,3,CKZ,OTS,OTS,CKZ,Red,Kurama,Zed,Jinx,JGL,4,10.0,1.0,True,Win
3008222,3,CKZ,OTS,OTS,CKZ,Red,Baca,Ryze,Lulu,MID,5,11.0,1.0,True,Win
3008222,3,CKZ,OTS,CKZ,OTS,Blue,Ophelia,Jayce,Jayce,MID,6,12.0,1.0,False,Loss
3008222,3,CKZ,OTS,CKZ,OTS,Blue,Archer,Xayah,Lillia,BOT,7,17.0,2.0,False,Loss
3008222,3,CKZ,OTS,OTS,CKZ,Red,Deadly,Jinx,Zed,BOT,8,18.0,2.0,True,Win
3008222,3,CKZ,OTS,OTS,CKZ,Red,Smarty,Lulu,Gnar,SUP,9,19.0,2.0,True,Win
3008222,3,CKZ,OTS,CKZ,OTS,Blue,Oki1,Rakan,Gragas,SUP,10,20.0,2.0,False,Loss
3008223,1,SU,VER,SU,VER,Blue,IlllIma,Ambessa,Vi,TOP,1,7.0,1.0,False,Loss
3008223,1,SU,VER,VER,SU,Red,bobista,Zaahen,Ashe,TOP,2,8.0,1.0,True,Win
3008223,1,SU,VER,VER,SU,Red,Mafro,Poppy,Seraphine,JGL,3,9.0,1.0,True,Win
3008223,1,SU,VER,SU,VER,Blue,Kaboom,Vi,Lucian,JGL,4,10.0,1.0,False,Loss
3008223,1,SU,VER,SU,VER,Blue,Vetheo,Locke,Milio,MID,5,11.0,1.0,False,Loss
3008223,1,SU,VER,VER,SU,Red,Sayn,Syndra,Syndra,MID,6,12.0,1.0,True,Win
3008223,1,SU,VER,VER,SU,Red,Mishi,Ashe,Poppy,BOT,7,17.0,2.0,True,Win
3008223,1,SU,VER,SU,VER,Blue,Nako,Lucian,Ambessa,BOT,8,18.0,2.0,False,Loss
3008223,1,SU,VER,SU,VER,Blue,Patch,Milio,Milio,SUP,9,19.0,2.0,False,Loss
3008223,1,SU,VER,VER,SU,Red,guggu,Seraphine,Zaahen,SUP,10,20.0,2.0,True,Win
3008223,2,SU,VER,SU,VER,Blue,IlllIma,Renekton,Lee Sin,TOP,1,7.0,1.0,True,Win
3008223,2,SU,VER,VER,SU,Red,bobista,Gangplank,Jhin,TOP,2,8.0,1.0,False,Loss
3008223,2,SU,VER,VER,SU,Red,Mafro,Skarner,Skarner,JGL,3,9.0,1.0,False,Loss
3008223,2,SU,VER,SU,VER,Blue,Kaboom,LeeSin,Sivir,JGL,4,10.0,1.0,True,Win
3008223,2,SU,VER,SU,VER,Blue,Vetheo,Ahri,Alistar,MID,5,11.0,1.0,True,Win
3008223,2,SU,VER,VER,SU,Red,Sayn,Orianna,Orianna,MID,6,12.0,1.0,False,Loss
3008223,2,SU,VER,VER,SU,Red,Mishi,Jhin,Rell,BOT,7,17.0,2.0,False,Loss
3008223,2,SU,VER,SU,VER,Blue,Nako,Sivir,Renekton,BOT,8,18.0,2.0,True,Win
3008223,2,SU,VER,SU,VER,Blue,Patch,Alistar,Ahri,SUP,9,19.0,2.0,True,Win
3008223,2,SU,VER,VER,SU,Red,guggu,Rell,Gangplank,SUP,10,20.0,2.0,False,Loss
3008223,3,VER,SU,VER,SU,Blue,bobista,Rumble,Cassiopeia,TOP,1,7.0,1.0,False,Loss
3008223,3,VER,SU,SU,VER,Red,IlllIma,Galio,Bard,TOP,2,8.0,1.0,True,Win
3008223,3,VER,SU,SU,VER,Red,Kaboom,Naafiri,Caitlyn,JGL,3,9.0,1.0,True,Win
3008223,3,VER,SU,VER,SU,Blue,Mafro,JarvanIV,Pyke,JGL,4,10.0,1.0,False,Loss
3008223,3,VER,SU,VER,SU,Blue,Sayn,Cassiopeia,Jarvan IV,MID,5,11.0,1.0,False,Loss
3008223,3,VER,SU,SU,VER,Red,Vetheo,Leblanc,LeBlanc,MID,6,12.0,1.0,True,Win
3008223,3,VER,SU,SU,VER,Red,Nako,Caitlyn,Naafiri,BOT,7,17.0,2.0,True,Win
3008223,3,VER,SU,VER,SU,Blue,Mishi,Varus,Varus,BOT,8,18.0,2.0,False,Loss
3008223,3,VER,SU,VER,SU,Blue,guggu,Pyke,Rumble,SUP,9,19.0,2.0,False,Loss
3008223,3,VER,SU,SU,VER,Red,Patch,Bard,Galio,SUP,10,20.0,2.0,True,Win
3008224,1,GSMC,OTF,OTF,GSMC,Red,Heprex,Ornn,Syndra,TOP,1,7.0,1.0,False,Loss
3008224,1,GSMC,OTF,GSMC,OTF,Blue,Septico1,Rumble,Lucian,TOP,2,8.0,1.0,True,Win
3008224,1,GSMC,OTF,GSMC,OTF,Blue,Elix1r,Skarner,Milio,JGL,3,9.0,1.0,True,Win
3008224,1,GSMC,OTF,OTF,GSMC,Red,Renewal,MonkeyKing,Yunara,JGL,4,10.0,1.0,False,Loss
3008224,1,GSMC,OTF,OTF,GSMC,Red,Skaterot,Syndra,Lulu,MID,5,11.0,1.0,False,Loss
3008224,1,GSMC,OTF,GSMC,OTF,Blue,Alix,Yone,Rumble,MID,6,12.0,1.0,True,Win
3008224,1,GSMC,OTF,GSMC,OTF,Blue,Vaynedeta,Lucian,Yone,BOT,7,17.0,2.0,True,Win
3008224,1,GSMC,OTF,OTF,GSMC,Red,Vespa,Yunara,Ornn,BOT,8,18.0,2.0,False,Loss
3008224,1,GSMC,OTF,OTF,GSMC,Red,Leo S Man,Lulu,Wukong,SUP,9,19.0,2.0,False,Loss
3008224,1,GSMC,OTF,GSMC,OTF,Blue,Abagnale,Milio,Skarner,SUP,10,20.0,2.0,True,Win
3008224,2,GSMC,OTF,GSMC,OTF,Blue,Septico1,Ambessa,Jarvan IV,TOP,1,7.0,1.0,True,Win
3008224,2,GSMC,OTF,OTF,GSMC,Red,Heprex,KSante,Lee Sin,TOP,2,8.0,1.0,False,Loss
3008224,2,GSMC,OTF,OTF,GSMC,Red,Renewal,LeeSin,K'Sante,JGL,3,9.0,1.0,False,Loss
3008224,2,GSMC,OTF,GSMC,OTF,Blue,Elix1r,JarvanIV,Orianna,JGL,4,10.0,1.0,True,Win
3008224,2,GSMC,OTF,GSMC,OTF,Blue,Alix,Orianna,Ambessa,MID,5,11.0,1.0,True,Win
3008224,2,GSMC,OTF,OTF,GSMC,Red,Skaterot,Akali,Akali,MID,6,12.0,1.0,False,Loss
3008224,2,GSMC,OTF,OTF,GSMC,Red,Vespa,MissFortune,Miss Fortune,BOT,7,17.0,2.0,False,Loss
3008224,2,GSMC,OTF,GSMC,OTF,Blue,Vaynedeta,Corki,Alistar,BOT,8,18.0,2.0,True,Win
3008224,2,GSMC,OTF,GSMC,OTF,Blue,Abagnale,Alistar,Corki,SUP,9,19.0,2.0,True,Win
3008224,2,GSMC,OTF,OTF,GSMC,Red,Leo S Man,Nautilus,Nautilus,SUP,10,20.0,2.0,False,Loss
2968574,1,DRM,GOB,DRM,GOB,Blue,Cha0s,Renekton,Renekton,TOP,1,7.0,1.0,False,Loss
2968574,1,DRM,GOB,GOB,DRM,Red,brokk,Malphite,Tristana,TOP,2,8.0,1.0,True,Win
2968574,1,DRM,GOB,GOB,DRM,Red,Anechek,Vi,Cassiopeia,JGL,3,9.0,1.0,True,Win
2968574,1,DRM,GOB,DRM,GOB,Blue,CLEARS,Aatrox,Camille,JGL,4,10.0,1.0,False,Loss
2968574,1,DRM,GOB,DRM,GOB,Blue,Bankai,Locke,Caitlyn,MID,5,11.0,1.0,False,Loss
2968574,1,DRM,GOB,GOB,DRM,Red,z1zimink,Cassiopeia,Leona,MID,6,12.0,1.0,True,Win
2968574,1,DRM,GOB,GOB,DRM,Red,Fengu,Tristana,Vi,BOT,7,17.0,2.0,True,Win
2968574,1,DRM,GOB,DRM,GOB,Blue,Pinki,Caitlyn,Aatrox,BOT,8,18.0,2.0,False,Loss
2968574,1,DRM,GOB,DRM,GOB,Blue,Tochas,Camille,Renekton,SUP,9,19.0,2.0,False,Loss
2968574,1,DRM,GOB,GOB,DRM,Red,PretyFellow,Leona,Malphite,SUP,10,20.0,2.0,True,Win
2968576,1,FCN,WG,FCN,WG,Blue,LVS,Gnar,Gnar,TOP,1,7.0,1.0,True,Win
2968576,1,FCN,WG,WG,FCN,Red,FIK,KSante,Ezreal,TOP,2,8.0,1.0,False,Loss
2968576,1,FCN,WG,WG,FCN,Red,saibotbias,MonkeyKing,Wukong,JGL,3,9.0,1.0,False,Loss
2968576,1,FCN,WG,FCN,WG,Blue,Tr3zk,JarvanIV,Jarvan IV,JGL,4,10.0,1.0,True,Win
2968576,1,FCN,WG,FCN,WG,Blue,NOMA,Locke,Ziggs,MID,5,11.0,1.0,True,Win
2968576,1,FCN,WG,WG,FCN,Red,Ghost3,Akali,Akali,MID,6,12.0,1.0,False,Loss
2968576,1,FCN,WG,WG,FCN,Red,Rato,Ezreal,K'Sante,BOT,7,17.0,2.0,False,Loss
2968576,1,FCN,WG,FCN,WG,Blue,Mindrago,Ziggs,Gnar,BOT,8,18.0,2.0,True,Win
2968576,1,FCN,WG,FCN,WG,Blue,Ze Luis,Camille,Camille,SUP,9,19.0,2.0,True,Win
2968576,1,FCN,WG,WG,FCN,Red,Albino Poro,Nautilus,Nautilus,SUP,10,20.0,2.0,False,Loss
2968577,1,BBK,NGE,BBK,NGE,Blue,TinjaNurtle,XinZhao,Xin Zhao,JGL,1,7.0,1.0,False,Loss
2968577,1,BBK,NGE,NGE,BBK,Red,C714lo,Olaf,Lee Sin,TOP,2,8.0,1.0,True,Win
2968577,1,BBK,NGE,NGE,BBK,Red,Janis,LeeSin,Bard,JGL,3,9.0,1.0,True,Win
2968577,1,BBK,NGE,BBK,NGE,Blue,Lekcyc,Nautilus,Nautilus,SUP,4,10.0,1.0,False,Loss
2968577,1,BBK,NGE,BBK,NGE,Blue,arutnevjr,Syndra,Syndra,MID,5,11.0,1.0,False,Loss
2968577,1,BBK,NGE,NGE,BBK,Red,Katashi,Akali,Sivir,MID,6,12.0,1.0,True,Win
2968577,1,BBK,NGE,NGE,BBK,Red,Dezo,Sivir,Akali,BOT,7,17.0,2.0,True,Win
2968577,1,BBK,NGE,BBK,NGE,Blue,demonadc,Twitch,Twitch,BOT,8,18.0,2.0,False,Loss
2968577,1,BBK,NGE,BBK,NGE,Blue,Sankaizer,Sion,Sion,TOP,9,19.0,2.0,False,Loss
2968577,1,BBK,NGE,NGE,BBK,Red,H4far,Bard,Olaf,SUP,10,20.0,2.0,True,Win
2968578,1,CE,EXS,CE,EXS,Blue,Dreampull,Jayce,Orianna,TOP,1,7.0,1.0,True,Win
2968578,1,CE,EXS,EXS,CE,Red,Punish3r,Varus,Varus,BOT,2,8.0,1.0,False,Loss
2968578,1,CE,EXS,EXS,CE,Red,SpookyFino,Aurora,Aurora,MID,3,9.0,1.0,False,Loss
2968578,1,CE,EXS,CE,EXS,Blue,D4SH,Vi,Jayce,JGL,4,10.0,1.0,True,Win
2968578,1,CE,EXS,CE,EXS,Blue,DarkBlue,Orianna,Vi,MID,5,11.0,1.0,True,Win
2968578,1,CE,EXS,EXS,CE,Red,Surdinz,Ornn,Ornn,TOP,6,12.0,1.0,False,Loss
2968578,1,CE,EXS,EXS,CE,Red,CHAOS9,RekSai,Rek'Sai,JGL,7,17.0,2.0,False,Loss
2968578,1,CE,EXS,CE,EXS,Blue,NBA,Sivir,Sivir,BOT,8,18.0,2.0,True,Win
2968578,1,CE,EXS,CE,EXS,Blue,Skeid,Rakan,Rakan,SUP,9,19.0,2.0,True,Win
2968578,1,CE,EXS,EXS,CE,Red,Pyker,Lulu,Lulu,SUP,10,20.0,2.0,False,Loss
2968579,1,HYPE,TTB,HYPE,TTB,Blue,D4rtaine,Rumble,Rumble,TOP,1,7.0,1.0,True,Win
2968579,1,HYPE,TTB,TTB,HYPE,Red,Trtgfg,Orianna,Orianna,MID,2,8.0,1.0,False,Loss
2968579,1,HYPE,TTB,TTB,HYPE,Red,KIKO,JarvanIV,Jarvan IV,JGL,3,9.0,1.0,False,Loss
2968579,1,HYPE,TTB,HYPE,TTB,Blue,Raluxu,LeeSin,Lee Sin,JGL,4,10.0,1.0,True,Win
2968579,1,HYPE,TTB,HYPE,TTB,Blue,Alvanai1,Ahri,Ahri,MID,5,11.0,1.0,True,Win
2968579,1,HYPE,TTB,TTB,HYPE,Red,Artishpalk,Ambessa,Ambessa,TOP,6,12.0,1.0,False,Loss
2968579,1,HYPE,TTB,TTB,HYPE,Red,raisu,Rell,Rell,SUP,7,17.0,2.0,False,Loss
2968579,1,HYPE,TTB,HYPE,TTB,Blue,K1NG1,Kaisa,Leona,BOT,8,18.0,2.0,True,Win
2968579,1,HYPE,TTB,HYPE,TTB,Blue,ZaFiR,Leona,Kai'Sa,SUP,9,19.0,2.0,True,Win
2968579,1,HYPE,TTB,TTB,HYPE,Red,Carros 2,Aphelios,Aphelios,BOT,10,20.0,2.0,False,Loss
2968580,1,GDE,ZZG,GDE,ZZG,Blue,Caucha,Gnar,Orianna,TOP,1,7.0,1.0,True,Win
2968580,1,GDE,ZZG,ZZG,GDE,Red,JoKozz,Sion,Vi,TOP,2,8.0,1.0,False,Loss
2968580,1,GDE,ZZG,ZZG,GDE,Red,Redsoft,Vi,Vi,JGL,3,9.0,1.0,False,Loss
2968580,1,GDE,ZZG,GDE,ZZG,Blue,dylux,MonkeyKing,Wukong,JGL,4,10.0,1.0,True,Win
2968580,1,GDE,ZZG,GDE,ZZG,Blue,Sofiane,Orianna,Lucian,MID,5,11.0,1.0,True,Win
2968580,1,GDE,ZZG,ZZG,GDE,Red,KozziR,Locke,Nautilus,MID,6,12.0,1.0,False,Loss
2968580,1,GDE,ZZG,ZZG,GDE,Red,ALL X,Corki,Corki,BOT,7,17.0,2.0,False,Loss
2968580,1,GDE,ZZG,GDE,ZZG,Blue,Usuurper,Lucian,Yuumi,BOT,8,18.0,2.0,True,Win
2968580,1,GDE,ZZG,GDE,ZZG,Blue,TommyG,Yuumi,Gnar,SUP,9,19.0,2.0,True,Win
2968580,1,GDE,ZZG,ZZG,GDE,Red,ALPX,Nautilus,Sion,SUP,10,20.0,2.0,False,Loss
2968581,1,WD,RSW,WD,RSW,Blue,Salgueiro,XinZhao,Xin Zhao,JGL,1,7.0,1.0,True,Win
2968581,1,WD,RSW,RSW,WD,Red,Soryusan,Yunara,Yunara,BOT,2,8.0,1.0,False,Loss
2968581,1,WD,RSW,RSW,WD,Red,right,Taliyah,Lulu,JGL,3,9.0,1.0,False,Loss
2968581,1,WD,RSW,WD,RSW,Blue,Falleo,Olaf,Lucian,TOP,4,10.0,1.0,True,Win
2968581,1,WD,RSW,WD,RSW,Blue,GotzY,Lucian,Milio,BOT,5,11.0,1.0,True,Win
2968581,1,WD,RSW,RSW,WD,Red,Zeradyn,Nautilus,Taliyah,MID,6,12.0,1.0,False,Loss
2968581,1,WD,RSW,RSW,WD,Red,Demo,Sion,Sion,TOP,7,17.0,2.0,False,Loss
2968581,1,WD,RSW,WD,RSW,Blue,Fred,Hwei,Hwei,MID,8,18.0,2.0,True,Win
2968581,1,WD,RSW,WD,RSW,Blue,Calmsky,Milio,Olaf,SUP,9,19.0,2.0,True,Win
2968581,1,WD,RSW,RSW,WD,Red,Maufest,Lulu,Nautilus,SUP,10,20.0,2.0,False,Loss
2968582,1,WD,OTS,WD,OTS,Blue,Falleo,Rumble,Rumble,TOP,1,7.0,1.0,True,Win
2968582,1,WD,OTS,OTS,WD,Red,GreatGary,KSante,K'Sante,TOP,2,8.0,1.0,False,Loss
2968582,1,WD,OTS,OTS,WD,Red,qualzy,Nocturne,Nocturne,JGL,3,9.0,1.0,False,Loss
2968582,1,WD,OTS,WD,OTS,Blue,Salgueiro,MonkeyKing,Wukong,JGL,4,10.0,1.0,True,Win
2968582,1,WD,OTS,WD,OTS,Blue,Fred,Akali,Akali,MID,5,11.0,1.0,True,Win
2968582,1,WD,OTS,OTS,WD,Red,Baca,Viktor,Viktor,MID,6,12.0,1.0,False,Loss
2968582,1,WD,OTS,OTS,WD,Red,Deadly,Xayah,Bard,BOT,7,17.0,2.0,False,Loss
2968582,1,WD,OTS,WD,OTS,Blue,GotzY,Tristana,Rell,BOT,8,18.0,2.0,True,Win
2968582,1,WD,OTS,WD,OTS,Blue,Calmsky,Rell,Tristana,SUP,9,19.0,2.0,True,Win
2968582,1,WD,OTS,OTS,WD,Red,Smarty,Bard,Xayah,SUP,10,20.0,2.0,False,Loss
2968583,1,NGE,GDE,NGE,GDE,Blue,C714lo,Gnar,Orianna,TOP,1,7.0,1.0,True,Win
2968583,1,NGE,GDE,GDE,NGE,Red,Caucha,Ambessa,Lucian,TOP,2,8.0,1.0,False,Loss
2968583,1,NGE,GDE,GDE,NGE,Red,dylux,JarvanIV,Jarvan IV,JGL,3,9.0,1.0,False,Loss
2968583,1,NGE,GDE,NGE,GDE,Blue,Janis,Naafiri,Naafiri,JGL,4,10.0,1.0,True,Win
2968583,1,NGE,GDE,NGE,GDE,Blue,Katashi,Orianna,Corki,MID,5,11.0,1.0,True,Win
2968583,1,NGE,GDE,GDE,NGE,Red,Sofiane,Viktor,Ambessa,MID,6,12.0,1.0,False,Loss
2968583,1,NGE,GDE,GDE,NGE,Red,Usuurper,Lucian,Viktor,BOT,7,17.0,2.0,False,Loss
2968583,1,NGE,GDE,NGE,GDE,Blue,Dezo,Corki,Gnar,BOT,8,18.0,2.0,True,Win
2968583,1,NGE,GDE,NGE,GDE,Blue,H4far,Alistar,Alistar,SUP,9,19.0,2.0,True,Win
2968583,1,NGE,GDE,GDE,NGE,Red,TommyG,Braum,Braum,SUP,10,20.0,2.0,False,Loss
2968584,1,CE,GOB,CE,GOB,Blue,Dreampull,Anivia,Anivia,TOP,1,7.0,1.0,False,Loss
2968584,1,CE,GOB,GOB,CE,Red,brokk,DrMundo,Vi,TOP,2,8.0,1.0,True,Win
2968584,1,CE,GOB,GOB,CE,Red,Anechek,Vi,Ahri,JGL,3,9.0,1.0,True,Win
2968584,1,CE,GOB,CE,GOB,Blue,D4SH,Nocturne,Nocturne,JGL,4,10.0,1.0,False,Loss
2968584,1,CE,GOB,CE,GOB,Blue,DarkBlue,Locke,Anivia,MID,5,11.0,1.0,False,Loss
2968584,1,CE,GOB,GOB,CE,Red,z1zimink,Ahri,Dr. Mundo,MID,6,12.0,1.0,True,Win
2968584,1,CE,GOB,GOB,CE,Red,Fengu,Corki,Corki,BOT,7,17.0,2.0,True,Win
2968584,1,CE,GOB,CE,GOB,Blue,NBA,Yunara,Yunara,BOT,8,18.0,2.0,False,Loss
2968584,1,CE,GOB,CE,GOB,Blue,Skeid,Rell,Rell,SUP,9,19.0,2.0,False,Loss
2968584,1,CE,GOB,GOB,CE,Red,PretyFellow,Nautilus,Nautilus,SUP,10,20.0,2.0,True,Win
2968585,1,HYPE,FCN,HYPE,FCN,Blue,D4rtaine,Sion,Lee Sin,TOP,1,7.0,1.0,True,Win
2968585,1,HYPE,FCN,FCN,HYPE,Red,LVS,Gnar,Ziggs,TOP,2,8.0,1.0,False,Loss
2968585,1,HYPE,FCN,FCN,HYPE,Red,Tr3zk,MonkeyKing,Wukong,JGL,3,9.0,1.0,False,Loss
2968585,1,HYPE,FCN,HYPE,FCN,Blue,Raluxu,LeeSin,Leona,JGL,4,10.0,1.0,True,Win
2968585,1,HYPE,FCN,HYPE,FCN,Blue,Alvanai1,Syndra,Sion,MID,5,11.0,1.0,True,Win
2968585,1,HYPE,FCN,FCN,HYPE,Red,NOMA,Ziggs,Poppy,MID,6,12.0,1.0,False,Loss
2968585,1,HYPE,FCN,FCN,HYPE,Red,Mindrago,Vayne,Gnar,BOT,7,17.0,2.0,False,Loss
2968585,1,HYPE,FCN,HYPE,FCN,Blue,K1NG1,Sivir,Sivir,BOT,8,18.0,2.0,True,Win
2968585,1,HYPE,FCN,HYPE,FCN,Blue,ZaFiR,Leona,Syndra,SUP,9,19.0,2.0,True,Win
2968585,1,HYPE,FCN,FCN,HYPE,Red,Ze Luis,Poppy,Vayne,SUP,10,20.0,2.0,False,Loss
2968586,1,EXS,BBK,EXS,BBK,Blue,Surdinz,Ornn,Caitlyn,TOP,1,7.0,1.0,False,Loss
2968586,1,EXS,BBK,BBK,EXS,Red,Sankaizer,Volibear,Leona,TOP,2,8.0,1.0,True,Win
2968586,1,EXS,BBK,BBK,EXS,Red,demonadc,Ezreal,Ezreal,BOT,3,9.0,1.0,True,Win
2968586,1,EXS,BBK,EXS,BBK,Blue,CHAOS9,Udyr,Udyr,JGL,4,10.0,1.0,False,Loss
2968586,1,EXS,BBK,EXS,BBK,Blue,SpookyFino,Annie,Thresh,MID,5,11.0,1.0,False,Loss
2968586,1,EXS,BBK,BBK,EXS,Red,TinjaNurtle,Lillia,Lillia,JGL,6,12.0,1.0,True,Win
2968586,1,EXS,BBK,BBK,EXS,Red,arutnevjr,Zed,Zed,MID,7,17.0,2.0,True,Win
2968586,1,EXS,BBK,EXS,BBK,Blue,Punish3r,Caitlyn,Ornn,BOT,8,18.0,2.0,False,Loss
2968586,1,EXS,BBK,EXS,BBK,Blue,Pyker,Thresh,Annie,SUP,9,19.0,2.0,False,Loss
2968586,1,EXS,BBK,BBK,EXS,Red,Lekcyc,Leona,Volibear,SUP,10,20.0,2.0,True,Win
2968587,1,TTB,DRM,TTB,DRM,Blue,Artishpalk,Poppy,Poppy,TOP,1,7.0,1.0,False,Loss
2968587,1,TTB,DRM,DRM,TTB,Red,Cha0s,Gwen,Nocturne,TOP,2,8.0,1.0,True,Win
2968587,1,TTB,DRM,DRM,TTB,Red,CLEARS,Nocturne,Orianna,JGL,3,9.0,1.0,True,Win
2968587,1,TTB,DRM,TTB,DRM,Blue,KIKO,JarvanIV,Jarvan IV,JGL,4,10.0,1.0,False,Loss
2968587,1,TTB,DRM,TTB,DRM,Blue,Trtgfg,Ahri,Ahri,MID,5,11.0,1.0,False,Loss
2968587,1,TTB,DRM,DRM,TTB,Red,Bankai,Orianna,Ezreal,MID,6,12.0,1.0,True,Win
2968587,1,TTB,DRM,DRM,TTB,Red,Pinki,Ezreal,Bard,BOT,7,17.0,2.0,True,Win
2968587,1,TTB,DRM,TTB,DRM,Blue,Carros 2,Corki,Corki,BOT,8,18.0,2.0,False,Loss
2968587,1,TTB,DRM,TTB,DRM,Blue,raisu,Rakan,Rakan,SUP,9,19.0,2.0,False,Loss
2968587,1,TTB,DRM,DRM,TTB,Red,Tochas,Bard,Gwen,SUP,10,20.0,2.0,True,Win
2968588,1,ZZG,WG,ZZG,WG,Blue,JoKozz,KSante,KSante,TOP,1,7.0,1.0,False,Loss
2968588,1,ZZG,WG,WG,ZZG,Red,FIK,Vayne,Viktor,TOP,2,8.0,1.0,True,Win
2968588,1,ZZG,WG,WG,ZZG,Red,saibotbias,MonkeyKing,Wukong,JGL,3,9.0,1.0,True,Win
2968588,1,ZZG,WG,ZZG,WG,Blue,Redsoft,Vi,Vi,JGL,4,10.0,1.0,False,Loss
2968588,1,ZZG,WG,ZZG,WG,Blue,KozziR,Locke,Rell,MID,5,11.0,1.0,False,Loss
2968588,1,ZZG,WG,WG,ZZG,Red,Ghost3,Akali,Akali,MID,6,12.0,1.0,True,Win
2968588,1,ZZG,WG,WG,ZZG,Red,Rato,Viktor,Maokai,BOT,7,17.0,2.0,True,Win
2968588,1,ZZG,WG,ZZG,WG,Blue,ALL X,Kaisa,K'Sante,BOT,8,18.0,2.0,False,Loss
2968588,1,ZZG,WG,ZZG,WG,Blue,ALPX,Rell,Kai'Sa,SUP,9,19.0,2.0,False,Loss
2968588,1,ZZG,WG,WG,ZZG,Red,Albino Poro,Maokai,Vayne,SUP,10,20.0,2.0,True,Win
2968589,1,RSW,LHC,RSW,LHC,Blue,Meginski,Poppy,Lulu,TOP,1,7.0,1.0,True,Win
2968589,1,RSW,LHC,LHC,RSW,Red,Silence,Qiyana,Qiyana,JGL,2,8.0,1.0,False,Loss
2968589,1,RSW,LHC,LHC,RSW,Red,Julzh,Ornn,Syndra,TOP,3,9.0,1.0,False,Loss
2968589,1,RSW,LHC,RSW,LHC,Blue,right,Shyvana,Poppy,JGL,4,10.0,1.0,True,Win
2968589,1,RSW,LHC,RSW,LHC,Blue,Zeradyn,Ashe,Ashe,MID,5,11.0,1.0,True,Win
2968589,1,RSW,LHC,LHC,RSW,Red,EvergreenM,Anivia,Karma,MID,6,12.0,1.0,False,Loss
2968589,1,RSW,LHC,LHC,RSW,Red,Sashimi,Syndra,Ornn,BOT,7,17.0,2.0,False,Loss
2968589,1,RSW,LHC,RSW,LHC,Blue,Soryusan,Yunara,Yunara,BOT,8,18.0,2.0,True,Win
2968589,1,RSW,LHC,RSW,LHC,Blue,Maufest,Lulu,Shyvana,SUP,9,19.0,2.0,True,Win
2968589,1,RSW,LHC,LHC,RSW,Red,Phlloz,Karma,Anivia,SUP,10,20.0,2.0,False,Loss
2968590,1,CE,WG,CE,WG,Blue,Dreampull,Ambessa,Jarvan IV,TOP,1,7.0,1.0,True,Win
2968590,1,CE,WG,WG,CE,Red,FIK,Camille,Viktor,TOP,2,8.0,1.0,False,Loss
2968590,1,CE,WG,WG,CE,Red,saibotbias,MonkeyKing,Wukong,JGL,3,9.0,1.0,False,Loss
2968590,1,CE,WG,CE,WG,Blue,D4SH,JarvanIV,Syndra,JGL,4,10.0,1.0,True,Win
2968590,1,CE,WG,CE,WG,Blue,DarkBlue,Syndra,Nautilus,MID,5,11.0,1.0,True,Win
2968590,1,CE,WG,WG,CE,Red,Luro,Viktor,Rell,MID,6,12.0,1.0,False,Loss
2968590,1,CE,WG,WG,CE,Red,Rato,Corki,Corki,BOT,7,17.0,2.0,False,Loss
2968590,1,CE,WG,CE,WG,Blue,NBA,Kaisa,Kai'Sa,BOT,8,18.0,2.0,True,Win
2968590,1,CE,WG,CE,WG,Blue,Skeid,Nautilus,Ambessa,SUP,9,19.0,2.0,True,Win
2968590,1,CE,WG,WG,CE,Red,Albino Poro,Rell,Camille,SUP,10,20.0,2.0,False,Loss
2968591,1,GDE,DRM,GDE,DRM,Blue,Caucha,Sion,Ryze,TOP,1,7.0,1.0,False,Loss
2968591,1,GDE,DRM,DRM,GDE,Red,Cha0s,Rumble,Syndra,TOP,2,8.0,1.0,True,Win
2968591,1,GDE,DRM,DRM,GDE,Red,CLEARS,JarvanIV,Jarvan IV,JGL,3,9.0,1.0,True,Win
2968591,1,GDE,DRM,GDE,DRM,Blue,dylux,Nocturne,Nocturne,JGL,4,10.0,1.0,False,Loss
2968591,1,GDE,DRM,GDE,DRM,Blue,Sofiane,Ryze,Ezreal,MID,5,11.0,1.0,False,Loss
2968591,1,GDE,DRM,DRM,GDE,Red,Bankai,Syndra,Kai'Sa,MID,6,12.0,1.0,True,Win
2968591,1,GDE,DRM,DRM,GDE,Red,Pinki,Kaisa,Rumble,BOT,7,17.0,2.0,True,Win
2968591,1,GDE,DRM,GDE,DRM,Blue,Usuurper,Ezreal,Sion,BOT,8,18.0,2.0,False,Loss
2968591,1,GDE,DRM,GDE,DRM,Blue,IMP1XD,Leona,Leona,SUP,9,19.0,2.0,False,Loss
2968591,1,GDE,DRM,DRM,GDE,Red,Tochas,Alistar,Alistar,SUP,10,20.0,2.0,True,Win
2968592,1,RSW,OTS,RSW,OTS,Blue,Meginski,Poppy,Poppy,TOP,1,7.0,1.0,False,Loss
2968592,1,RSW,OTS,OTS,RSW,Red,GreatGary,Gnar,Syndra,TOP,2,8.0,1.0,True,Win
2968592,1,RSW,OTS,OTS,RSW,Red,Kurama,Viego,Camille,JGL,3,9.0,1.0,True,Win
2968592,1,RSW,OTS,RSW,OTS,Blue,right,JarvanIV,Yunara,JGL,4,10.0,1.0,False,Loss
2968592,1,RSW,OTS,RSW,OTS,Blue,Zeradyn,Soraka,Soraka,MID,5,11.0,1.0,False,Loss
2968592,1,RSW,OTS,OTS,RSW,Red,Baca,Syndra,Viego,MID,6,12.0,1.0,True,Win
2968592,1,RSW,OTS,OTS,RSW,Red,Deadly,Kaisa,Kai'Sa,BOT,7,17.0,2.0,True,Win
2968592,1,RSW,OTS,RSW,OTS,Blue,Soryusan,Yunara,Jarvan IV,BOT,8,18.0,2.0,False,Loss
2968592,1,RSW,OTS,RSW,OTS,Blue,Maufest,Rakan,Rakan,SUP,9,19.0,2.0,False,Loss
2968592,1,RSW,OTS,OTS,RSW,Red,Smarty,Camille,Gnar,SUP,10,20.0,2.0,True,Win
2968593,1,FCN,BBK,FCN,BBK,Blue,Tr3zk,XinZhao,Xin Zhao,JGL,1,7.0,1.0,False,Loss
2968593,1,FCN,BBK,BBK,FCN,Red,Sankaizer,Zaahen,Leona,TOP,2,8.0,1.0,True,Win
2968593,1,FCN,BBK,BBK,FCN,Red,TinjaNurtle,Skarner,Skarner,JGL,3,9.0,1.0,True,Win
2968593,1,FCN,BBK,FCN,BBK,Blue,LVS,Gwen,Bard,TOP,4,10.0,1.0,False,Loss
2968593,1,FCN,BBK,FCN,BBK,Blue,NOMA,Viktor,Viktor,MID,5,11.0,1.0,False,Loss
2968593,1,FCN,BBK,BBK,FCN,Red,arutnevjr,Akali,Akali,MID,6,12.0,1.0,True,Win
2968593,1,FCN,BBK,BBK,FCN,Red,demonadc,Yunara,Yunara,BOT,7,17.0,2.0,True,Win
2968593,1,FCN,BBK,FCN,BBK,Blue,Mindrago,Corki,Corki,BOT,8,18.0,2.0,False,Loss
2968593,1,FCN,BBK,FCN,BBK,Blue,Ze Luis,Bard,Gwen,SUP,9,19.0,2.0,False,Loss
2968593,1,FCN,BBK,BBK,FCN,Red,Lekcyc,Leona,Zaahen,SUP,10,20.0,2.0,True,Win
2968594,1,HYPE,GOB,HYPE,GOB,Blue,D4rtaine,Rumble,Vi,TOP,1,7.0,1.0,True,Win
2968594,1,HYPE,GOB,GOB,HYPE,Red,brokk,Malphite,Naafiri,TOP,2,8.0,1.0,False,Loss
2968594,1,HYPE,GOB,GOB,HYPE,Red,Anechek,Naafiri,Xayah,JGL,3,9.0,1.0,False,Loss
2968594,1,HYPE,GOB,HYPE,GOB,Blue,Raluxu,Vi,Rumble,JGL,4,10.0,1.0,True,Win
2968594,1,HYPE,GOB,HYPE,GOB,Blue,Alvanai1,Viktor,Tristana,MID,5,11.0,1.0,True,Win
2968594,1,HYPE,GOB,GOB,HYPE,Red,z1zimink,Cassiopeia,Nautilus,MID,6,12.0,1.0,False,Loss
2968594,1,HYPE,GOB,GOB,HYPE,Red,Fengu,Xayah,Malphite,BOT,7,17.0,2.0,False,Loss
2968594,1,HYPE,GOB,HYPE,GOB,Blue,K1NG1,Tristana,Rell,BOT,8,18.0,2.0,True,Win
2968594,1,HYPE,GOB,HYPE,GOB,Blue,Banino,Rell,Viktor,SUP,9,19.0,2.0,True,Win
2968594,1,HYPE,GOB,GOB,HYPE,Red,PretyFellow,Nautilus,Cassiopeia,SUP,10,20.0,2.0,False,Loss
2968594,2,HYPE,GOB,HYPE,GOB,Blue,D4rtaine,Ambessa,Ryze,TOP,1,7.0,1.0,False,Loss
2968594,2,HYPE,GOB,GOB,HYPE,Red,brokk,Yorick,Akali,TOP,2,8.0,1.0,True,Win
2968594,2,HYPE,GOB,GOB,HYPE,Red,Anechek,XinZhao,Xin Zhao,JGL,3,9.0,1.0,True,Win
2968594,2,HYPE,GOB,HYPE,GOB,Blue,Raluxu,MonkeyKing,Wukong,JGL,4,10.0,1.0,False,Loss
2968594,2,HYPE,GOB,HYPE,GOB,Blue,Alvanai1,Ryze,Ambessa,MID,5,11.0,1.0,False,Loss
2968594,2,HYPE,GOB,GOB,HYPE,Red,z1zimink,Akali,Yorick,MID,6,12.0,1.0,True,Win
2968594,2,HYPE,GOB,GOB,HYPE,Red,Fengu,Varus,Varus,BOT,7,17.0,2.0,True,Win
2968594,2,HYPE,GOB,HYPE,GOB,Blue,K1NG1,Zeri,Zeri,BOT,8,18.0,2.0,False,Loss
2968594,2,HYPE,GOB,HYPE,GOB,Blue,Banino,Lulu,Lulu,SUP,9,19.0,2.0,False,Loss
2968594,2,HYPE,GOB,GOB,HYPE,Red,PretyFellow,Blitzcrank,Blitzcrank,SUP,10,20.0,2.0,True,Win
2968594,3,GOB,HYPE,GOB,HYPE,Blue,brokk,Mordekaiser,Jarvan IV,TOP,1,7.0,1.0,False,Loss
2968594,3,GOB,HYPE,HYPE,GOB,Red,D4rtaine,Renekton,Poppy,TOP,2,8.0,1.0,True,Win
2968594,3,GOB,HYPE,HYPE,GOB,Red,Raluxu,Poppy,Renekton,JGL,3,9.0,1.0,True,Win
2968594,3,GOB,HYPE,GOB,HYPE,Blue,Anechek,JarvanIV,Mordekaiser,JGL,4,10.0,1.0,False,Loss
2968594,3,GOB,HYPE,GOB,HYPE,Blue,z1zimink,Galio,Corki,MID,5,11.0,1.0,False,Loss
2968594,3,GOB,HYPE,HYPE,GOB,Red,Alvanai1,Aurora,Caitlyn,MID,6,12.0,1.0,True,Win
2968594,3,GOB,HYPE,HYPE,GOB,Red,K1NG1,Caitlyn,Aurora,BOT,7,17.0,2.0,True,Win
2968594,3,GOB,HYPE,GOB,HYPE,Blue,Fengu,Corki,Galio,BOT,8,18.0,2.0,False,Loss
2968594,3,GOB,HYPE,GOB,HYPE,Blue,PretyFellow,Thresh,Thresh,SUP,9,19.0,2.0,False,Loss
2968594,3,GOB,HYPE,HYPE,GOB,Red,Banino,Braum,Braum,SUP,10,20.0,2.0,True,Win
2968595,1,WD,NGE,WD,NGE,Blue,Falleo,Ambessa,Lucian,TOP,1,7.0,1.0,True,Win
2968595,1,WD,NGE,NGE,WD,Red,C714lo,Jax,Viktor,TOP,2,8.0,1.0,False,Loss
2968595,1,WD,NGE,NGE,WD,Red,Janis,LeeSin,Lee Sin,JGL,3,9.0,1.0,False,Loss
2968595,1,WD,NGE,WD,NGE,Blue,Salgueiro,XinZhao,Milio,JGL,4,10.0,1.0,True,Win
2968595,1,WD,NGE,WD,NGE,Blue,Fred,Aurora,Xin Zhao,MID,5,11.0,1.0,True,Win
2968595,1,WD,NGE,NGE,WD,Red,Katashi,Ahri,Camille,MID,6,12.0,1.0,False,Loss
2968595,1,WD,NGE,NGE,WD,Red,Dezo,Viktor,Ahri,BOT,7,17.0,2.0,False,Loss
2968595,1,WD,NGE,WD,NGE,Blue,GotzY,Lucian,Aurora,BOT,8,18.0,2.0,True,Win
2968595,1,WD,NGE,WD,NGE,Blue,Calmsky,Milio,Ambessa,SUP,9,19.0,2.0,True,Win
2968595,1,WD,NGE,NGE,WD,Red,H4far,Camille,Jax,SUP,10,20.0,2.0,False,Loss
2968595,2,WD,NGE,WD,NGE,Blue,Falleo,Rumble,Ezreal,TOP,1,7.0,1.0,True,Win
2968595,2,WD,NGE,NGE,WD,Red,C714lo,KSante,Kai'Sa,TOP,2,8.0,1.0,False,Loss
2968595,2,WD,NGE,NGE,WD,Red,Janis,Vi,Vi,JGL,3,9.0,1.0,False,Loss
2968595,2,WD,NGE,WD,NGE,Blue,Salgueiro,MonkeyKing,Galio,JGL,4,10.0,1.0,True,Win
2968595,2,WD,NGE,WD,NGE,Blue,Fred,Akali,Wukong,MID,5,11.0,1.0,True,Win
2968595,2,WD,NGE,NGE,WD,Red,Katashi,Smolder,Smolder,MID,6,12.0,1.0,False,Loss
2968595,2,WD,NGE,NGE,WD,Red,Dezo,Kaisa,Rakan,BOT,7,17.0,2.0,False,Loss
2968595,2,WD,NGE,WD,NGE,Blue,GotzY,Ezreal,Rumble,BOT,8,18.0,2.0,True,Win
2968595,2,WD,NGE,WD,NGE,Blue,Calmsky,Galio,Akali,SUP,9,19.0,2.0,True,Win
2968595,2,WD,NGE,NGE,WD,Red,H4far,Rakan,K'Sante,SUP,10,20.0,2.0,False,Loss
2968596,1,ZZG,EXS,ZZG,EXS,Blue,JoKozz,Ornn,Syndra,TOP,1,7.0,1.0,False,Loss
2968596,1,ZZG,EXS,EXS,ZZG,Red,Surdinz,KSante,Ahri,TOP,2,8.0,1.0,True,Win
2968596,1,ZZG,EXS,EXS,ZZG,Red,CHAOS9,MonkeyKing,Wukong,JGL,3,9.0,1.0,True,Win
2968596,1,ZZG,EXS,ZZG,EXS,Blue,Redsoft,Aatrox,Aatrox,JGL,4,10.0,1.0,False,Loss
2968596,1,ZZG,EXS,ZZG,EXS,Blue,KozziR,Syndra,Ornn,MID,5,11.0,1.0,False,Loss
2968596,1,ZZG,EXS,EXS,ZZG,Red,Punish3r,Caitlyn,K'Sante,BOT,6,12.0,1.0,True,Win
2968596,1,ZZG,EXS,EXS,ZZG,Red,SpookyFino,Ahri,Caitlyn,MID,7,17.0,2.0,True,Win
2968596,1,ZZG,EXS,ZZG,EXS,Blue,ALL X,Lucian,Lucian,BOT,8,18.0,2.0,False,Loss
2968596,1,ZZG,EXS,ZZG,EXS,Blue,ALPX,Milio,Milio,SUP,9,19.0,2.0,False,Loss
2968596,1,ZZG,EXS,EXS,ZZG,Red,Towhat,Camille,Camille,SUP,10,20.0,2.0,True,Win
2968596,2,EXS,ZZG,EXS,ZZG,Blue,Surdinz,Chogath,Xin Zhao,TOP,1,7.0,1.0,False,Loss
2968596,2,EXS,ZZG,ZZG,EXS,Red,JoKozz,Darius,Ambessa,TOP,2,8.0,1.0,True,Win
2968596,2,EXS,ZZG,ZZG,EXS,Red,Redsoft,Ambessa,Nautilus,JGL,3,9.0,1.0,True,Win
2968596,2,EXS,ZZG,EXS,ZZG,Blue,CHAOS9,XinZhao,Rell,JGL,4,10.0,1.0,False,Loss
2968596,2,EXS,ZZG,EXS,ZZG,Blue,SpookyFino,Anivia,Xayah,MID,5,11.0,1.0,False,Loss
2968596,2,EXS,ZZG,ZZG,EXS,Red,KozziR,Cassiopeia,Jinx,MID,6,12.0,1.0,True,Win
2968596,2,EXS,ZZG,ZZG,EXS,Red,ALL X,Jinx,Cassiopeia,BOT,7,17.0,2.0,True,Win
2968596,2,EXS,ZZG,EXS,ZZG,Blue,Punish3r,Xayah,Cho'Gath,BOT,8,18.0,2.0,False,Loss
2968596,2,EXS,ZZG,EXS,ZZG,Blue,Pyker,Rell,Anivia,SUP,9,19.0,2.0,False,Loss
2968596,2,EXS,ZZG,ZZG,EXS,Red,ALPX,Nautilus,Darius,SUP,10,20.0,2.0,True,Win
2968596,3,ZZG,EXS,ZZG,EXS,Blue,JoKozz,Gnar,Ryze,TOP,1,7.0,1.0,True,Win
2968596,3,ZZG,EXS,EXS,ZZG,Red,Surdinz,Malphite,Lissandra,TOP,2,8.0,1.0,False,Loss
2968596,3,ZZG,EXS,EXS,ZZG,Red,CHAOS9,Shyvana,Kai'Sa,JGL,3,9.0,1.0,False,Loss
2968596,3,ZZG,EXS,ZZG,EXS,Blue,Redsoft,Zaahen,Leona,JGL,4,10.0,1.0,True,Win
2968596,3,ZZG,EXS,ZZG,EXS,Blue,KozziR,Ryze,Draven,MID,5,11.0,1.0,True,Win
2968596,3,ZZG,EXS,EXS,ZZG,Red,SpookyFino,Lissandra,Braum,MID,6,12.0,1.0,False,Loss
2968596,3,ZZG,EXS,EXS,ZZG,Red,Punish3r,Kaisa,Shyvana,BOT,7,17.0,2.0,False,Loss
2968596,3,ZZG,EXS,ZZG,EXS,Blue,ALL X,Draven,Gnar,BOT,8,18.0,2.0,True,Win
2968596,3,ZZG,EXS,ZZG,EXS,Blue,ALPX,Leona,Zaahen,SUP,9,19.0,2.0,True,Win
2968596,3,ZZG,EXS,EXS,ZZG,Red,Pyker,Braum,Malphite,SUP,10,20.0,2.0,False,Loss
2968597,1,TTB,LHC,TTB,LHC,Blue,Trtgfg,Orianna,Orianna,MID,1,7.0,1.0,True,Win
2968597,1,TTB,LHC,LHC,TTB,Red,Julzh,Yorick,Ahri,TOP,2,8.0,1.0,False,Loss
2968597,1,TTB,LHC,LHC,TTB,Red,Silence,JarvanIV,Jarvan IV,JGL,3,9.0,1.0,False,Loss
2968597,1,TTB,LHC,TTB,LHC,Blue,KIKO,Nocturne,Nocturne,JGL,4,10.0,1.0,True,Win
2968597,1,TTB,LHC,TTB,LHC,Blue,Carros 2,Kaisa,Kai'Sa,BOT,5,11.0,1.0,True,Win
2968597,1,TTB,LHC,LHC,TTB,Red,EvergreenM,Ahri,Xayah,MID,6,12.0,1.0,False,Loss
2968597,1,TTB,LHC,LHC,TTB,Red,Sashimi,Xayah,Renata Glasc,BOT,7,17.0,2.0,False,Loss
2968597,1,TTB,LHC,TTB,LHC,Blue,Artishpalk,Ornn,Ornn,TOP,8,18.0,2.0,True,Win
2968597,1,TTB,LHC,TTB,LHC,Blue,raisu,Neeko,Neeko,SUP,9,19.0,2.0,True,Win
2968597,1,TTB,LHC,LHC,TTB,Red,Phlloz,Renata,Yorick,SUP,10,20.0,2.0,False,Loss
2968597,2,LHC,TTB,LHC,TTB,Blue,Julzh,Gnar,Viktor,TOP,1,7.0,1.0,True,Win
2968597,2,LHC,TTB,TTB,LHC,Red,Trtgfg,Syndra,Syndra,MID,2,8.0,1.0,False,Loss
2968597,2,LHC,TTB,TTB,LHC,Red,KIKO,Vi,Vi,JGL,3,9.0,1.0,False,Loss
2968597,2,LHC,TTB,LHC,TTB,Blue,Silence,MonkeyKing,Wukong,JGL,4,10.0,1.0,True,Win
2968597,2,LHC,TTB,LHC,TTB,Blue,EvergreenM,Sylas,Gnar,MID,5,11.0,1.0,True,Win
2968597,2,LHC,TTB,TTB,LHC,Red,raisu,Nautilus,Nautilus,SUP,6,12.0,1.0,False,Loss
2968597,2,LHC,TTB,TTB,LHC,Red,Artishpalk,Pantheon,Pantheon,TOP,7,17.0,2.0,False,Loss
2968597,2,LHC,TTB,LHC,TTB,Blue,Sashimi,Viktor,Rell,BOT,8,18.0,2.0,True,Win
2968597,2,LHC,TTB,LHC,TTB,Blue,Phlloz,Rell,Sylas,SUP,9,19.0,2.0,True,Win
2968597,2,LHC,TTB,TTB,LHC,Red,Carros 2,Locke,Locke,BOT,10,20.0,2.0,False,Loss
2968597,3,TTB,LHC,TTB,LHC,Blue,Carros 2,Varus,Varus,BOT,1,7.0,1.0,True,Win
2968597,3,TTB,LHC,LHC,TTB,Red,Julzh,Malphite,Mel,TOP,2,8.0,1.0,False,Loss
2968597,3,TTB,LHC,LHC,TTB,Red,Silence,Skarner,Skarner,JGL,3,9.0,1.0,False,Loss
2968597,3,TTB,LHC,TTB,LHC,Blue,KIKO,Trundle,Trundle,JGL,4,10.0,1.0,True,Win
2968597,3,TTB,LHC,TTB,LHC,Blue,raisu,Leona,Leona,SUP,5,11.0,1.0,True,Win
2968597,3,TTB,LHC,LHC,TTB,Red,EvergreenM,Tristana,Braum,MID,6,12.0,1.0,False,Loss
2968597,3,TTB,LHC,LHC,TTB,Red,Sashimi,Mel,Malphite,BOT,7,17.0,2.0,False,Loss
2968597,3,TTB,LHC,TTB,LHC,Blue,Artishpalk,DrMundo,Dr. Mundo,TOP,8,18.0,2.0,True,Win
2968597,3,TTB,LHC,TTB,LHC,Blue,Trtgfg,Aurora,Aurora,MID,9,19.0,2.0,True,Win
2968597,3,TTB,LHC,LHC,TTB,Red,Phlloz,Braum,Tristana,SUP,10,20.0,2.0,False,Loss
2968598,1,CE,DRM,CE,DRM,Blue,Dreampull,Ambessa,Viktor,TOP,1,7.0,1.0,True,Win
2968598,1,CE,DRM,DRM,CE,Red,Cha0s,Shen,Shen,TOP,2,8.0,1.0,False,Loss
2968598,1,CE,DRM,DRM,CE,Red,CLEARS,Nocturne,Nocturne,JGL,3,9.0,1.0,False,Loss
2968598,1,CE,DRM,CE,DRM,Blue,D4SH,MonkeyKing,Wukong,JGL,4,10.0,1.0,True,Win
2968598,1,CE,DRM,CE,DRM,Blue,DarkBlue,Viktor,Ambessa,MID,5,11.0,1.0,True,Win
2968598,1,CE,DRM,DRM,CE,Red,Bankai,Ahri,Ahri,MID,6,12.0,1.0,False,Loss
2968598,1,CE,DRM,DRM,CE,Red,Pinki,Jhin,Jhin,BOT,7,17.0,2.0,False,Loss
2968598,1,CE,DRM,CE,DRM,Blue,NBA,Sivir,Alistar,BOT,8,18.0,2.0,True,Win
2968598,1,CE,DRM,CE,DRM,Blue,Skeid,Alistar,Sivir,SUP,9,19.0,2.0,True,Win
2968598,1,CE,DRM,DRM,CE,Red,Tochas,Poppy,Poppy,SUP,10,20.0,2.0,False,Loss
2968598,2,DRM,CE,DRM,CE,Blue,Cha0s,Sion,Orianna,TOP,1,7.0,1.0,True,Win
2968598,2,DRM,CE,CE,DRM,Red,Dreampull,DrMundo,Xin Zhao,TOP,2,8.0,1.0,False,Loss
2968598,2,DRM,CE,CE,DRM,Red,D4SH,XinZhao,Ezreal,JGL,3,9.0,1.0,False,Loss
2968598,2,DRM,CE,DRM,CE,Blue,CLEARS,Vi,Kai'Sa,JGL,4,10.0,1.0,True,Win
2968598,2,DRM,CE,DRM,CE,Blue,Bankai,Orianna,Vi,MID,5,11.0,1.0,True,Win
2968598,2,DRM,CE,CE,DRM,Red,DarkBlue,Sylas,Karma,MID,6,12.0,1.0,False,Loss
2968598,2,DRM,CE,CE,DRM,Red,NBA,Ezreal,Sylas,BOT,7,17.0,2.0,False,Loss
2968598,2,DRM,CE,DRM,CE,Blue,Pinki,Kaisa,Sion,BOT,8,18.0,2.0,True,Win
2968598,2,DRM,CE,DRM,CE,Blue,Tochas,Leona,Leona,SUP,9,19.0,2.0,True,Win
2968598,2,DRM,CE,CE,DRM,Red,Skeid,Karma,Dr. Mundo,SUP,10,20.0,2.0,False,Loss
2968598,3,CE,DRM,CE,DRM,Blue,Dreampull,Gnar,Pantheon,TOP,1,7.0,1.0,False,Loss
2968598,3,CE,DRM,DRM,CE,Red,Cha0s,Olaf,Jinx,TOP,2,8.0,1.0,True,Win
2968598,3,CE,DRM,DRM,CE,Red,CLEARS,Ivern,Nautilus,JGL,3,9.0,1.0,True,Win
2968598,3,CE,DRM,CE,DRM,Blue,D4SH,Pantheon,Braum,JGL,4,10.0,1.0,False,Loss
2968598,3,CE,DRM,CE,DRM,Blue,DarkBlue,Aurora,Yunara,MID,5,11.0,1.0,False,Loss
2968598,3,CE,DRM,DRM,CE,Red,Bankai,Vladimir,Ivern,MID,6,12.0,1.0,True,Win
2968598,3,CE,DRM,DRM,CE,Red,Pinki,Jinx,Olaf,BOT,7,17.0,2.0,True,Win
2968598,3,CE,DRM,CE,DRM,Blue,NBA,Yunara,Gnar,BOT,8,18.0,2.0,False,Loss
2968598,3,CE,DRM,CE,DRM,Blue,Skeid,Braum,Aurora,SUP,9,19.0,2.0,False,Loss
2968598,3,CE,DRM,DRM,CE,Red,Tochas,Nautilus,Vladimir,SUP,10,20.0,2.0,True,Win
2968599,1,GOB,BBK,GOB,BBK,Blue,brokk,DrMundo,Lillia,TOP,1,7.0,1.0,True,Win
2968599,1,GOB,BBK,BBK,GOB,Red,primavera,Pantheon,Pantheon,JGL,2,8.0,1.0,False,Loss
2968599,1,GOB,BBK,BBK,GOB,Red,TinjaNurtle,Annie,Annie,MID,3,9.0,1.0,False,Loss
2968599,1,GOB,BBK,GOB,BBK,Blue,Anechek,Lillia,Akali,JGL,4,10.0,1.0,True,Win
2968599,1,GOB,BBK,GOB,BBK,Blue,z1zimink,Akali,Dr. Mundo,MID,5,11.0,1.0,True,Win
2968599,1,GOB,BBK,BBK,GOB,Red,Sankaizer,Ambessa,Ambessa,TOP,6,12.0,1.0,False,Loss
2968599,1,GOB,BBK,BBK,GOB,Red,demonadc,Kaisa,Kai'Sa,BOT,7,17.0,2.0,False,Loss
2968599,1,GOB,BBK,GOB,BBK,Blue,Fengu,Tristana,Tristana,BOT,8,18.0,2.0,True,Win
2968599,1,GOB,BBK,GOB,BBK,Blue,PretyFellow,Nautilus,Nautilus,SUP,9,19.0,2.0,True,Win
2968599,1,GOB,BBK,BBK,GOB,Red,Lekcyc,Thresh,Thresh,SUP,10,20.0,2.0,False,Loss
2968600,1,OTS,NGE,OTS,NGE,Blue,GreatGary,Gnar,Viktor,TOP,1,7.0,1.0,False,Loss
2968600,1,OTS,NGE,NGE,OTS,Red,C714lo,Malphite,Cassiopeia,TOP,2,8.0,1.0,True,Win
2968600,1,OTS,NGE,NGE,OTS,Red,Janis,Skarner,Skarner,JGL,3,9.0,1.0,True,Win
2968600,1,OTS,NGE,OTS,NGE,Blue,Kurama,Zaahen,Nautilus,JGL,4,10.0,1.0,False,Loss
2968600,1,OTS,NGE,OTS,NGE,Blue,Baca,Syndra,Zaahen,MID,5,11.0,1.0,False,Loss
2968600,1,OTS,NGE,NGE,OTS,Red,Katashi,Cassiopeia,Rell,MID,6,12.0,1.0,True,Win
2968600,1,OTS,NGE,NGE,OTS,Red,Dezo,Sivir,Sivir,BOT,7,17.0,2.0,True,Win
2968600,1,OTS,NGE,OTS,NGE,Blue,Deadly,Viktor,Gnar,BOT,8,18.0,2.0,False,Loss
2968600,1,OTS,NGE,OTS,NGE,Blue,Smarty,Nautilus,Syndra,SUP,9,19.0,2.0,False,Loss
2968600,1,OTS,NGE,NGE,OTS,Red,H4far,Rell,Malphite,SUP,10,20.0,2.0,True,Win
2968600,2,NGE,OTS,NGE,OTS,Blue,C714lo,Renekton,Orianna,TOP,1,7.0,1.0,False,Loss
2968600,2,NGE,OTS,OTS,NGE,Red,GreatGary,KSante,Bard,TOP,2,8.0,1.0,True,Win
2968600,2,NGE,OTS,OTS,NGE,Red,Kurama,Qiyana,Qiyana,JGL,3,9.0,1.0,True,Win
2968600,2,NGE,OTS,NGE,OTS,Blue,Janis,Naafiri,Naafiri,JGL,4,10.0,1.0,False,Loss
2968600,2,NGE,OTS,NGE,OTS,Blue,Katashi,Orianna,Rakan,MID,5,11.0,1.0,False,Loss
2968600,2,NGE,OTS,OTS,NGE,Red,Baca,Locke,Ezreal,MID,6,12.0,1.0,True,Win
2968600,2,NGE,OTS,OTS,NGE,Red,Deadly,Ezreal,Qiyana,BOT,7,17.0,2.0,True,Win
2968600,2,NGE,OTS,NGE,OTS,Blue,Dezo,Corki,Renekton,BOT,8,18.0,2.0,False,Loss
2968600,2,NGE,OTS,NGE,OTS,Blue,H4far,Rakan,Corki,SUP,9,19.0,2.0,False,Loss
2968600,2,NGE,OTS,OTS,NGE,Red,Smarty,Bard,K'Sante,SUP,10,20.0,2.0,True,Win
2968600,3,OTS,NGE,OTS,NGE,Blue,GreatGary,Rumble,Rumble,TOP,1,7.0,1.0,True,Win
2968600,3,OTS,NGE,NGE,OTS,Red,C714lo,Sion,Sion,TOP,2,8.0,1.0,False,Loss
2968600,3,OTS,NGE,NGE,OTS,Red,Janis,LeeSin,Ziggs,JGL,3,9.0,1.0,False,Loss
2968600,3,OTS,NGE,OTS,NGE,Blue,Kurama,Trundle,Lucian,JGL,4,10.0,1.0,True,Win
2968600,3,OTS,NGE,OTS,NGE,Blue,Baca,Sylas,Milio,MID,5,11.0,1.0,True,Win
2968600,3,OTS,NGE,NGE,OTS,Red,Katashi,Akali,Blitzcrank,MID,6,12.0,1.0,False,Loss
2968600,3,OTS,NGE,NGE,OTS,Red,Dezo,Ziggs,Lee Sin,BOT,7,17.0,2.0,False,Loss
2968600,3,OTS,NGE,OTS,NGE,Blue,Deadly,Lucian,Trundle,BOT,8,18.0,2.0,True,Win
2968600,3,OTS,NGE,OTS,NGE,Blue,Smarty,Milio,Sylas,SUP,9,19.0,2.0,True,Win
2968600,3,OTS,NGE,NGE,OTS,Red,H4far,Blitzcrank,Akali,SUP,10,20.0,2.0,False,Loss
2968601,1,RSW,ZZG,RSW,ZZG,Blue,Meginski,KSante,Jarvan IV,TOP,1,7.0,1.0,False,Loss
2968601,1,RSW,ZZG,ZZG,RSW,Red,JoKozz,Gnar,Aatrox,TOP,2,8.0,1.0,True,Win
2968601,1,RSW,ZZG,ZZG,RSW,Red,Redsoft,Aatrox,Nautilus,JGL,3,9.0,1.0,True,Win
2968601,1,RSW,ZZG,RSW,ZZG,Blue,right,JarvanIV,Braum,JGL,4,10.0,1.0,False,Loss
2968601,1,RSW,ZZG,RSW,ZZG,Blue,Zeradyn,Orianna,Orianna,MID,5,11.0,1.0,False,Loss
2968601,1,RSW,ZZG,ZZG,RSW,Red,KozziR,Akali,Akali,MID,6,12.0,1.0,True,Win
2968601,1,RSW,ZZG,ZZG,RSW,Red,ALL X,Ezreal,Ezreal,BOT,7,17.0,2.0,True,Win
2968601,1,RSW,ZZG,RSW,ZZG,Blue,Soryusan,Zeri,Zeri,BOT,8,18.0,2.0,False,Loss
2968601,1,RSW,ZZG,RSW,ZZG,Blue,Maufest,Braum,K'Sante,SUP,9,19.0,2.0,False,Loss
2968601,1,RSW,ZZG,ZZG,RSW,Red,ALPX,Nautilus,Gnar,SUP,10,20.0,2.0,True,Win
2968601,2,ZZG,RSW,ZZG,RSW,Blue,JoKozz,Ornn,Syndra,TOP,1,7.0,1.0,True,Win
2968601,2,ZZG,RSW,RSW,ZZG,Red,Meginski,Gwen,Soraka,TOP,2,8.0,1.0,False,Loss
2968601,2,ZZG,RSW,RSW,ZZG,Red,right,MonkeyKing,Kai'Sa,JGL,3,9.0,1.0,False,Loss
2968601,2,ZZG,RSW,ZZG,RSW,Blue,Redsoft,Skarner,Yunara,JGL,4,10.0,1.0,True,Win
2968601,2,ZZG,RSW,ZZG,RSW,Blue,KozziR,Syndra,Lulu,MID,5,11.0,1.0,True,Win
2968601,2,ZZG,RSW,RSW,ZZG,Red,Zeradyn,Soraka,Thresh,MID,6,12.0,1.0,False,Loss
2968601,2,ZZG,RSW,RSW,ZZG,Red,Soryusan,Kaisa,Wukong,BOT,7,17.0,2.0,False,Loss
2968601,2,ZZG,RSW,ZZG,RSW,Blue,IAll,Yunara,Skarner,BOT,8,18.0,2.0,True,Win
2968601,2,ZZG,RSW,ZZG,RSW,Blue,ALPX,Lulu,Ornn,SUP,9,19.0,2.0,True,Win
2968601,2,ZZG,RSW,RSW,ZZG,Red,Maufest,Thresh,Gwen,SUP,10,20.0,2.0,False,Loss
2968602,1,GDE,FCN,GDE,FCN,Blue,Caucha,Renekton,Renekton,TOP,1,7.0,1.0,False,Loss
2968602,1,GDE,FCN,FCN,GDE,Red,LVS,Kennen,Ezreal,TOP,2,8.0,1.0,True,Win
2968602,1,GDE,FCN,FCN,GDE,Red,MART,Vi,Vi,JGL,3,9.0,1.0,True,Win
2968602,1,GDE,FCN,GDE,FCN,Blue,Bitse,Ivern,Ivern,JGL,4,10.0,1.0,False,Loss
2968602,1,GDE,FCN,GDE,FCN,Blue,Sofiane,Locke,Kalista,MID,5,11.0,1.0,False,Loss
2968602,1,GDE,FCN,FCN,GDE,Red,NOMA,Cassiopeia,Rell,MID,6,12.0,1.0,True,Win
2968602,1,GDE,FCN,FCN,GDE,Red,Mindrago,Ezreal,Cassiopeia,BOT,7,17.0,2.0,True,Win
2968602,1,GDE,FCN,GDE,FCN,Blue,Usuurper,Kalista,Renata Glasc,BOT,8,18.0,2.0,False,Loss
2968602,1,GDE,FCN,GDE,FCN,Blue,TommyG,Renata,Renekton,SUP,9,19.0,2.0,False,Loss
2968602,1,GDE,FCN,FCN,GDE,Red,Ze Luis,Rell,Kennen,SUP,10,20.0,2.0,True,Win
2968602,2,FCN,GDE,FCN,GDE,Blue,LVS,Ambessa,Ryze,TOP,1,7.0,1.0,True,Win
2968602,2,FCN,GDE,GDE,FCN,Red,Caucha,Gnar,Jarvan IV,TOP,2,8.0,1.0,False,Loss
2968602,2,FCN,GDE,GDE,FCN,Red,Bitse,JarvanIV,Syndra,JGL,3,9.0,1.0,False,Loss
2968602,2,FCN,GDE,FCN,GDE,Blue,MART,XinZhao,Xin Zhao,JGL,4,10.0,1.0,True,Win
2968602,2,FCN,GDE,FCN,GDE,Blue,NOMA,Ryze,Ambessa,MID,5,11.0,1.0,True,Win
2968602,2,FCN,GDE,GDE,FCN,Red,Sofiane,Viktor,Gnar,MID,6,12.0,1.0,False,Loss
2968602,2,FCN,GDE,GDE,FCN,Red,Usuurper,Syndra,Viktor,BOT,7,17.0,2.0,False,Loss
2968602,2,FCN,GDE,FCN,GDE,Blue,Mindrago,Caitlyn,Caitlyn,BOT,8,18.0,2.0,True,Win
2968602,2,FCN,GDE,FCN,GDE,Blue,Ze Luis,Leona,Leona,SUP,9,19.0,2.0,True,Win
2968602,2,FCN,GDE,GDE,FCN,Red,TommyG,Alistar,Alistar,SUP,10,20.0,2.0,False,Loss
2968603,1,WG,TTB,WG,TTB,Blue,FIK,Sion,Orianna,TOP,1,7.0,1.0,False,Loss
2968603,1,WG,TTB,TTB,WG,Red,Trtgfg,Ahri,Ahri,MID,2,8.0,1.0,True,Win
2968603,1,WG,TTB,TTB,WG,Red,KIKO,Nocturne,Nocturne,JGL,3,9.0,1.0,True,Win
2968603,1,WG,TTB,WG,TTB,Blue,saibotbias,Vi,Vi,JGL,4,10.0,1.0,False,Loss
2968603,1,WG,TTB,WG,TTB,Blue,Ghost3,Orianna,Sion,MID,5,11.0,1.0,False,Loss
2968603,1,WG,TTB,TTB,WG,Red,Artishpalk,Ambessa,Ambessa,TOP,6,12.0,1.0,True,Win
2968603,1,WG,TTB,TTB,WG,Red,Carros 2,Kaisa,Kai'Sa,BOT,7,17.0,2.0,True,Win
2968603,1,WG,TTB,WG,TTB,Blue,Rato,Xayah,Xayah,BOT,8,18.0,2.0,False,Loss
2968603,1,WG,TTB,WG,TTB,Blue,Albino Poro,Rakan,Rakan,SUP,9,19.0,2.0,False,Loss
2968603,1,WG,TTB,TTB,WG,Red,raisu,Nautilus,Nautilus,SUP,10,20.0,2.0,True,Win
2968603,2,TTB,WG,TTB,WG,Blue,Trtgfg,Akali,Akali,MID,1,7.0,1.0,True,Win
2968603,2,TTB,WG,WG,TTB,Red,FIK,KSante,Jhin,TOP,2,8.0,1.0,False,Loss
2968603,2,TTB,WG,WG,TTB,Red,saibotbias,FiddleSticks,Ryze,JGL,3,9.0,1.0,False,Loss
2968603,2,TTB,WG,TTB,WG,Blue,KIKO,LeeSin,Lee Sin,JGL,4,10.0,1.0,True,Win
2968603,2,TTB,WG,TTB,WG,Blue,Carros 2,Yunara,Yunara,BOT,5,11.0,1.0,True,Win
2968603,2,TTB,WG,WG,TTB,Red,Ghost3,Ryze,Rell,MID,6,12.0,1.0,False,Loss
2968603,2,TTB,WG,WG,TTB,Red,Rato,Jhin,Fiddlesticks,BOT,7,17.0,2.0,False,Loss
2968603,2,TTB,WG,TTB,WG,Blue,Artishpalk,Ornn,Ornn,TOP,8,18.0,2.0,True,Win
2968603,2,TTB,WG,TTB,WG,Blue,raisu,Braum,Braum,SUP,9,19.0,2.0,True,Win
2968603,2,TTB,WG,WG,TTB,Red,Albino Poro,Rell,K'Sante,SUP,10,20.0,2.0,False,Loss
2968604,1,CE,BBK,CE,BBK,Blue,Dreampull,Rumble,Rumble,TOP,1,7.0,1.0,True,Win
2968604,1,CE,BBK,BBK,CE,Red,Sankaizer,Sion,Sion,TOP,2,8.0,1.0,False,Loss
2968604,1,CE,BBK,BBK,CE,Red,TinjaNurtle,MonkeyKing,Ryze,JGL,3,9.0,1.0,False,Loss
2968604,1,CE,BBK,CE,BBK,Blue,D4SH,Vi,Anivia,JGL,4,10.0,1.0,True,Win
2968604,1,CE,BBK,CE,BBK,Blue,DarkBlue,Anivia,Vi,MID,5,11.0,1.0,True,Win
2968604,1,CE,BBK,BBK,CE,Red,Heroic,Ryze,Bard,MID,6,12.0,1.0,False,Loss
2968604,1,CE,BBK,BBK,CE,Red,demonadc,Xayah,Xayah,BOT,7,17.0,2.0,False,Loss
2968604,1,CE,BBK,CE,BBK,Blue,NBA,Lucian,Lucian,BOT,8,18.0,2.0,True,Win
2968604,1,CE,BBK,CE,BBK,Blue,Skeid,Milio,Milio,SUP,9,19.0,2.0,True,Win
2968604,1,CE,BBK,BBK,CE,Red,Lekcyc,Bard,Wukong,SUP,10,20.0,2.0,False,Loss
2968604,2,BBK,CE,BBK,CE,Blue,Sankaizer,Renekton,Cassiopeia,TOP,1,7.0,1.0,True,Win
2968604,2,BBK,CE,CE,BBK,Red,Dreampull,Jayce,Viktor,TOP,2,8.0,1.0,False,Loss
2968604,2,BBK,CE,CE,BBK,Red,D4SH,Nocturne,Nocturne,JGL,3,9.0,1.0,False,Loss
2968604,2,BBK,CE,BBK,CE,Blue,TinjaNurtle,Skarner,Skarner,JGL,4,10.0,1.0,True,Win
2968604,2,BBK,CE,BBK,CE,Blue,Heroic,Cassiopeia,Tristana,MID,5,11.0,1.0,True,Win
2968604,2,BBK,CE,CE,BBK,Red,DarkBlue,Viktor,Corki,MID,6,12.0,1.0,False,Loss
2968604,2,BBK,CE,CE,BBK,Red,NBA,Corki,Alistar,BOT,7,17.0,2.0,False,Loss
2968604,2,BBK,CE,BBK,CE,Blue,demonadc,Tristana,Rakan,BOT,8,18.0,2.0,True,Win
2968604,2,BBK,CE,BBK,CE,Blue,Lekcyc,Rakan,Renekton,SUP,9,19.0,2.0,True,Win
2968604,2,BBK,CE,CE,BBK,Red,Skeid,Alistar,Jayce,SUP,10,20.0,2.0,False,Loss
2968604,3,BBK,CE,BBK,CE,Blue,Sankaizer,Ambessa,Rell,TOP,1,7.0,1.0,True,Win
2968604,3,BBK,CE,CE,BBK,Red,Dreampull,Vayne,Nautilus,TOP,2,8.0,1.0,False,Loss
2968604,3,BBK,CE,CE,BBK,Red,D4SH,Pantheon,Pantheon,JGL,3,9.0,1.0,False,Loss
2968604,3,BBK,CE,BBK,CE,Blue,TinjaNurtle,LeeSin,Ambessa,JGL,4,10.0,1.0,True,Win
2968604,3,BBK,CE,BBK,CE,Blue,Heroic,Taliyah,Taliyah,MID,5,11.0,1.0,True,Win
2968604,3,BBK,CE,CE,BBK,Red,DarkBlue,TwistedFate,Vayne,MID,6,12.0,1.0,False,Loss
2968604,3,BBK,CE,CE,BBK,Red,NBA,Ziggs,Ziggs,BOT,7,17.0,2.0,False,Loss
2968604,3,BBK,CE,BBK,CE,Blue,demonadc,Kaisa,Kai'Sa,BOT,8,18.0,2.0,True,Win
2968604,3,BBK,CE,BBK,CE,Blue,Lekcyc,Rell,Lee Sin,SUP,9,19.0,2.0,True,Win
2968604,3,BBK,CE,CE,BBK,Red,Skeid,Nautilus,Twisted Fate,SUP,10,20.0,2.0,False,Loss
2968605,1,TTB,NGE,TTB,NGE,Blue,Artishpalk,Ornn,Akali,TOP,1,7.0,1.0,False,Loss
2968605,1,TTB,NGE,NGE,TTB,Red,C714lo,Mordekaiser,LeBlanc,TOP,2,8.0,1.0,True,Win
2968605,1,TTB,NGE,NGE,TTB,Red,Janis,LeeSin,Lee Sin,JGL,3,9.0,1.0,True,Win
2968605,1,TTB,NGE,TTB,NGE,Blue,KIKO,Vi,Vi,JGL,4,10.0,1.0,False,Loss
2968605,1,TTB,NGE,TTB,NGE,Blue,Trtgfg,Akali,Yunara,MID,5,11.0,1.0,False,Loss
2968605,1,TTB,NGE,NGE,TTB,Red,Katashi,Leblanc,Xayah,MID,6,12.0,1.0,True,Win
2968605,1,TTB,NGE,NGE,TTB,Red,Dezo,Xayah,Rakan,BOT,7,17.0,2.0,True,Win
2968605,1,TTB,NGE,TTB,NGE,Blue,Carros 2,Yunara,Nautilus,BOT,8,18.0,2.0,False,Loss
2968605,1,TTB,NGE,TTB,NGE,Blue,raisu,Nautilus,Ornn,SUP,9,19.0,2.0,False,Loss
2968605,1,TTB,NGE,NGE,TTB,Red,H4far,Rakan,Mordekaiser,SUP,10,20.0,2.0,True,Win
2968605,2,NGE,TTB,NGE,TTB,Blue,C714lo,KSante,Cassiopeia,TOP,1,7.0,1.0,False,Loss
2968605,2,NGE,TTB,TTB,NGE,Red,Trtgfg,Ahri,Ahri,MID,2,8.0,1.0,True,Win
2968605,2,NGE,TTB,TTB,NGE,Red,KIKO,MonkeyKing,Wukong,JGL,3,9.0,1.0,True,Win
2968605,2,NGE,TTB,NGE,TTB,Blue,Janis,XinZhao,Xin Zhao,JGL,4,10.0,1.0,False,Loss
2968605,2,NGE,TTB,NGE,TTB,Blue,Katashi,Cassiopeia,Zeri,MID,5,11.0,1.0,False,Loss
2968605,2,NGE,TTB,TTB,NGE,Red,Artishpalk,Rumble,Rumble,TOP,6,12.0,1.0,True,Win
2968605,2,NGE,TTB,TTB,NGE,Red,Carros 2,Lucian,Lucian,BOT,7,17.0,2.0,True,Win
2968605,2,NGE,TTB,NGE,TTB,Blue,Dezo,Zeri,Milio,BOT,8,18.0,2.0,False,Loss
2968605,2,NGE,TTB,NGE,TTB,Blue,H4far,Milio,K'Sante,SUP,9,19.0,2.0,False,Loss
2968605,2,NGE,TTB,TTB,NGE,Red,raisu,Blitzcrank,Blitzcrank,SUP,10,20.0,2.0,True,Win
2968605,3,TTB,NGE,TTB,NGE,Blue,Trtgfg,Orianna,Orianna,MID,1,7.0,1.0,True,Win
2968605,3,TTB,NGE,NGE,TTB,Red,C714lo,Renekton,Sylas,TOP,2,8.0,1.0,False,Loss
2968605,3,TTB,NGE,NGE,TTB,Red,Janis,Skarner,Bard,JGL,3,9.0,1.0,False,Loss
2968605,3,TTB,NGE,TTB,NGE,Blue,KIKO,Naafiri,Naafiri,JGL,4,10.0,1.0,True,Win
2968605,3,TTB,NGE,TTB,NGE,Blue,raisu,Leona,Poppy,SUP,5,11.0,1.0,True,Win
2968605,3,TTB,NGE,NGE,TTB,Red,Katashi,Sylas,Renekton,MID,6,12.0,1.0,False,Loss
2968605,3,TTB,NGE,NGE,TTB,Red,Dezo,Syndra,Syndra,BOT,7,17.0,2.0,False,Loss
2968605,3,TTB,NGE,TTB,NGE,Blue,Carros 2,Caitlyn,Caitlyn,BOT,8,18.0,2.0,True,Win
2968605,3,TTB,NGE,TTB,NGE,Blue,Artishpalk,Poppy,Leona,TOP,9,19.0,2.0,True,Win
2968605,3,TTB,NGE,NGE,TTB,Red,H4far,Bard,Skarner,SUP,10,20.0,2.0,False,Loss
2968606,1,FCN,ZZG,FCN,ZZG,Blue,LVS,Rumble,Rumble,TOP,1,7.0,1.0,True,Win
2968606,1,FCN,ZZG,ZZG,FCN,Red,JoKozz,KSante,Viktor,TOP,2,8.0,1.0,False,Loss
2968606,1,FCN,ZZG,ZZG,FCN,Red,Redsoft,Aatrox,K'Sante,JGL,3,9.0,1.0,False,Loss
2968606,1,FCN,ZZG,FCN,ZZG,Blue,MART,JarvanIV,Syndra,JGL,4,10.0,1.0,True,Win
2968606,1,FCN,ZZG,FCN,ZZG,Blue,NOMA,Syndra,Jarvan IV,MID,5,11.0,1.0,True,Win
2968606,1,FCN,ZZG,ZZG,FCN,Red,KozziR,Viktor,Aatrox,MID,6,12.0,1.0,False,Loss
2968606,1,FCN,ZZG,ZZG,FCN,Red,ALL X,Kaisa,Leona,BOT,7,17.0,2.0,False,Loss
2968606,1,FCN,ZZG,FCN,ZZG,Blue,Mindrago,Ezreal,Ezreal,BOT,8,18.0,2.0,True,Win
2968606,1,FCN,ZZG,FCN,ZZG,Blue,Ze Luis,Rell,Rell,SUP,9,19.0,2.0,True,Win
2968606,1,FCN,ZZG,ZZG,FCN,Red,Towhat,Leona,Kai'Sa,SUP,10,20.0,2.0,False,Loss
2968606,2,FCN,ZZG,FCN,ZZG,Blue,LVS,Olaf,Ryze,TOP,1,7.0,1.0,True,Win
2968606,2,FCN,ZZG,ZZG,FCN,Red,JoKozz,Gnar,Xin Zhao,TOP,2,8.0,1.0,False,Loss
2968606,2,FCN,ZZG,ZZG,FCN,Red,Redsoft,XinZhao,Caitlyn,JGL,3,9.0,1.0,False,Loss
2968606,2,FCN,ZZG,FCN,ZZG,Blue,MART,Viego,Viego,JGL,4,10.0,1.0,True,Win
2968606,2,FCN,ZZG,FCN,ZZG,Blue,NOMA,Ryze,Bard,MID,5,11.0,1.0,True,Win
2968606,2,FCN,ZZG,ZZG,FCN,Red,KozziR,Orianna,Orianna,MID,6,12.0,1.0,False,Loss
2968606,2,FCN,ZZG,ZZG,FCN,Red,ALL X,Caitlyn,Neeko,BOT,7,17.0,2.0,False,Loss
2968606,2,FCN,ZZG,FCN,ZZG,Blue,Mindrago,Varus,Varus,BOT,8,18.0,2.0,True,Win
2968606,2,FCN,ZZG,FCN,ZZG,Blue,Ze Luis,Bard,Olaf,SUP,9,19.0,2.0,True,Win
2968606,2,FCN,ZZG,ZZG,FCN,Red,Towhat,Neeko,Gnar,SUP,10,20.0,2.0,False,Loss
2968608,1,BBK,HYPE,BBK,HYPE,Blue,Sankaizer,Shen,Ryze,TOP,1,7.0,1.0,False,Loss
2968608,1,BBK,HYPE,HYPE,BBK,Red,D4rtaine,Rumble,Rumble,TOP,2,8.0,1.0,True,Win
2968608,1,BBK,HYPE,HYPE,BBK,Red,Raluxu,Sejuani,Sejuani,JGL,3,9.0,1.0,True,Win
2968608,1,BBK,HYPE,BBK,HYPE,Blue,TinjaNurtle,Trundle,Shen,JGL,4,10.0,1.0,False,Loss
2968608,1,BBK,HYPE,BBK,HYPE,Blue,Heroic,Ryze,Trundle,MID,5,11.0,1.0,False,Loss
2968608,1,BBK,HYPE,HYPE,BBK,Red,Alvanai1,Yone,Yone,MID,6,12.0,1.0,True,Win
2968608,1,BBK,HYPE,HYPE,BBK,Red,K1NG1,Tristana,Tristana,BOT,7,17.0,2.0,True,Win
2968608,1,BBK,HYPE,BBK,HYPE,Blue,demonadc,Lucian,Lucian,BOT,8,18.0,2.0,False,Loss
2968608,1,BBK,HYPE,BBK,HYPE,Blue,Lekcyc,Milio,Milio,SUP,9,19.0,2.0,False,Loss
2968608,1,BBK,HYPE,HYPE,BBK,Red,ZaFiR,Rakan,Rakan,SUP,10,20.0,2.0,True,Win
2968608,2,BBK,HYPE,BBK,HYPE,Blue,Sankaizer,Chogath,Cho'Gath,TOP,1,7.0,1.0,True,Win
2968608,2,BBK,HYPE,HYPE,BBK,Red,D4rtaine,Sion,Sion,TOP,2,8.0,1.0,False,Loss
2968608,2,BBK,HYPE,HYPE,BBK,Red,Raluxu,LeeSin,Lee Sin,JGL,3,9.0,1.0,False,Loss
2968608,2,BBK,HYPE,BBK,HYPE,Blue,TinjaNurtle,XinZhao,Xin Zhao,JGL,4,10.0,1.0,True,Win
2968608,2,BBK,HYPE,BBK,HYPE,Blue,Heroic,Syndra,Syndra,MID,5,11.0,1.0,True,Win
2968608,2,BBK,HYPE,HYPE,BBK,Red,Alvanai1,Sylas,Sylas,MID,6,12.0,1.0,False,Loss
2968608,2,BBK,HYPE,HYPE,BBK,Red,K1NG1,Caitlyn,Caitlyn,BOT,7,17.0,2.0,False,Loss
2968608,2,BBK,HYPE,BBK,HYPE,Blue,demonadc,Varus,Varus,BOT,8,18.0,2.0,True,Win
2968608,2,BBK,HYPE,BBK,HYPE,Blue,Lekcyc,Bard,Bard,SUP,9,19.0,2.0,True,Win
2968608,2,BBK,HYPE,HYPE,BBK,Red,ZaFiR,Leona,Leona,SUP,10,20.0,2.0,False,Loss
2968608,3,BBK,HYPE,BBK,HYPE,Blue,Sankaizer,Ornn,Jayce,TOP,1,7.0,1.0,True,Win
2968608,3,BBK,HYPE,HYPE,BBK,Red,D4rtaine,Fiora,Maokai,TOP,2,8.0,1.0,False,Loss
2968608,3,BBK,HYPE,HYPE,BBK,Red,Raluxu,Maokai,Corki,JGL,3,9.0,1.0,False,Loss
2968608,3,BBK,HYPE,BBK,HYPE,Blue,TinjaNurtle,Lillia,Lillia,JGL,4,10.0,1.0,True,Win
2968608,3,BBK,HYPE,BBK,HYPE,Blue,Heroic,Jayce,Jhin,MID,5,11.0,1.0,True,Win
2968608,3,BBK,HYPE,HYPE,BBK,Red,Alvanai1,Corki,Nautilus,MID,6,12.0,1.0,False,Loss
2968608,3,BBK,HYPE,HYPE,BBK,Red,K1NG1,Kaisa,Kai'Sa,BOT,7,17.0,2.0,False,Loss
2968608,3,BBK,HYPE,BBK,HYPE,Blue,Lekcyc,Braum,Braum,SUP,8,18.0,2.0,True,Win
2968608,3,BBK,HYPE,BBK,HYPE,Blue,demonadc,Jhin,Ornn,BOT,9,19.0,2.0,True,Win
2968608,3,BBK,HYPE,HYPE,BBK,Red,ZaFiR,Nautilus,Fiora,SUP,10,20.0,2.0,False,Loss
2968608,4,BBK,HYPE,BBK,HYPE,Blue,Sankaizer,Jax,Ambessa,TOP,1,7.0,1.0,True,Win
2968608,4,BBK,HYPE,HYPE,BBK,Red,D4rtaine,Camille,Lulu,TOP,2,8.0,1.0,False,Loss
2968608,4,BBK,HYPE,HYPE,BBK,Red,Raluxu,Skarner,Skarner,JGL,3,9.0,1.0,False,Loss
2968608,4,BBK,HYPE,BBK,HYPE,Blue,TinjaNurtle,Ambessa,Karma,JGL,4,10.0,1.0,True,Win
2968608,4,BBK,HYPE,BBK,HYPE,Blue,Heroic,Hwei,Yunara,MID,5,11.0,1.0,True,Win
2968608,4,BBK,HYPE,HYPE,BBK,Red,Alvanai1,TwistedFate,Kog'Maw,MID,6,12.0,1.0,False,Loss
2968608,4,BBK,HYPE,HYPE,BBK,Red,K1NG1,KogMaw,Camille,BOT,7,17.0,2.0,False,Loss
2968608,4,BBK,HYPE,BBK,HYPE,Blue,demonadc,Yunara,Jax,BOT,8,18.0,2.0,True,Win
2968608,4,BBK,HYPE,BBK,HYPE,Blue,Lekcyc,Karma,Hwei,SUP,9,19.0,2.0,True,Win
2968608,4,BBK,HYPE,HYPE,BBK,Red,ZaFiR,Lulu,Twisted Fate,SUP,10,20.0,2.0,False,Loss
2968610,1,WD,TTB,WD,TTB,Blue,Falleo,Rumble,Rumble,TOP,1,7.0,1.0,True,Win
2968610,1,WD,TTB,TTB,WD,Red,Artishpalk,Galio,Wukong,TOP,2,8.0,1.0,False,Loss
2968610,1,WD,TTB,TTB,WD,Red,KIKO,MonkeyKing,Galio,JGL,3,9.0,1.0,False,Loss
2968610,1,WD,TTB,WD,TTB,Blue,Salgueiro,XinZhao,Xin Zhao,JGL,4,10.0,1.0,True,Win
2968610,1,WD,TTB,WD,TTB,Blue,Fred,Viktor,Rell,MID,5,11.0,1.0,True,Win
2968610,1,WD,TTB,TTB,WD,Red,Trtgfg,Aurora,Alistar,MID,6,12.0,1.0,False,Loss
2968610,1,WD,TTB,TTB,WD,Red,Carros 2,Jhin,Jhin,BOT,7,17.0,2.0,False,Loss
2968610,1,WD,TTB,WD,TTB,Blue,GotzY,Xayah,Xayah,BOT,8,18.0,2.0,True,Win
2968610,1,WD,TTB,WD,TTB,Blue,Calmsky,Rell,Viktor,SUP,9,19.0,2.0,True,Win
2968610,1,WD,TTB,TTB,WD,Red,Besnaga,Alistar,Aurora,SUP,10,20.0,2.0,False,Loss
2968610,2,TTB,WD,TTB,WD,Blue,Artishpalk,Ornn,Ahri,TOP,1,7.0,1.0,False,Loss
2968610,2,TTB,WD,WD,TTB,Red,Falleo,Ambessa,Vi,TOP,2,8.0,1.0,True,Win
2968610,2,TTB,WD,WD,TTB,Red,Salgueiro,Vi,Lissandra,JGL,3,9.0,1.0,True,Win
2968610,2,TTB,WD,TTB,WD,Blue,KIKO,Naafiri,Naafiri,JGL,4,10.0,1.0,False,Loss
2968610,2,TTB,WD,TTB,WD,Blue,Trtgfg,Ahri,Varus,MID,5,11.0,1.0,False,Loss
2968610,2,TTB,WD,WD,TTB,Red,Fred,Lissandra,Ambessa,MID,6,12.0,1.0,True,Win
2968610,2,TTB,WD,WD,TTB,Red,GotzY,MissFortune,Miss Fortune,BOT,7,17.0,2.0,True,Win
2968610,2,TTB,WD,TTB,WD,Blue,Carros 2,Varus,Braum,BOT,8,18.0,2.0,False,Loss
2968610,2,TTB,WD,TTB,WD,Blue,Besnaga,Braum,Ornn,SUP,9,19.0,2.0,False,Loss
2968610,2,TTB,WD,WD,TTB,Red,Calmsky,Sona,Sona,SUP,10,20.0,2.0,True,Win
2968610,3,WD,TTB,WD,TTB,Blue,Falleo,Olaf,Ezreal,TOP,1,7.0,1.0,True,Win
2968610,3,WD,TTB,TTB,WD,Red,Artishpalk,Kled,Lucian,TOP,2,8.0,1.0,False,Loss
2968610,3,WD,TTB,TTB,WD,Red,KIKO,Trundle,Nautilus,JGL,3,9.0,1.0,False,Loss
2968610,3,WD,TTB,WD,TTB,Blue,Salgueiro,Lillia,Leona,JGL,4,10.0,1.0,True,Win
2968610,3,WD,TTB,WD,TTB,Blue,Fred,Tristana,Olaf,MID,5,11.0,1.0,True,Win
2968610,3,WD,TTB,TTB,WD,Red,Trtgfg,Hwei,Kled,MID,6,12.0,1.0,False,Loss
2968610,3,WD,TTB,TTB,WD,Red,Carros 2,Lucian,Trundle,BOT,7,17.0,2.0,False,Loss
2968610,3,WD,TTB,WD,TTB,Blue,GotzY,Ezreal,Lillia,BOT,8,18.0,2.0,True,Win
2968610,3,WD,TTB,WD,TTB,Blue,Calmsky,Leona,Tristana,SUP,9,19.0,2.0,True,Win
2968610,3,WD,TTB,TTB,WD,Red,Besnaga,Nautilus,Hwei,SUP,10,20.0,2.0,False,Loss
2968611,1,GOB,DRM,GOB,DRM,Blue,brokk,Gnar,Syndra,TOP,1,7.0,1.0,True,Win
2968611,1,GOB,DRM,DRM,GOB,Red,Sukru,Vayne,Ahri,TOP,2,8.0,1.0,False,Loss
2968611,1,GOB,DRM,DRM,GOB,Red,Elramir,MonkeyKing,Ezreal,JGL,3,9.0,1.0,False,Loss
2968611,1,GOB,DRM,GOB,DRM,Blue,Anechek,XinZhao,Xin Zhao,JGL,4,10.0,1.0,True,Win
2968611,1,GOB,DRM,GOB,DRM,Blue,z1zimink,Syndra,Kai'Sa,MID,5,11.0,1.0,True,Win
2968611,1,GOB,DRM,DRM,GOB,Red,Bankai,Ahri,Wukong,MID,6,12.0,1.0,False,Loss
2968611,1,GOB,DRM,DRM,GOB,Red,Pinki,Ezreal,Nautilus,BOT,7,17.0,2.0,False,Loss
2968611,1,GOB,DRM,GOB,DRM,Blue,Fengu,Kaisa,Braum,BOT,8,18.0,2.0,True,Win
2968611,1,GOB,DRM,GOB,DRM,Blue,PretyFellow,Braum,Gnar,SUP,9,19.0,2.0,True,Win
2968611,1,GOB,DRM,DRM,GOB,Red,Tochas,Nautilus,Vayne,SUP,10,20.0,2.0,False,Loss
2968611,2,GOB,DRM,GOB,DRM,Blue,brokk,Renekton,Orianna,TOP,1,7.0,1.0,True,Win
2968611,2,GOB,DRM,DRM,GOB,Red,Sukru,Jax,Viktor,TOP,2,8.0,1.0,False,Loss
2968611,2,GOB,DRM,DRM,GOB,Red,Elramir,Sejuani,Jhin,JGL,3,9.0,1.0,False,Loss
2968611,2,GOB,DRM,GOB,DRM,Blue,Anechek,Pantheon,Renekton,JGL,4,10.0,1.0,True,Win
2968611,2,GOB,DRM,GOB,DRM,Blue,z1zimink,Orianna,Pantheon,MID,5,11.0,1.0,True,Win
2968611,2,GOB,DRM,DRM,GOB,Red,Bankai,Viktor,Jax,MID,6,12.0,1.0,False,Loss
2968611,2,GOB,DRM,DRM,GOB,Red,Pinki,Jhin,Sejuani,BOT,7,17.0,2.0,False,Loss
2968611,2,GOB,DRM,GOB,DRM,Blue,Fengu,Yunara,Yunara,BOT,8,18.0,2.0,True,Win
2968611,2,GOB,DRM,GOB,DRM,Blue,PretyFellow,Lulu,Lulu,SUP,9,19.0,2.0,True,Win
2968611,2,GOB,DRM,DRM,GOB,Red,Tochas,Bard,Bard,SUP,10,20.0,2.0,False,Loss
2968611,3,DRM,GOB,DRM,GOB,Blue,Sukru,Camille,Nocturne,TOP,1,7.0,1.0,True,Win
2968611,3,DRM,GOB,GOB,DRM,Red,brokk,Ambessa,Maokai,TOP,2,8.0,1.0,False,Loss
2968611,3,DRM,GOB,GOB,DRM,Red,Anechek,Maokai,Ambessa,JGL,3,9.0,1.0,False,Loss
2968611,3,DRM,GOB,DRM,GOB,Blue,Elramir,Nocturne,Lucian,JGL,4,10.0,1.0,True,Win
2968611,3,DRM,GOB,DRM,GOB,Blue,Bankai,Vladimir,Milio,MID,5,11.0,1.0,True,Win
2968611,3,DRM,GOB,GOB,DRM,Red,z1zimink,Jayce,Jayce,MID,6,12.0,1.0,False,Loss
2968611,3,DRM,GOB,GOB,DRM,Red,Fengu,Varus,Varus,BOT,7,17.0,2.0,False,Loss
2968611,3,DRM,GOB,DRM,GOB,Blue,Pinki,Lucian,Vladimir,BOT,8,18.0,2.0,True,Win
2968611,3,DRM,GOB,DRM,GOB,Blue,Tochas,Milio,Camille,SUP,9,19.0,2.0,True,Win
2968611,3,DRM,GOB,GOB,DRM,Red,PretyFellow,Karma,Karma,SUP,10,20.0,2.0,False,Loss
2968611,4,DRM,GOB,DRM,GOB,Blue,Sukru,KSante,Ashe,TOP,1,7.0,1.0,False,Loss
2968611,4,DRM,GOB,GOB,DRM,Red,brokk,Ornn,Tristana,TOP,2,8.0,1.0,True,Win
2968611,4,DRM,GOB,GOB,DRM,Red,Anechek,Naafiri,Naafiri,JGL,3,9.0,1.0,True,Win
2968611,4,DRM,GOB,DRM,GOB,Blue,Elramir,Hecarim,Hecarim,JGL,4,10.0,1.0,False,Loss
2968611,4,DRM,GOB,DRM,GOB,Blue,Bankai,Taliyah,Seraphine,MID,5,11.0,1.0,False,Loss
2968611,4,DRM,GOB,GOB,DRM,Red,z1zimink,Aurora,Rell,MID,6,12.0,1.0,True,Win
2968611,4,DRM,GOB,GOB,DRM,Red,Fengu,Tristana,Aurora,BOT,7,17.0,2.0,True,Win
2968611,4,DRM,GOB,DRM,GOB,Blue,Pinki,Ashe,Taliyah,BOT,8,18.0,2.0,False,Loss
2968611,4,DRM,GOB,DRM,GOB,Blue,Tochas,Seraphine,K'Sante,SUP,9,19.0,2.0,False,Loss
2968611,4,DRM,GOB,GOB,DRM,Red,PretyFellow,Rell,Ornn,SUP,10,20.0,2.0,True,Win
2968612,1,OTS,BBK,OTS,BBK,Blue,GreatGary,Rumble,Ryze,TOP,1,7.0,1.0,False,Loss
2968612,1,OTS,BBK,BBK,OTS,Red,Sankaizer,Galio,Xin Zhao,TOP,2,8.0,1.0,True,Win
2968612,1,OTS,BBK,BBK,OTS,Red,TinjaNurtle,XinZhao,Viktor,JGL,3,9.0,1.0,True,Win
2968612,1,OTS,BBK,OTS,BBK,Blue,Kurama,JarvanIV,Rumble,JGL,4,10.0,1.0,False,Loss
2968612,1,OTS,BBK,OTS,BBK,Blue,Baca,Ryze,Jarvan IV,MID,5,11.0,1.0,False,Loss
2968612,1,OTS,BBK,BBK,OTS,Red,Heroic,Viktor,Ezreal,MID,6,12.0,1.0,True,Win
2968612,1,OTS,BBK,BBK,OTS,Red,demonadc,Ezreal,Galio,BOT,7,17.0,2.0,True,Win
2968612,1,OTS,BBK,OTS,BBK,Blue,Deadly,Jhin,Jhin,BOT,8,18.0,2.0,False,Loss
2968612,1,OTS,BBK,OTS,BBK,Blue,Smarty,Nautilus,Nautilus,SUP,9,19.0,2.0,False,Loss
2968612,1,OTS,BBK,BBK,OTS,Red,Lekcyc,Braum,Braum,SUP,10,20.0,2.0,True,Win
2968612,2,BBK,OTS,BBK,OTS,Blue,Sankaizer,Gwen,Jayce,TOP,1,7.0,1.0,False,Loss
2968612,2,BBK,OTS,OTS,BBK,Red,GreatGary,Aatrox,Aatrox,TOP,2,8.0,1.0,True,Win
2968612,2,BBK,OTS,OTS,BBK,Red,Kurama,Nasus,Ahri,JGL,3,9.0,1.0,True,Win
2968612,2,BBK,OTS,BBK,OTS,Blue,TinjaNurtle,Chogath,Cho'Gath,JGL,4,10.0,1.0,False,Loss
2968612,2,BBK,OTS,BBK,OTS,Blue,Heroic,Jayce,Leona,MID,5,11.0,1.0,False,Loss
2968612,2,BBK,OTS,OTS,BBK,Red,Baca,Ahri,Alistar,MID,6,12.0,1.0,True,Win
2968612,2,BBK,OTS,OTS,BBK,Red,Deadly,Varus,Nasus,BOT,7,17.0,2.0,True,Win
2968612,2,BBK,OTS,BBK,OTS,Blue,demonadc,Caitlyn,Gwen,BOT,8,18.0,2.0,False,Loss
2968612,2,BBK,OTS,BBK,OTS,Blue,Lekcyc,Leona,Caitlyn,SUP,9,19.0,2.0,False,Loss
2968612,2,BBK,OTS,OTS,BBK,Red,Smarty,Alistar,Varus,SUP,10,20.0,2.0,True,Win
2968612,3,OTS,BBK,OTS,BBK,Blue,GreatGary,Olaf,Lee Sin,TOP,1,7.0,1.0,True,Win
2968612,3,OTS,BBK,BBK,OTS,Red,Sankaizer,Garen,Ashe,TOP,2,8.0,1.0,False,Loss
2968612,3,OTS,BBK,BBK,OTS,Red,TinjaNurtle,Pantheon,Seraphine,JGL,3,9.0,1.0,False,Loss
2968612,3,OTS,BBK,OTS,BBK,Blue,Kurama,LeeSin,Mel,JGL,4,10.0,1.0,True,Win
2968612,3,OTS,BBK,OTS,BBK,Blue,Baca,Akali,Rell,MID,5,11.0,1.0,True,Win
2968612,3,OTS,BBK,BBK,OTS,Red,Heroic,Taliyah,Pantheon,MID,6,12.0,1.0,False,Loss
2968612,3,OTS,BBK,BBK,OTS,Red,demonadc,Ashe,Taliyah,BOT,7,17.0,2.0,False,Loss
2968612,3,OTS,BBK,OTS,BBK,Blue,Deadly,Mel,Olaf,BOT,8,18.0,2.0,True,Win
2968612,3,OTS,BBK,OTS,BBK,Blue,Smarty,Rell,Akali,SUP,9,19.0,2.0,True,Win
2968612,3,OTS,BBK,BBK,OTS,Red,Lekcyc,Seraphine,Garen,SUP,10,20.0,2.0,False,Loss
2968612,4,OTS,BBK,OTS,BBK,Blue,GreatGary,Sion,Cassiopeia,TOP,1,7.0,1.0,True,Win
2968612,4,OTS,BBK,BBK,OTS,Red,Sankaizer,Shen,Syndra,TOP,2,8.0,1.0,False,Loss
2968612,4,OTS,BBK,BBK,OTS,Red,TinjaNurtle,Zaahen,Neeko,JGL,3,9.0,1.0,False,Loss
2968612,4,OTS,BBK,OTS,BBK,Blue,Kurama,Zed,Rakan,JGL,4,10.0,1.0,True,Win
2968612,4,OTS,BBK,OTS,BBK,Blue,Baca,Cassiopeia,Sion,MID,5,11.0,1.0,True,Win
2968612,4,OTS,BBK,BBK,OTS,Red,Heroic,Syndra,Shen,MID,6,12.0,1.0,False,Loss
2968612,4,OTS,BBK,BBK,OTS,Red,demonadc,Corki,Zaahen,BOT,7,17.0,2.0,False,Loss
2968612,4,OTS,BBK,OTS,BBK,Blue,Deadly,Xayah,Zed,BOT,8,18.0,2.0,True,Win
2968612,4,OTS,BBK,OTS,BBK,Blue,Smarty,Rakan,Xayah,SUP,9,19.0,2.0,True,Win
2968612,4,OTS,BBK,BBK,OTS,Red,Lekcyc,Neeko,Corki,SUP,10,20.0,2.0,False,Loss
2968613,1,WD,GOB,WD,GOB,Blue,Falleo,Renekton,Nocturne,TOP,1,7.0,1.0,True,Win
2968613,1,WD,GOB,GOB,WD,Red,brokk,DrMundo,Lillia,TOP,2,8.0,1.0,False,Loss
2968613,1,WD,GOB,GOB,WD,Red,Anechek,Lillia,Ezreal,JGL,3,9.0,1.0,False,Loss
2968613,1,WD,GOB,WD,GOB,Blue,Salgueiro,Nocturne,Lucian,JGL,4,10.0,1.0,True,Win
2968613,1,WD,GOB,WD,GOB,Blue,Fred,Aurora,Milio,MID,5,11.0,1.0,True,Win
2968613,1,WD,GOB,GOB,WD,Red,z1zimink,Yone,Karma,MID,6,12.0,1.0,False,Loss
2968613,1,WD,GOB,GOB,WD,Red,Fengu,Ezreal,Yone,BOT,7,17.0,2.0,False,Loss
2968613,1,WD,GOB,WD,GOB,Blue,GotzY,Lucian,Renekton,BOT,8,18.0,2.0,True,Win
2968613,1,WD,GOB,WD,GOB,Blue,Calmsky,Milio,Aurora,SUP,9,19.0,2.0,True,Win
2968613,1,WD,GOB,GOB,WD,Red,PretyFellow,Karma,Dr. Mundo,SUP,10,20.0,2.0,False,Loss
2968613,2,WD,GOB,WD,GOB,Blue,Falleo,Ambessa,Xin Zhao,TOP,1,7.0,1.0,True,Win
2968613,2,WD,GOB,GOB,WD,Red,brokk,Mordekaiser,Kha'Zix,TOP,2,8.0,1.0,False,Loss
2968613,2,WD,GOB,GOB,WD,Red,Anechek,Khazix,Akali,JGL,3,9.0,1.0,False,Loss
2968613,2,WD,GOB,WD,GOB,Blue,Salgueiro,XinZhao,Galio,JGL,4,10.0,1.0,True,Win
2968613,2,WD,GOB,WD,GOB,Blue,Fred,Galio,Ambessa,MID,5,11.0,1.0,True,Win
2968613,2,WD,GOB,GOB,WD,Red,z1zimink,Akali,Mordekaiser,MID,6,12.0,1.0,False,Loss
2968613,2,WD,GOB,GOB,WD,Red,Fengu,Tristana,Tristana,BOT,7,17.0,2.0,False,Loss
2968613,2,WD,GOB,WD,GOB,Blue,GotzY,Corki,Corki,BOT,8,18.0,2.0,True,Win
2968613,2,WD,GOB,WD,GOB,Blue,Calmsky,Rell,Rell,SUP,9,19.0,2.0,True,Win
2968613,2,WD,GOB,GOB,WD,Red,PretyFellow,Alistar,Alistar,SUP,10,20.0,2.0,False,Loss
2968613,3,WD,GOB,WD,GOB,Blue,Falleo,Rumble,Viktor,TOP,1,7.0,1.0,True,Win
2968613,3,WD,GOB,GOB,WD,Red,brokk,Vladimir,Viego,TOP,2,8.0,1.0,False,Loss
2968613,3,WD,GOB,GOB,WD,Red,Anechek,Viego,Ahri,JGL,3,9.0,1.0,False,Loss
2968613,3,WD,GOB,WD,GOB,Blue,Salgueiro,RekSai,Xayah,JGL,4,10.0,1.0,True,Win
2968613,3,WD,GOB,WD,GOB,Blue,Fred,Viktor,Rakan,MID,5,11.0,1.0,True,Win
2968613,3,WD,GOB,GOB,WD,Red,z1zimink,Ahri,Kai'Sa,MID,6,12.0,1.0,False,Loss
2968613,3,WD,GOB,GOB,WD,Red,Fengu,Kaisa,Amumu,BOT,7,17.0,2.0,False,Loss
2968613,3,WD,GOB,WD,GOB,Blue,GotzY,Xayah,Rek'Sai,BOT,8,18.0,2.0,True,Win
2968613,3,WD,GOB,WD,GOB,Blue,Calmsky,Rakan,Rumble,SUP,9,19.0,2.0,True,Win
2968613,3,WD,GOB,GOB,WD,Red,PretyFellow,Amumu,Vladimir,SUP,10,20.0,2.0,False,Loss
2968614,1,WD,OTS,WD,OTS,Blue,Falleo,Olaf,Lucian,TOP,1,7.0,1.0,True,Win
2968614,1,WD,OTS,OTS,WD,Red,GreatGary,Camille,Rakan,TOP,2,8.0,1.0,False,Loss
2968614,1,WD,OTS,OTS,WD,Red,Kurama,Vi,Viktor,JGL,3,9.0,1.0,False,Loss
2968614,1,WD,OTS,WD,OTS,Blue,Salgueiro,MonkeyKing,Milio,JGL,4,10.0,1.0,True,Win
2968614,1,WD,OTS,WD,OTS,Blue,Fred,Akali,Wukong,MID,5,11.0,1.0,True,Win
2968614,1,WD,OTS,OTS,WD,Red,Baca,Viktor,Xayah,MID,6,12.0,1.0,False,Loss
2968614,1,WD,OTS,OTS,WD,Red,Deadly,Xayah,Vi,BOT,7,17.0,2.0,False,Loss
2968614,1,WD,OTS,WD,OTS,Blue,GotzY,Lucian,Akali,BOT,8,18.0,2.0,True,Win
2968614,1,WD,OTS,WD,OTS,Blue,Calmsky,Milio,Olaf,SUP,9,19.0,2.0,True,Win
2968614,1,WD,OTS,OTS,WD,Red,Smarty,Rakan,Camille,SUP,10,20.0,2.0,False,Loss
2968614,2,OTS,WD,OTS,WD,Blue,GreatGary,Gnar,Syndra,TOP,1,7.0,1.0,False,Loss
2968614,2,OTS,WD,WD,OTS,Red,Falleo,Jax,Ezreal,TOP,2,8.0,1.0,True,Win
2968614,2,OTS,WD,WD,OTS,Red,Salgueiro,JarvanIV,Karma,JGL,3,9.0,1.0,True,Win
2968614,2,OTS,WD,OTS,WD,Blue,Kurama,Zed,Jhin,JGL,4,10.0,1.0,False,Loss
2968614,2,OTS,WD,OTS,WD,Blue,Baca,Syndra,Rell,MID,5,11.0,1.0,False,Loss
2968614,2,OTS,WD,WD,OTS,Red,Fred,Ahri,Jarvan IV,MID,6,12.0,1.0,True,Win
2968614,2,OTS,WD,WD,OTS,Red,GotzY,Ezreal,Ahri,BOT,7,17.0,2.0,True,Win
2968614,2,OTS,WD,OTS,WD,Blue,Deadly,Jhin,Gnar,BOT,8,18.0,2.0,False,Loss
2968614,2,OTS,WD,OTS,WD,Blue,Smarty,Rell,Zed,SUP,9,19.0,2.0,False,Loss
2968614,2,OTS,WD,WD,OTS,Red,Calmsky,Karma,Jax,SUP,10,20.0,2.0,True,Win
2968614,3,OTS,WD,OTS,WD,Blue,GreatGary,Sion,Sion,TOP,1,7.0,1.0,False,Loss
2968614,3,OTS,WD,WD,OTS,Red,Falleo,Zaahen,Varus,TOP,2,8.0,1.0,True,Win
2968614,3,OTS,WD,WD,OTS,Red,Salgueiro,LeeSin,Zaahen,JGL,3,9.0,1.0,True,Win
2968614,3,OTS,WD,OTS,WD,Blue,Kurama,Naafiri,Yunara,JGL,4,10.0,1.0,False,Loss
2968614,3,OTS,WD,OTS,WD,Blue,Baca,Orianna,Lulu,MID,5,11.0,1.0,False,Loss
2968614,3,OTS,WD,WD,OTS,Red,Fred,Galio,Sona,MID,6,12.0,1.0,True,Win
2968614,3,OTS,WD,WD,OTS,Red,GotzY,Varus,Lee Sin,BOT,7,17.0,2.0,True,Win
2968614,3,OTS,WD,OTS,WD,Blue,Deadly,Yunara,Naafiri,BOT,8,18.0,2.0,False,Loss
2968614,3,OTS,WD,OTS,WD,Blue,Smarty,Lulu,Orianna,SUP,9,19.0,2.0,False,Loss
2968614,3,OTS,WD,WD,OTS,Red,Calmsky,Sona,Galio,SUP,10,20.0,2.0,True,Win
2972331,1,MKF,BAR,MKF,BAR,Blue,NightSlayer,Ambessa,Nocturne,TOP,1,7.0,1.0,True,Win
2972331,1,MKF,BAR,BAR,MKF,Red,selenex,Gnar,Ziggs,TOP,2,8.0,1.0,False,Loss
2972331,1,MKF,BAR,BAR,MKF,Red,KoIdo,Vi,Vi,JGL,3,9.0,1.0,False,Loss
2972331,1,MKF,BAR,MKF,BAR,Blue,XnS,Nocturne,Cassiopeia,JGL,4,10.0,1.0,True,Win
2972331,1,MKF,BAR,MKF,BAR,Blue,Fresskowy,Cassiopeia,Camille,MID,5,11.0,1.0,True,Win
2972331,1,MKF,BAR,BAR,MKF,Red,Macaquinho,Taliyah,Leona,MID,6,12.0,1.0,False,Loss
2972331,1,MKF,BAR,BAR,MKF,Red,Legolas,Ziggs,Gnar,BOT,7,17.0,2.0,False,Loss
2972331,1,MKF,BAR,MKF,BAR,Blue,13,Zeri,Zeri,BOT,8,18.0,2.0,True,Win
2972331,1,MKF,BAR,MKF,BAR,Blue,Myrtus,Camille,Ambessa,SUP,9,19.0,2.0,True,Win
2972331,1,MKF,BAR,BAR,MKF,Red,Oscure,Leona,Taliyah,SUP,10,20.0,2.0,False,Loss
2972331,2,MKF,BAR,MKF,BAR,Blue,NightSlayer,Jax,Naafiri,TOP,1,7.0,1.0,True,Win
2972331,2,MKF,BAR,BAR,MKF,Red,selenex,Varus,Lee Sin,TOP,2,8.0,1.0,False,Loss
2972331,2,MKF,BAR,BAR,MKF,Red,KoIdo,LeeSin,Varus,JGL,3,9.0,1.0,False,Loss
2972331,2,MKF,BAR,MKF,BAR,Blue,XnS,Naafiri,Bard,JGL,4,10.0,1.0,True,Win
2972331,2,MKF,BAR,MKF,BAR,Blue,Fresskowy,Ryze,Caitlyn,MID,5,11.0,1.0,True,Win
2972331,2,MKF,BAR,BAR,MKF,Red,Macaquinho,Aurora,Nautilus,MID,6,12.0,1.0,False,Loss
2972331,2,MKF,BAR,BAR,MKF,Red,Legolas,Jhin,Aurora,BOT,7,17.0,2.0,False,Loss
2972331,2,MKF,BAR,MKF,BAR,Blue,13,Caitlyn,Ryze,BOT,8,18.0,2.0,True,Win
2972331,2,MKF,BAR,MKF,BAR,Blue,Myrtus,Bard,Jax,SUP,9,19.0,2.0,True,Win
2972331,2,MKF,BAR,BAR,MKF,Red,Oscure,Nautilus,Jhin,SUP,10,20.0,2.0,False,Loss
2999024,1,BBK,GOB,BBK,GOB,Blue,Sankaizer,Sion,Vi,TOP,1,7.0,1.0,False,Loss
2999024,1,BBK,GOB,GOB,BBK,Red,brokk,DrMundo,Xin Zhao,TOP,2,8.0,1.0,True,Win
2999024,1,BBK,GOB,GOB,BBK,Red,Anechek,XinZhao,Tristana,JGL,3,9.0,1.0,True,Win
2999024,1,BBK,GOB,BBK,GOB,Blue,TinjaNurtle,Vi,Ryze,JGL,4,10.0,1.0,False,Loss
2999024,1,BBK,GOB,BBK,GOB,Blue,Heroic,Ryze,Corki,MID,5,11.0,1.0,False,Loss
2999024,1,BBK,GOB,GOB,BBK,Red,z1zimink,Aurora,Aurora,MID,6,12.0,1.0,True,Win
2999024,1,BBK,GOB,GOB,BBK,Red,Fengu,Tristana,Nautilus,BOT,7,17.0,2.0,True,Win
2999024,1,BBK,GOB,BBK,GOB,Blue,demonadc,Corki,Sion,BOT,8,18.0,2.0,False,Loss
2999024,1,BBK,GOB,BBK,GOB,Blue,Lekcyc,Braum,Braum,SUP,9,19.0,2.0,False,Loss
2999024,1,BBK,GOB,GOB,BBK,Red,PretyFellow,Nautilus,Dr. Mundo,SUP,10,20.0,2.0,True,Win
2999024,2,GOB,BBK,GOB,BBK,Blue,brokk,Gwen,Ezreal,TOP,1,7.0,1.0,False,Loss
2999024,2,GOB,BBK,BBK,GOB,Red,Sankaizer,Ambessa,Kai'Sa,TOP,2,8.0,1.0,True,Win
2999024,2,GOB,BBK,BBK,GOB,Red,TinjaNurtle,Lillia,Ambessa,JGL,3,9.0,1.0,True,Win
2999024,2,GOB,BBK,GOB,BBK,Blue,Anechek,MonkeyKing,Wukong,JGL,4,10.0,1.0,False,Loss
2999024,2,GOB,BBK,GOB,BBK,Blue,z1zimink,Ahri,Karma,MID,5,11.0,1.0,False,Loss
2999024,2,GOB,BBK,BBK,GOB,Red,Heroic,Jayce,Leona,MID,6,12.0,1.0,True,Win
2999024,2,GOB,BBK,BBK,GOB,Red,demonadc,Kaisa,Lillia,BOT,7,17.0,2.0,True,Win
2999024,2,GOB,BBK,GOB,BBK,Blue,Fengu,Ezreal,Gwen,BOT,8,18.0,2.0,False,Loss
2999024,2,GOB,BBK,GOB,BBK,Blue,PretyFellow,Karma,Ahri,SUP,9,19.0,2.0,False,Loss
2999024,2,GOB,BBK,BBK,GOB,Red,Lekcyc,Leona,Jayce,SUP,10,20.0,2.0,True,Win
2999024,3,BBK,GOB,BBK,GOB,Blue,Sankaizer,Chogath,Cassiopeia,TOP,1,7.0,1.0,False,Loss
2999024,3,BBK,GOB,GOB,BBK,Red,brokk,Malphite,Akali,TOP,2,8.0,1.0,True,Win
2999024,3,BBK,GOB,GOB,BBK,Red,Anechek,Nocturne,Nocturne,JGL,3,9.0,1.0,True,Win
2999024,3,BBK,GOB,BBK,GOB,Blue,TinjaNurtle,LeeSin,Cho'Gath,JGL,4,10.0,1.0,False,Loss
2999024,3,BBK,GOB,BBK,GOB,Blue,Heroic,Cassiopeia,Bard,MID,5,11.0,1.0,False,Loss
2999024,3,BBK,GOB,GOB,BBK,Red,z1zimink,Akali,Rakan,MID,6,12.0,1.0,True,Win
2999024,3,BBK,GOB,GOB,BBK,Red,Fengu,Varus,Varus,BOT,7,17.0,2.0,True,Win
2999024,3,BBK,GOB,BBK,GOB,Blue,demonadc,Sivir,Sivir,BOT,8,18.0,2.0,False,Loss
2999024,3,BBK,GOB,BBK,GOB,Blue,Lekcyc,Bard,Lee Sin,SUP,9,19.0,2.0,False,Loss
2999024,3,BBK,GOB,GOB,BBK,Red,PretyFellow,Rakan,Malphite,SUP,10,20.0,2.0,True,Win
2999024,4,GOB,BBK,GOB,BBK,Blue,brokk,Yorick,Viktor,TOP,1,7.0,1.0,False,Loss
2999024,4,GOB,BBK,BBK,GOB,Red,Sankaizer,Volibear,Pantheon,TOP,2,8.0,1.0,True,Win
2999024,4,GOB,BBK,BBK,GOB,Red,TinjaNurtle,Pantheon,Seraphine,JGL,3,9.0,1.0,True,Win
2999024,4,GOB,BBK,GOB,BBK,Blue,Anechek,Naafiri,Naafiri,JGL,4,10.0,1.0,False,Loss
2999024,4,GOB,BBK,GOB,BBK,Blue,z1zimink,Sylas,Rell,MID,5,11.0,1.0,False,Loss
2999024,4,GOB,BBK,BBK,GOB,Red,Heroic,Yone,Ashe,MID,6,12.0,1.0,True,Win
2999024,4,GOB,BBK,BBK,GOB,Red,demonadc,Ashe,Yone,BOT,7,17.0,2.0,True,Win
2999024,4,GOB,BBK,GOB,BBK,Blue,Fengu,Viktor,Sylas,BOT,8,18.0,2.0,False,Loss
2999024,4,GOB,BBK,GOB,BBK,Blue,PretyFellow,Rell,Yorick,SUP,9,19.0,2.0,False,Loss
2999024,4,GOB,BBK,BBK,GOB,Red,Lekcyc,Seraphine,Volibear,SUP,10,20.0,2.0,True,Win
2999024,5,BBK,GOB,BBK,GOB,Blue,Sankaizer,Ornn,Zaahen,TOP,1,7.0,1.0,True,Win
2999024,5,BBK,GOB,GOB,BBK,Red,brokk,Renekton,Yunara,TOP,2,8.0,1.0,False,Loss
2999024,5,BBK,GOB,GOB,BBK,Red,Anechek,Sejuani,Lulu,JGL,3,9.0,1.0,False,Loss
2999024,5,BBK,GOB,BBK,GOB,Blue,TinjaNurtle,Zaahen,Lucian,JGL,4,10.0,1.0,True,Win
2999024,5,BBK,GOB,BBK,GOB,Blue,Heroic,Taliyah,Milio,MID,5,11.0,1.0,True,Win
2999024,5,BBK,GOB,GOB,BBK,Red,z1zimink,Galio,Sejuani,MID,6,12.0,1.0,False,Loss
2999024,5,BBK,GOB,GOB,BBK,Red,Fengu,Yunara,Renekton,BOT,7,17.0,2.0,False,Loss
2999024,5,BBK,GOB,BBK,GOB,Blue,demonadc,Lucian,Ornn,BOT,8,18.0,2.0,True,Win
2999024,5,BBK,GOB,BBK,GOB,Blue,Lekcyc,Milio,Taliyah,SUP,9,19.0,2.0,True,Win
2999024,5,BBK,GOB,GOB,BBK,Red,PretyFellow,Lulu,Galio,SUP,10,20.0,2.0,False,Loss
3001775,1,FCN,OTS,FCN,OTS,Blue,LVS,Rumble,Rumble,TOP,1,7.0,1.0,True,Win
3001775,1,FCN,OTS,OTS,FCN,Red,GreatGary,KSante,Lee Sin,TOP,2,8.0,1.0,False,Loss
3001775,1,FCN,OTS,OTS,FCN,Red,Kurama,LeeSin,Cassiopeia,JGL,3,9.0,1.0,False,Loss
3001775,1,FCN,OTS,FCN,OTS,Blue,MART,RekSai,Syndra,JGL,4,10.0,1.0,True,Win
3001775,1,FCN,OTS,FCN,OTS,Blue,NOMA,Syndra,Rek'Sai,MID,5,11.0,1.0,True,Win
3001775,1,FCN,OTS,OTS,FCN,Red,Baca,Cassiopeia,K'Sante,MID,6,12.0,1.0,False,Loss
3001775,1,FCN,OTS,OTS,FCN,Red,Deadly,Corki,Nautilus,BOT,7,17.0,2.0,False,Loss
3001775,1,FCN,OTS,FCN,OTS,Blue,Mindrago,Tristana,Braum,BOT,8,18.0,2.0,True,Win
3001775,1,FCN,OTS,FCN,OTS,Blue,Ze Luis,Braum,Tristana,SUP,9,19.0,2.0,True,Win
3001775,1,FCN,OTS,OTS,FCN,Red,Smarty,Nautilus,Corki,SUP,10,20.0,2.0,False,Loss
3001775,2,FCN,OTS,FCN,OTS,Blue,LVS,Olaf,Ryze,TOP,1,7.0,1.0,False,Loss
3001775,2,FCN,OTS,OTS,FCN,Red,GreatGary,Camille,Vi,TOP,2,8.0,1.0,True,Win
3001775,2,FCN,OTS,OTS,FCN,Red,Kurama,Vi,Taliyah,JGL,3,9.0,1.0,True,Win
3001775,2,FCN,OTS,FCN,OTS,Blue,MART,Nocturne,Ezreal,JGL,4,10.0,1.0,False,Loss
3001775,2,FCN,OTS,FCN,OTS,Blue,NOMA,Ryze,Nocturne,MID,5,11.0,1.0,False,Loss
3001775,2,FCN,OTS,OTS,FCN,Red,Baca,Taliyah,Kai'Sa,MID,6,12.0,1.0,True,Win
3001775,2,FCN,OTS,OTS,FCN,Red,Deadly,Kaisa,Rell,BOT,7,17.0,2.0,True,Win
3001775,2,FCN,OTS,FCN,OTS,Blue,Mindrago,Ezreal,Olaf,BOT,8,18.0,2.0,False,Loss
3001775,2,FCN,OTS,FCN,OTS,Blue,Ze Luis,Alistar,Alistar,SUP,9,19.0,2.0,False,Loss
3001775,2,FCN,OTS,OTS,FCN,Red,Smarty,Rell,Camille,SUP,10,20.0,2.0,True,Win
3001775,3,OTS,FCN,OTS,FCN,Blue,GreatGary,Sion,Bard,TOP,1,7.0,1.0,True,Win
3001775,3,OTS,FCN,FCN,OTS,Red,LVS,Gwen,Sivir,TOP,2,8.0,1.0,False,Loss
3001775,3,OTS,FCN,FCN,OTS,Red,MART,Trundle,Karma,JGL,3,9.0,1.0,False,Loss
3001775,3,OTS,FCN,OTS,FCN,Blue,Kurama,Zed,Caitlyn,JGL,4,10.0,1.0,True,Win
3001775,3,OTS,FCN,OTS,FCN,Blue,Baca,Ahri,Sion,MID,5,11.0,1.0,True,Win
3001775,3,OTS,FCN,FCN,OTS,Red,NOMA,Annie,Gwen,MID,6,12.0,1.0,False,Loss
3001775,3,OTS,FCN,FCN,OTS,Red,Mindrago,Sivir,Trundle,BOT,7,17.0,2.0,False,Loss
3001775,3,OTS,FCN,OTS,FCN,Blue,Deadly,Caitlyn,Ahri,BOT,8,18.0,2.0,True,Win
3001775,3,OTS,FCN,OTS,FCN,Blue,Smarty,Bard,Zed,SUP,9,19.0,2.0,True,Win
3001775,3,OTS,FCN,FCN,OTS,Red,Ze Luis,Karma,Annie,SUP,10,20.0,2.0,False,Loss
3001775,4,OTS,FCN,OTS,FCN,Blue,GreatGary,Renekton,Viktor,TOP,1,7.0,1.0,True,Win
3001775,4,OTS,FCN,FCN,OTS,Red,LVS,Gnar,Zoe,TOP,2,8.0,1.0,False,Loss
3001775,4,OTS,FCN,FCN,OTS,Red,MART,XinZhao,Xin Zhao,JGL,3,9.0,1.0,False,Loss
3001775,4,OTS,FCN,OTS,FCN,Blue,Kurama,Skarner,Skarner,JGL,4,10.0,1.0,True,Win
3001775,4,OTS,FCN,OTS,FCN,Blue,Baca,Viktor,Renekton,MID,5,11.0,1.0,True,Win
3001775,4,OTS,FCN,FCN,OTS,Red,NOMA,Zoe,Gnar,MID,6,12.0,1.0,False,Loss
3001775,4,OTS,FCN,FCN,OTS,Red,Mindrago,Xayah,Rakan,BOT,7,17.0,2.0,False,Loss
3001775,4,OTS,FCN,OTS,FCN,Blue,Deadly,Kalista,Kalista,BOT,8,18.0,2.0,True,Win
3001775,4,OTS,FCN,OTS,FCN,Blue,Smarty,Renata,Renata Glasc,SUP,9,19.0,2.0,True,Win
3001775,4,OTS,FCN,FCN,OTS,Red,Ze Luis,Rakan,Xayah,SUP,10,20.0,2.0,False,Loss
3008225,1,CG,SC,CG,SC,Blue,SkaR,Ambessa,Syndra,TOP,1,7.0,1.0,False,Loss
3008225,1,CG,SC,SC,CG,Red,Yeti,KSante,Yunara,TOP,2,8.0,1.0,True,Win
3008225,1,CG,SC,SC,CG,Red,SPOOKY,Vi,Vi,JGL,3,9.0,1.0,True,Win
3008225,1,CG,SC,CG,SC,Blue,Jeykup,LeeSin,Rell,JGL,4,10.0,1.0,False,Loss
3008225,1,CG,SC,CG,SC,Blue,Sharon,Syndra,Jhin,MID,5,11.0,1.0,False,Loss
3008225,1,CG,SC,SC,CG,Red,Nafkelah,Locke,Lulu,MID,6,12.0,1.0,True,Win
3008225,1,CG,SC,SC,CG,Red,EXOFENG,Yunara,K'Sante,BOT,7,17.0,2.0,True,Win
3008225,1,CG,SC,CG,SC,Blue,xHikama,Jhin,Ambessa,BOT,8,18.0,2.0,False,Loss
3008225,1,CG,SC,CG,SC,Blue,Shredder,Rell,Lee Sin,SUP,9,19.0,2.0,False,Loss
3008225,1,CG,SC,SC,CG,Red,SteeelBack,Lulu,Vi,SUP,10,20.0,2.0,True,Win
3008226,1,VLR,LDS,VLR,LDS,Blue,kPr,Gnar,Lucian,TOP,1,7.0,1.0,True,Win
3008226,1,VLR,LDS,LDS,VLR,Red,Sinmivak,Sion,Ezreal,TOP,2,8.0,1.0,False,Loss
3008226,1,VLR,LDS,LDS,VLR,Red,mikusik,MonkeyKing,Syndra,JGL,3,9.0,1.0,False,Loss
3008226,1,VLR,LDS,VLR,LDS,Blue,Cboi,Sejuani,Milio,JGL,4,10.0,1.0,True,Win
3008226,1,VLR,LDS,VLR,LDS,Blue,Peppe,Viktor,Viktor,MID,5,11.0,1.0,True,Win
3008226,1,VLR,LDS,LDS,VLR,Red,Czekolad,Syndra,Karma,MID,6,12.0,1.0,False,Loss
3008226,1,VLR,LDS,LDS,VLR,Red,zamulek,Ezreal,Wukong,BOT,7,17.0,2.0,False,Loss
3008226,1,VLR,LDS,VLR,LDS,Blue,Unkn0wn,Lucian,Gnar,BOT,8,18.0,2.0,True,Win
3008226,1,VLR,LDS,VLR,LDS,Blue,Speedy1,Milio,Sejuani,SUP,9,19.0,2.0,True,Win
3008226,1,VLR,LDS,LDS,VLR,Red,Kaseko,Karma,Sion,SUP,10,20.0,2.0,False,Loss
3008227,1,BIG,FEC,BIG,FEC,Blue,Irrelevant,Rumble,Seraphine,TOP,1,7.0,1.0,True,Win
3008227,1,BIG,FEC,FEC,BIG,Red,Leny,KSante,Caitlyn,TOP,2,8.0,1.0,False,Loss
3008227,1,BIG,FEC,FEC,BIG,Red,Artanis,Khazix,Bard,JGL,3,9.0,1.0,False,Loss
3008227,1,BIG,FEC,BIG,FEC,Blue,113,Ambessa,Rumble,JGL,4,10.0,1.0,True,Win
3008227,1,BIG,FEC,BIG,FEC,Blue,Reeker,Syndra,Ezreal,MID,5,11.0,1.0,True,Win
3008227,1,BIG,FEC,FEC,BIG,Red,Wolorz,Viktor,K'Sante,MID,6,12.0,1.0,False,Loss
3008227,1,BIG,FEC,FEC,BIG,Red,FlickeR,Caitlyn,Viktor,BOT,7,17.0,2.0,False,Loss
3008227,1,BIG,FEC,BIG,FEC,Blue,Patrik,Ezreal,Ambessa,BOT,8,18.0,2.0,True,Win
3008227,1,BIG,FEC,BIG,FEC,Blue,Kaiser,Seraphine,Syndra,SUP,9,19.0,2.0,True,Win
3008227,1,BIG,FEC,FEC,BIG,Red,Seal,Bard,Kha'Zix,SUP,10,20.0,2.0,False,Loss
3008228,1,JSK,BAR,BAR,JSK,Red,selenex,Olaf,Lulu,TOP,1,7.0,1.0,False,Loss
3008228,1,JSK,BAR,JSK,BAR,Blue,Dionelux,Trundle,Lucian,TOP,2,8.0,1.0,True,Win
3008228,1,JSK,BAR,JSK,BAR,Blue,Shanks2,Jayce,Milio,JGL,3,9.0,1.0,True,Win
3008228,1,JSK,BAR,BAR,JSK,Red,KoIdo,Skarner,Yunara,JGL,4,10.0,1.0,False,Loss
3008228,1,JSK,BAR,BAR,JSK,Red,Macaquinho,Syndra,Syndra,MID,5,11.0,1.0,False,Loss
3008228,1,JSK,BAR,JSK,BAR,Blue,VAEII,Leblanc,LeBlanc,MID,6,12.0,1.0,True,Win
3008228,1,JSK,BAR,JSK,BAR,Blue,Aeru,Lucian,Jayce,BOT,7,17.0,2.0,True,Win
3008228,1,JSK,BAR,BAR,JSK,Red,Legolas,Yunara,Olaf,BOT,8,18.0,2.0,False,Loss
3008228,1,JSK,BAR,BAR,JSK,Red,Oscure,Lulu,Skarner,SUP,9,19.0,2.0,False,Loss
3008228,1,JSK,BAR,JSK,BAR,Blue,marlon,Milio,Trundle,SUP,10,20.0,2.0,True,Win
3008229,1,RUD,KHK,KHK,RUD,Red,Boda,Camille,Ryze,TOP,1,7.0,1.0,True,Win
3008229,1,RUD,KHK,RUD,KHK,Blue,Robocop,KSante,Taliyah,TOP,2,8.0,1.0,False,Loss
3008229,1,RUD,KHK,RUD,KHK,Blue,Ano,LeeSin,Lee Sin,JGL,3,9.0,1.0,False,Loss
3008229,1,RUD,KHK,KHK,RUD,Red,Densi,Qiyana,Lucian,JGL,4,10.0,1.0,True,Win
3008229,1,RUD,KHK,KHK,RUD,Red,Abbedagge,Ryze,Milio,MID,5,11.0,1.0,True,Win
3008229,1,RUD,KHK,RUD,KHK,Blue,Nano,Taliyah,K'Sante,MID,6,12.0,1.0,False,Loss
3008229,1,RUD,KHK,RUD,KHK,Blue,Afriibi,Yunara,Lulu,BOT,7,17.0,2.0,False,Loss
3008229,1,RUD,KHK,KHK,RUD,Red,Unforgiven,Lucian,Camille,BOT,8,18.0,2.0,True,Win
3008229,1,RUD,KHK,KHK,RUD,Red,Doss,Milio,Qiyana,SUP,9,19.0,2.0,True,Win
3008229,1,RUD,KHK,RUD,KHK,Blue,J3rkie,Lulu,Yunara,SUP,10,20.0,2.0,False,Loss
3008230,1,UCAM,HMB,HMB,UCAM,Red,APP,KSante,Ryze,TOP,1,7.0,1.0,False,Loss
3008230,1,UCAM,HMB,UCAM,HMB,Blue,Kozi,Jayce,Jayce,TOP,2,8.0,1.0,True,Win
3008230,1,UCAM,HMB,UCAM,HMB,Blue,bluerzor,MonkeyKing,Viktor,JGL,3,9.0,1.0,True,Win
3008230,1,UCAM,HMB,HMB,UCAM,Red,Carnage,LeeSin,Lee Sin,JGL,4,10.0,1.0,False,Loss
3008230,1,UCAM,HMB,HMB,UCAM,Red,Vigil,Ryze,K'Sante,MID,5,11.0,1.0,False,Loss
3008230,1,UCAM,HMB,UCAM,HMB,Blue,ESCIK,Viktor,Wukong,MID,6,12.0,1.0,True,Win
3008230,1,UCAM,HMB,UCAM,HMB,Blue,ANDARIEL,Yunara,Yunara,BOT,7,17.0,2.0,True,Win
3008230,1,UCAM,HMB,HMB,UCAM,Red,Tyrone,Ashe,Ashe,BOT,8,18.0,2.0,False,Loss
3008230,1,UCAM,HMB,HMB,UCAM,Red,Click,Seraphine,Seraphine,SUP,9,19.0,2.0,False,Loss
3008230,1,UCAM,HMB,UCAM,HMB,Blue,Passzi,Lulu,Lulu,SUP,10,20.0,2.0,True,Win
3008231,1,TLNP,MGZ,MGZ,TLNP,Red,pr1me,Aatrox,Viktor,TOP,1,7.0,1.0,False,Loss
3008231,1,TLNP,MGZ,TLNP,MGZ,Blue,Spooder,Kled,Jarvan IV,TOP,2,8.0,1.0,True,Win
3008231,1,TLNP,MGZ,TLNP,MGZ,Blue,Stefan,JarvanIV,Yunara,JGL,3,9.0,1.0,True,Win
3008231,1,TLNP,MGZ,MGZ,TLNP,Red,Metroflox,Pantheon,Aatrox,JGL,4,10.0,1.0,False,Loss
3008231,1,TLNP,MGZ,MGZ,TLNP,Red,FSZ,Viktor,Pantheon,MID,5,11.0,1.0,False,Loss
3008231,1,TLNP,MGZ,TLNP,MGZ,Blue,Toffe,Orianna,Lulu,MID,6,12.0,1.0,True,Win
3008231,1,TLNP,MGZ,TLNP,MGZ,Blue,Axelent,Yunara,Orianna,BOT,7,17.0,2.0,True,Win
3008231,1,TLNP,MGZ,MGZ,TLNP,Red,Crem,Lucian,Lucian,BOT,8,18.0,2.0,False,Loss
3008231,1,TLNP,MGZ,MGZ,TLNP,Red,Mxe,Milio,Milio,SUP,9,19.0,2.0,False,Loss
3008231,1,TLNP,MGZ,TLNP,MGZ,Blue,Thomas,Lulu,Kled,SUP,10,20.0,2.0,True,Win
3008232,1,SNSH,BW,BW,SNSH,Red,Aytekn,KSante,Cassiopeia,TOP,1,7.0,1.0,False,Loss
3008232,1,SNSH,BW,SNSH,BW,Blue,Shourdy,Zaahen,Caitlyn,TOP,2,8.0,1.0,True,Win
3008232,1,SNSH,BW,SNSH,BW,Blue,Markus,MonkeyKing,Viktor,JGL,3,9.0,1.0,True,Win
3008232,1,SNSH,BW,BW,SNSH,Red,Osman123,Qiyana,K'Sante,JGL,4,10.0,1.0,False,Loss
3008232,1,SNSH,BW,BW,SNSH,Red,Camana,Cassiopeia,Qiyana,MID,5,11.0,1.0,False,Loss
3008232,1,SNSH,BW,SNSH,BW,Blue,ag0ny,Viktor,Wukong,MID,6,12.0,1.0,True,Win
3008232,1,SNSH,BW,SNSH,BW,Blue,Ace0,Caitlyn,Zaahen,BOT,7,17.0,2.0,True,Win
3008232,1,SNSH,BW,BW,SNSH,Red,Ruep,Lucian,Lucian,BOT,8,18.0,2.0,False,Loss
3008232,1,SNSH,BW,BW,SNSH,Red,Carry,Milio,Milio,SUP,9,19.0,2.0,False,Loss
3008232,1,SNSH,BW,SNSH,BW,Blue,Strongside,Nautilus,Nautilus,SUP,10,20.0,2.0,True,Win
3008233,1,FSK,G2N,FSK,G2N,Blue,Color,Rumble,Rumble,TOP,1,7.0,1.0,False,Loss
3008233,1,FSK,G2N,G2N,FSK,Red,Shelfmade,Galio,Galio,TOP,2,8.0,1.0,True,Win
3008233,1,FSK,G2N,G2N,FSK,Red,Markoon,Naafiri,Yunara,JGL,3,9.0,1.0,True,Win
3008233,1,FSK,G2N,FSK,G2N,Blue,MAXI,Nocturne,Nocturne,JGL,4,10.0,1.0,False,Loss
3008233,1,FSK,G2N,FSK,G2N,Blue,Decay,Aurora,Lulu,MID,5,11.0,1.0,False,Loss
3008233,1,FSK,G2N,G2N,FSK,Red,Toasty,Ryze,Nautilus,MID,6,12.0,1.0,True,Win
3008233,1,FSK,G2N,G2N,FSK,Red,rin,Yunara,Naafiri,BOT,7,17.0,2.0,True,Win
3008233,1,FSK,G2N,FSK,G2N,Blue,Syzyfek,Tristana,Aurora,BOT,8,18.0,2.0,False,Loss
3008233,1,FSK,G2N,FSK,G2N,Blue,Nio,Lulu,Tristana,SUP,9,19.0,2.0,False,Loss
3008233,1,FSK,G2N,G2N,FSK,Red,Tockimo,Nautilus,Ryze,SUP,10,20.0,2.0,True,Win
3008234,1,ESB,HRTS,HRTS,ESB,Red,Papiteero,KSante,Karma,TOP,1,7.0,1.0,True,Win
3008234,1,ESB,HRTS,ESB,HRTS,Blue,Darkeszy,Varus,Lucian,TOP,2,8.0,1.0,False,Loss
3008234,1,ESB,HRTS,ESB,HRTS,Blue,Vlaren,LeeSin,Milio,JGL,3,9.0,1.0,False,Loss
3008234,1,ESB,HRTS,HRTS,ESB,Red,Lurox,XinZhao,Ezreal,JGL,4,10.0,1.0,True,Win
3008234,1,ESB,HRTS,HRTS,ESB,Red,Mercy9,Ryze,Ryze,MID,5,11.0,1.0,True,Win
3008234,1,ESB,HRTS,ESB,HRTS,Blue,Dolis,Viktor,Viktor,MID,6,12.0,1.0,False,Loss
3008234,1,ESB,HRTS,ESB,HRTS,Blue,Esko,Lucian,Lee Sin,BOT,7,17.0,2.0,False,Loss
3008234,1,ESB,HRTS,HRTS,ESB,Red,Lure,Ezreal,Xin Zhao,BOT,8,18.0,2.0,True,Win
3008234,1,ESB,HRTS,HRTS,ESB,Red,Batuuu,Karma,K'Sante,SUP,9,19.0,2.0,True,Win
3008234,1,ESB,HRTS,ESB,HRTS,Blue,Mita,Milio,Varus,SUP,10,20.0,2.0,False,Loss
3008236,1,TP,SU,SU,TP,Red,IlllIma,Renekton,Qiyana,TOP,1,7.0,1.0,True,Win
3008236,1,TP,SU,TP,SU,Blue,Goldmen,KSante,Yunara,TOP,2,8.0,1.0,False,Loss
3008236,1,TP,SU,TP,SU,Blue,Drofan,JarvanIV,Lulu,JGL,3,9.0,1.0,False,Loss
3008236,1,TP,SU,SU,TP,Red,Kaboom,Qiyana,Caitlyn,JGL,4,10.0,1.0,True,Win
3008236,1,TP,SU,SU,TP,Red,Vetheo,Ryze,Bard,MID,5,11.0,1.0,True,Win
3008236,1,TP,SU,TP,SU,Blue,Secrett,Viktor,Jarvan IV,MID,6,12.0,1.0,False,Loss
3008236,1,TP,SU,TP,SU,Blue,Evangelyne,Yunara,Viktor,BOT,7,17.0,2.0,False,Loss
3008236,1,TP,SU,SU,TP,Red,Nako,Caitlyn,Renekton,BOT,8,18.0,2.0,True,Win
3008236,1,TP,SU,SU,TP,Red,Patch,Bard,Ryze,SUP,9,19.0,2.0,True,Win
3008236,1,TP,SU,TP,SU,Blue,CENTU,Lulu,K'Sante,SUP,10,20.0,2.0,False,Loss
3008237,1,NBS,OTS,NBS,OTS,Blue,SLT,Aatrox,Nocturne,TOP,1,7.0,1.0,True,Win
3008237,1,NBS,OTS,OTS,NBS,Red,GreatGary,Sion,Qiyana,TOP,2,8.0,1.0,False,Loss
3008237,1,NBS,OTS,OTS,NBS,Red,Kurama,Qiyana,Sion,JGL,3,9.0,1.0,False,Loss
3008237,1,NBS,OTS,NBS,OTS,Blue,Savero,Nocturne,Orianna,JGL,4,10.0,1.0,True,Win
3008237,1,NBS,OTS,NBS,OTS,Blue,Vasco,Orianna,Aatrox,MID,5,11.0,1.0,True,Win
3008237,1,NBS,OTS,OTS,NBS,Red,Baca,Akali,Akali,MID,6,12.0,1.0,False,Loss
3008237,1,NBS,OTS,OTS,NBS,Red,Deadly,Jhin,Jhin,BOT,7,17.0,2.0,False,Loss
3008237,1,NBS,OTS,NBS,OTS,Blue,Strode,Kaisa,Kai'Sa,BOT,8,18.0,2.0,True,Win
3008237,1,NBS,OTS,NBS,OTS,Blue,denyk,Rakan,Rakan,SUP,9,19.0,2.0,True,Win
3008237,1,NBS,OTS,OTS,NBS,Red,Smarty,Rell,Rell,SUP,10,20.0,2.0,False,Loss
3008238,1,USE,PCF,USE,PCF,Blue,FornoReason,KSante,Cassiopeia,TOP,1,7.0,1.0,True,Win
3008238,1,USE,PCF,PCF,USE,Red,Bayonetta,Rumble,Rumble,TOP,2,8.0,1.0,False,Loss
3008238,1,USE,PCF,PCF,USE,Red,stalken,Qiyana,Qiyana,JGL,3,9.0,1.0,False,Loss
3008238,1,USE,PCF,USE,PCF,Blue,White,Maokai,Maokai,JGL,4,10.0,1.0,True,Win
3008238,1,USE,PCF,USE,PCF,Blue,Kanin,Cassiopeia,K'Sante,MID,5,11.0,1.0,True,Win
3008238,1,USE,PCF,PCF,USE,Red,FireAscept,Viktor,Viktor,MID,6,12.0,1.0,False,Loss
3008238,1,USE,PCF,PCF,USE,Red,Scorth,Ashe,Seraphine,BOT,7,17.0,2.0,False,Loss
3008238,1,USE,PCF,USE,PCF,Blue,DenVoksne,Kalista,Kalista,BOT,8,18.0,2.0,True,Win
3008238,1,USE,PCF,USE,PCF,Blue,Twiizt,Renata,Renata Glasc,SUP,9,19.0,2.0,True,Win
3008238,1,USE,PCF,PCF,USE,Red,monkaS,Seraphine,Ashe,SUP,10,20.0,2.0,False,Loss
3008239,1,TSC,ANB,TSC,ANB,Blue,Danilo,Ornn,Cassiopeia,TOP,1,7.0,1.0,False,Loss
3008239,1,TSC,ANB,ANB,TSC,Red,maged,Fiora,Lucian,TOP,2,8.0,1.0,True,Win
3008239,1,TSC,ANB,ANB,TSC,Red,Theocacs,XinZhao,Milio,JGL,3,9.0,1.0,True,Win
3008239,1,TSC,ANB,TSC,ANB,Blue,Nasser,LeeSin,Yunara,JGL,4,10.0,1.0,False,Loss
3008239,1,TSC,ANB,TSC,ANB,Blue,Kryzik,Cassiopeia,Lulu,MID,5,11.0,1.0,False,Loss
3008239,1,TSC,ANB,ANB,TSC,Red,Giyuu,Anivia,Anivia,MID,6,12.0,1.0,True,Win
3008239,1,TSC,ANB,ANB,TSC,Red,Shy Carry,Lucian,Xin Zhao,BOT,7,17.0,2.0,True,Win
3008239,1,TSC,ANB,TSC,ANB,Blue,Yuki,Yunara,Lee Sin,BOT,8,18.0,2.0,False,Loss
3008239,1,TSC,ANB,TSC,ANB,Blue,Enoch,Lulu,Ornn,SUP,9,19.0,2.0,False,Loss
3008239,1,TSC,ANB,ANB,TSC,Red,B Butcher,Milio,Fiora,SUP,10,20.0,2.0,True,Win
3008240,1,GSMC,BOOM,GSMC,BOOM,Blue,Septico1,Rumble,Cassiopeia,TOP,1,7.0,1.0,False,Loss
3008240,1,GSMC,BOOM,BOOM,GSMC,Red,frajgo,KSante,Caitlyn,TOP,2,8.0,1.0,True,Win
3008240,1,GSMC,BOOM,BOOM,GSMC,Red,adi1,JarvanIV,Karma,JGL,3,9.0,1.0,True,Win
3008240,1,GSMC,BOOM,GSMC,BOOM,Blue,Elix1r,LeeSin,Jhin,JGL,4,10.0,1.0,False,Loss
3008240,1,GSMC,BOOM,GSMC,BOOM,Blue,Alix,Cassiopeia,Nautilus,MID,5,11.0,1.0,False,Loss
3008240,1,GSMC,BOOM,BOOM,GSMC,Red,Mrozku,Leblanc,Jarvan IV,MID,6,12.0,1.0,True,Win
3008240,1,GSMC,BOOM,BOOM,GSMC,Red,Odi11,Caitlyn,LeBlanc,BOT,7,17.0,2.0,True,Win
3008240,1,GSMC,BOOM,GSMC,BOOM,Blue,Vaynedeta,Jhin,Rumble,BOT,8,18.0,2.0,False,Loss
3008240,1,GSMC,BOOM,GSMC,BOOM,Blue,Abagnale,Nautilus,Lee Sin,SUP,9,19.0,2.0,False,Loss
3008240,1,GSMC,BOOM,BOOM,GSMC,Red,minemaciek,Karma,K'Sante,SUP,10,20.0,2.0,True,Win
2964122,1,BIG,EWI,BIG,EWI,Blue,Irrelevant,Rumble,Orianna,TOP,1,7.0,1.0,True,Win
2964122,1,BIG,EWI,EWI,BIG,Red,Vizicsacsi,Sion,Seraphine,TOP,2,8.0,1.0,False,Loss
2964122,1,BIG,EWI,EWI,BIG,Red,Afroboi,Aatrox,Aatrox,JGL,3,9.0,1.0,False,Loss
2964122,1,BIG,EWI,BIG,EWI,Blue,Habubu,Naafiri,Bard,JGL,4,10.0,1.0,True,Win
2964122,1,BIG,EWI,BIG,EWI,Blue,Reeker,Orianna,Caitlyn,MID,5,11.0,1.0,True,Win
2964122,1,BIG,EWI,EWI,BIG,Red,Relative,Galio,Pyke,MID,6,12.0,1.0,False,Loss
2964122,1,BIG,EWI,EWI,BIG,Red,noz2k,Seraphine,Galio,BOT,7,17.0,2.0,False,Loss
2964122,1,BIG,EWI,BIG,EWI,Blue,Patrik,Caitlyn,Rumble,BOT,8,18.0,2.0,True,Win
2964122,1,BIG,EWI,BIG,EWI,Blue,Kaiser,Bard,Naafiri,SUP,9,19.0,2.0,True,Win
2964122,1,BIG,EWI,EWI,BIG,Red,Wildenbruch,Pyke,Sion,SUP,10,20.0,2.0,False,Loss
2964123,1,USE,SGE,USE,SGE,Blue,FornoReason,Sion,Pantheon,TOP,1,7.0,1.0,True,Win
2964123,1,USE,SGE,SGE,USE,Red,Addusto,Jayce,Ashe,TOP,2,8.0,1.0,False,Loss
2964123,1,USE,SGE,SGE,USE,Red,D4nKa,Olaf,Seraphine,JGL,3,9.0,1.0,False,Loss
2964123,1,USE,SGE,USE,SGE,Blue,White,Pantheon,Mel,JGL,4,10.0,1.0,True,Win
2964123,1,USE,SGE,USE,SGE,Blue,Kanin,Annie,Camille,MID,5,11.0,1.0,True,Win
2964123,1,USE,SGE,SGE,USE,Red,Sencux,Hwei,Jayce,MID,6,12.0,1.0,False,Loss
2964123,1,USE,SGE,SGE,USE,Red,Devn,Ashe,Olaf,BOT,7,17.0,2.0,False,Loss
2964123,1,USE,SGE,USE,SGE,Blue,DenVoksne,Mel,Sion,BOT,8,18.0,2.0,True,Win
2964123,1,USE,SGE,USE,SGE,Blue,Twiizt,Camille,Annie,SUP,9,19.0,2.0,True,Win
2964123,1,USE,SGE,SGE,USE,Red,Richu,Seraphine,Hwei,SUP,10,20.0,2.0,False,Loss
2964124,1,ROSS,G2N,ROSS,G2N,Blue,Fooneses,Yone,Aurora,TOP,1,7.0,1.0,True,Win
2964124,1,ROSS,G2N,G2N,ROSS,Red,Shelfmade,Sion,Ashe,TOP,2,8.0,1.0,False,Loss
2964124,1,ROSS,G2N,G2N,ROSS,Red,Markoon,MonkeyKing,Seraphine,JGL,3,9.0,1.0,False,Loss
2964124,1,ROSS,G2N,ROSS,G2N,Blue,jokaa,Aatrox,Lucian,JGL,4,10.0,1.0,True,Win
2964124,1,ROSS,G2N,ROSS,G2N,Blue,c0st0m,Aurora,Milio,MID,5,11.0,1.0,True,Win
2964124,1,ROSS,G2N,G2N,ROSS,Red,Toasty,Ahri,Sion,MID,6,12.0,1.0,False,Loss
2964124,1,ROSS,G2N,G2N,ROSS,Red,rin,Ashe,Wukong,BOT,7,17.0,2.0,False,Loss
2964124,1,ROSS,G2N,ROSS,G2N,Blue,Hazel,Lucian,Aatrox,BOT,8,18.0,2.0,True,Win
2964124,1,ROSS,G2N,ROSS,G2N,Blue,Infoneral,Milio,Yone,SUP,9,19.0,2.0,True,Win
2964124,1,ROSS,G2N,G2N,ROSS,Red,Tockimo,Seraphine,Ahri,SUP,10,20.0,2.0,False,Loss
2964125,1,TOG,VFB,TOG,VFB,Blue,Zorenous,Gnar,Nocturne,TOP,1,7.0,1.0,True,Win
2964125,1,TOG,VFB,VFB,TOG,Red,Sven,Swain,Ezreal,TOP,2,8.0,1.0,False,Loss
2964125,1,TOG,VFB,VFB,TOG,Red,Zwickl,MonkeyKing,Wukong,JGL,3,9.0,1.0,False,Loss
2964125,1,TOG,VFB,TOG,VFB,Blue,Woldjo,Nocturne,Orianna,JGL,4,10.0,1.0,True,Win
2964125,1,TOG,VFB,TOG,VFB,Blue,Sajator,Orianna,Gnar,MID,5,11.0,1.0,True,Win
2964125,1,TOG,VFB,VFB,TOG,Red,Luke,Sylas,Sylas,MID,6,12.0,1.0,False,Loss
2964125,1,TOG,VFB,VFB,TOG,Red,Tazaku,Ezreal,Swain,BOT,7,17.0,2.0,False,Loss
2964125,1,TOG,VFB,TOG,VFB,Blue,Ryuk,Sivir,Sivir,BOT,8,18.0,2.0,True,Win
2964125,1,TOG,VFB,TOG,VFB,Blue,Lilipp,Bard,Bard,SUP,9,19.0,2.0,True,Win
2964125,1,TOG,VFB,VFB,TOG,Red,Jakobobbi,Alistar,Alistar,SUP,10,20.0,2.0,False,Loss
2964126,1,KHK,EINS,KHK,EINS,Blue,Boda,Gnar,Lucian,TOP,1,7.0,1.0,True,Win
2964126,1,KHK,EINS,EINS,KHK,Red,Jenax,Yasuo,Caitlyn,TOP,2,8.0,1.0,False,Loss
2964126,1,KHK,EINS,EINS,KHK,Red,Xagog,Vi,Orianna,JGL,3,9.0,1.0,False,Loss
2964126,1,KHK,EINS,KHK,EINS,Blue,Densi,Pantheon,Yuumi,JGL,4,10.0,1.0,True,Win
2964126,1,KHK,EINS,KHK,EINS,Blue,Abbedagge,Ahri,Pantheon,MID,5,11.0,1.0,True,Win
2964126,1,KHK,EINS,EINS,KHK,Red,PowerOfEvil,Orianna,Bard,MID,6,12.0,1.0,False,Loss
2964126,1,KHK,EINS,EINS,KHK,Red,FUN k3y,Caitlyn,Vi,BOT,7,17.0,2.0,False,Loss
2964126,1,KHK,EINS,KHK,EINS,Blue,Unforgiven,Lucian,Ahri,BOT,8,18.0,2.0,True,Win
2964126,1,KHK,EINS,KHK,EINS,Blue,Doss,Yuumi,Gnar,SUP,9,19.0,2.0,True,Win
2964126,1,KHK,EINS,EINS,KHK,Red,seaz,Bard,Yasuo,SUP,10,20.0,2.0,False,Loss
2964127,1,TOG,SGE,TOG,SGE,Blue,Zorenous,Cassiopeia,Cassiopeia,TOP,1,7.0,1.0,False,Loss
2964127,1,TOG,SGE,SGE,TOG,Red,Addusto,Yone,Caitlyn,TOP,2,8.0,1.0,True,Win
2964127,1,TOG,SGE,SGE,TOG,Red,D4nKa,Skarner,Skarner,JGL,3,9.0,1.0,True,Win
2964127,1,TOG,SGE,TOG,SGE,Blue,Woldjo,XinZhao,Xin Zhao,JGL,4,10.0,1.0,False,Loss
2964127,1,TOG,SGE,TOG,SGE,Blue,Sajator,Sion,Sion,MID,5,11.0,1.0,False,Loss
2964127,1,TOG,SGE,SGE,TOG,Red,Sencux,Viktor,Viktor,MID,6,12.0,1.0,True,Win
2964127,1,TOG,SGE,SGE,TOG,Red,Devn,Caitlyn,Yone,BOT,7,17.0,2.0,True,Win
2964127,1,TOG,SGE,TOG,SGE,Blue,Ryuk,Yunara,Yunara,BOT,8,18.0,2.0,False,Loss
2964127,1,TOG,SGE,TOG,SGE,Blue,Lilipp,Lulu,Lulu,SUP,9,19.0,2.0,False,Loss
2964127,1,TOG,SGE,SGE,TOG,Red,Richu,Neeko,Neeko,SUP,10,20.0,2.0,True,Win
2964128,1,EWI,G2N,EWI,G2N,Blue,Vizicsacsi,Poppy,Orianna,TOP,1,7.0,1.0,False,Loss
2964128,1,EWI,G2N,G2N,EWI,Red,Shelfmade,Gnar,Seraphine,TOP,2,8.0,1.0,True,Win
2964128,1,EWI,G2N,G2N,EWI,Red,Markoon,JarvanIV,Jarvan IV,JGL,3,9.0,1.0,True,Win
2964128,1,EWI,G2N,EWI,G2N,Blue,Afroboi,Naafiri,Naafiri,JGL,4,10.0,1.0,False,Loss
2964128,1,EWI,G2N,EWI,G2N,Blue,Relative,Orianna,Ziggs,MID,5,11.0,1.0,False,Loss
2964128,1,EWI,G2N,G2N,EWI,Red,Toasty,Galio,Ashe,MID,6,12.0,1.0,True,Win
2964128,1,EWI,G2N,G2N,EWI,Red,rin,Ashe,Galio,BOT,7,17.0,2.0,True,Win
2964128,1,EWI,G2N,EWI,G2N,Blue,Lothi,Ziggs,Poppy,BOT,8,18.0,2.0,False,Loss
2964128,1,EWI,G2N,EWI,G2N,Blue,Wildenbruch,Leona,Leona,SUP,9,19.0,2.0,False,Loss
2964128,1,EWI,G2N,G2N,EWI,Red,Tockimo,Seraphine,Gnar,SUP,10,20.0,2.0,True,Win
2964129,1,ROSS,EINS,ROSS,EINS,Blue,Fooneses,Kennen,Bard,TOP,1,7.0,1.0,True,Win
2964129,1,ROSS,EINS,EINS,ROSS,Red,Jenax,Varus,Caitlyn,TOP,2,8.0,1.0,False,Loss
2964129,1,ROSS,EINS,EINS,ROSS,Red,Xagog,MonkeyKing,Karma,JGL,3,9.0,1.0,False,Loss
2964129,1,ROSS,EINS,ROSS,EINS,Blue,jokaa,JarvanIV,Jhin,JGL,4,10.0,1.0,True,Win
2964129,1,ROSS,EINS,ROSS,EINS,Blue,c0st0m,Viktor,Jarvan IV,MID,5,11.0,1.0,True,Win
2964129,1,ROSS,EINS,EINS,ROSS,Red,PowerOfEvil,Syndra,Wukong,MID,6,12.0,1.0,False,Loss
2964129,1,ROSS,EINS,EINS,ROSS,Red,FUN k3y,Caitlyn,Varus,BOT,7,17.0,2.0,False,Loss
2964129,1,ROSS,EINS,ROSS,EINS,Blue,Hazel,Jhin,Viktor,BOT,8,18.0,2.0,True,Win
2964129,1,ROSS,EINS,ROSS,EINS,Blue,Infoneral,Bard,Kennen,SUP,9,19.0,2.0,True,Win
2964129,1,ROSS,EINS,EINS,ROSS,Red,seaz,Karma,Syndra,SUP,10,20.0,2.0,False,Loss
2964130,1,USE,VFB,USE,VFB,Blue,FornoReason,Jayce,Orianna,TOP,1,7.0,1.0,True,Win
2964130,1,USE,VFB,VFB,USE,Red,Sven,Malphite,Karma,TOP,2,8.0,1.0,False,Loss
2964130,1,USE,VFB,VFB,USE,Red,Zwickl,Olaf,Syndra,JGL,3,9.0,1.0,False,Loss
2964130,1,USE,VFB,USE,VFB,Blue,White,LeeSin,Ashe,JGL,4,10.0,1.0,True,Win
2964130,1,USE,VFB,USE,VFB,Blue,Kanin,Orianna,Seraphine,MID,5,11.0,1.0,True,Win
2964130,1,USE,VFB,VFB,USE,Red,Luke,Syndra,Olaf,MID,6,12.0,1.0,False,Loss
2964130,1,USE,VFB,VFB,USE,Red,Tazaku,Jhin,Jhin,BOT,7,17.0,2.0,False,Loss
2964130,1,USE,VFB,USE,VFB,Blue,DenVoksne,Ashe,Lee Sin,BOT,8,18.0,2.0,True,Win
2964130,1,USE,VFB,USE,VFB,Blue,Twiizt,Seraphine,Jayce,SUP,9,19.0,2.0,True,Win
2964130,1,USE,VFB,VFB,USE,Red,Jakobobbi,Karma,Malphite,SUP,10,20.0,2.0,False,Loss
2964131,1,BIG,KHK,BIG,KHK,Blue,Reeker,Orianna,Orianna,MID,1,7.0,1.0,True,Win
2964131,1,BIG,KHK,KHK,BIG,Red,Unforgiven,Caitlyn,Caitlyn,BOT,2,12.0,1.0,False,Loss
2964131,1,BIG,KHK,BIG,KHK,Blue,Irrelevant,Rumble,Rumble,TOP,3,,,True,Win
2964131,1,BIG,KHK,BIG,KHK,Blue,Habubu,Naafiri,Naafiri,JGL,4,,,True,Win
2964131,1,BIG,KHK,BIG,KHK,Blue,Patrik,Ezreal,Ezreal,BOT,5,,,True,Win
2964131,1,BIG,KHK,BIG,KHK,Blue,Kaiser,Rakan,Rakan,SUP,6,,,True,Win
2964131,1,BIG,KHK,KHK,BIG,Red,Boda,Varus,Varus,TOP,7,,,False,Loss
2964131,1,BIG,KHK,KHK,BIG,Red,Densi,JarvanIV,JarvanIV,JGL,8,,,False,Loss
2964131,1,BIG,KHK,KHK,BIG,Red,Abbedagge,Galio,Galio,MID,9,,,False,Loss
2964131,1,BIG,KHK,KHK,BIG,Red,Doss,Karma,Karma,SUP,10,,,False,Loss
2964132,1,SGE,ROSS,SGE,ROSS,Blue,Addusto,Renekton,Nocturne,TOP,1,7.0,1.0,False,Loss
2964132,1,SGE,ROSS,ROSS,SGE,Red,Fooneses,Kennen,Aatrox,TOP,2,8.0,1.0,True,Win
2964132,1,SGE,ROSS,ROSS,SGE,Red,jokaa,Aatrox,Lucian,JGL,3,9.0,1.0,True,Win
2964132,1,SGE,ROSS,SGE,ROSS,Blue,D4nKa,Nocturne,Ezreal,JGL,4,10.0,1.0,False,Loss
2964132,1,SGE,ROSS,SGE,ROSS,Blue,Sencux,Ahri,Karma,MID,5,11.0,1.0,False,Loss
2964132,1,SGE,ROSS,ROSS,SGE,Red,c0st0m,Viktor,Milio,MID,6,12.0,1.0,True,Win
2964132,1,SGE,ROSS,ROSS,SGE,Red,Hazel,Lucian,Viktor,BOT,7,17.0,2.0,True,Win
2964132,1,SGE,ROSS,SGE,ROSS,Blue,Devn,Ezreal,Ahri,BOT,8,18.0,2.0,False,Loss
2964132,1,SGE,ROSS,SGE,ROSS,Blue,Richu,Karma,Renekton,SUP,9,19.0,2.0,False,Loss
2964132,1,SGE,ROSS,ROSS,SGE,Red,Infoneral,Milio,Kennen,SUP,10,20.0,2.0,True,Win
2964133,1,KHK,EWI,KHK,EWI,Blue,Boda,Jayce,Pantheon,TOP,1,7.0,1.0,False,Loss
2964133,1,KHK,EWI,EWI,KHK,Red,Vizicsacsi,Poppy,Seraphine,TOP,2,8.0,1.0,True,Win
2964133,1,KHK,EWI,EWI,KHK,Red,Afroboi,Viego,Viego,JGL,3,9.0,1.0,True,Win
2964133,1,KHK,EWI,KHK,EWI,Blue,Densi,Pantheon,Nautilus,JGL,4,10.0,1.0,False,Loss
2964133,1,KHK,EWI,KHK,EWI,Blue,Abbedagge,Annie,Kai'Sa,MID,5,11.0,1.0,False,Loss
2964133,1,KHK,EWI,EWI,KHK,Red,Relative,Ryze,Ryze,MID,6,12.0,1.0,True,Win
2964133,1,KHK,EWI,EWI,KHK,Red,Lothi,Seraphine,Braum,BOT,7,17.0,2.0,True,Win
2964133,1,KHK,EWI,KHK,EWI,Blue,Unforgiven,Kaisa,Annie,BOT,8,18.0,2.0,False,Loss
2964133,1,KHK,EWI,KHK,EWI,Blue,Doss,Nautilus,Jayce,SUP,9,19.0,2.0,False,Loss
2964133,1,KHK,EWI,EWI,KHK,Red,Wildenbruch,Braum,Poppy,SUP,10,20.0,2.0,True,Win
2964134,1,EINS,TOG,EINS,TOG,Blue,Jenax,Rumble,Bard,TOP,1,7.0,1.0,True,Win
2964134,1,EINS,TOG,TOG,EINS,Red,Zorenous,Ambessa,Camille,TOP,2,8.0,1.0,False,Loss
2964134,1,EINS,TOG,TOG,EINS,Red,Woldjo,Vi,Mel,JGL,3,9.0,1.0,False,Loss
2964134,1,EINS,TOG,EINS,TOG,Blue,Xagog,Pantheon,Jhin,JGL,4,10.0,1.0,True,Win
2964134,1,EINS,TOG,EINS,TOG,Blue,PowerOfEvil,Annie,Rumble,MID,5,11.0,1.0,True,Win
2964134,1,EINS,TOG,TOG,EINS,Red,Sajator,Sylas,Ambessa,MID,6,12.0,1.0,False,Loss
2964134,1,EINS,TOG,TOG,EINS,Red,Ryuk,Mel,Vi,BOT,7,17.0,2.0,False,Loss
2964134,1,EINS,TOG,EINS,TOG,Blue,FUN k3y,Jhin,Pantheon,BOT,8,18.0,2.0,True,Win
2964134,1,EINS,TOG,EINS,TOG,Blue,seaz,Bard,Annie,SUP,9,19.0,2.0,True,Win
2964134,1,EINS,TOG,TOG,EINS,Red,Lilipp,Camille,Sylas,SUP,10,20.0,2.0,False,Loss
2964135,1,VFB,G2N,VFB,G2N,Blue,Sven,Jayce,Jarvan IV,TOP,1,7.0,1.0,True,Win
2964135,1,VFB,G2N,G2N,VFB,Red,Shelfmade,Yorick,Aatrox,TOP,2,8.0,1.0,False,Loss
2964135,1,VFB,G2N,G2N,VFB,Red,Markoon,Aatrox,Ezreal,JGL,3,9.0,1.0,False,Loss
2964135,1,VFB,G2N,VFB,G2N,Blue,Zwickl,JarvanIV,Jayce,JGL,4,10.0,1.0,True,Win
2964135,1,VFB,G2N,VFB,G2N,Blue,Luke,Syndra,Syndra,MID,5,11.0,1.0,True,Win
2964135,1,VFB,G2N,G2N,VFB,Red,Toasty,Akali,Akali,MID,6,12.0,1.0,False,Loss
2964135,1,VFB,G2N,G2N,VFB,Red,rin,Ezreal,Yorick,BOT,7,17.0,2.0,False,Loss
2964135,1,VFB,G2N,VFB,G2N,Blue,Tazaku,Tristana,Tristana,BOT,8,18.0,2.0,True,Win
2964135,1,VFB,G2N,VFB,G2N,Blue,Jakobobbi,Nautilus,Nautilus,SUP,9,19.0,2.0,True,Win
2964135,1,VFB,G2N,G2N,VFB,Red,Tockimo,Alistar,Alistar,SUP,10,20.0,2.0,False,Loss
2964136,1,BIG,USE,BIG,USE,Blue,Irrelevant,Ornn,Lee Sin,TOP,1,7.0,1.0,True,Win
2964136,1,BIG,USE,USE,BIG,Red,FornoReason,Rumble,Pantheon,TOP,2,8.0,1.0,False,Loss
2964136,1,BIG,USE,USE,BIG,Red,White,Pantheon,Rumble,JGL,3,9.0,1.0,False,Loss
2964136,1,BIG,USE,BIG,USE,Blue,Habubu,LeeSin,Orianna,JGL,4,10.0,1.0,True,Win
2964136,1,BIG,USE,BIG,USE,Blue,Reeker,Orianna,Bard,MID,5,11.0,1.0,True,Win
2964136,1,BIG,USE,USE,BIG,Red,Kanin,Galio,Galio,MID,6,12.0,1.0,False,Loss
2964136,1,BIG,USE,USE,BIG,Red,DenVoksne,Kaisa,Camille,BOT,7,17.0,2.0,False,Loss
2964136,1,BIG,USE,BIG,USE,Blue,Patrik,Ezreal,Ornn,BOT,8,18.0,2.0,True,Win
2964136,1,BIG,USE,BIG,USE,Blue,Kaiser,Bard,Ezreal,SUP,9,19.0,2.0,True,Win
2964136,1,BIG,USE,USE,BIG,Red,Twiizt,Camille,Kai'Sa,SUP,10,20.0,2.0,False,Loss
2964138,1,EWI,TOG,EWI,TOG,Blue,Vizicsacsi,Shen,Orianna,TOP,1,7.0,1.0,False,Loss
2964138,1,EWI,TOG,TOG,EWI,Red,Zorenous,Aatrox,Rell,TOP,2,8.0,1.0,True,Win
2964138,1,EWI,TOG,TOG,EWI,Red,Woldjo,Vi,Syndra,JGL,3,9.0,1.0,True,Win
2964138,1,EWI,TOG,EWI,TOG,Blue,Afroboi,MonkeyKing,Ezreal,JGL,4,10.0,1.0,False,Loss
2964138,1,EWI,TOG,EWI,TOG,Blue,Relative,Orianna,Leona,MID,5,11.0,1.0,False,Loss
2964138,1,EWI,TOG,TOG,EWI,Red,Sajator,Syndra,Vi,MID,6,12.0,1.0,True,Win
2964138,1,EWI,TOG,TOG,EWI,Red,Ryuk,Kaisa,Kai'Sa,BOT,7,17.0,2.0,True,Win
2964138,1,EWI,TOG,EWI,TOG,Blue,Afriibi,Ezreal,Shen,BOT,8,18.0,2.0,False,Loss
2964138,1,EWI,TOG,EWI,TOG,Blue,Wildenbruch,Leona,Wukong,SUP,9,19.0,2.0,False,Loss
2964138,1,EWI,TOG,TOG,EWI,Red,Lilipp,Rell,Aatrox,SUP,10,20.0,2.0,True,Win
2964139,1,USE,EINS,USE,EINS,Blue,FornoReason,Rumble,Orianna,TOP,1,7.0,1.0,True,Win
2964139,1,USE,EINS,EINS,USE,Red,Jenax,Sion,Aatrox,TOP,2,8.0,1.0,False,Loss
2964139,1,USE,EINS,EINS,USE,Red,Xagog,Aatrox,Nautilus,JGL,3,9.0,1.0,False,Loss
2964139,1,USE,EINS,USE,EINS,Blue,White,LeeSin,Lee Sin,JGL,4,10.0,1.0,True,Win
2964139,1,USE,EINS,USE,EINS,Blue,Kanin,Orianna,Rumble,MID,5,11.0,1.0,True,Win
2964139,1,USE,EINS,EINS,USE,Red,PowerOfEvil,Akali,Akali,MID,6,12.0,1.0,False,Loss
2964139,1,USE,EINS,EINS,USE,Red,FUN k3y,Varus,Varus,BOT,7,17.0,2.0,False,Loss
2964139,1,USE,EINS,USE,EINS,Blue,DenVoksne,Lucian,Lucian,BOT,8,18.0,2.0,True,Win
2964139,1,USE,EINS,USE,EINS,Blue,Twiizt,Milio,Milio,SUP,9,19.0,2.0,True,Win
2964139,1,USE,EINS,EINS,USE,Red,seaz,Nautilus,Sion,SUP,10,20.0,2.0,False,Loss
2964140,1,G2N,SGE,G2N,SGE,Blue,Shelfmade,KSante,Cassiopeia,TOP,1,7.0,1.0,True,Win
2964140,1,G2N,SGE,SGE,G2N,Red,Addusto,Camille,Ziggs,TOP,2,8.0,1.0,False,Loss
2964140,1,G2N,SGE,SGE,G2N,Red,D4nKa,XinZhao,Xin Zhao,JGL,3,9.0,1.0,False,Loss
2964140,1,G2N,SGE,G2N,SGE,Blue,Markoon,Olaf,Mel,JGL,4,10.0,1.0,True,Win
2964140,1,G2N,SGE,G2N,SGE,Blue,Toasty,Cassiopeia,Nautilus,MID,5,11.0,1.0,True,Win
2964140,1,G2N,SGE,SGE,G2N,Red,Sencux,Viktor,Rell,MID,6,12.0,1.0,False,Loss
2964140,1,G2N,SGE,SGE,G2N,Red,Devn,Ziggs,Viktor,BOT,7,17.0,2.0,False,Loss
2964140,1,G2N,SGE,G2N,SGE,Blue,rin,Mel,Olaf,BOT,8,18.0,2.0,True,Win
2964140,1,G2N,SGE,G2N,SGE,Blue,Tockimo,Nautilus,K'Sante,SUP,9,19.0,2.0,True,Win
2964140,1,G2N,SGE,SGE,G2N,Red,Richu,Rell,Camille,SUP,10,20.0,2.0,False,Loss
2964141,1,ROSS,BIG,ROSS,BIG,Blue,Leks,Cassiopeia,Cassiopeia,TOP,1,7.0,1.0,False,Loss
2964141,1,ROSS,BIG,BIG,ROSS,Red,Irrelevant,Anivia,Syndra,TOP,2,8.0,1.0,True,Win
2964141,1,ROSS,BIG,BIG,ROSS,Red,Habubu,Aatrox,Aatrox,JGL,3,9.0,1.0,True,Win
2964141,1,ROSS,BIG,ROSS,BIG,Blue,jokaa,Vi,Vi,JGL,4,10.0,1.0,False,Loss
2964141,1,ROSS,BIG,ROSS,BIG,Blue,c0st0m,Akali,Akali,MID,5,11.0,1.0,False,Loss
2964141,1,ROSS,BIG,BIG,ROSS,Red,Reeker,Syndra,Anivia,MID,6,12.0,1.0,True,Win
2964141,1,ROSS,BIG,BIG,ROSS,Red,Patrik,Xayah,Xayah,BOT,7,17.0,2.0,True,Win
2964141,1,ROSS,BIG,ROSS,BIG,Blue,Hazel,Jhin,Jhin,BOT,8,18.0,2.0,False,Loss
2964141,1,ROSS,BIG,ROSS,BIG,Blue,Infoneral,Rakan,Rakan,SUP,9,19.0,2.0,False,Loss
2964141,1,ROSS,BIG,BIG,ROSS,Red,Kaiser,Alistar,Alistar,SUP,10,20.0,2.0,True,Win
2964142,1,KHK,G2N,KHK,G2N,Blue,Boda,Gnar,Camille,TOP,1,7.0,1.0,False,Loss
2964142,1,KHK,G2N,G2N,KHK,Red,Shelfmade,Yorick,Ziggs,TOP,2,8.0,1.0,True,Win
2964142,1,KHK,G2N,G2N,KHK,Red,Markoon,Naafiri,Nautilus,JGL,3,9.0,1.0,True,Win
2964142,1,KHK,G2N,KHK,G2N,Blue,Densi,Vi,Ezreal,JGL,4,10.0,1.0,False,Loss
2964142,1,KHK,G2N,KHK,G2N,Blue,Abbedagge,Ahri,Vi,MID,5,11.0,1.0,False,Loss
2964142,1,KHK,G2N,G2N,KHK,Red,Toasty,Viktor,Naafiri,MID,6,12.0,1.0,True,Win
2964142,1,KHK,G2N,G2N,KHK,Red,rin,Ziggs,Viktor,BOT,7,17.0,2.0,True,Win
2964142,1,KHK,G2N,KHK,G2N,Blue,Unforgiven,Ezreal,Ahri,BOT,8,18.0,2.0,False,Loss
2964142,1,KHK,G2N,KHK,G2N,Blue,Doss,Camille,Gnar,SUP,9,19.0,2.0,False,Loss
2964142,1,KHK,G2N,G2N,KHK,Red,Tockimo,Nautilus,Yorick,SUP,10,20.0,2.0,True,Win
2964143,1,EWI,ROSS,EWI,ROSS,Blue,Vizicsacsi,Chogath,Cassiopeia,TOP,1,7.0,1.0,True,Win
2964143,1,EWI,ROSS,ROSS,EWI,Red,Leks,Sion,Sion,TOP,2,8.0,1.0,False,Loss
2964143,1,EWI,ROSS,ROSS,EWI,Red,jokaa,JarvanIV,Viktor,JGL,3,9.0,1.0,False,Loss
2964143,1,EWI,ROSS,EWI,ROSS,Blue,Afroboi,Viego,Ezreal,JGL,4,10.0,1.0,True,Win
2964143,1,EWI,ROSS,EWI,ROSS,Blue,Relative,Cassiopeia,Cho'Gath,MID,5,11.0,1.0,True,Win
2964143,1,EWI,ROSS,ROSS,EWI,Red,c0st0m,Viktor,Jarvan IV,MID,6,12.0,1.0,False,Loss
2964143,1,EWI,ROSS,ROSS,EWI,Red,Hazel,Zeri,Zeri,BOT,7,17.0,2.0,False,Loss
2964143,1,EWI,ROSS,EWI,ROSS,Blue,Afriibi,Ezreal,Viego,BOT,8,18.0,2.0,True,Win
2964143,1,EWI,ROSS,EWI,ROSS,Blue,Wildenbruch,Nautilus,Nautilus,SUP,9,19.0,2.0,True,Win
2964143,1,EWI,ROSS,ROSS,EWI,Red,Infoneral,Braum,Braum,SUP,10,20.0,2.0,False,Loss
2964144,1,USE,G2N,USE,G2N,Blue,FornoReason,KSante,Cassiopeia,TOP,1,7.0,1.0,True,Win
2964144,1,USE,G2N,G2N,USE,Red,Shelfmade,Vayne,Ziggs,TOP,2,8.0,1.0,False,Loss
2964144,1,USE,G2N,G2N,USE,Red,Markoon,Vi,Vi,JGL,3,9.0,1.0,False,Loss
2964144,1,USE,G2N,USE,G2N,Blue,White,XinZhao,Bard,JGL,4,10.0,1.0,True,Win
2964144,1,USE,G2N,USE,G2N,Blue,Kanin,Cassiopeia,Xin Zhao,MID,5,11.0,1.0,True,Win
2964144,1,USE,G2N,G2N,USE,Red,Toasty,Akali,Pyke,MID,6,12.0,1.0,False,Loss
2964144,1,USE,G2N,G2N,USE,Red,rin,Ziggs,Akali,BOT,7,17.0,2.0,False,Loss
2964144,1,USE,G2N,USE,G2N,Blue,DenVoksne,Tristana,K'Sante,BOT,8,18.0,2.0,True,Win
2964144,1,USE,G2N,USE,G2N,Blue,Twiizt,Bard,Tristana,SUP,9,19.0,2.0,True,Win
2964144,1,USE,G2N,G2N,USE,Red,Tockimo,Pyke,Vayne,SUP,10,20.0,2.0,False,Loss
2964145,1,TOG,KHK,TOG,KHK,Blue,Zorenous,Jayce,Jayce,TOP,1,7.0,1.0,False,Loss
2964145,1,TOG,KHK,KHK,TOG,Red,Boda,Varus,Ziggs,TOP,2,8.0,1.0,True,Win
2964145,1,TOG,KHK,KHK,TOG,Red,Densi,Skarner,Skarner,JGL,3,9.0,1.0,True,Win
2964145,1,TOG,KHK,TOG,KHK,Blue,Woldjo,Aatrox,Syndra,JGL,4,10.0,1.0,False,Loss
2964145,1,TOG,KHK,TOG,KHK,Blue,Sajator,Syndra,Aatrox,MID,5,11.0,1.0,False,Loss
2964145,1,TOG,KHK,KHK,TOG,Red,Abbedagge,TwistedFate,Camille,MID,6,12.0,1.0,True,Win
2964145,1,TOG,KHK,KHK,TOG,Red,Unforgiven,Ziggs,Varus,BOT,7,17.0,2.0,True,Win
2964145,1,TOG,KHK,TOG,KHK,Blue,Ryuk,Sivir,Rell,BOT,8,18.0,2.0,False,Loss
2964145,1,TOG,KHK,TOG,KHK,Blue,Lilipp,Rell,Sivir,SUP,9,19.0,2.0,False,Loss
2964145,1,TOG,KHK,KHK,TOG,Red,Doss,Camille,Twisted Fate,SUP,10,20.0,2.0,True,Win
2964146,1,VFB,EINS,VFB,EINS,Blue,Sven,Swain,Camille,TOP,1,7.0,1.0,False,Loss
2964146,1,VFB,EINS,EINS,VFB,Red,Jenax,Jayce,Ziggs,TOP,2,8.0,1.0,True,Win
2964146,1,VFB,EINS,EINS,VFB,Red,Xagog,Poppy,Rell,JGL,3,9.0,1.0,True,Win
2964146,1,VFB,EINS,VFB,EINS,Blue,Zwickl,Naafiri,Tristana,JGL,4,10.0,1.0,False,Loss
2964146,1,VFB,EINS,VFB,EINS,Blue,Luke,Syndra,Naafiri,MID,5,11.0,1.0,False,Loss
2964146,1,VFB,EINS,EINS,VFB,Red,PowerOfEvil,Viktor,Poppy,MID,6,12.0,1.0,True,Win
2964146,1,VFB,EINS,EINS,VFB,Red,FUN k3y,Ziggs,Jayce,BOT,7,17.0,2.0,True,Win
2964146,1,VFB,EINS,VFB,EINS,Blue,Tazaku,Tristana,Syndra,BOT,8,18.0,2.0,False,Loss
2964146,1,VFB,EINS,VFB,EINS,Blue,Jakobobbi,Camille,Swain,SUP,9,19.0,2.0,False,Loss
2964146,1,VFB,EINS,EINS,VFB,Red,seaz,Rell,Viktor,SUP,10,20.0,2.0,True,Win
2964147,1,BIG,SGE,BIG,SGE,Blue,Irrelevant,Volibear,Ziggs,TOP,1,7.0,1.0,True,Win
2964147,1,BIG,SGE,SGE,BIG,Red,Addusto,Renekton,Mel,TOP,2,8.0,1.0,False,Loss
2964147,1,BIG,SGE,SGE,BIG,Red,D4nKa,MonkeyKing,Nautilus,JGL,3,9.0,1.0,False,Loss
2964147,1,BIG,SGE,BIG,SGE,Blue,Habubu,Naafiri,Naafiri,JGL,4,10.0,1.0,True,Win
2964147,1,BIG,SGE,BIG,SGE,Blue,Reeker,Ryze,Camille,MID,5,11.0,1.0,True,Win
2964147,1,BIG,SGE,SGE,BIG,Red,Sencux,Syndra,Wukong,MID,6,12.0,1.0,False,Loss
2964147,1,BIG,SGE,SGE,BIG,Red,Devn,Mel,Renekton,BOT,7,17.0,2.0,False,Loss
2964147,1,BIG,SGE,BIG,SGE,Blue,Patrik,Ziggs,Volibear,BOT,8,18.0,2.0,True,Win
2964147,1,BIG,SGE,BIG,SGE,Blue,Kaiser,Camille,Ryze,SUP,9,19.0,2.0,True,Win
2964147,1,BIG,SGE,SGE,BIG,Red,Richu,Nautilus,Syndra,SUP,10,20.0,2.0,False,Loss
2964148,1,EWI,EINS,EWI,EINS,Blue,Vizicsacsi,Rumble,Cassiopeia,TOP,1,7.0,1.0,True,Win
2964148,1,EWI,EINS,EINS,EWI,Red,Jenax,Gnar,Ziggs,TOP,2,8.0,1.0,False,Loss
2964148,1,EWI,EINS,EINS,EWI,Red,Xagog,Trundle,Nautilus,JGL,3,9.0,1.0,False,Loss
2964148,1,EWI,EINS,EWI,EINS,Blue,Afroboi,DrMundo,Rell,JGL,4,10.0,1.0,True,Win
2964148,1,EWI,EINS,EWI,EINS,Blue,Relative,Cassiopeia,Sivir,MID,5,11.0,1.0,True,Win
2964148,1,EWI,EINS,EINS,EWI,Red,PowerOfEvil,Syndra,Syndra,MID,6,12.0,1.0,False,Loss
2964148,1,EWI,EINS,EINS,EWI,Red,FUN k3y,Ziggs,Gnar,BOT,7,17.0,2.0,False,Loss
2964148,1,EWI,EINS,EWI,EINS,Blue,Afriibi,Sivir,Dr. Mundo,BOT,8,18.0,2.0,True,Win
2964148,1,EWI,EINS,EWI,EINS,Blue,Wildenbruch,Rell,Rumble,SUP,9,19.0,2.0,True,Win
2964148,1,EWI,EINS,EINS,EWI,Red,seaz,Nautilus,Trundle,SUP,10,20.0,2.0,False,Loss
2964149,1,BIG,TOG,BIG,TOG,Blue,Irrelevant,Rumble,Orianna,TOP,1,7.0,1.0,True,Win
2964149,1,BIG,TOG,TOG,BIG,Red,Zorenous,Jayce,Pantheon,TOP,2,8.0,1.0,False,Loss
2964149,1,BIG,TOG,TOG,BIG,Red,Woldjo,RekSai,Ziggs,JGL,3,9.0,1.0,False,Loss
2964149,1,BIG,TOG,BIG,TOG,Blue,Habubu,Naafiri,Naafiri,JGL,4,10.0,1.0,True,Win
2964149,1,BIG,TOG,BIG,TOG,Blue,Reeker,Orianna,Ezreal,MID,5,11.0,1.0,True,Win
2964149,1,BIG,TOG,TOG,BIG,Red,Sajator,Leblanc,LeBlanc,MID,6,12.0,1.0,False,Loss
2964149,1,BIG,TOG,TOG,BIG,Red,Ryuk,Ziggs,Rek'Sai,BOT,7,17.0,2.0,False,Loss
2964149,1,BIG,TOG,BIG,TOG,Blue,Patrik,Ezreal,Rumble,BOT,8,18.0,2.0,True,Win
2964149,1,BIG,TOG,BIG,TOG,Blue,Kaiser,Camille,Camille,SUP,9,19.0,2.0,True,Win
2964149,1,BIG,TOG,TOG,BIG,Red,Lilipp,Pantheon,Jayce,SUP,10,20.0,2.0,False,Loss
2964150,1,ROSS,VFB,ROSS,VFB,Blue,Leks,Sion,Aatrox,TOP,1,7.0,1.0,True,Win
2964150,1,ROSS,VFB,VFB,ROSS,Red,Sven,Jayce,Jayce,TOP,2,8.0,1.0,False,Loss
2964150,1,ROSS,VFB,VFB,ROSS,Red,Zwickl,LeeSin,Lee Sin,JGL,3,9.0,1.0,False,Loss
2964150,1,ROSS,VFB,ROSS,VFB,Blue,jokaa,Aatrox,Cassiopeia,JGL,4,10.0,1.0,True,Win
2964150,1,ROSS,VFB,ROSS,VFB,Blue,c0st0m,Cassiopeia,Sion,MID,5,11.0,1.0,True,Win
2964150,1,ROSS,VFB,VFB,ROSS,Red,Luke,Syndra,Syndra,MID,6,12.0,1.0,False,Loss
2964150,1,ROSS,VFB,VFB,ROSS,Red,Tazaku,Caitlyn,Karma,BOT,7,17.0,2.0,False,Loss
2964150,1,ROSS,VFB,ROSS,VFB,Blue,Hazel,Kalista,Kalista,BOT,8,18.0,2.0,True,Win
2964150,1,ROSS,VFB,ROSS,VFB,Blue,Infoneral,Leona,Leona,SUP,9,19.0,2.0,True,Win
2964150,1,ROSS,VFB,VFB,ROSS,Red,Jakobobbi,Karma,Caitlyn,SUP,10,20.0,2.0,False,Loss
2964151,1,USE,KHK,USE,KHK,Blue,FornoReason,Aatrox,Camille,TOP,1,7.0,1.0,False,Loss
2964151,1,USE,KHK,KHK,USE,Red,Boda,Yone,Ziggs,TOP,2,8.0,1.0,True,Win
2964151,1,USE,KHK,KHK,USE,Red,Densi,MonkeyKing,Shen,JGL,3,9.0,1.0,True,Win
2964151,1,USE,KHK,USE,KHK,Blue,White,LeeSin,Annie,JGL,4,10.0,1.0,False,Loss
2964151,1,USE,KHK,USE,KHK,Blue,Kanin,Annie,Lee Sin,MID,5,11.0,1.0,False,Loss
2964151,1,USE,KHK,KHK,USE,Red,Abbedagge,Lissandra,Lissandra,MID,6,12.0,1.0,True,Win
2964151,1,USE,KHK,KHK,USE,Red,Unforgiven,Ziggs,Wukong,BOT,7,17.0,2.0,True,Win
2964151,1,USE,KHK,USE,KHK,Blue,DenVoksne,Jhin,Aatrox,BOT,8,18.0,2.0,False,Loss
2964151,1,USE,KHK,USE,KHK,Blue,Twiizt,Camille,Jhin,SUP,9,19.0,2.0,False,Loss
2964151,1,USE,KHK,KHK,USE,Red,Doss,Shen,Yone,SUP,10,20.0,2.0,True,Win
2964152,1,VFB,SGE,VFB,SGE,Blue,Sven,Yorick,Bard,TOP,1,7.0,1.0,True,Win
2964152,1,VFB,SGE,SGE,VFB,Red,Addusto,Jayce,Jayce,TOP,2,8.0,1.0,False,Loss
2964152,1,VFB,SGE,SGE,VFB,Red,D4nKa,Aatrox,Aatrox,JGL,3,9.0,1.0,False,Loss
2964152,1,VFB,SGE,VFB,SGE,Blue,Zwickl,JarvanIV,Jarvan IV,JGL,4,10.0,1.0,True,Win
2964152,1,VFB,SGE,VFB,SGE,Blue,Luke,Viktor,Caitlyn,MID,5,11.0,1.0,True,Win
2964152,1,VFB,SGE,SGE,VFB,Red,Sencux,Aurora,Mel,MID,6,12.0,1.0,False,Loss
2964152,1,VFB,SGE,SGE,VFB,Red,Devn,Mel,Rell,BOT,7,17.0,2.0,False,Loss
2964152,1,VFB,SGE,VFB,SGE,Blue,Tazaku,Caitlyn,Viktor,BOT,8,18.0,2.0,True,Win
2964152,1,VFB,SGE,VFB,SGE,Blue,Jakobobbi,Bard,Yorick,SUP,9,19.0,2.0,True,Win
2964152,1,VFB,SGE,SGE,VFB,Red,Richu,Rell,Aurora,SUP,10,20.0,2.0,False,Loss
2964153,1,EWI,USE,EWI,USE,Blue,Vizicsacsi,Yorick,Ryze,TOP,1,7.0,1.0,False,Loss
2964153,1,EWI,USE,USE,EWI,Red,FornoReason,Renekton,Ezreal,TOP,2,8.0,1.0,True,Win
2964153,1,EWI,USE,USE,EWI,Red,White,JarvanIV,Anivia,JGL,3,9.0,1.0,True,Win
2964153,1,EWI,USE,EWI,USE,Blue,Afroboi,Qiyana,Nautilus,JGL,4,10.0,1.0,False,Loss
2964153,1,EWI,USE,EWI,USE,Blue,Relative,Ryze,Hwei,MID,5,11.0,1.0,False,Loss
2964153,1,EWI,USE,USE,EWI,Red,Kanin,Anivia,Bard,MID,6,12.0,1.0,True,Win
2964153,1,EWI,USE,USE,EWI,Red,DenVoksne,Ezreal,Jarvan IV,BOT,7,17.0,2.0,True,Win
2964153,1,EWI,USE,EWI,USE,Blue,noz2k,Hwei,Qiyana,BOT,8,18.0,2.0,False,Loss
2964153,1,EWI,USE,EWI,USE,Blue,Wildenbruch,Nautilus,Yorick,SUP,9,19.0,2.0,False,Loss
2964153,1,EWI,USE,USE,EWI,Red,Twiizt,Bard,Renekton,SUP,10,20.0,2.0,True,Win
2964154,1,SGE,KHK,SGE,KHK,Blue,Addusto,Jayce,Cassiopeia,TOP,1,7.0,1.0,False,Loss
2964154,1,SGE,KHK,KHK,SGE,Red,Boda,Anivia,Jarvan IV,TOP,2,8.0,1.0,True,Win
2964154,1,SGE,KHK,KHK,SGE,Red,Densi,JarvanIV,Hwei,JGL,3,9.0,1.0,True,Win
2964154,1,SGE,KHK,SGE,KHK,Blue,D4nKa,XinZhao,Ezreal,JGL,4,10.0,1.0,False,Loss
2964154,1,SGE,KHK,SGE,KHK,Blue,Sencux,Cassiopeia,Bard,MID,5,11.0,1.0,False,Loss
2964154,1,SGE,KHK,KHK,SGE,Red,Abbedagge,Hwei,Nautilus,MID,6,12.0,1.0,True,Win
2964154,1,SGE,KHK,KHK,SGE,Red,Unforgiven,Jhin,Jhin,BOT,7,17.0,2.0,True,Win
2964154,1,SGE,KHK,SGE,KHK,Blue,Devn,Ezreal,Jayce,BOT,8,18.0,2.0,False,Loss
2964154,1,SGE,KHK,SGE,KHK,Blue,Richu,Bard,Xin Zhao,SUP,9,19.0,2.0,False,Loss
2964154,1,SGE,KHK,KHK,SGE,Red,Doss,Nautilus,Anivia,SUP,10,20.0,2.0,True,Win
2964155,1,ROSS,TOG,ROSS,TOG,Blue,Leks,KSante,Jarvan IV,TOP,1,7.0,1.0,False,Loss
2964155,1,ROSS,TOG,TOG,ROSS,Red,Zorenous,Rumble,Rumble,TOP,2,8.0,1.0,True,Win
2964155,1,ROSS,TOG,TOG,ROSS,Red,Woldjo,Nocturne,Nocturne,JGL,3,9.0,1.0,True,Win
2964155,1,ROSS,TOG,ROSS,TOG,Blue,jokaa,JarvanIV,K'Sante,JGL,4,10.0,1.0,False,Loss
2964155,1,ROSS,TOG,ROSS,TOG,Blue,c0st0m,Viktor,Jhin,MID,5,11.0,1.0,False,Loss
2964155,1,ROSS,TOG,TOG,ROSS,Red,Sajator,Jayce,Rell,MID,6,12.0,1.0,True,Win
2964155,1,ROSS,TOG,TOG,ROSS,Red,Ryuk,Zeri,Zeri,BOT,7,17.0,2.0,True,Win
2964155,1,ROSS,TOG,ROSS,TOG,Blue,Hazel,Jhin,Viktor,BOT,8,18.0,2.0,False,Loss
2964155,1,ROSS,TOG,ROSS,TOG,Blue,Infoneral,Poppy,Poppy,SUP,9,19.0,2.0,False,Loss
2964155,1,ROSS,TOG,TOG,ROSS,Red,Lilipp,Rell,Jayce,SUP,10,20.0,2.0,True,Win
2964156,1,EWI,SGE,EWI,SGE,Blue,Vizicsacsi,Sion,Ryze,TOP,1,7.0,1.0,True,Win
2964156,1,EWI,SGE,SGE,EWI,Red,Addusto,Yone,Ziggs,TOP,2,8.0,1.0,False,Loss
2964156,1,EWI,SGE,SGE,EWI,Red,D4nKa,Skarner,Camille,JGL,3,9.0,1.0,False,Loss
2964156,1,EWI,SGE,EWI,SGE,Blue,Afroboi,Naafiri,Ezreal,JGL,4,10.0,1.0,True,Win
2964156,1,EWI,SGE,EWI,SGE,Blue,Relative,Ryze,Leona,MID,5,11.0,1.0,True,Win
2964156,1,EWI,SGE,SGE,EWI,Red,Sencux,TwistedFate,Skarner,MID,6,12.0,1.0,False,Loss
2964156,1,EWI,SGE,SGE,EWI,Red,Devn,Ziggs,Twisted Fate,BOT,7,17.0,2.0,False,Loss
2964156,1,EWI,SGE,EWI,SGE,Blue,noz2k,Ezreal,Sion,BOT,8,18.0,2.0,True,Win
2964156,1,EWI,SGE,EWI,SGE,Blue,Wildenbruch,Leona,Naafiri,SUP,9,19.0,2.0,True,Win
2964156,1,EWI,SGE,SGE,EWI,Red,Richu,Camille,Yone,SUP,10,20.0,2.0,False,Loss
2964157,1,VFB,BIG,VFB,BIG,Blue,Sven,Swain,Bard,TOP,1,7.0,1.0,False,Loss
2964157,1,VFB,BIG,BIG,VFB,Red,Irrelevant,Gnar,Lee Sin,TOP,2,8.0,1.0,True,Win
2964157,1,VFB,BIG,BIG,VFB,Red,Habubu,LeeSin,Syndra,JGL,3,9.0,1.0,True,Win
2964157,1,VFB,BIG,VFB,BIG,Blue,Zwickl,JarvanIV,Jarvan IV,JGL,4,10.0,1.0,False,Loss
2964157,1,VFB,BIG,VFB,BIG,Blue,Luke,Viktor,Caitlyn,MID,5,11.0,1.0,False,Loss
2964157,1,VFB,BIG,BIG,VFB,Red,Reeker,Sylas,Gnar,MID,6,12.0,1.0,True,Win
2964157,1,VFB,BIG,BIG,VFB,Red,Patrik,Syndra,Nautilus,BOT,7,17.0,2.0,True,Win
2964157,1,VFB,BIG,VFB,BIG,Blue,Tazaku,Caitlyn,Viktor,BOT,8,18.0,2.0,False,Loss
2964157,1,VFB,BIG,VFB,BIG,Blue,Jakobobbi,Bard,Swain,SUP,9,19.0,2.0,False,Loss
2964157,1,VFB,BIG,BIG,VFB,Red,Kaiser,Nautilus,Sylas,SUP,10,20.0,2.0,True,Win
2964158,1,ROSS,KHK,ROSS,KHK,Blue,Leks,Renekton,Jayce,TOP,1,7.0,1.0,True,Win
2964158,1,ROSS,KHK,KHK,ROSS,Red,Boda,Ambessa,Syndra,TOP,2,8.0,1.0,False,Loss
2964158,1,ROSS,KHK,KHK,ROSS,Red,Densi,LeeSin,Lee Sin,JGL,3,9.0,1.0,False,Loss
2964158,1,ROSS,KHK,ROSS,KHK,Blue,jokaa,Jayce,Leona,JGL,4,10.0,1.0,True,Win
2964158,1,ROSS,KHK,ROSS,KHK,Blue,c0st0m,Leblanc,LeBlanc,MID,5,11.0,1.0,True,Win
2964158,1,ROSS,KHK,KHK,ROSS,Red,Abbedagge,Syndra,Ambessa,MID,6,12.0,1.0,False,Loss
2964158,1,ROSS,KHK,KHK,ROSS,Red,Unforgiven,Jhin,Nautilus,BOT,7,17.0,2.0,False,Loss
2964158,1,ROSS,KHK,ROSS,KHK,Blue,Hazel,Lux,Renekton,BOT,8,18.0,2.0,True,Win
2964158,1,ROSS,KHK,ROSS,KHK,Blue,Infoneral,Leona,Lux,SUP,9,19.0,2.0,True,Win
2964158,1,ROSS,KHK,KHK,ROSS,Red,Doss,Nautilus,Jhin,SUP,10,20.0,2.0,False,Loss
2964159,1,G2N,TOG,G2N,TOG,Blue,Shelfmade,Gnar,Syndra,TOP,1,7.0,1.0,True,Win
2964159,1,G2N,TOG,TOG,G2N,Red,Zorenous,Rumble,Jarvan IV,TOP,2,8.0,1.0,False,Loss
2964159,1,G2N,TOG,TOG,G2N,Red,Woldjo,JarvanIV,Rumble,JGL,3,9.0,1.0,False,Loss
2964159,1,G2N,TOG,G2N,TOG,Blue,Markoon,Naafiri,Naafiri,JGL,4,10.0,1.0,True,Win
2964159,1,G2N,TOG,G2N,TOG,Blue,Toasty,Orianna,Camille,MID,5,11.0,1.0,True,Win
2964159,1,G2N,TOG,TOG,G2N,Red,Sajator,Sylas,Ezreal,MID,6,12.0,1.0,False,Loss
2964159,1,G2N,TOG,TOG,G2N,Red,Ryuk,Ezreal,Rell,BOT,7,17.0,2.0,False,Loss
2964159,1,G2N,TOG,G2N,TOG,Blue,rin,Syndra,Gnar,BOT,8,18.0,2.0,True,Win
2964159,1,G2N,TOG,G2N,TOG,Blue,Tockimo,Camille,Orianna,SUP,9,19.0,2.0,True,Win
2964159,1,G2N,TOG,TOG,G2N,Red,Lilipp,Rell,Sylas,SUP,10,20.0,2.0,False,Loss
2964160,1,VFB,KHK,VFB,KHK,Blue,Sven,Renekton,Ziggs,TOP,1,7.0,1.0,False,Loss
2964160,1,VFB,KHK,KHK,VFB,Red,Boda,Aatrox,Syndra,TOP,2,8.0,1.0,True,Win
2964160,1,VFB,KHK,KHK,VFB,Red,Densi,LeeSin,Lee Sin,JGL,3,9.0,1.0,True,Win
2964160,1,VFB,KHK,VFB,KHK,Blue,Zwickl,XinZhao,Camille,JGL,4,10.0,1.0,False,Loss
2964160,1,VFB,KHK,VFB,KHK,Blue,Luke,Galio,Xin Zhao,MID,5,11.0,1.0,False,Loss
2964160,1,VFB,KHK,KHK,VFB,Red,Abbedagge,Orianna,Shen,MID,6,12.0,1.0,True,Win
2964160,1,VFB,KHK,KHK,VFB,Red,Unforgiven,Syndra,Orianna,BOT,7,17.0,2.0,True,Win
2964160,1,VFB,KHK,VFB,KHK,Blue,Tazaku,Ziggs,Galio,BOT,8,18.0,2.0,False,Loss
2964160,1,VFB,KHK,VFB,KHK,Blue,Jakobobbi,Camille,Renekton,SUP,9,19.0,2.0,False,Loss
2964160,1,VFB,KHK,KHK,VFB,Red,Doss,Shen,Aatrox,SUP,10,20.0,2.0,True,Win
2964161,1,SGE,EINS,SGE,EINS,Blue,Addusto,KSante,Cassiopeia,TOP,1,7.0,1.0,False,Loss
2964161,1,SGE,EINS,EINS,SGE,Red,Jenax,DrMundo,Anivia,TOP,2,8.0,1.0,True,Win
2964161,1,SGE,EINS,EINS,SGE,Red,Xagog,Vi,Jhin,JGL,3,9.0,1.0,True,Win
2964161,1,SGE,EINS,SGE,EINS,Blue,D4nKa,LeeSin,Lucian,JGL,4,10.0,1.0,False,Loss
2964161,1,SGE,EINS,SGE,EINS,Blue,Sencux,Cassiopeia,Milio,MID,5,11.0,1.0,False,Loss
2964161,1,SGE,EINS,EINS,SGE,Red,PowerOfEvil,Anivia,Nautilus,MID,6,12.0,1.0,True,Win
2964161,1,SGE,EINS,EINS,SGE,Red,FUN k3y,Jhin,Vi,BOT,7,17.0,2.0,True,Win
2964161,1,SGE,EINS,SGE,EINS,Blue,Devn,Lucian,Lee Sin,BOT,8,18.0,2.0,False,Loss
2964161,1,SGE,EINS,SGE,EINS,Blue,Richu,Milio,K'Sante,SUP,9,19.0,2.0,False,Loss
2964161,1,SGE,EINS,EINS,SGE,Red,seaz,Nautilus,Dr. Mundo,SUP,10,20.0,2.0,True,Win
2964162,1,USE,TOG,USE,TOG,Blue,FornoReason,KSante,Ziggs,TOP,1,7.0,1.0,True,Win
2964162,1,USE,TOG,TOG,USE,Red,Zorenous,Rumble,Rumble,TOP,2,8.0,1.0,False,Loss
2964162,1,USE,TOG,TOG,USE,Red,Woldjo,Skarner,Skarner,JGL,3,9.0,1.0,False,Loss
2964162,1,USE,TOG,USE,TOG,Blue,White,Naafiri,Naafiri,JGL,4,10.0,1.0,True,Win
2964162,1,USE,TOG,USE,TOG,Blue,Kanin,Anivia,K'Sante,MID,5,11.0,1.0,True,Win
2964162,1,USE,TOG,TOG,USE,Red,Sajator,Tristana,Zeri,MID,6,12.0,1.0,False,Loss
2964162,1,USE,TOG,TOG,USE,Red,Ryuk,Zeri,Rakan,BOT,7,17.0,2.0,False,Loss
2964162,1,USE,TOG,USE,TOG,Blue,DenVoksne,Ziggs,Nautilus,BOT,8,18.0,2.0,True,Win
2964162,1,USE,TOG,USE,TOG,Blue,Twiizt,Nautilus,Anivia,SUP,9,19.0,2.0,True,Win
2964162,1,USE,TOG,TOG,USE,Red,Lilipp,Rakan,Tristana,SUP,10,20.0,2.0,False,Loss
2964163,1,BIG,G2N,BIG,G2N,Blue,Irrelevant,Rumble,Lee Sin,TOP,1,7.0,1.0,False,Loss
2964163,1,BIG,G2N,G2N,BIG,Red,Shelfmade,KSante,Syndra,TOP,2,8.0,1.0,True,Win
2964163,1,BIG,G2N,G2N,BIG,Red,Markoon,Naafiri,Camille,JGL,3,9.0,1.0,True,Win
2964163,1,BIG,G2N,BIG,G2N,Blue,Habubu,LeeSin,Rumble,JGL,4,10.0,1.0,False,Loss
2964163,1,BIG,G2N,BIG,G2N,Blue,Reeker,Sylas,Sylas,MID,5,11.0,1.0,False,Loss
2964163,1,BIG,G2N,G2N,BIG,Red,Toasty,Aurora,Naafiri,MID,6,12.0,1.0,True,Win
2964163,1,BIG,G2N,G2N,BIG,Red,rin,Syndra,K'Sante,BOT,7,17.0,2.0,True,Win
2964163,1,BIG,G2N,BIG,G2N,Blue,Patrik,Ezreal,Ezreal,BOT,8,18.0,2.0,False,Loss
2964163,1,BIG,G2N,BIG,G2N,Blue,Kaiser,Shen,Shen,SUP,9,19.0,2.0,False,Loss
2964163,1,BIG,G2N,G2N,BIG,Red,Tockimo,Camille,Aurora,SUP,10,20.0,2.0,True,Win
2964164,1,BIG,EINS,BIG,EINS,Blue,Irrelevant,Renekton,Orianna,TOP,1,7.0,1.0,False,Loss
2964164,1,BIG,EINS,EINS,BIG,Red,Jenax,DrMundo,Bard,TOP,2,8.0,1.0,True,Win
2964164,1,BIG,EINS,EINS,BIG,Red,Xagog,Naafiri,Naafiri,JGL,3,9.0,1.0,True,Win
2964164,1,BIG,EINS,BIG,EINS,Blue,Habubu,Qiyana,Qiyana,JGL,4,10.0,1.0,False,Loss
2964164,1,BIG,EINS,BIG,EINS,Blue,Reeker,Orianna,Nautilus,MID,5,11.0,1.0,False,Loss
2964164,1,BIG,EINS,EINS,BIG,Red,PowerOfEvil,Syndra,Syndra,MID,6,12.0,1.0,True,Win
2964164,1,BIG,EINS,EINS,BIG,Red,FUN k3y,Jhin,Jhin,BOT,7,17.0,2.0,True,Win
2964164,1,BIG,EINS,BIG,EINS,Blue,Patrik,Ziggs,Ziggs,BOT,8,18.0,2.0,False,Loss
2964164,1,BIG,EINS,BIG,EINS,Blue,Kaiser,Nautilus,Renekton,SUP,9,19.0,2.0,False,Loss
2964164,1,BIG,EINS,EINS,BIG,Red,seaz,Bard,Dr. Mundo,SUP,10,20.0,2.0,True,Win
2964165,1,G2N,EINS,G2N,EINS,Blue,Shelfmade,KSante,Syndra,TOP,1,7.0,1.0,True,Win
2964165,1,G2N,EINS,EINS,G2N,Red,Jenax,Garen,Naafiri,TOP,2,8.0,1.0,False,Loss
2964165,1,G2N,EINS,EINS,G2N,Red,Xagog,Naafiri,Viktor,JGL,3,9.0,1.0,False,Loss
2964165,1,G2N,EINS,G2N,EINS,Blue,Markoon,Vi,Vi,JGL,4,10.0,1.0,True,Win
2964165,1,G2N,EINS,G2N,EINS,Blue,Toasty,Orianna,Camille,MID,5,11.0,1.0,True,Win
2964165,1,G2N,EINS,EINS,G2N,Red,PowerOfEvil,Viktor,Shen,MID,6,12.0,1.0,False,Loss
2964165,1,G2N,EINS,EINS,G2N,Red,FUN k3y,Sivir,Sivir,BOT,7,17.0,2.0,False,Loss
2964165,1,G2N,EINS,G2N,EINS,Blue,rin,Syndra,K'Sante,BOT,8,18.0,2.0,True,Win
2964165,1,G2N,EINS,G2N,EINS,Blue,Tockimo,Camille,Orianna,SUP,9,19.0,2.0,True,Win
2964165,1,G2N,EINS,EINS,G2N,Red,seaz,Shen,Garen,SUP,10,20.0,2.0,False,Loss
2964166,1,EWI,VFB,EWI,VFB,Blue,Vizicsacsi,Sion,Ryze,TOP,1,7.0,1.0,True,Win
2964166,1,EWI,VFB,VFB,EWI,Red,Sven,Gnar,Syndra,TOP,2,8.0,1.0,False,Loss
2964166,1,EWI,VFB,VFB,EWI,Red,Zwickl,Naafiri,Naafiri,JGL,3,9.0,1.0,False,Loss
2964166,1,EWI,VFB,EWI,VFB,Blue,Afroboi,Darius,Caitlyn,JGL,4,10.0,1.0,True,Win
2964166,1,EWI,VFB,EWI,VFB,Blue,Relative,Ryze,Bard,MID,5,11.0,1.0,True,Win
2964166,1,EWI,VFB,VFB,EWI,Red,Luke,Syndra,Nautilus,MID,6,12.0,1.0,False,Loss
2964166,1,EWI,VFB,VFB,EWI,Red,Tazaku,Viktor,Viktor,BOT,7,17.0,2.0,False,Loss
2964166,1,EWI,VFB,EWI,VFB,Blue,noz2k,Caitlyn,Sion,BOT,8,18.0,2.0,True,Win
2964166,1,EWI,VFB,EWI,VFB,Blue,Wildenbruch,Bard,Darius,SUP,9,19.0,2.0,True,Win
2964166,1,EWI,VFB,VFB,EWI,Red,Jakobobbi,Nautilus,Gnar,SUP,10,20.0,2.0,False,Loss
2964167,1,USE,ROSS,USE,ROSS,Blue,FornoReason,Gnar,Ziggs,TOP,1,7.0,1.0,True,Win
2964167,1,USE,ROSS,ROSS,USE,Red,Leks,Jax,Ambessa,TOP,2,8.0,1.0,False,Loss
2964167,1,USE,ROSS,ROSS,USE,Red,jokaa,Ambessa,Leona,JGL,3,9.0,1.0,False,Loss
2964167,1,USE,ROSS,USE,ROSS,Blue,White,Naafiri,Alistar,JGL,4,10.0,1.0,True,Win
2964167,1,USE,ROSS,USE,ROSS,Blue,Kanin,TwistedFate,Naafiri,MID,5,11.0,1.0,True,Win
2964167,1,USE,ROSS,ROSS,USE,Red,c0st0m,Syndra,Zeri,MID,6,12.0,1.0,False,Loss
2964167,1,USE,ROSS,ROSS,USE,Red,Hazel,Zeri,Syndra,BOT,7,17.0,2.0,False,Loss
2964167,1,USE,ROSS,USE,ROSS,Blue,DenVoksne,Ziggs,Gnar,BOT,8,18.0,2.0,True,Win
2964167,1,USE,ROSS,USE,ROSS,Blue,Twiizt,Alistar,Twisted Fate,SUP,9,19.0,2.0,True,Win
2964167,1,USE,ROSS,ROSS,USE,Red,Infoneral,Leona,Jax,SUP,10,20.0,2.0,False,Loss
2978251,1,SGE,EINS,SGE,EINS,Blue,Addusto,Ambessa,Cassiopeia,TOP,1,7.0,1.0,False,Loss
2978251,1,SGE,EINS,EINS,SGE,Red,Jenax,Poppy,Nautilus,TOP,2,8.0,1.0,True,Win
2978251,1,SGE,EINS,EINS,SGE,Red,Xagog,Vi,Anivia,JGL,3,9.0,1.0,True,Win
2978251,1,SGE,EINS,SGE,EINS,Blue,D4nKa,JarvanIV,Lucian,JGL,4,10.0,1.0,False,Loss
2978251,1,SGE,EINS,SGE,EINS,Blue,Sencux,Cassiopeia,Milio,MID,5,11.0,1.0,False,Loss
2978251,1,SGE,EINS,EINS,SGE,Red,PowerOfEvil,Anivia,Vi,MID,6,12.0,1.0,True,Win
2978251,1,SGE,EINS,EINS,SGE,Red,FUN k3y,Jhin,Jhin,BOT,7,17.0,2.0,True,Win
2978251,1,SGE,EINS,SGE,EINS,Blue,Devn,Lucian,Jarvan IV,BOT,8,18.0,2.0,False,Loss
2978251,1,SGE,EINS,SGE,EINS,Blue,Richu,Milio,Ambessa,SUP,9,19.0,2.0,False,Loss
2978251,1,SGE,EINS,EINS,SGE,Red,seaz,Nautilus,Poppy,SUP,10,20.0,2.0,True,Win
2978251,2,EINS,SGE,EINS,SGE,Blue,Jenax,KSante,Syndra,TOP,1,7.0,1.0,True,Win
2978251,2,EINS,SGE,SGE,EINS,Red,Addusto,Gnar,Ezreal,TOP,2,8.0,1.0,False,Loss
2978251,2,EINS,SGE,SGE,EINS,Red,D4nKa,Aatrox,Aatrox,JGL,3,9.0,1.0,False,Loss
2978251,2,EINS,SGE,EINS,SGE,Blue,Xagog,Naafiri,Naafiri,JGL,4,10.0,1.0,True,Win
2978251,2,EINS,SGE,EINS,SGE,Blue,PowerOfEvil,Syndra,Miss Fortune,MID,5,11.0,1.0,True,Win
2978251,2,EINS,SGE,SGE,EINS,Red,Sencux,Akali,Leona,MID,6,12.0,1.0,False,Loss
2978251,2,EINS,SGE,SGE,EINS,Red,Devn,Ezreal,Akali,BOT,7,17.0,2.0,False,Loss
2978251,2,EINS,SGE,EINS,SGE,Blue,FUN k3y,MissFortune,Rakan,BOT,8,18.0,2.0,True,Win
2978251,2,EINS,SGE,EINS,SGE,Blue,seaz,Rakan,K'Sante,SUP,9,19.0,2.0,True,Win
2978251,2,EINS,SGE,SGE,EINS,Red,Richu,Leona,Gnar,SUP,10,20.0,2.0,False,Loss
2978252,1,BIG,EWI,BIG,EWI,Blue,Irrelevant,Rumble,Syndra,TOP,1,7.0,1.0,True,Win
2978252,1,BIG,EWI,EWI,BIG,Red,Vizicsacsi,Sion,Ezreal,TOP,2,8.0,1.0,False,Loss
2978252,1,BIG,EWI,EWI,BIG,Red,Afroboi,DrMundo,Sion,JGL,3,9.0,1.0,False,Loss
2978252,1,BIG,EWI,BIG,EWI,Blue,Habubu,LeeSin,Lee Sin,JGL,4,10.0,1.0,True,Win
2978252,1,BIG,EWI,BIG,EWI,Blue,Reeker,Syndra,Rumble,MID,5,11.0,1.0,True,Win
2978252,1,BIG,EWI,EWI,BIG,Red,Relative,Ryze,Dr. Mundo,MID,6,12.0,1.0,False,Loss
2978252,1,BIG,EWI,EWI,BIG,Red,noz2k,Ezreal,Ryze,BOT,7,17.0,2.0,False,Loss
2978252,1,BIG,EWI,BIG,EWI,Blue,Patrik,Sivir,Alistar,BOT,8,18.0,2.0,True,Win
2978252,1,BIG,EWI,BIG,EWI,Blue,Kaiser,Alistar,Sivir,SUP,9,19.0,2.0,True,Win
2978252,1,BIG,EWI,EWI,BIG,Red,Wildenbruch,Bard,Bard,SUP,10,20.0,2.0,False,Loss
2978252,2,EWI,BIG,EWI,BIG,Blue,Vizicsacsi,Olaf,Olaf,TOP,1,7.0,1.0,True,Win
2978252,2,EWI,BIG,BIG,EWI,Red,Irrelevant,Gnar,Ziggs,TOP,2,8.0,1.0,False,Loss
2978252,2,EWI,BIG,BIG,EWI,Red,Habubu,Vi,Vi,JGL,3,9.0,1.0,False,Loss
2978252,2,EWI,BIG,EWI,BIG,Blue,Afroboi,MonkeyKing,Wukong,JGL,4,10.0,1.0,True,Win
2978252,2,EWI,BIG,EWI,BIG,Blue,Relative,Locke,Kai'Sa,MID,5,11.0,1.0,True,Win
2978252,2,EWI,BIG,BIG,EWI,Red,Reeker,TwistedFate,Gnar,MID,6,12.0,1.0,False,Loss
2978252,2,EWI,BIG,BIG,EWI,Red,Patrik,Ziggs,Twisted Fate,BOT,7,17.0,2.0,False,Loss
2978252,2,EWI,BIG,EWI,BIG,Blue,noz2k,Kaisa,Olaf,BOT,8,18.0,2.0,True,Win
2978252,2,EWI,BIG,EWI,BIG,Blue,Wildenbruch,Pyke,Pyke,SUP,9,19.0,2.0,True,Win
2978252,2,EWI,BIG,BIG,EWI,Red,Kaiser,Camille,Camille,SUP,10,20.0,2.0,False,Loss
2978252,3,EWI,BIG,EWI,BIG,Blue,Vizicsacsi,KSante,Orianna,TOP,1,7.0,1.0,False,Loss
2978252,3,EWI,BIG,BIG,EWI,Red,Irrelevant,Cassiopeia,Cassiopeia,TOP,2,8.0,1.0,True,Win
2978252,3,EWI,BIG,BIG,EWI,Red,Habubu,Qiyana,Qiyana,JGL,3,9.0,1.0,True,Win
2978252,3,EWI,BIG,EWI,BIG,Blue,Afroboi,Ambessa,Taliyah,JGL,4,10.0,1.0,False,Loss
2978252,3,EWI,BIG,EWI,BIG,Blue,Relative,Orianna,Pantheon,MID,5,11.0,1.0,False,Loss
2978252,3,EWI,BIG,BIG,EWI,Red,Reeker,Azir,Leona,MID,6,12.0,1.0,True,Win
2978252,3,EWI,BIG,BIG,EWI,Red,Patrik,Jhin,Jhin,BOT,7,17.0,2.0,True,Win
2978252,3,EWI,BIG,EWI,BIG,Blue,noz2k,Taliyah,K'Sante,BOT,8,18.0,2.0,False,Loss
2978252,3,EWI,BIG,EWI,BIG,Blue,Wildenbruch,Pantheon,Ambessa,SUP,9,19.0,2.0,False,Loss
2978252,3,EWI,BIG,BIG,EWI,Red,Kaiser,Leona,Azir,SUP,10,20.0,2.0,True,Win
2978253,1,TOG,G2N,TOG,G2N,Blue,Whiteknight,Rumble,Viktor,TOP,1,7.0,1.0,False,Loss
2978253,1,TOG,G2N,G2N,TOG,Red,Shelfmade,Gnar,Orianna,TOP,2,8.0,1.0,True,Win
2978253,1,TOG,G2N,G2N,TOG,Red,Markoon,LeeSin,Gnar,JGL,3,9.0,1.0,True,Win
2978253,1,TOG,G2N,TOG,G2N,Blue,Woldjo,MonkeyKing,Rumble,JGL,4,10.0,1.0,False,Loss
2978253,1,TOG,G2N,TOG,G2N,Blue,Sajator,Viktor,Wukong,MID,5,11.0,1.0,False,Loss
2978253,1,TOG,G2N,G2N,TOG,Red,Toasty,Orianna,Lee Sin,MID,6,12.0,1.0,True,Win
2978253,1,TOG,G2N,G2N,TOG,Red,rin,Yunara,Yunara,BOT,7,17.0,2.0,True,Win
2978253,1,TOG,G2N,TOG,G2N,Blue,Ryuk,Jhin,Jhin,BOT,8,18.0,2.0,False,Loss
2978253,1,TOG,G2N,TOG,G2N,Blue,Lilipp,Camille,Camille,SUP,9,19.0,2.0,False,Loss
2978253,1,TOG,G2N,G2N,TOG,Red,Tockimo,Nautilus,Nautilus,SUP,10,20.0,2.0,True,Win
2978253,2,TOG,G2N,TOG,G2N,Blue,Whiteknight,Chogath,Nocturne,TOP,1,7.0,1.0,False,Loss
2978253,2,TOG,G2N,G2N,TOG,Red,Shelfmade,KSante,Ezreal,TOP,2,8.0,1.0,True,Win
2978253,2,TOG,G2N,G2N,TOG,Red,Markoon,Qiyana,Qiyana,JGL,3,9.0,1.0,True,Win
2978253,2,TOG,G2N,TOG,G2N,Blue,Woldjo,Nocturne,Kai'Sa,JGL,4,10.0,1.0,False,Loss
2978253,2,TOG,G2N,TOG,G2N,Blue,Sajator,Cassiopeia,Cassiopeia,MID,5,11.0,1.0,False,Loss
2978253,2,TOG,G2N,G2N,TOG,Red,Toasty,Akali,Akali,MID,6,12.0,1.0,True,Win
2978253,2,TOG,G2N,G2N,TOG,Red,rin,Ezreal,K'Sante,BOT,7,17.0,2.0,True,Win
2978253,2,TOG,G2N,TOG,G2N,Blue,Ryuk,Kaisa,Cho'Gath,BOT,8,18.0,2.0,False,Loss
2978253,2,TOG,G2N,TOG,G2N,Blue,Lilipp,Alistar,Alistar,SUP,9,19.0,2.0,False,Loss
2978253,2,TOG,G2N,G2N,TOG,Red,Tockimo,Bard,Bard,SUP,10,20.0,2.0,True,Win
2978254,1,KHK,USE,KHK,USE,Blue,Boda,Vayne,Orianna,TOP,1,7.0,1.0,False,Loss
2978254,1,KHK,USE,USE,KHK,Red,FornoReason,Ambessa,Syndra,TOP,2,8.0,1.0,True,Win
2978254,1,KHK,USE,USE,KHK,Red,White,LeeSin,Lee Sin,JGL,3,9.0,1.0,True,Win
2978254,1,KHK,USE,KHK,USE,Blue,Densi,MonkeyKing,Wukong,JGL,4,10.0,1.0,False,Loss
2978254,1,KHK,USE,KHK,USE,Blue,Abbedagge,Orianna,Leona,MID,5,11.0,1.0,False,Loss
2978254,1,KHK,USE,USE,KHK,Red,Kanin,TwistedFate,Alistar,MID,6,12.0,1.0,True,Win
2978254,1,KHK,USE,USE,KHK,Red,DenVoksne,Syndra,Ambessa,BOT,7,17.0,2.0,True,Win
2978254,1,KHK,USE,KHK,USE,Blue,Unforgiven,Viktor,Vayne,BOT,8,18.0,2.0,False,Loss
2978254,1,KHK,USE,KHK,USE,Blue,Doss,Leona,Viktor,SUP,9,19.0,2.0,False,Loss
2978254,1,KHK,USE,USE,KHK,Red,Twiizt,Alistar,Twisted Fate,SUP,10,20.0,2.0,True,Win
2978254,2,USE,KHK,USE,KHK,Blue,FornoReason,Gnar,Gnar,TOP,1,7.0,1.0,True,Win
2978254,2,USE,KHK,KHK,USE,Red,Boda,Renekton,Nocturne,TOP,2,8.0,1.0,False,Loss
2978254,2,USE,KHK,KHK,USE,Red,Densi,Nocturne,Lissandra,JGL,3,9.0,1.0,False,Loss
2978254,2,USE,KHK,USE,KHK,Blue,White,XinZhao,Xin Zhao,JGL,4,10.0,1.0,True,Win
2978254,2,USE,KHK,USE,KHK,Blue,Kanin,Locke,Gnar,MID,5,11.0,1.0,True,Win
2978254,2,USE,KHK,KHK,USE,Red,Abbedagge,Lissandra,Renekton,MID,6,12.0,1.0,False,Loss
2978254,2,USE,KHK,KHK,USE,Red,Unforgiven,Ziggs,Ziggs,BOT,7,17.0,2.0,False,Loss
2978254,2,USE,KHK,USE,KHK,Blue,DenVoksne,Sivir,Sivir,BOT,8,18.0,2.0,True,Win
2978254,2,USE,KHK,USE,KHK,Blue,Twiizt,Nautilus,Nautilus,SUP,9,19.0,2.0,True,Win
2978254,2,USE,KHK,KHK,USE,Red,Doss,Camille,Camille,SUP,10,20.0,2.0,False,Loss
2978256,1,SGE,BIG,SGE,BIG,Blue,Addusto,Jayce,Lee Sin,TOP,1,7.0,1.0,True,Win
2978256,1,SGE,BIG,BIG,SGE,Red,Irrelevant,Olaf,Orianna,TOP,2,8.0,1.0,False,Loss
2978256,1,SGE,BIG,BIG,SGE,Red,Habubu,Aatrox,Camille,JGL,3,9.0,1.0,False,Loss
2978256,1,SGE,BIG,SGE,BIG,Blue,D4nKa,LeeSin,Leona,JGL,4,10.0,1.0,True,Win
2978256,1,SGE,BIG,SGE,BIG,Blue,Sencux,Galio,Galio,MID,5,11.0,1.0,True,Win
2978256,1,SGE,BIG,BIG,SGE,Red,Reeker,Orianna,Aatrox,MID,6,12.0,1.0,False,Loss
2978256,1,SGE,BIG,BIG,SGE,Red,Patrik,Seraphine,Seraphine,BOT,7,17.0,2.0,False,Loss
2978256,1,SGE,BIG,SGE,BIG,Blue,Devn,Sivir,Sivir,BOT,8,18.0,2.0,True,Win
2978256,1,SGE,BIG,SGE,BIG,Blue,Richu,Leona,Jayce,SUP,9,19.0,2.0,True,Win
2978256,1,SGE,BIG,BIG,SGE,Red,Kaiser,Camille,Olaf,SUP,10,20.0,2.0,False,Loss
2978256,2,BIG,SGE,BIG,SGE,Blue,Irrelevant,Rumble,Syndra,TOP,1,7.0,1.0,True,Win
2978256,2,BIG,SGE,SGE,BIG,Red,Addusto,KSante,Pantheon,TOP,2,8.0,1.0,False,Loss
2978256,2,BIG,SGE,SGE,BIG,Red,D4nKa,Pantheon,Jhin,JGL,3,9.0,1.0,False,Loss
2978256,2,BIG,SGE,BIG,SGE,Blue,Habubu,JarvanIV,Jarvan IV,JGL,4,10.0,1.0,True,Win
2978256,2,BIG,SGE,BIG,SGE,Blue,Reeker,Syndra,Rumble,MID,5,11.0,1.0,True,Win
2978256,2,BIG,SGE,SGE,BIG,Red,Sencux,Sylas,K'Sante,MID,6,12.0,1.0,False,Loss
2978256,2,BIG,SGE,SGE,BIG,Red,Devn,Jhin,Nautilus,BOT,7,17.0,2.0,False,Loss
2978256,2,BIG,SGE,BIG,SGE,Blue,Patrik,Lucian,Lucian,BOT,8,18.0,2.0,True,Win
2978256,2,BIG,SGE,BIG,SGE,Blue,Kaiser,Milio,Milio,SUP,9,19.0,2.0,True,Win
2978256,2,BIG,SGE,SGE,BIG,Red,Richu,Nautilus,Sylas,SUP,10,20.0,2.0,False,Loss
2978256,3,BIG,SGE,BIG,SGE,Blue,Irrelevant,Ambessa,Bard,TOP,1,7.0,1.0,True,Win
2978256,3,BIG,SGE,SGE,BIG,Red,Addusto,Vayne,Ezreal,TOP,2,8.0,1.0,False,Loss
2978256,3,BIG,SGE,SGE,BIG,Red,D4nKa,XinZhao,Xin Zhao,JGL,3,9.0,1.0,False,Loss
2978256,3,BIG,SGE,BIG,SGE,Blue,Habubu,MonkeyKing,Caitlyn,JGL,4,10.0,1.0,True,Win
2978256,3,BIG,SGE,BIG,SGE,Blue,Reeker,Ryze,Ryze,MID,5,11.0,1.0,True,Win
2978256,3,BIG,SGE,SGE,BIG,Red,Sencux,Anivia,Anivia,MID,6,12.0,1.0,False,Loss
2978256,3,BIG,SGE,SGE,BIG,Red,Devn,Ezreal,Blitzcrank,BOT,7,17.0,2.0,False,Loss
2978256,3,BIG,SGE,BIG,SGE,Blue,Patrik,Caitlyn,Ambessa,BOT,8,18.0,2.0,True,Win
2978256,3,BIG,SGE,BIG,SGE,Blue,Kaiser,Bard,Wukong,SUP,9,19.0,2.0,True,Win
2978256,3,BIG,SGE,SGE,BIG,Red,Richu,Blitzcrank,Vayne,SUP,10,20.0,2.0,False,Loss
2978257,1,EWI,ROSS,EWI,ROSS,Blue,Vizicsacsi,Poppy,Cassiopeia,TOP,1,7.0,1.0,True,Win
2978257,1,EWI,ROSS,ROSS,EWI,Red,Leks,Renekton,Nocturne,TOP,2,8.0,1.0,False,Loss
2978257,1,EWI,ROSS,ROSS,EWI,Red,jokaa,Nocturne,Leona,JGL,3,9.0,1.0,False,Loss
2978257,1,EWI,ROSS,EWI,ROSS,Blue,Afroboi,MonkeyKing,Wukong,JGL,4,10.0,1.0,True,Win
2978257,1,EWI,ROSS,EWI,ROSS,Blue,Relative,Cassiopeia,Rell,MID,5,11.0,1.0,True,Win
2978257,1,EWI,ROSS,ROSS,EWI,Red,c0st0m,Syndra,Syndra,MID,6,12.0,1.0,False,Loss
2978257,1,EWI,ROSS,ROSS,EWI,Red,Hazel,Sivir,Renekton,BOT,7,17.0,2.0,False,Loss
2978257,1,EWI,ROSS,EWI,ROSS,Blue,noz2k,Ezreal,Poppy,BOT,8,18.0,2.0,True,Win
2978257,1,EWI,ROSS,EWI,ROSS,Blue,Wildenbruch,Rell,Ezreal,SUP,9,19.0,2.0,True,Win
2978257,1,EWI,ROSS,ROSS,EWI,Red,Infoneral,Leona,Sivir,SUP,10,20.0,2.0,False,Loss
2978257,2,ROSS,EWI,ROSS,EWI,Blue,Leks,Gnar,Naafiri,TOP,1,7.0,1.0,True,Win
2978257,2,ROSS,EWI,EWI,ROSS,Red,Vizicsacsi,Kennen,Sion,TOP,2,8.0,1.0,False,Loss
2978257,2,ROSS,EWI,EWI,ROSS,Red,Afroboi,Ambessa,Viktor,JGL,3,9.0,1.0,False,Loss
2978257,2,ROSS,EWI,ROSS,EWI,Blue,jokaa,Naafiri,Ziggs,JGL,4,10.0,1.0,True,Win
2978257,2,ROSS,EWI,ROSS,EWI,Blue,c0st0m,Ryze,Camille,MID,5,11.0,1.0,True,Win
2978257,2,ROSS,EWI,EWI,ROSS,Red,Relative,Sion,Nautilus,MID,6,12.0,1.0,False,Loss
2978257,2,ROSS,EWI,EWI,ROSS,Red,noz2k,Viktor,Ambessa,BOT,7,17.0,2.0,False,Loss
2978257,2,ROSS,EWI,ROSS,EWI,Blue,Hazel,Ziggs,Gnar,BOT,8,18.0,2.0,True,Win
2978257,2,ROSS,EWI,ROSS,EWI,Blue,Infoneral,Camille,Ryze,SUP,9,19.0,2.0,True,Win
2978257,2,ROSS,EWI,EWI,ROSS,Red,Wildenbruch,Nautilus,Kennen,SUP,10,20.0,2.0,False,Loss
2978257,3,EWI,ROSS,EWI,ROSS,Blue,Vizicsacsi,Rumble,Rumble,TOP,1,7.0,1.0,False,Loss
2978257,3,EWI,ROSS,ROSS,EWI,Red,Leks,KSante,K'Sante,TOP,2,8.0,1.0,True,Win
2978257,3,EWI,ROSS,ROSS,EWI,Red,jokaa,Viego,Viego,JGL,3,9.0,1.0,True,Win
2978257,3,EWI,ROSS,EWI,ROSS,Blue,Afroboi,XinZhao,Xin Zhao,JGL,4,10.0,1.0,False,Loss
2978257,3,EWI,ROSS,EWI,ROSS,Blue,Relative,Annie,Annie,MID,5,11.0,1.0,False,Loss
2978257,3,EWI,ROSS,ROSS,EWI,Red,c0st0m,Galio,Galio,MID,6,12.0,1.0,True,Win
2978257,3,EWI,ROSS,ROSS,EWI,Red,Hazel,Kalista,Alistar,BOT,7,17.0,2.0,True,Win
2978257,3,EWI,ROSS,EWI,ROSS,Blue,noz2k,Xayah,Xayah,BOT,8,18.0,2.0,False,Loss
2978257,3,EWI,ROSS,EWI,ROSS,Blue,Wildenbruch,Braum,Braum,SUP,9,19.0,2.0,False,Loss
2978257,3,EWI,ROSS,ROSS,EWI,Red,Infoneral,Alistar,Kalista,SUP,10,20.0,2.0,True,Win
2978261,1,VFB,G2N,VFB,G2N,Blue,Sven,Renekton,Viktor,TOP,1,7.0,1.0,False,Loss
2978261,1,VFB,G2N,G2N,VFB,Red,Shelfmade,DrMundo,Syndra,TOP,2,8.0,1.0,True,Win
2978261,1,VFB,G2N,G2N,VFB,Red,Markoon,Vi,Cassiopeia,JGL,3,9.0,1.0,True,Win
2978261,1,VFB,G2N,VFB,G2N,Blue,Zwickl,JarvanIV,Jarvan IV,JGL,4,10.0,1.0,False,Loss
2978261,1,VFB,G2N,VFB,G2N,Blue,Luke,Viktor,Leona,MID,5,11.0,1.0,False,Loss
2978261,1,VFB,G2N,G2N,VFB,Red,Toasty,Cassiopeia,Vi,MID,6,12.0,1.0,True,Win
2978261,1,VFB,G2N,G2N,VFB,Red,rin,Syndra,Thresh,BOT,7,17.0,2.0,True,Win
2978261,1,VFB,G2N,VFB,G2N,Blue,Tazaku,Ezreal,Ezreal,BOT,8,18.0,2.0,False,Loss
2978261,1,VFB,G2N,VFB,G2N,Blue,Jakobobbi,Leona,Renekton,SUP,9,19.0,2.0,False,Loss
2978261,1,VFB,G2N,G2N,VFB,Red,Tockimo,Thresh,Dr. Mundo,SUP,10,20.0,2.0,True,Win
2978261,2,G2N,VFB,G2N,VFB,Blue,Shelfmade,Gnar,Camille,TOP,1,7.0,1.0,True,Win
2978261,2,G2N,VFB,VFB,G2N,Red,Sven,Tristana,Ziggs,TOP,2,8.0,1.0,False,Loss
2978261,2,G2N,VFB,VFB,G2N,Red,Zwickl,Nocturne,Shen,JGL,3,9.0,1.0,False,Loss
2978261,2,G2N,VFB,G2N,VFB,Blue,Markoon,Naafiri,Naafiri,JGL,4,10.0,1.0,True,Win
2978261,2,G2N,VFB,G2N,VFB,Blue,Toasty,Ryze,Gnar,MID,5,11.0,1.0,True,Win
2978261,2,G2N,VFB,VFB,G2N,Red,Luke,Annie,Nocturne,MID,6,12.0,1.0,False,Loss
2978261,2,G2N,VFB,VFB,G2N,Red,Tazaku,Ziggs,Tristana,BOT,7,17.0,2.0,False,Loss
2978261,2,G2N,VFB,G2N,VFB,Blue,rin,Lucian,Ryze,BOT,8,18.0,2.0,True,Win
2978261,2,G2N,VFB,G2N,VFB,Blue,Tockimo,Camille,Lucian,SUP,9,19.0,2.0,True,Win
2978261,2,G2N,VFB,VFB,G2N,Red,Jakobobbi,Shen,Annie,SUP,10,20.0,2.0,False,Loss
2978262,1,USE,TOG,USE,TOG,Blue,FornoReason,Gnar,Syndra,TOP,1,7.0,1.0,True,Win
2978262,1,USE,TOG,TOG,USE,Red,Whiteknight,Ornn,Viktor,TOP,2,8.0,1.0,False,Loss
2978262,1,USE,TOG,TOG,USE,Red,Woldjo,MonkeyKing,Wukong,JGL,3,9.0,1.0,False,Loss
2978262,1,USE,TOG,USE,TOG,Blue,White,Vi,Vi,JGL,4,10.0,1.0,True,Win
2978262,1,USE,TOG,USE,TOG,Blue,Kanin,Anivia,Nautilus,MID,5,11.0,1.0,True,Win
2978262,1,USE,TOG,TOG,USE,Red,Sajator,Viktor,Ornn,MID,6,12.0,1.0,False,Loss
2978262,1,USE,TOG,TOG,USE,Red,Ryuk,Yasuo,Rell,BOT,7,17.0,2.0,False,Loss
2978262,1,USE,TOG,USE,TOG,Blue,DenVoksne,Syndra,Anivia,BOT,8,18.0,2.0,True,Win
2978262,1,USE,TOG,USE,TOG,Blue,Twiizt,Nautilus,Gnar,SUP,9,19.0,2.0,True,Win
2978262,1,USE,TOG,TOG,USE,Red,Lilipp,Rell,Yasuo,SUP,10,20.0,2.0,False,Loss
2978262,2,USE,TOG,USE,TOG,Blue,FornoReason,KSante,Lee Sin,TOP,1,7.0,1.0,False,Loss
2978262,2,USE,TOG,TOG,USE,Red,Whiteknight,Rumble,Rumble,TOP,2,8.0,1.0,True,Win
2978262,2,USE,TOG,TOG,USE,Red,Woldjo,Skarner,Skarner,JGL,3,9.0,1.0,True,Win
2978262,2,USE,TOG,USE,TOG,Blue,White,LeeSin,K'Sante,JGL,4,10.0,1.0,False,Loss
2978262,2,USE,TOG,USE,TOG,Blue,Kanin,Sylas,Ezreal,MID,5,11.0,1.0,False,Loss
2978262,2,USE,TOG,TOG,USE,Red,Sajator,Yone,Yone,MID,6,12.0,1.0,True,Win
2978262,2,USE,TOG,TOG,USE,Red,Ryuk,Yunara,Yunara,BOT,7,17.0,2.0,True,Win
2978262,2,USE,TOG,USE,TOG,Blue,DenVoksne,Ezreal,Karma,BOT,8,18.0,2.0,False,Loss
2978262,2,USE,TOG,USE,TOG,Blue,Twiizt,Karma,Sylas,SUP,9,19.0,2.0,False,Loss
2978262,2,USE,TOG,TOG,USE,Red,Lilipp,Pyke,Pyke,SUP,10,20.0,2.0,True,Win
2978262,3,USE,TOG,USE,TOG,Blue,FornoReason,Ambessa,Lucian,TOP,1,7.0,1.0,True,Win
2978262,3,USE,TOG,TOG,USE,Red,Whiteknight,Renekton,Orianna,TOP,2,8.0,1.0,False,Loss
2978262,3,USE,TOG,TOG,USE,Red,Woldjo,Sejuani,Zeri,JGL,3,9.0,1.0,False,Loss
2978262,3,USE,TOG,USE,TOG,Blue,White,Pantheon,Yuumi,JGL,4,10.0,1.0,True,Win
2978262,3,USE,TOG,USE,TOG,Blue,Kanin,TwistedFate,Ambessa,MID,5,11.0,1.0,True,Win
2978262,3,USE,TOG,TOG,USE,Red,Sajator,Orianna,Renekton,MID,6,12.0,1.0,False,Loss
2978262,3,USE,TOG,TOG,USE,Red,Ryuk,Zeri,Sejuani,BOT,7,17.0,2.0,False,Loss
2978262,3,USE,TOG,USE,TOG,Blue,DenVoksne,Lucian,Pantheon,BOT,8,18.0,2.0,True,Win
2978262,3,USE,TOG,USE,TOG,Blue,Twiizt,Yuumi,Twisted Fate,SUP,9,19.0,2.0,True,Win
2978262,3,USE,TOG,TOG,USE,Red,Lilipp,Alistar,Alistar,SUP,10,20.0,2.0,False,Loss
2978263,1,ROSS,EINS,ROSS,EINS,Blue,Leks,KSante,Syndra,TOP,1,7.0,1.0,True,Win
2978263,1,ROSS,EINS,EINS,ROSS,Red,Jenax,Jayce,Viktor,TOP,2,8.0,1.0,False,Loss
2978263,1,ROSS,EINS,EINS,ROSS,Red,Xagog,Vi,Leona,JGL,3,9.0,1.0,False,Loss
2978263,1,ROSS,EINS,ROSS,EINS,Blue,jokaa,LeeSin,Lee Sin,JGL,4,10.0,1.0,True,Win
2978263,1,ROSS,EINS,ROSS,EINS,Blue,c0st0m,Syndra,Rell,MID,5,11.0,1.0,True,Win
2978263,1,ROSS,EINS,EINS,ROSS,Red,PowerOfEvil,Viktor,Vi,MID,6,12.0,1.0,False,Loss
2978263,1,ROSS,EINS,EINS,ROSS,Red,FUN k3y,Corki,Jayce,BOT,7,17.0,2.0,False,Loss
2978263,1,ROSS,EINS,ROSS,EINS,Blue,Hazel,Ezreal,K'Sante,BOT,8,18.0,2.0,True,Win
2978263,1,ROSS,EINS,ROSS,EINS,Blue,Infoneral,Rell,Ezreal,SUP,9,19.0,2.0,True,Win
2978263,1,ROSS,EINS,EINS,ROSS,Red,seaz,Leona,Corki,SUP,10,20.0,2.0,False,Loss
2978263,2,EINS,ROSS,EINS,ROSS,Blue,Jenax,Gnar,Naafiri,TOP,1,7.0,1.0,True,Win
2978263,2,EINS,ROSS,ROSS,EINS,Red,Leks,Renekton,Ziggs,TOP,2,8.0,1.0,False,Loss
2978263,2,EINS,ROSS,ROSS,EINS,Red,jokaa,MonkeyKing,Wukong,JGL,3,9.0,1.0,False,Loss
2978263,2,EINS,ROSS,EINS,ROSS,Blue,Xagog,Naafiri,Nautilus,JGL,4,10.0,1.0,True,Win
2978263,2,EINS,ROSS,EINS,ROSS,Blue,PowerOfEvil,Hwei,Miss Fortune,MID,5,11.0,1.0,True,Win
2978263,2,EINS,ROSS,ROSS,EINS,Red,c0st0m,Sylas,Alistar,MID,6,12.0,1.0,False,Loss
2978263,2,EINS,ROSS,ROSS,EINS,Red,Hazel,Ziggs,Renekton,BOT,7,17.0,2.0,False,Loss
2978263,2,EINS,ROSS,EINS,ROSS,Blue,FUN k3y,MissFortune,Gnar,BOT,8,18.0,2.0,True,Win
2978263,2,EINS,ROSS,EINS,ROSS,Blue,seaz,Nautilus,Hwei,SUP,9,19.0,2.0,True,Win
2978263,2,EINS,ROSS,ROSS,EINS,Red,Infoneral,Alistar,Sylas,SUP,10,20.0,2.0,False,Loss
2978263,3,ROSS,EINS,ROSS,EINS,Blue,Leks,Gwen,Aatrox,TOP,1,7.0,1.0,False,Loss
2978263,3,ROSS,EINS,EINS,ROSS,Red,Jenax,Sion,Bard,TOP,2,8.0,1.0,True,Win
2978263,3,ROSS,EINS,EINS,ROSS,Red,Xagog,Pantheon,Pantheon,JGL,3,9.0,1.0,True,Win
2978263,3,ROSS,EINS,ROSS,EINS,Blue,jokaa,Aatrox,Lucian,JGL,4,10.0,1.0,False,Loss
2978263,3,ROSS,EINS,ROSS,EINS,Blue,c0st0m,Aurora,Milio,MID,5,11.0,1.0,False,Loss
2978263,3,ROSS,EINS,EINS,ROSS,Red,PowerOfEvil,Azir,Jhin,MID,6,12.0,1.0,True,Win
2978263,3,ROSS,EINS,EINS,ROSS,Red,FUN k3y,Jhin,Sion,BOT,7,17.0,2.0,True,Win
2978263,3,ROSS,EINS,ROSS,EINS,Blue,Hazel,Lucian,Gwen,BOT,8,18.0,2.0,False,Loss
2978263,3,ROSS,EINS,ROSS,EINS,Blue,Infoneral,Milio,Aurora,SUP,9,19.0,2.0,False,Loss
2978263,3,ROSS,EINS,EINS,ROSS,Red,seaz,Bard,Azir,SUP,10,20.0,2.0,True,Win
2978264,1,KHK,VFB,KHK,VFB,Blue,Boda,Kled,Nocturne,TOP,1,7.0,1.0,False,Loss
2978264,1,KHK,VFB,VFB,KHK,Red,Sven,Sion,Syndra,TOP,2,8.0,1.0,True,Win
2978264,1,KHK,VFB,VFB,KHK,Red,Zwickl,MonkeyKing,Wukong,JGL,3,9.0,1.0,True,Win
2978264,1,KHK,VFB,KHK,VFB,Blue,Densi,Nocturne,Leona,JGL,4,10.0,1.0,False,Loss
2978264,1,KHK,VFB,KHK,VFB,Blue,Abbedagge,Cassiopeia,Akali,MID,5,11.0,1.0,False,Loss
2978264,1,KHK,VFB,VFB,KHK,Red,Luke,Syndra,Rell,MID,6,12.0,1.0,True,Win
2978264,1,KHK,VFB,VFB,KHK,Red,Tazaku,Viktor,Sion,BOT,7,17.0,2.0,True,Win
2978264,1,KHK,VFB,KHK,VFB,Blue,Unforgiven,Akali,Cassiopeia,BOT,8,18.0,2.0,False,Loss
2978264,1,KHK,VFB,KHK,VFB,Blue,Doss,Leona,Kled,SUP,9,19.0,2.0,False,Loss
2978264,1,KHK,VFB,VFB,KHK,Red,Jakobobbi,Rell,Viktor,SUP,10,20.0,2.0,True,Win
2978264,2,VFB,KHK,VFB,KHK,Blue,Sven,KSante,KSante,TOP,1,7.0,1.0,False,Loss
2978264,2,VFB,KHK,KHK,VFB,Red,Boda,TwistedFate,Ryze,TOP,2,8.0,1.0,True,Win
2978264,2,VFB,KHK,KHK,VFB,Red,Densi,Naafiri,Naafiri,JGL,3,9.0,1.0,True,Win
2978264,2,VFB,KHK,VFB,KHK,Blue,Zwickl,LeeSin,Lee Sin,JGL,4,10.0,1.0,False,Loss
2978264,2,VFB,KHK,VFB,KHK,Blue,Luke,Locke,Ezreal,MID,5,11.0,1.0,False,Loss
2978264,2,VFB,KHK,KHK,VFB,Red,Abbedagge,Ryze,Rakan,MID,6,12.0,1.0,True,Win
2978264,2,VFB,KHK,KHK,VFB,Red,Unforgiven,Sivir,Sivir,BOT,7,17.0,2.0,True,Win
2978264,2,VFB,KHK,VFB,KHK,Blue,Tazaku,Ezreal,Amumu,BOT,8,18.0,2.0,False,Loss
2978264,2,VFB,KHK,VFB,KHK,Blue,Jakobobbi,Amumu,K'Sante,SUP,9,19.0,2.0,False,Loss
2978264,2,VFB,KHK,KHK,VFB,Red,Doss,Rakan,Twisted Fate,SUP,10,20.0,2.0,True,Win
2978264,3,KHK,VFB,KHK,VFB,Blue,Boda,Ambessa,Jarvan IV,TOP,1,7.0,1.0,True,Win
2978264,3,KHK,VFB,VFB,KHK,Red,Sven,Swain,Lucian,TOP,2,8.0,1.0,False,Loss
2978264,3,KHK,VFB,VFB,KHK,Red,Zwickl,Aatrox,Aatrox,JGL,3,9.0,1.0,False,Loss
2978264,3,KHK,VFB,KHK,VFB,Blue,Densi,JarvanIV,Nautilus,JGL,4,10.0,1.0,True,Win
2978264,3,KHK,VFB,KHK,VFB,Blue,Abbedagge,Ahri,Kai'Sa,MID,5,11.0,1.0,True,Win
2978264,3,KHK,VFB,VFB,KHK,Red,Luke,Yone,Braum,MID,6,12.0,1.0,False,Loss
2978264,3,KHK,VFB,VFB,KHK,Red,Tazaku,Lucian,Yone,BOT,7,17.0,2.0,False,Loss
2978264,3,KHK,VFB,KHK,VFB,Blue,Unforgiven,Kaisa,Ambessa,BOT,8,18.0,2.0,True,Win
2978264,3,KHK,VFB,KHK,VFB,Blue,Doss,Nautilus,Ahri,SUP,9,19.0,2.0,True,Win
2978264,3,KHK,VFB,VFB,KHK,Red,Jakobobbi,Braum,Swain,SUP,10,20.0,2.0,False,Loss
2978266,1,BIG,EINS,BIG,EINS,Blue,Irrelevant,Cassiopeia,Syndra,TOP,1,7.0,1.0,False,Loss
2978266,1,BIG,EINS,EINS,BIG,Red,Jenax,KSante,Viktor,TOP,2,8.0,1.0,True,Win
2978266,1,BIG,EINS,EINS,BIG,Red,Xagog,Aatrox,Leona,JGL,3,9.0,1.0,True,Win
2978266,1,BIG,EINS,BIG,EINS,Blue,Habubu,JarvanIV,Jarvan IV,JGL,4,10.0,1.0,False,Loss
2978266,1,BIG,EINS,BIG,EINS,Blue,Reeker,Syndra,Corki,MID,5,11.0,1.0,False,Loss
2978266,1,BIG,EINS,EINS,BIG,Red,PowerOfEvil,Viktor,Jhin,MID,6,12.0,1.0,True,Win
2978266,1,BIG,EINS,EINS,BIG,Red,FUN k3y,Jhin,Aatrox,BOT,7,17.0,2.0,True,Win
2978266,1,BIG,EINS,BIG,EINS,Blue,Patrik,Corki,Cassiopeia,BOT,8,18.0,2.0,False,Loss
2978266,1,BIG,EINS,BIG,EINS,Blue,Kaiser,Alistar,Alistar,SUP,9,19.0,2.0,False,Loss
2978266,1,BIG,EINS,EINS,BIG,Red,seaz,Leona,K'Sante,SUP,10,20.0,2.0,True,Win
2978266,2,BIG,EINS,BIG,EINS,Blue,Irrelevant,Zaahen,Ezreal,TOP,1,7.0,1.0,True,Win
2978266,2,BIG,EINS,EINS,BIG,Red,Jenax,Anivia,Nautilus,TOP,2,8.0,1.0,False,Loss
2978266,2,BIG,EINS,EINS,BIG,Red,Xagog,MonkeyKing,Sivir,JGL,3,9.0,1.0,False,Loss
2978266,2,BIG,EINS,BIG,EINS,Blue,Habubu,Pantheon,Rell,JGL,4,10.0,1.0,True,Win
2978266,2,BIG,EINS,BIG,EINS,Blue,Reeker,Ryze,Ryze,MID,5,11.0,1.0,True,Win
2978266,2,BIG,EINS,EINS,BIG,Red,PowerOfEvil,KogMaw,Anivia,MID,6,12.0,1.0,False,Loss
2978266,2,BIG,EINS,EINS,BIG,Red,FUN k3y,Sivir,Wukong,BOT,7,17.0,2.0,False,Loss
2978266,2,BIG,EINS,BIG,EINS,Blue,Patrik,Ezreal,Zaahen,BOT,8,18.0,2.0,True,Win
2978266,2,BIG,EINS,BIG,EINS,Blue,Kaiser,Rell,Pantheon,SUP,9,19.0,2.0,True,Win
2978266,2,BIG,EINS,EINS,BIG,Red,seaz,Nautilus,Kog'Maw,SUP,10,20.0,2.0,False,Loss
2978266,3,EINS,BIG,EINS,BIG,Blue,Jenax,Olaf,Olaf,TOP,1,,,False,Loss
2978266,3,EINS,BIG,EINS,BIG,Blue,Xagog,LeeSin,LeeSin,JGL,2,,,False,Loss
2978266,3,EINS,BIG,EINS,BIG,Blue,PowerOfEvil,Hwei,Hwei,MID,3,,,False,Loss
2978266,3,EINS,BIG,EINS,BIG,Blue,FUN k3y,Xayah,Xayah,BOT,4,,,False,Loss
2978266,3,EINS,BIG,EINS,BIG,Blue,seaz,Rakan,Rakan,SUP,5,,,False,Loss
2978266,3,EINS,BIG,BIG,EINS,Red,Irrelevant,Ambessa,Ambessa,TOP,6,,,False,Loss
2978266,3,EINS,BIG,BIG,EINS,Red,Habubu,Naafiri,Naafiri,JGL,7,,,False,Loss
2978266,3,EINS,BIG,BIG,EINS,Red,Reeker,Annie,Annie,MID,8,,,False,Loss
2978266,3,EINS,BIG,BIG,EINS,Red,Patrik,Kaisa,Kaisa,BOT,9,,,False,Loss
2978266,3,EINS,BIG,BIG,EINS,Red,Kaiser,Neeko,Neeko,SUP,10,,,False,Loss
2978267,1,USE,VFB,USE,VFB,Blue,FornoReason,Gnar,Vi,TOP,1,7.0,1.0,True,Win
2978267,1,USE,VFB,VFB,USE,Red,Sven,Aatrox,Camille,TOP,2,8.0,1.0,False,Loss
2978267,1,USE,VFB,VFB,USE,Red,Zwickl,DrMundo,Viktor,JGL,3,9.0,1.0,False,Loss
2978267,1,USE,VFB,USE,VFB,Blue,White,Vi,Galio,JGL,4,10.0,1.0,True,Win
2978267,1,USE,VFB,USE,VFB,Blue,Kanin,Galio,Bard,MID,5,11.0,1.0,True,Win
2978267,1,USE,VFB,VFB,USE,Red,Luke,Azir,Dr. Mundo,MID,6,12.0,1.0,False,Loss
2978267,1,USE,VFB,VFB,USE,Red,Tazaku,Viktor,Aatrox,BOT,7,17.0,2.0,False,Loss
2978267,1,USE,VFB,USE,VFB,Blue,DenVoksne,Corki,Gnar,BOT,8,18.0,2.0,True,Win
2978267,1,USE,VFB,USE,VFB,Blue,Twiizt,Bard,Corki,SUP,9,19.0,2.0,True,Win
2978267,1,USE,VFB,VFB,USE,Red,Jakobobbi,Camille,Azir,SUP,10,20.0,2.0,False,Loss
2978267,2,USE,VFB,USE,VFB,Blue,FornoReason,Ambessa,Lee Sin,TOP,1,7.0,1.0,True,Win
2978267,2,USE,VFB,VFB,USE,Red,Sven,Locke,Locke,TOP,2,8.0,1.0,False,Loss
2978267,2,USE,VFB,VFB,USE,Red,Zwickl,Naafiri,Naafiri,JGL,3,9.0,1.0,False,Loss
2978267,2,USE,VFB,USE,VFB,Blue,White,LeeSin,Annie,JGL,4,10.0,1.0,True,Win
2978267,2,USE,VFB,USE,VFB,Blue,Kanin,Annie,Alistar,MID,5,11.0,1.0,True,Win
2978267,2,USE,VFB,VFB,USE,Red,Luke,Kassadin,Leona,MID,6,12.0,1.0,False,Loss
2978267,2,USE,VFB,VFB,USE,Red,Tazaku,Ezreal,Ezreal,BOT,7,17.0,2.0,False,Loss
2978267,2,USE,VFB,USE,VFB,Blue,DenVoksne,Vladimir,Ambessa,BOT,8,18.0,2.0,True,Win
2978267,2,USE,VFB,USE,VFB,Blue,Twiizt,Alistar,Vladimir,SUP,9,19.0,2.0,True,Win
2978267,2,USE,VFB,VFB,USE,Red,Jakobobbi,Leona,Kassadin,SUP,10,20.0,2.0,False,Loss
2978268,1,EWI,SGE,EWI,SGE,Blue,Vizicsacsi,Olaf,Cassiopeia,TOP,1,7.0,1.0,False,Loss
2978268,1,EWI,SGE,SGE,EWI,Red,Addusto,Gnar,Jarvan IV,TOP,2,8.0,1.0,True,Win
2978268,1,EWI,SGE,SGE,EWI,Red,D4nKa,JarvanIV,Viktor,JGL,3,9.0,1.0,True,Win
2978268,1,EWI,SGE,EWI,SGE,Blue,Afroboi,MonkeyKing,Wukong,JGL,4,10.0,1.0,False,Loss
2978268,1,EWI,SGE,EWI,SGE,Blue,Relative,Cassiopeia,Leona,MID,5,11.0,1.0,False,Loss
2978268,1,EWI,SGE,SGE,EWI,Red,Sencux,Viktor,Alistar,MID,6,12.0,1.0,True,Win
2978268,1,EWI,SGE,SGE,EWI,Red,Devn,Sivir,Gnar,BOT,7,17.0,2.0,True,Win
2978268,1,EWI,SGE,EWI,SGE,Blue,noz2k,Syndra,Olaf,BOT,8,18.0,2.0,False,Loss
2978268,1,EWI,SGE,EWI,SGE,Blue,Wildenbruch,Leona,Syndra,SUP,9,19.0,2.0,False,Loss
2978268,1,EWI,SGE,SGE,EWI,Red,Richu,Alistar,Sivir,SUP,10,20.0,2.0,True,Win
2978268,2,EWI,SGE,EWI,SGE,Blue,Vizicsacsi,Sion,Ryze,TOP,1,7.0,1.0,True,Win
2978268,2,EWI,SGE,SGE,EWI,Red,Addusto,Aatrox,Anivia,TOP,2,8.0,1.0,False,Loss
2978268,2,EWI,SGE,SGE,EWI,Red,D4nKa,XinZhao,Xin Zhao,JGL,3,9.0,1.0,False,Loss
2978268,2,EWI,SGE,EWI,SGE,Blue,Afroboi,Viego,Viego,JGL,4,10.0,1.0,True,Win
2978268,2,EWI,SGE,EWI,SGE,Blue,Relative,Ryze,Ezreal,MID,5,11.0,1.0,True,Win
2978268,2,EWI,SGE,SGE,EWI,Red,Sencux,Anivia,Rell,MID,6,12.0,1.0,False,Loss
2978268,2,EWI,SGE,SGE,EWI,Red,Devn,MissFortune,Miss Fortune,BOT,7,17.0,2.0,False,Loss
2978268,2,EWI,SGE,EWI,SGE,Blue,noz2k,Ezreal,Braum,BOT,8,18.0,2.0,True,Win
2978268,2,EWI,SGE,EWI,SGE,Blue,Wildenbruch,Braum,Sion,SUP,9,19.0,2.0,True,Win
2978268,2,EWI,SGE,SGE,EWI,Red,Richu,Rell,Aatrox,SUP,10,20.0,2.0,False,Loss
2978268,3,SGE,EWI,SGE,EWI,Blue,Addusto,Ambessa,Ambessa,TOP,1,7.0,1.0,False,Loss
2978268,3,SGE,EWI,EWI,SGE,Red,Vizicsacsi,Renekton,Vi,TOP,2,8.0,1.0,True,Win
2978268,3,SGE,EWI,EWI,SGE,Red,Afroboi,Vi,Kai'Sa,JGL,3,9.0,1.0,True,Win
2978268,3,SGE,EWI,SGE,EWI,Blue,D4nKa,Zaahen,Nautilus,JGL,4,10.0,1.0,False,Loss
2978268,3,SGE,EWI,SGE,EWI,Blue,Sencux,Locke,Corki,MID,5,11.0,1.0,False,Loss
2978268,3,SGE,EWI,EWI,SGE,Red,Relative,Sylas,Sylas,MID,6,12.0,1.0,True,Win
2978268,3,SGE,EWI,EWI,SGE,Red,noz2k,Kaisa,Rakan,BOT,7,17.0,2.0,True,Win
2978268,3,SGE,EWI,SGE,EWI,Blue,Devn,Corki,Zaahen,BOT,8,18.0,2.0,False,Loss
2978268,3,SGE,EWI,SGE,EWI,Blue,Richu,Nautilus,Ambessa,SUP,9,19.0,2.0,False,Loss
2978268,3,SGE,EWI,EWI,SGE,Red,Wildenbruch,Rakan,Renekton,SUP,10,20.0,2.0,True,Win
2978269,1,TOG,KHK,TOG,KHK,Blue,Whiteknight,Shen,Wukong,TOP,1,7.0,1.0,False,Loss
2978269,1,TOG,KHK,KHK,TOG,Red,Boda,Olaf,Orianna,TOP,2,8.0,1.0,True,Win
2978269,1,TOG,KHK,KHK,TOG,Red,Densi,Naafiri,Naafiri,JGL,3,9.0,1.0,True,Win
2978269,1,TOG,KHK,TOG,KHK,Blue,Woldjo,MonkeyKing,Shen,JGL,4,10.0,1.0,False,Loss
2978269,1,TOG,KHK,TOG,KHK,Blue,Sajator,Syndra,Syndra,MID,5,11.0,1.0,False,Loss
2978269,1,TOG,KHK,KHK,TOG,Red,Abbedagge,Orianna,Viktor,MID,6,12.0,1.0,True,Win
2978269,1,TOG,KHK,KHK,TOG,Red,Unforgiven,Viktor,Rell,BOT,7,17.0,2.0,True,Win
2978269,1,TOG,KHK,TOG,KHK,Blue,Ryuk,Yunara,Yunara,BOT,8,18.0,2.0,False,Loss
2978269,1,TOG,KHK,TOG,KHK,Blue,Lilipp,Bard,Bard,SUP,9,19.0,2.0,False,Loss
2978269,1,TOG,KHK,KHK,TOG,Red,Doss,Rell,Olaf,SUP,10,20.0,2.0,True,Win
2978269,2,KHK,TOG,KHK,TOG,Blue,Boda,Kled,Cassiopeia,TOP,1,7.0,1.0,False,Loss
2978269,2,KHK,TOG,TOG,KHK,Red,Whiteknight,Poppy,Anivia,TOP,2,8.0,1.0,True,Win
2978269,2,KHK,TOG,TOG,KHK,Red,Woldjo,Skarner,Skarner,JGL,3,9.0,1.0,True,Win
2978269,2,KHK,TOG,KHK,TOG,Blue,Densi,JarvanIV,Jarvan IV,JGL,4,10.0,1.0,False,Loss
2978269,2,KHK,TOG,KHK,TOG,Blue,Abbedagge,Cassiopeia,Rakan,MID,5,11.0,1.0,False,Loss
2978269,2,KHK,TOG,TOG,KHK,Red,Sajator,Anivia,Caitlyn,MID,6,12.0,1.0,True,Win
2978269,2,KHK,TOG,TOG,KHK,Red,Ryuk,Caitlyn,Lux,BOT,7,17.0,2.0,True,Win
2978269,2,KHK,TOG,KHK,TOG,Blue,Unforgiven,Jhin,Jhin,BOT,8,18.0,2.0,False,Loss
2978269,2,KHK,TOG,KHK,TOG,Blue,Doss,Rakan,Kled,SUP,9,19.0,2.0,False,Loss
2978269,2,KHK,TOG,TOG,KHK,Red,Lilipp,Lux,Poppy,SUP,10,20.0,2.0,True,Win
2978269,3,TOG,KHK,TOG,KHK,Blue,Whiteknight,Sion,Xin Zhao,TOP,1,7.0,1.0,True,Win
2978269,3,TOG,KHK,KHK,TOG,Red,Boda,Vayne,Ryze,TOP,2,8.0,1.0,False,Loss
2978269,3,TOG,KHK,KHK,TOG,Red,Densi,LeeSin,Lee Sin,JGL,3,9.0,1.0,False,Loss
2978269,3,TOG,KHK,TOG,KHK,Blue,Woldjo,XinZhao,Ahri,JGL,4,10.0,1.0,True,Win
2978269,3,TOG,KHK,TOG,KHK,Blue,Sajator,Ahri,Pyke,MID,5,11.0,1.0,True,Win
2978269,3,TOG,KHK,KHK,TOG,Red,Abbedagge,Ryze,Nautilus,MID,6,12.0,1.0,False,Loss
2978269,3,TOG,KHK,KHK,TOG,Red,Unforgiven,Tristana,Tristana,BOT,7,17.0,2.0,False,Loss
2978269,3,TOG,KHK,TOG,KHK,Blue,Ryuk,Kaisa,Sion,BOT,8,18.0,2.0,True,Win
2978269,3,TOG,KHK,TOG,KHK,Blue,Lilipp,Pyke,Kai'Sa,SUP,9,19.0,2.0,True,Win
2978269,3,TOG,KHK,KHK,TOG,Red,Doss,Nautilus,Vayne,SUP,10,20.0,2.0,False,Loss
2978270,1,USE,G2N,USE,G2N,Blue,FornoReason,Zaahen,Jarvan IV,TOP,1,7.0,1.0,False,Loss
2978270,1,USE,G2N,G2N,USE,Red,Shelfmade,Ambessa,Syndra,TOP,2,8.0,1.0,True,Win
2978270,1,USE,G2N,G2N,USE,Red,Markoon,Vi,Vi,JGL,3,9.0,1.0,True,Win
2978270,1,USE,G2N,USE,G2N,Blue,White,JarvanIV,Galio,JGL,4,10.0,1.0,False,Loss
2978270,1,USE,G2N,USE,G2N,Blue,Kanin,Galio,Bard,MID,5,11.0,1.0,False,Loss
2978270,1,USE,G2N,G2N,USE,Red,Toasty,Ezreal,Ambessa,MID,6,12.0,1.0,True,Win
2978270,1,USE,G2N,G2N,USE,Red,rin,Syndra,Thresh,BOT,7,17.0,2.0,True,Win
2978270,1,USE,G2N,USE,G2N,Blue,DenVoksne,Vladimir,Zaahen,BOT,8,18.0,2.0,False,Loss
2978270,1,USE,G2N,USE,G2N,Blue,Twiizt,Bard,Vladimir,SUP,9,19.0,2.0,False,Loss
2978270,1,USE,G2N,G2N,USE,Red,Tockimo,Thresh,Ezreal,SUP,10,20.0,2.0,True,Win
2978270,2,USE,G2N,USE,G2N,Blue,FornoReason,Renekton,Annie,TOP,1,7.0,1.0,True,Win
2978270,2,USE,G2N,G2N,USE,Red,Shelfmade,DrMundo,Ziggs,TOP,2,8.0,1.0,False,Loss
2978270,2,USE,G2N,G2N,USE,Red,Markoon,Nocturne,Shen,JGL,3,9.0,1.0,False,Loss
2978270,2,USE,G2N,USE,G2N,Blue,White,Naafiri,Lucian,JGL,4,10.0,1.0,True,Win
2978270,2,USE,G2N,USE,G2N,Blue,Kanin,Annie,Yuumi,MID,5,11.0,1.0,True,Win
2978270,2,USE,G2N,G2N,USE,Red,Toasty,Anivia,Anivia,MID,6,12.0,1.0,False,Loss
2978270,2,USE,G2N,G2N,USE,Red,rin,Ziggs,Nocturne,BOT,7,17.0,2.0,False,Loss
2978270,2,USE,G2N,USE,G2N,Blue,DenVoksne,Lucian,Naafiri,BOT,8,18.0,2.0,True,Win
2978270,2,USE,G2N,USE,G2N,Blue,Twiizt,Yuumi,Renekton,SUP,9,19.0,2.0,True,Win
2978270,2,USE,G2N,G2N,USE,Red,Tockimo,Shen,Dr. Mundo,SUP,10,20.0,2.0,False,Loss
2978270,3,G2N,USE,G2N,USE,Blue,Shelfmade,Olaf,Viktor,TOP,1,7.0,1.0,True,Win
2978270,3,G2N,USE,USE,G2N,Red,FornoReason,Jax,Xin Zhao,TOP,2,8.0,1.0,False,Loss
2978270,3,G2N,USE,USE,G2N,Red,White,XinZhao,Alistar,JGL,3,9.0,1.0,False,Loss
2978270,3,G2N,USE,G2N,USE,Blue,Markoon,Trundle,Camille,JGL,4,10.0,1.0,True,Win
2978270,3,G2N,USE,G2N,USE,Blue,Toasty,Mel,Trundle,MID,5,11.0,1.0,True,Win
2978270,3,G2N,USE,USE,G2N,Red,Kanin,Ahri,Ahri,MID,6,12.0,1.0,False,Loss
2978270,3,G2N,USE,USE,G2N,Red,DenVoksne,Corki,Corki,BOT,7,17.0,2.0,False,Loss
2978270,3,G2N,USE,G2N,USE,Blue,rin,Viktor,Olaf,BOT,8,18.0,2.0,True,Win
2978270,3,G2N,USE,G2N,USE,Blue,Tockimo,Camille,Mel,SUP,9,19.0,2.0,True,Win
2978270,3,G2N,USE,USE,G2N,Red,Twiizt,Alistar,Jax,SUP,10,20.0,2.0,False,Loss
2978271,1,BIG,ROSS,BIG,ROSS,Blue,Irrelevant,Sion,Lee Sin,TOP,1,7.0,1.0,True,Win
2978271,1,BIG,ROSS,ROSS,BIG,Red,Leks,Jayce,Jayce,TOP,2,8.0,1.0,False,Loss
2978271,1,BIG,ROSS,ROSS,BIG,Red,jokaa,Skarner,Ziggs,JGL,3,9.0,1.0,False,Loss
2978271,1,BIG,ROSS,BIG,ROSS,Blue,Habubu,LeeSin,Ryze,JGL,4,10.0,1.0,True,Win
2978271,1,BIG,ROSS,BIG,ROSS,Blue,Reeker,Ryze,Leona,MID,5,11.0,1.0,True,Win
2978271,1,BIG,ROSS,ROSS,BIG,Red,c0st0m,Tristana,Poppy,MID,6,12.0,1.0,False,Loss
2978271,1,BIG,ROSS,ROSS,BIG,Red,Hazel,Ziggs,Tristana,BOT,7,17.0,2.0,False,Loss
2978271,1,BIG,ROSS,BIG,ROSS,Blue,Patrik,Corki,Sion,BOT,8,18.0,2.0,True,Win
2978271,1,BIG,ROSS,BIG,ROSS,Blue,Kaiser,Leona,Corki,SUP,9,19.0,2.0,True,Win
2978271,1,BIG,ROSS,ROSS,BIG,Red,Infoneral,Poppy,Skarner,SUP,10,20.0,2.0,False,Loss
2978271,2,ROSS,BIG,ROSS,BIG,Blue,Leks,KSante,Syndra,TOP,1,7.0,1.0,False,Loss
2978271,2,ROSS,BIG,BIG,ROSS,Red,Irrelevant,Rumble,Bard,TOP,2,8.0,1.0,True,Win
2978271,2,ROSS,BIG,BIG,ROSS,Red,Habubu,Vi,Vi,JGL,3,9.0,1.0,True,Win
2978271,2,ROSS,BIG,ROSS,BIG,Blue,jokaa,MonkeyKing,Nautilus,JGL,4,10.0,1.0,False,Loss
2978271,2,ROSS,BIG,ROSS,BIG,Blue,c0st0m,Syndra,Wukong,MID,5,11.0,1.0,False,Loss
2978271,2,ROSS,BIG,BIG,ROSS,Red,Reeker,Ahri,Ahri,MID,6,12.0,1.0,True,Win
2978271,2,ROSS,BIG,BIG,ROSS,Red,Patrik,Caitlyn,Rumble,BOT,7,17.0,2.0,True,Win
2978271,2,ROSS,BIG,ROSS,BIG,Blue,Hazel,Jhin,K'Sante,BOT,8,18.0,2.0,False,Loss
2978271,2,ROSS,BIG,ROSS,BIG,Blue,Infoneral,Nautilus,Jhin,SUP,9,19.0,2.0,False,Loss
2978271,2,ROSS,BIG,BIG,ROSS,Red,Kaiser,Bard,Caitlyn,SUP,10,20.0,2.0,True,Win
2978275,1,KHK,G2N,KHK,G2N,Blue,Boda,Ambessa,Nocturne,TOP,1,7.0,1.0,False,Loss
2978275,1,KHK,G2N,G2N,KHK,Red,Shelfmade,Olaf,Syndra,TOP,2,8.0,1.0,True,Win
2978275,1,KHK,G2N,G2N,KHK,Red,Markoon,LeeSin,Camille,JGL,3,9.0,1.0,True,Win
2978275,1,KHK,G2N,KHK,G2N,Blue,Densi,Nocturne,Shen,JGL,4,10.0,1.0,False,Loss
2978275,1,KHK,G2N,KHK,G2N,Blue,Abbedagge,Ahri,Viktor,MID,5,11.0,1.0,False,Loss
2978275,1,KHK,G2N,G2N,KHK,Red,Toasty,Syndra,Lee Sin,MID,6,12.0,1.0,True,Win
2978275,1,KHK,G2N,G2N,KHK,Red,rin,Corki,Olaf,BOT,7,17.0,2.0,True,Win
2978275,1,KHK,G2N,KHK,G2N,Blue,Unforgiven,Viktor,Ambessa,BOT,8,18.0,2.0,False,Loss
2978275,1,KHK,G2N,KHK,G2N,Blue,Doss,Shen,Ahri,SUP,9,19.0,2.0,False,Loss
2978275,1,KHK,G2N,G2N,KHK,Red,Tockimo,Camille,Corki,SUP,10,20.0,2.0,True,Win
2978275,2,G2N,KHK,G2N,KHK,Blue,Shelfmade,KSante,Cassiopeia,TOP,1,7.0,1.0,False,Loss
2978275,2,G2N,KHK,KHK,G2N,Red,Boda,Gwen,Vi,TOP,2,8.0,1.0,True,Win
2978275,2,G2N,KHK,KHK,G2N,Red,Densi,Vi,Hwei,JGL,3,9.0,1.0,True,Win
2978275,2,G2N,KHK,G2N,KHK,Blue,Markoon,Poppy,Poppy,JGL,4,10.0,1.0,False,Loss
2978275,2,G2N,KHK,G2N,KHK,Blue,Toasty,Cassiopeia,Varus,MID,5,11.0,1.0,False,Loss
2978275,2,G2N,KHK,KHK,G2N,Red,Abbedagge,Hwei,Nautilus,MID,6,12.0,1.0,True,Win
2978275,2,G2N,KHK,KHK,G2N,Red,Unforgiven,Jhin,Jhin,BOT,7,17.0,2.0,True,Win
2978275,2,G2N,KHK,G2N,KHK,Blue,rin,Varus,K'Sante,BOT,8,18.0,2.0,False,Loss
2978275,2,G2N,KHK,G2N,KHK,Blue,Tockimo,Rell,Rell,SUP,9,19.0,2.0,False,Loss
2978275,2,G2N,KHK,KHK,G2N,Red,Doss,Nautilus,Gwen,SUP,10,20.0,2.0,True,Win
2978275,3,KHK,G2N,KHK,G2N,Blue,Boda,Sion,Naafiri,TOP,1,7.0,1.0,False,Loss
2978275,3,KHK,G2N,G2N,KHK,Red,Shelfmade,Rumble,Qiyana,TOP,2,8.0,1.0,True,Win
2978275,3,KHK,G2N,G2N,KHK,Red,Markoon,Qiyana,Caitlyn,JGL,3,9.0,1.0,True,Win
2978275,3,KHK,G2N,KHK,G2N,Blue,Densi,Naafiri,Lucian,JGL,4,10.0,1.0,False,Loss
2978275,3,KHK,G2N,KHK,G2N,Blue,Abbedagge,Galio,Milio,MID,5,11.0,1.0,False,Loss
2978275,3,KHK,G2N,G2N,KHK,Red,Toasty,Yone,Bard,MID,6,12.0,1.0,True,Win
2978275,3,KHK,G2N,G2N,KHK,Red,rin,Caitlyn,Rumble,BOT,7,17.0,2.0,True,Win
2978275,3,KHK,G2N,KHK,G2N,Blue,Unforgiven,Lucian,Sion,BOT,8,18.0,2.0,False,Loss
2978275,3,KHK,G2N,KHK,G2N,Blue,Doss,Milio,Galio,SUP,9,19.0,2.0,False,Loss
2978275,3,KHK,G2N,G2N,KHK,Red,Tockimo,Bard,Yone,SUP,10,20.0,2.0,True,Win
2978276,1,VFB,TOG,VFB,TOG,Blue,Sven,Gnar,Syndra,TOP,1,7.0,1.0,True,Win
2978276,1,VFB,TOG,TOG,VFB,Red,Whiteknight,KSante,Viktor,TOP,2,8.0,1.0,False,Loss
2978276,1,VFB,TOG,TOG,VFB,Red,Woldjo,MonkeyKing,Wukong,JGL,3,9.0,1.0,False,Loss
2978276,1,VFB,TOG,VFB,TOG,Blue,Zwickl,Skarner,Skarner,JGL,4,10.0,1.0,True,Win
2978276,1,VFB,TOG,VFB,TOG,Blue,Luke,Yone,Shen,MID,5,11.0,1.0,True,Win
2978276,1,VFB,TOG,TOG,VFB,Red,Sajator,Viktor,Sivir,MID,6,12.0,1.0,False,Loss
2978276,1,VFB,TOG,TOG,VFB,Red,Ryuk,Sivir,K'Sante,BOT,7,17.0,2.0,False,Loss
2978276,1,VFB,TOG,VFB,TOG,Blue,Tazaku,Syndra,Yone,BOT,8,18.0,2.0,True,Win
2978276,1,VFB,TOG,VFB,TOG,Blue,Jakobobbi,Shen,Gnar,SUP,9,19.0,2.0,True,Win
2978276,1,VFB,TOG,TOG,VFB,Red,Lilipp,Rell,Rell,SUP,10,20.0,2.0,False,Loss
2978276,2,VFB,TOG,VFB,TOG,Blue,Sven,Renekton,Orianna,TOP,1,7.0,1.0,True,Win
2978276,2,VFB,TOG,TOG,VFB,Red,Whiteknight,LeeSin,Irelia,TOP,2,8.0,1.0,False,Loss
2978276,2,VFB,TOG,TOG,VFB,Red,Woldjo,Nunu,Nunu & Willump,JGL,3,9.0,1.0,False,Loss
2978276,2,VFB,TOG,VFB,TOG,Blue,Zwickl,Vi,Leona,JGL,4,10.0,1.0,True,Win
2978276,2,VFB,TOG,VFB,TOG,Blue,Luke,Ahri,Vi,MID,5,11.0,1.0,True,Win
2978276,2,VFB,TOG,TOG,VFB,Red,Sajator,Irelia,Kai'Sa,MID,6,12.0,1.0,False,Loss
2978276,2,VFB,TOG,TOG,VFB,Red,Ryuk,Kaisa,Trundle,BOT,7,17.0,2.0,False,Loss
2978276,2,VFB,TOG,VFB,TOG,Blue,Tazaku,Orianna,Ahri,BOT,8,18.0,2.0,True,Win
2978276,2,VFB,TOG,VFB,TOG,Blue,Jakobobbi,Leona,Renekton,SUP,9,19.0,2.0,True,Win
2978276,2,VFB,TOG,TOG,VFB,Red,Lilipp,Trundle,Lee Sin,SUP,10,20.0,2.0,False,Loss
2978278,1,EWI,EINS,EWI,EINS,Blue,Vizicsacsi,Chogath,Cho'Gath,TOP,1,7.0,1.0,False,Loss
2978278,1,EWI,EINS,EINS,EWI,Red,Jenax,Olaf,Olaf,TOP,2,8.0,1.0,True,Win
2978278,1,EWI,EINS,EINS,EWI,Red,Xagog,Skarner,Skarner,JGL,3,9.0,1.0,True,Win
2978278,1,EWI,EINS,EWI,EINS,Blue,Afroboi,Viego,Viego,JGL,4,10.0,1.0,False,Loss
2978278,1,EWI,EINS,EWI,EINS,Blue,Relative,Viktor,Viktor,MID,5,11.0,1.0,False,Loss
2978278,1,EWI,EINS,EINS,EWI,Red,PowerOfEvil,Syndra,Syndra,MID,6,12.0,1.0,True,Win
2978278,1,EWI,EINS,EINS,EWI,Red,FUN k3y,Corki,Corki,BOT,7,17.0,2.0,True,Win
2978278,1,EWI,EINS,EWI,EINS,Blue,noz2k,Ezreal,Ezreal,BOT,8,18.0,2.0,False,Loss
2978278,1,EWI,EINS,EWI,EINS,Blue,Wildenbruch,Nautilus,Nautilus,SUP,9,19.0,2.0,False,Loss
2978278,1,EWI,EINS,EINS,EWI,Red,seaz,Bard,Bard,SUP,10,20.0,2.0,True,Win
2978278,2,EWI,EINS,EWI,EINS,Blue,Vizicsacsi,Poppy,Poppy,TOP,1,,,False,Loss
2978278,2,EWI,EINS,EWI,EINS,Blue,Afroboi,MonkeyKing,MonkeyKing,JGL,2,,,False,Loss
2978278,2,EWI,EINS,EWI,EINS,Blue,Relative,Ryze,Ryze,MID,3,,,False,Loss
2978278,2,EWI,EINS,EWI,EINS,Blue,noz2k,Kaisa,Kaisa,BOT,4,,,False,Loss
2978278,2,EWI,EINS,EWI,EINS,Blue,Wildenbruch,Rell,Rell,SUP,5,,,False,Loss
2978278,2,EWI,EINS,EINS,EWI,Red,Jenax,KSante,KSante,TOP,6,,,False,Loss
2978278,2,EWI,EINS,EINS,EWI,Red,Xagog,Nocturne,Nocturne,JGL,7,,,False,Loss
2978278,2,EWI,EINS,EINS,EWI,Red,PowerOfEvil,KogMaw,KogMaw,MID,8,,,False,Loss
2978278,2,EWI,EINS,EINS,EWI,Red,FUN k3y,Xayah,Xayah,BOT,9,,,False,Loss
2978278,2,EWI,EINS,EINS,EWI,Red,seaz,Leona,Leona,SUP,10,,,False,Loss
2978278,3,EWI,EINS,EWI,EINS,Blue,Vizicsacsi,Poppy,Poppy,TOP,1,7.0,1.0,True,Win
2978278,3,EWI,EINS,EINS,EWI,Red,Jenax,KSante,KSante,TOP,2,8.0,1.0,False,Loss
2978278,3,EWI,EINS,EINS,EWI,Red,Xagog,Nocturne,Nocturne,JGL,3,9.0,1.0,False,Loss
2978278,3,EWI,EINS,EWI,EINS,Blue,Afroboi,MonkeyKing,MonkeyKing,JGL,4,10.0,1.0,True,Win
2978278,3,EWI,EINS,EWI,EINS,Blue,Relative,Ryze,Ryze,MID,5,11.0,1.0,True,Win
2978278,3,EWI,EINS,EINS,EWI,Red,PowerOfEvil,KogMaw,KogMaw,MID,6,12.0,1.0,False,Loss
2978278,3,EWI,EINS,EINS,EWI,Red,FUN k3y,Xayah,Xayah,BOT,7,17.0,2.0,False,Loss
2978278,3,EWI,EINS,EWI,EINS,Blue,noz2k,Kaisa,Kaisa,BOT,8,18.0,2.0,True,Win
2978278,3,EWI,EINS,EWI,EINS,Blue,Wildenbruch,Rell,Rell,SUP,9,19.0,2.0,True,Win
2978278,3,EWI,EINS,EINS,EWI,Red,seaz,Leona,Leona,SUP,10,20.0,2.0,False,Loss
2978279,1,SGE,ROSS,SGE,ROSS,Blue,Addusto,Rumble,Jarvan IV,TOP,1,7.0,1.0,False,Loss
2978279,1,SGE,ROSS,ROSS,SGE,Red,Leks,KSante,Pantheon,TOP,2,8.0,1.0,True,Win
2978279,1,SGE,ROSS,ROSS,SGE,Red,jokaa,Pantheon,Rell,JGL,3,9.0,1.0,True,Win
2978279,1,SGE,ROSS,SGE,ROSS,Blue,D4nKa,JarvanIV,Poppy,JGL,4,10.0,1.0,False,Loss
2978279,1,SGE,ROSS,SGE,ROSS,Blue,Sencux,Ryze,Rumble,MID,5,11.0,1.0,False,Loss
2978279,1,SGE,ROSS,ROSS,SGE,Red,c0st0m,Ahri,Yunara,MID,6,12.0,1.0,True,Win
2978279,1,SGE,ROSS,ROSS,SGE,Red,Hazel,Yunara,K'Sante,BOT,7,17.0,2.0,True,Win
2978279,1,SGE,ROSS,SGE,ROSS,Blue,Devn,Ezreal,Ezreal,BOT,8,18.0,2.0,False,Loss
2978279,1,SGE,ROSS,SGE,ROSS,Blue,Richu,Poppy,Ryze,SUP,9,19.0,2.0,False,Loss
2978279,1,SGE,ROSS,ROSS,SGE,Red,Infoneral,Rell,Ahri,SUP,10,20.0,2.0,True,Win
2978279,2,ROSS,SGE,ROSS,SGE,Blue,Leks,Yorick,Syndra,TOP,1,7.0,1.0,True,Win
2978279,2,ROSS,SGE,SGE,ROSS,Red,Addusto,Jayce,Jayce,TOP,2,8.0,1.0,False,Loss
2978279,2,ROSS,SGE,SGE,ROSS,Red,D4nKa,XinZhao,Jhin,JGL,3,9.0,1.0,False,Loss
2978279,2,ROSS,SGE,ROSS,SGE,Blue,jokaa,MonkeyKing,Yorick,JGL,4,10.0,1.0,True,Win
2978279,2,ROSS,SGE,ROSS,SGE,Blue,c0st0m,Tristana,Leona,MID,5,11.0,1.0,True,Win
2978279,2,ROSS,SGE,SGE,ROSS,Red,Sencux,Galio,Galio,MID,6,12.0,1.0,False,Loss
2978279,2,ROSS,SGE,SGE,ROSS,Red,Devn,Jhin,Shen,BOT,7,17.0,2.0,False,Loss
2978279,2,ROSS,SGE,ROSS,SGE,Blue,Hazel,Syndra,Tristana,BOT,8,18.0,2.0,True,Win
2978279,2,ROSS,SGE,ROSS,SGE,Blue,Infoneral,Leona,Wukong,SUP,9,19.0,2.0,True,Win
2978279,2,ROSS,SGE,SGE,ROSS,Red,Richu,Shen,Xin Zhao,SUP,10,20.0,2.0,False,Loss
2978281,1,BIG,USE,BIG,USE,Blue,Irrelevant,Ambessa,Lee Sin,TOP,1,7.0,1.0,False,Loss
2978281,1,BIG,USE,USE,BIG,Red,FornoReason,Nasus,Ezreal,TOP,2,8.0,1.0,True,Win
2978281,1,BIG,USE,USE,BIG,Red,White,JarvanIV,Jarvan IV,JGL,3,9.0,1.0,True,Win
2978281,1,BIG,USE,BIG,USE,Blue,113,LeeSin,Lucian,JGL,4,10.0,1.0,False,Loss
2978281,1,BIG,USE,BIG,USE,Blue,Reeker,Aurora,Milio,MID,5,11.0,1.0,False,Loss
2978281,1,BIG,USE,USE,BIG,Red,Kanin,Annie,Karma,MID,6,12.0,1.0,True,Win
2978281,1,BIG,USE,USE,BIG,Red,DenVoksne,Ezreal,Annie,BOT,7,17.0,2.0,True,Win
2978281,1,BIG,USE,BIG,USE,Blue,Patrik,Lucian,Ambessa,BOT,8,18.0,2.0,False,Loss
2978281,1,BIG,USE,BIG,USE,Blue,Kaiser,Milio,Aurora,SUP,9,19.0,2.0,False,Loss
2978281,1,BIG,USE,USE,BIG,Red,Twiizt,Karma,Nasus,SUP,10,20.0,2.0,True,Win
2978281,2,BIG,USE,BIG,USE,Blue,Irrelevant,Rumble,Rumble,TOP,1,7.0,1.0,True,Win
2978281,2,BIG,USE,USE,BIG,Red,FornoReason,KSante,Viktor,TOP,2,8.0,1.0,False,Loss
2978281,2,BIG,USE,USE,BIG,Red,White,Nocturne,Shen,JGL,3,9.0,1.0,False,Loss
2978281,2,BIG,USE,BIG,USE,Blue,113,Naafiri,Jhin,JGL,4,10.0,1.0,True,Win
2978281,2,BIG,USE,BIG,USE,Blue,Reeker,Azir,Naafiri,MID,5,11.0,1.0,True,Win
2978281,2,BIG,USE,USE,BIG,Red,Kanin,Taliyah,K'Sante,MID,6,12.0,1.0,False,Loss
2978281,2,BIG,USE,USE,BIG,Red,DenVoksne,Viktor,Nocturne,BOT,7,17.0,2.0,False,Loss
2978281,2,BIG,USE,BIG,USE,Blue,Patrik,Jhin,Rakan,BOT,8,18.0,2.0,True,Win
2978281,2,BIG,USE,BIG,USE,Blue,Habubu,Rakan,Azir,SUP,9,19.0,2.0,True,Win
2978281,2,BIG,USE,USE,BIG,Red,Twiizt,Shen,Taliyah,SUP,10,20.0,2.0,False,Loss
2978281,3,USE,BIG,USE,BIG,Blue,FornoReason,Gnar,Syndra,TOP,1,7.0,1.0,True,Win
2978281,3,USE,BIG,BIG,USE,Red,Irrelevant,Camille,Qiyana,TOP,2,8.0,1.0,False,Loss
2978281,3,USE,BIG,BIG,USE,Red,113,Qiyana,Corki,JGL,3,9.0,1.0,False,Loss
2978281,3,USE,BIG,USE,BIG,Blue,White,Skarner,Skarner,JGL,4,10.0,1.0,True,Win
2978281,3,USE,BIG,USE,BIG,Blue,Kanin,Syndra,Gnar,MID,5,11.0,1.0,True,Win
2978281,3,USE,BIG,BIG,USE,Red,Reeker,Locke,Camille,MID,6,12.0,1.0,False,Loss
2978281,3,USE,BIG,BIG,USE,Red,Patrik,Corki,Nautilus,BOT,7,17.0,2.0,False,Loss
2978281,3,USE,BIG,USE,BIG,Blue,DenVoksne,Sivir,Sivir,BOT,8,18.0,2.0,True,Win
2978281,3,USE,BIG,USE,BIG,Blue,Twiizt,Lulu,Lulu,SUP,9,19.0,2.0,True,Win
2978281,3,USE,BIG,BIG,USE,Red,Habubu,Nautilus,Nautilus,SUP,10,20.0,2.0,False,Loss
2978281,4,BIG,USE,BIG,USE,Blue,Irrelevant,Ornn,Orianna,TOP,1,7.0,1.0,True,Win
2978281,4,BIG,USE,USE,BIG,Red,FornoReason,Jayce,Pantheon,TOP,2,8.0,1.0,False,Loss
2978281,4,BIG,USE,USE,BIG,Red,White,Pantheon,Galio,JGL,3,9.0,1.0,False,Loss
2978281,4,BIG,USE,BIG,USE,Blue,113,Zaahen,Xayah,JGL,4,10.0,1.0,True,Win
2978281,4,BIG,USE,BIG,USE,Blue,Reeker,Orianna,Alistar,MID,5,11.0,1.0,True,Win
2978281,4,BIG,USE,USE,BIG,Red,Kanin,Galio,Jayce,MID,6,12.0,1.0,False,Loss
2978281,4,BIG,USE,USE,BIG,Red,DenVoksne,Zeri,Zeri,BOT,7,17.0,2.0,False,Loss
2978281,4,BIG,USE,BIG,USE,Blue,Patrik,Xayah,Zaahen,BOT,8,18.0,2.0,True,Win
2978281,4,BIG,USE,BIG,USE,Blue,Habubu,Alistar,Ornn,SUP,9,19.0,2.0,True,Win
2978281,4,BIG,USE,USE,BIG,Red,Twiizt,Yuumi,Yuumi,SUP,10,20.0,2.0,False,Loss
2978281,5,USE,BIG,USE,BIG,Blue,FornoReason,DrMundo,Anivia,TOP,1,7.0,1.0,False,Loss
2978281,5,USE,BIG,BIG,USE,Red,Irrelevant,Jax,Jax,TOP,2,8.0,1.0,True,Win
2978281,5,USE,BIG,BIG,USE,Red,113,Viego,Leona,JGL,3,9.0,1.0,True,Win
2978281,5,USE,BIG,USE,BIG,Blue,White,Zed,Dr. Mundo,JGL,4,10.0,1.0,False,Loss
2978281,5,USE,BIG,USE,BIG,Blue,Kanin,Anivia,Rell,MID,5,11.0,1.0,False,Loss
2978281,5,USE,BIG,BIG,USE,Red,Reeker,Yone,Yone,MID,6,12.0,1.0,True,Win
2978281,5,USE,BIG,BIG,USE,Red,Patrik,Caitlyn,Caitlyn,BOT,7,17.0,2.0,True,Win
2978281,5,USE,BIG,USE,BIG,Blue,DenVoksne,Varus,Varus,BOT,8,18.0,2.0,False,Loss
2978281,5,USE,BIG,USE,BIG,Blue,Twiizt,Rell,Zed,SUP,9,19.0,2.0,False,Loss
2978281,5,USE,BIG,BIG,USE,Red,Habubu,Leona,Viego,SUP,10,20.0,2.0,True,Win
2978282,1,EINS,G2N,EINS,G2N,Blue,Jenax,Rumble,Viktor,TOP,1,7.0,1.0,True,Win
2978282,1,EINS,G2N,G2N,EINS,Red,Shelfmade,KSante,Jarvan IV,TOP,2,8.0,1.0,False,Loss
2978282,1,EINS,G2N,G2N,EINS,Red,Markoon,JarvanIV,Jhin,JGL,3,9.0,1.0,False,Loss
2978282,1,EINS,G2N,EINS,G2N,Blue,Xagog,Qiyana,Qiyana,JGL,4,10.0,1.0,True,Win
2978282,1,EINS,G2N,EINS,G2N,Blue,PowerOfEvil,Viktor,Rumble,MID,5,11.0,1.0,True,Win
2978282,1,EINS,G2N,G2N,EINS,Red,Toasty,Locke,K'Sante,MID,6,12.0,1.0,False,Loss
2978282,1,EINS,G2N,G2N,EINS,Red,rin,Jhin,Shen,BOT,7,17.0,2.0,False,Loss
2978282,1,EINS,G2N,EINS,G2N,Blue,FUN k3y,Kaisa,Kai'Sa,BOT,8,18.0,2.0,True,Win
2978282,1,EINS,G2N,EINS,G2N,Blue,seaz,Rell,Rell,SUP,9,19.0,2.0,True,Win
2978282,1,EINS,G2N,G2N,EINS,Red,Tockimo,Shen,ID:805,SUP,10,20.0,2.0,False,Loss
2978282,2,EINS,G2N,EINS,G2N,Blue,Jenax,Olaf,Olaf,TOP,1,7.0,1.0,False,Loss
2978282,2,EINS,G2N,G2N,EINS,Red,Shelfmade,Cassiopeia,Cassiopeia,TOP,2,8.0,1.0,True,Win
2978282,2,EINS,G2N,G2N,EINS,Red,Markoon,Trundle,Trundle,JGL,3,9.0,1.0,True,Win
2978282,2,EINS,G2N,EINS,G2N,Blue,Xagog,MonkeyKing,Wukong,JGL,4,10.0,1.0,False,Loss
2978282,2,EINS,G2N,EINS,G2N,Blue,PowerOfEvil,Orianna,Orianna,MID,5,11.0,1.0,False,Loss
2978282,2,EINS,G2N,G2N,EINS,Red,Toasty,Azir,Azir,MID,6,12.0,1.0,True,Win
2978282,2,EINS,G2N,G2N,EINS,Red,rin,Tristana,Tristana,BOT,7,17.0,2.0,True,Win
2978282,2,EINS,G2N,EINS,G2N,Blue,FUN k3y,Caitlyn,Caitlyn,BOT,8,18.0,2.0,False,Loss
2978282,2,EINS,G2N,EINS,G2N,Blue,seaz,Bard,Bard,SUP,9,19.0,2.0,False,Loss
2978282,2,EINS,G2N,G2N,EINS,Red,Tockimo,Nautilus,Nautilus,SUP,10,20.0,2.0,True,Win
2978282,3,EINS,G2N,EINS,G2N,Blue,Jenax,Jayce,Vi,TOP,1,7.0,1.0,False,Loss
2978282,3,EINS,G2N,G2N,EINS,Red,Shelfmade,Sion,Xayah,TOP,2,8.0,1.0,True,Win
2978282,3,EINS,G2N,G2N,EINS,Red,Markoon,Naafiri,Rakan,JGL,3,9.0,1.0,True,Win
2978282,3,EINS,G2N,EINS,G2N,Blue,Xagog,Vi,Ziggs,JGL,4,10.0,1.0,False,Loss
2978282,3,EINS,G2N,EINS,G2N,Blue,PowerOfEvil,Leblanc,Jayce,MID,5,11.0,1.0,False,Loss
2978282,3,EINS,G2N,G2N,EINS,Red,Toasty,Ahri,Sion,MID,6,12.0,1.0,True,Win
2978282,3,EINS,G2N,G2N,EINS,Red,rin,Xayah,Ahri,BOT,7,17.0,2.0,True,Win
2978282,3,EINS,G2N,EINS,G2N,Blue,FUN k3y,Ziggs,Leona,BOT,8,18.0,2.0,False,Loss
2978282,3,EINS,G2N,EINS,G2N,Blue,seaz,Leona,LeBlanc,SUP,9,19.0,2.0,False,Loss
2978282,3,EINS,G2N,G2N,EINS,Red,Tockimo,Rakan,Naafiri,SUP,10,20.0,2.0,True,Win
2978282,4,G2N,EINS,G2N,EINS,Blue,Shelfmade,Camille,Anivia,TOP,1,7.0,1.0,True,Win
2978282,4,G2N,EINS,EINS,G2N,Red,Jenax,Gnar,Ashe,TOP,2,8.0,1.0,False,Loss
2978282,4,G2N,EINS,EINS,G2N,Red,Xagog,Skarner,Seraphine,JGL,3,9.0,1.0,False,Loss
2978282,4,G2N,EINS,G2N,EINS,Blue,Markoon,Nocturne,Yunara,JGL,4,10.0,1.0,True,Win
2978282,4,G2N,EINS,G2N,EINS,Blue,Toasty,Anivia,Lulu,MID,5,11.0,1.0,True,Win
2978282,4,G2N,EINS,EINS,G2N,Red,PowerOfEvil,Lux,Gnar,MID,6,12.0,1.0,False,Loss
2978282,4,G2N,EINS,EINS,G2N,Red,FUN k3y,Ashe,Skarner,BOT,7,17.0,2.0,False,Loss
2978282,4,G2N,EINS,G2N,EINS,Blue,rin,Yunara,Camille,BOT,8,18.0,2.0,True,Win
2978282,4,G2N,EINS,G2N,EINS,Blue,Tockimo,Lulu,Nocturne,SUP,9,19.0,2.0,True,Win
2978282,4,G2N,EINS,EINS,G2N,Red,seaz,Seraphine,Lux,SUP,10,20.0,2.0,False,Loss
2978283,1,USE,ROSS,USE,ROSS,Blue,FornoReason,Aurora,Aurora,TOP,1,7.0,1.0,False,Loss
2978283,1,USE,ROSS,ROSS,USE,Red,Leks,Rumble,Rumble,TOP,2,8.0,1.0,True,Win
2978283,1,USE,ROSS,ROSS,USE,Red,jokaa,Pantheon,Pantheon,JGL,3,9.0,1.0,True,Win
2978283,1,USE,ROSS,USE,ROSS,Blue,White,Vi,Vi,JGL,4,10.0,1.0,False,Loss
2978283,1,USE,ROSS,USE,ROSS,Blue,Kanin,Annie,Annie,MID,5,11.0,1.0,False,Loss
2978283,1,USE,ROSS,ROSS,USE,Red,Fooneses,Syndra,Syndra,MID,6,12.0,1.0,True,Win
2978283,1,USE,ROSS,ROSS,USE,Red,Hazel,Varus,Varus,BOT,7,17.0,2.0,True,Win
2978283,1,USE,ROSS,USE,ROSS,Blue,DenVoksne,Lucian,Lucian,BOT,8,18.0,2.0,False,Loss
2978283,1,USE,ROSS,USE,ROSS,Blue,Twiizt,Milio,Milio,SUP,9,19.0,2.0,False,Loss
2978283,1,USE,ROSS,ROSS,USE,Red,Infoneral,Nautilus,Nautilus,SUP,10,20.0,2.0,True,Win
2978283,2,ROSS,USE,ROSS,USE,Blue,Leks,Vayne,Orianna,TOP,1,7.0,1.0,False,Loss
2978283,2,ROSS,USE,USE,ROSS,Red,FornoReason,Malphite,Galio,TOP,2,8.0,1.0,True,Win
2978283,2,ROSS,USE,USE,ROSS,Red,White,LeeSin,Lee Sin,JGL,3,9.0,1.0,True,Win
2978283,2,ROSS,USE,ROSS,USE,Blue,jokaa,Naafiri,Kalista,JGL,4,10.0,1.0,False,Loss
2978283,2,ROSS,USE,ROSS,USE,Blue,Fooneses,Orianna,Alistar,MID,5,11.0,1.0,False,Loss
2978283,2,ROSS,USE,USE,ROSS,Red,Kanin,Galio,Olaf,MID,6,12.0,1.0,True,Win
2978283,2,ROSS,USE,USE,ROSS,Red,DenVoksne,Olaf,Rakan,BOT,7,17.0,2.0,True,Win
2978283,2,ROSS,USE,ROSS,USE,Blue,Hazel,Kalista,Naafiri,BOT,8,18.0,2.0,False,Loss
2978283,2,ROSS,USE,ROSS,USE,Blue,Infoneral,Alistar,Vayne,SUP,9,19.0,2.0,False,Loss
2978283,2,ROSS,USE,USE,ROSS,Red,Twiizt,Rakan,Malphite,SUP,10,20.0,2.0,True,Win
2978283,3,USE,ROSS,USE,ROSS,Blue,FornoReason,Gnar,Jarvan IV,TOP,1,7.0,1.0,True,Win
2978283,3,USE,ROSS,ROSS,USE,Red,Leks,Jax,Lulu,TOP,2,8.0,1.0,False,Loss
2978283,3,USE,ROSS,ROSS,USE,Red,jokaa,MonkeyKing,Wukong,JGL,3,9.0,1.0,False,Loss
2978283,3,USE,ROSS,USE,ROSS,Blue,White,JarvanIV,Zeri,JGL,4,10.0,1.0,True,Win
2978283,3,USE,ROSS,USE,ROSS,Blue,Kanin,Xerath,Yuumi,MID,5,11.0,1.0,True,Win
2978283,3,USE,ROSS,ROSS,USE,Red,Fooneses,Hwei,Jinx,MID,6,12.0,1.0,False,Loss
2978283,3,USE,ROSS,ROSS,USE,Red,Hazel,Jinx,Hwei,BOT,7,17.0,2.0,False,Loss
2978283,3,USE,ROSS,USE,ROSS,Blue,DenVoksne,Zeri,Gnar,BOT,8,18.0,2.0,True,Win
2978283,3,USE,ROSS,USE,ROSS,Blue,Twiizt,Yuumi,Xerath,SUP,9,19.0,2.0,True,Win
2978283,3,USE,ROSS,ROSS,USE,Red,Infoneral,Lulu,Jax,SUP,10,20.0,2.0,False,Loss
2978283,4,ROSS,USE,ROSS,USE,Blue,Leks,Renekton,Leona,TOP,1,7.0,1.0,False,Loss
2978283,4,ROSS,USE,USE,ROSS,Red,FornoReason,Zaahen,Shen,TOP,2,8.0,1.0,True,Win
2978283,4,ROSS,USE,USE,ROSS,Red,White,Trundle,Anivia,JGL,3,9.0,1.0,True,Win
2978283,4,ROSS,USE,ROSS,USE,Blue,jokaa,Viego,Viego,JGL,4,10.0,1.0,False,Loss
2978283,4,ROSS,USE,ROSS,USE,Blue,Fooneses,Ahri,Ahri,MID,5,11.0,1.0,False,Loss
2978283,4,ROSS,USE,USE,ROSS,Red,Kanin,Anivia,Trundle,MID,6,12.0,1.0,True,Win
2978283,4,ROSS,USE,USE,ROSS,Red,DenVoksne,Ezreal,Ezreal,BOT,7,17.0,2.0,True,Win
2978283,4,ROSS,USE,ROSS,USE,Blue,Hazel,Yunara,Yunara,BOT,8,18.0,2.0,False,Loss
2978283,4,ROSS,USE,ROSS,USE,Blue,Infoneral,Leona,Renekton,SUP,9,19.0,2.0,False,Loss
2978283,4,ROSS,USE,USE,ROSS,Red,Twiizt,Shen,Zaahen,SUP,10,20.0,2.0,True,Win
2978285,1,KHK,EINS,KHK,EINS,Blue,Boda,Rumble,Orianna,TOP,1,7.0,1.0,True,Win
2978285,1,KHK,EINS,EINS,KHK,Red,Jenax,KSante,Azir,TOP,2,8.0,1.0,False,Loss
2978285,1,KHK,EINS,EINS,KHK,Red,Xagog,MonkeyKing,Wukong,JGL,3,9.0,1.0,False,Loss
2978285,1,KHK,EINS,KHK,EINS,Blue,Densi,Naafiri,Naafiri,JGL,4,10.0,1.0,True,Win
2978285,1,KHK,EINS,KHK,EINS,Blue,Abbedagge,Orianna,Ezreal,MID,5,11.0,1.0,True,Win
2978285,1,KHK,EINS,EINS,KHK,Red,PowerOfEvil,Azir,Sivir,MID,6,12.0,1.0,False,Loss
2978285,1,KHK,EINS,EINS,KHK,Red,FUN k3y,Sivir,Rakan,BOT,7,17.0,2.0,False,Loss
2978285,1,KHK,EINS,KHK,EINS,Blue,Unforgiven,Ezreal,Rumble,BOT,8,18.0,2.0,True,Win
2978285,1,KHK,EINS,KHK,EINS,Blue,Doss,Rell,Rell,SUP,9,19.0,2.0,True,Win
2978285,1,KHK,EINS,EINS,KHK,Red,seaz,Rakan,K'Sante,SUP,10,20.0,2.0,False,Loss
2978285,2,KHK,EINS,KHK,EINS,Blue,Boda,Anivia,Syndra,TOP,1,7.0,1.0,False,Loss
2978285,2,KHK,EINS,EINS,KHK,Red,Jenax,Jayce,Viktor,TOP,2,8.0,1.0,True,Win
2978285,2,KHK,EINS,EINS,KHK,Red,Xagog,JarvanIV,Jarvan IV,JGL,3,9.0,1.0,True,Win
2978285,2,KHK,EINS,KHK,EINS,Blue,Densi,XinZhao,Caitlyn,JGL,4,10.0,1.0,False,Loss
2978285,2,KHK,EINS,KHK,EINS,Blue,Abbedagge,Syndra,Karma,MID,5,11.0,1.0,False,Loss
2978285,2,KHK,EINS,EINS,KHK,Red,PowerOfEvil,Viktor,Jhin,MID,6,12.0,1.0,True,Win
2978285,2,KHK,EINS,EINS,KHK,Red,FUN k3y,Jhin,Alistar,BOT,7,17.0,2.0,True,Win
2978285,2,KHK,EINS,KHK,EINS,Blue,Unforgiven,Caitlyn,Xin Zhao,BOT,8,18.0,2.0,False,Loss
2978285,2,KHK,EINS,KHK,EINS,Blue,Doss,Karma,Anivia,SUP,9,19.0,2.0,False,Loss
2978285,2,KHK,EINS,EINS,KHK,Red,seaz,Alistar,Jayce,SUP,10,20.0,2.0,True,Win
2978285,3,EINS,KHK,EINS,KHK,Blue,Jenax,Gragas,Ryze,TOP,1,7.0,1.0,False,Loss
2978285,3,EINS,KHK,KHK,EINS,Red,Boda,Gnar,Hwei,TOP,2,8.0,1.0,True,Win
2978285,3,EINS,KHK,KHK,EINS,Red,Densi,Vi,Vi,JGL,3,9.0,1.0,True,Win
2978285,3,EINS,KHK,EINS,KHK,Blue,Xagog,Pantheon,Pantheon,JGL,4,10.0,1.0,False,Loss
2978285,3,EINS,KHK,EINS,KHK,Blue,PowerOfEvil,Ryze,Leona,MID,5,11.0,1.0,False,Loss
2978285,3,EINS,KHK,KHK,EINS,Red,Abbedagge,Hwei,Braum,MID,6,12.0,1.0,True,Win
2978285,3,EINS,KHK,KHK,EINS,Red,Unforgiven,Varus,Varus,BOT,7,17.0,2.0,True,Win
2978285,3,EINS,KHK,EINS,KHK,Blue,FUN k3y,Senna,Senna,BOT,8,18.0,2.0,False,Loss
2978285,3,EINS,KHK,EINS,KHK,Blue,seaz,Leona,Gragas,SUP,9,19.0,2.0,False,Loss
2978285,3,EINS,KHK,KHK,EINS,Red,Doss,Braum,Gnar,SUP,10,20.0,2.0,True,Win
2978285,4,KHK,EINS,KHK,EINS,Blue,Boda,Renekton,Nautilus,TOP,1,7.0,1.0,True,Win
2978285,4,KHK,EINS,EINS,KHK,Red,Jenax,DrMundo,Bard,TOP,2,8.0,1.0,False,Loss
2978285,4,KHK,EINS,EINS,KHK,Red,Xagog,Trundle,Corki,JGL,3,9.0,1.0,False,Loss
2978285,4,KHK,EINS,KHK,EINS,Blue,Densi,Sejuani,Sejuani,JGL,4,10.0,1.0,True,Win
2978285,4,KHK,EINS,KHK,EINS,Blue,Abbedagge,Sylas,Kai'Sa,MID,5,11.0,1.0,True,Win
2978285,4,KHK,EINS,EINS,KHK,Red,PowerOfEvil,Ahri,Trundle,MID,6,12.0,1.0,False,Loss
2978285,4,KHK,EINS,EINS,KHK,Red,FUN k3y,Corki,Ahri,BOT,7,17.0,2.0,False,Loss
2978285,4,KHK,EINS,KHK,EINS,Blue,Unforgiven,Kaisa,Sylas,BOT,8,18.0,2.0,True,Win
2978285,4,KHK,EINS,KHK,EINS,Blue,Doss,Nautilus,Renekton,SUP,9,19.0,2.0,True,Win
2978285,4,KHK,EINS,EINS,KHK,Red,seaz,Bard,Dr. Mundo,SUP,10,20.0,2.0,False,Loss
2978286,1,BIG,G2N,BIG,G2N,Blue,Irrelevant,Gnar,Seraphine,TOP,1,7.0,1.0,True,Win
2978286,1,BIG,G2N,G2N,BIG,Red,Shelfmade,Rumble,Lee Sin,TOP,2,8.0,1.0,False,Loss
2978286,1,BIG,G2N,G2N,BIG,Red,Markoon,LeeSin,Camille,JGL,3,9.0,1.0,False,Loss
2978286,1,BIG,G2N,BIG,G2N,Blue,113,Poppy,Ashe,JGL,4,10.0,1.0,True,Win
2978286,1,BIG,G2N,BIG,G2N,Blue,Reeker,Ryze,Ryze,MID,5,11.0,1.0,True,Win
2978286,1,BIG,G2N,G2N,BIG,Red,Toasty,Yone,Mel,MID,6,12.0,1.0,False,Loss
2978286,1,BIG,G2N,G2N,BIG,Red,rin,Mel,Rumble,BOT,7,17.0,2.0,False,Loss
2978286,1,BIG,G2N,BIG,G2N,Blue,Patrik,Ashe,Gnar,BOT,8,18.0,2.0,True,Win
2978286,1,BIG,G2N,BIG,G2N,Blue,Kaiser,Seraphine,Poppy,SUP,9,19.0,2.0,True,Win
2978286,1,BIG,G2N,G2N,BIG,Red,Tockimo,Camille,Yone,SUP,10,20.0,2.0,False,Loss
2978286,2,BIG,G2N,BIG,G2N,Blue,Irrelevant,Jax,Jarvan IV,TOP,1,7.0,1.0,False,Loss
2978286,2,BIG,G2N,G2N,BIG,Red,Shelfmade,DrMundo,Ezreal,TOP,2,8.0,1.0,True,Win
2978286,2,BIG,G2N,G2N,BIG,Red,Markoon,Vi,Vi,JGL,3,9.0,1.0,True,Win
2978286,2,BIG,G2N,BIG,G2N,Blue,113,JarvanIV,Lucian,JGL,4,10.0,1.0,False,Loss
2978286,2,BIG,G2N,BIG,G2N,Blue,Reeker,Nasus,Milio,MID,5,11.0,1.0,False,Loss
2978286,2,BIG,G2N,G2N,BIG,Red,Toasty,Viktor,Nautilus,MID,6,12.0,1.0,True,Win
2978286,2,BIG,G2N,G2N,BIG,Red,rin,Ezreal,Viktor,BOT,7,17.0,2.0,True,Win
2978286,2,BIG,G2N,BIG,G2N,Blue,Patrik,Lucian,Nasus,BOT,8,18.0,2.0,False,Loss
2978286,2,BIG,G2N,BIG,G2N,Blue,Kaiser,Milio,Jax,SUP,9,19.0,2.0,False,Loss
2978286,2,BIG,G2N,G2N,BIG,Red,Tockimo,Nautilus,Dr. Mundo,SUP,10,20.0,2.0,True,Win
2978286,3,G2N,BIG,G2N,BIG,Blue,Shelfmade,Cassiopeia,Cassiopeia,TOP,1,7.0,1.0,True,Win
2978286,3,G2N,BIG,BIG,G2N,Red,Irrelevant,Volibear,Syndra,TOP,2,8.0,1.0,False,Loss
2978286,3,G2N,BIG,BIG,G2N,Red,113,Viego,Jhin,JGL,3,9.0,1.0,False,Loss
2978286,3,G2N,BIG,G2N,BIG,Blue,Markoon,Qiyana,Tristana,JGL,4,10.0,1.0,True,Win
2978286,3,G2N,BIG,G2N,BIG,Blue,Toasty,Sylas,Qiyana,MID,5,11.0,1.0,True,Win
2978286,3,G2N,BIG,BIG,G2N,Red,Reeker,Syndra,Alistar,MID,6,12.0,1.0,False,Loss
2978286,3,G2N,BIG,BIG,G2N,Red,Patrik,Jhin,Viego,BOT,7,17.0,2.0,False,Loss
2978286,3,G2N,BIG,G2N,BIG,Blue,rin,Tristana,Braum,BOT,8,18.0,2.0,True,Win
2978286,3,G2N,BIG,G2N,BIG,Blue,Tockimo,Braum,Sylas,SUP,9,19.0,2.0,True,Win
2978286,3,G2N,BIG,BIG,G2N,Red,Kaiser,Alistar,Volibear,SUP,10,20.0,2.0,False,Loss
2978286,4,BIG,G2N,BIG,G2N,Blue,Irrelevant,Olaf,Olaf,TOP,1,7.0,1.0,True,Win
2978286,4,BIG,G2N,G2N,BIG,Red,Shelfmade,Kled,Naafiri,TOP,2,8.0,1.0,False,Loss
2978286,4,BIG,G2N,G2N,BIG,Red,Markoon,Naafiri,Ahri,JGL,3,9.0,1.0,False,Loss
2978286,4,BIG,G2N,BIG,G2N,Blue,113,Skarner,Skarner,JGL,4,10.0,1.0,True,Win
2978286,4,BIG,G2N,BIG,G2N,Blue,Reeker,Locke,Skarner,MID,5,11.0,1.0,True,Win
2978286,4,BIG,G2N,G2N,BIG,Red,Toasty,Ahri,Kled,MID,6,12.0,1.0,False,Loss
2978286,4,BIG,G2N,G2N,BIG,Red,rin,Kaisa,Kai'Sa,BOT,7,17.0,2.0,False,Loss
2978286,4,BIG,G2N,BIG,G2N,Blue,Patrik,Kalista,Kalista,BOT,8,18.0,2.0,True,Win
2978286,4,BIG,G2N,BIG,G2N,Blue,Kaiser,Renata,Renata Glasc,SUP,9,19.0,2.0,True,Win
2978286,4,BIG,G2N,G2N,BIG,Red,Tockimo,Rakan,Rakan,SUP,10,20.0,2.0,False,Loss
2978286,5,BIG,G2N,BIG,G2N,Blue,Irrelevant,Zaahen,Azir,TOP,1,7.0,1.0,False,Loss
2978286,5,BIG,G2N,G2N,BIG,Red,Shelfmade,Gwen,Corki,TOP,2,8.0,1.0,True,Win
2978286,5,BIG,G2N,G2N,BIG,Red,Markoon,Trundle,Rell,JGL,3,9.0,1.0,True,Win
2978286,5,BIG,G2N,BIG,G2N,Blue,113,XinZhao,Xin Zhao,JGL,4,10.0,1.0,False,Loss
2978286,5,BIG,G2N,BIG,G2N,Blue,Reeker,Azir,Lulu,MID,5,11.0,1.0,False,Loss
2978286,5,BIG,G2N,G2N,BIG,Red,Toasty,Taliyah,Taliyah,MID,6,12.0,1.0,True,Win
2978286,5,BIG,G2N,G2N,BIG,Red,rin,Corki,Trundle,BOT,7,17.0,2.0,True,Win
2978286,5,BIG,G2N,BIG,G2N,Blue,Patrik,Sivir,Sivir,BOT,8,18.0,2.0,False,Loss
2978286,5,BIG,G2N,BIG,G2N,Blue,Kaiser,Lulu,Zaahen,SUP,9,19.0,2.0,False,Loss
2978286,5,BIG,G2N,G2N,BIG,Red,Tockimo,Rell,Gwen,SUP,10,20.0,2.0,True,Win
2978288,1,KHK,USE,KHK,USE,Blue,Boda,Rumble,Vi,TOP,1,7.0,1.0,True,Win
2978288,1,KHK,USE,USE,KHK,Red,FornoReason,Ambessa,Ezreal,TOP,2,8.0,1.0,False,Loss
2978288,1,KHK,USE,USE,KHK,Red,White,JarvanIV,Jarvan IV,JGL,3,9.0,1.0,False,Loss
2978288,1,KHK,USE,KHK,USE,Blue,Densi,Vi,Rumble,JGL,4,10.0,1.0,True,Win
2978288,1,KHK,USE,KHK,USE,Blue,Abbedagge,Ahri,Ahri,MID,5,11.0,1.0,True,Win
2978288,1,KHK,USE,USE,KHK,Red,Kanin,Galio,Galio,MID,6,12.0,1.0,False,Loss
2978288,1,KHK,USE,USE,KHK,Red,DenVoksne,Ezreal,Ambessa,BOT,7,17.0,2.0,False,Loss
2978288,1,KHK,USE,KHK,USE,Blue,Unforgiven,Zeri,Zeri,BOT,8,18.0,2.0,True,Win
2978288,1,KHK,USE,KHK,USE,Blue,Doss,Yuumi,Yuumi,SUP,9,19.0,2.0,True,Win
2978288,1,KHK,USE,USE,KHK,Red,Twiizt,Karma,Karma,SUP,10,20.0,2.0,False,Loss
2978288,2,KHK,USE,KHK,USE,Blue,Boda,Gnar,Orianna,TOP,1,7.0,1.0,False,Loss
2978288,2,KHK,USE,USE,KHK,Red,FornoReason,Sylas,Lucian,TOP,2,8.0,1.0,True,Win
2978288,2,KHK,USE,USE,KHK,Red,White,Pantheon,Milio,JGL,3,9.0,1.0,True,Win
2978288,2,KHK,USE,KHK,USE,Blue,Densi,Shyvana,Xayah,JGL,4,10.0,1.0,False,Loss
2978288,2,KHK,USE,KHK,USE,Blue,Abbedagge,Orianna,Rakan,MID,5,11.0,1.0,False,Loss
2978288,2,KHK,USE,USE,KHK,Red,Kanin,Syndra,Syndra,MID,6,12.0,1.0,True,Win
2978288,2,KHK,USE,USE,KHK,Red,DenVoksne,Lucian,Pantheon,BOT,7,17.0,2.0,True,Win
2978288,2,KHK,USE,KHK,USE,Blue,Unforgiven,Xayah,Shyvana,BOT,8,18.0,2.0,False,Loss
2978288,2,KHK,USE,KHK,USE,Blue,Doss,Rakan,Gnar,SUP,9,19.0,2.0,False,Loss
2978288,2,KHK,USE,USE,KHK,Red,Twiizt,Milio,Sylas,SUP,10,20.0,2.0,True,Win
2978288,3,USE,KHK,USE,KHK,Blue,FornoReason,Olaf,Olaf,TOP,1,7.0,1.0,False,Loss
2978288,3,USE,KHK,KHK,USE,Red,Boda,Kled,Lulu,TOP,2,8.0,1.0,True,Win
2978288,3,USE,KHK,KHK,USE,Red,Densi,Naafiri,Yunara,JGL,3,9.0,1.0,True,Win
2978288,3,USE,KHK,USE,KHK,Blue,White,Maokai,Ashe,JGL,4,10.0,1.0,False,Loss
2978288,3,USE,KHK,USE,KHK,Blue,Kanin,Hwei,Seraphine,MID,5,11.0,1.0,False,Loss
2978288,3,USE,KHK,KHK,USE,Red,Abbedagge,Ryze,Naafiri,MID,6,12.0,1.0,True,Win
2978288,3,USE,KHK,KHK,USE,Red,Unforgiven,Yunara,Ryze,BOT,7,17.0,2.0,True,Win
2978288,3,USE,KHK,USE,KHK,Blue,DenVoksne,Ashe,Hwei,BOT,8,18.0,2.0,False,Loss
2978288,3,USE,KHK,USE,KHK,Blue,Twiizt,Seraphine,Maokai,SUP,9,19.0,2.0,False,Loss
2978288,3,USE,KHK,KHK,USE,Red,Doss,Lulu,Kled,SUP,10,20.0,2.0,True,Win
2978288,4,KHK,USE,KHK,USE,Blue,Boda,Anivia,Anivia,TOP,1,7.0,1.0,True,Win
2978288,4,KHK,USE,USE,KHK,Red,FornoReason,Renekton,Caitlyn,TOP,2,8.0,1.0,False,Loss
2978288,4,KHK,USE,USE,KHK,Red,White,Trundle,Bard,JGL,3,9.0,1.0,False,Loss
2978288,4,KHK,USE,KHK,USE,Blue,Densi,XinZhao,Jhin,JGL,4,10.0,1.0,True,Win
2978288,4,KHK,USE,KHK,USE,Blue,Abbedagge,Azir,Nautilus,MID,5,11.0,1.0,True,Win
2978288,4,KHK,USE,USE,KHK,Red,Kanin,TwistedFate,Trundle,MID,6,12.0,1.0,False,Loss
2978288,4,KHK,USE,USE,KHK,Red,DenVoksne,Caitlyn,Renekton,BOT,7,17.0,2.0,False,Loss
2978288,4,KHK,USE,KHK,USE,Blue,Unforgiven,Jhin,Azir,BOT,8,18.0,2.0,True,Win
2978288,4,KHK,USE,KHK,USE,Blue,Doss,Nautilus,Xin Zhao,SUP,9,19.0,2.0,True,Win
2978288,4,KHK,USE,USE,KHK,Red,Twiizt,Bard,Twisted Fate,SUP,10,20.0,2.0,False,Loss
2978289,1,BIG,KHK,BIG,KHK,Blue,Irrelevant,Gnar,Cassiopeia,TOP,1,7.0,1.0,False,Loss
2978289,1,BIG,KHK,KHK,BIG,Red,Boda,TwistedFate,Anivia,TOP,2,8.0,1.0,True,Win
2978289,1,BIG,KHK,KHK,BIG,Red,Densi,JarvanIV,Lucian,JGL,3,9.0,1.0,True,Win
2978289,1,BIG,KHK,BIG,KHK,Blue,113,Vi,Vi,JGL,4,10.0,1.0,False,Loss
2978289,1,BIG,KHK,BIG,KHK,Blue,Reeker,Cassiopeia,Gnar,MID,5,11.0,1.0,False,Loss
2978289,1,BIG,KHK,KHK,BIG,Red,Abbedagge,Anivia,Milio,MID,6,12.0,1.0,True,Win
2978289,1,BIG,KHK,KHK,BIG,Red,Unforgiven,Lucian,Jarvan IV,BOT,7,17.0,2.0,True,Win
2978289,1,BIG,KHK,BIG,KHK,Blue,Patrik,Ezreal,Ezreal,BOT,8,18.0,2.0,False,Loss
2978289,1,BIG,KHK,BIG,KHK,Blue,Kaiser,Karma,Karma,SUP,9,19.0,2.0,False,Loss
2978289,1,BIG,KHK,KHK,BIG,Red,Doss,Milio,Twisted Fate,SUP,10,20.0,2.0,True,Win
2978289,2,BIG,KHK,BIG,KHK,Blue,Irrelevant,KSante,Lee Sin,TOP,1,7.0,1.0,True,Win
2978289,2,BIG,KHK,KHK,BIG,Red,Boda,Vayne,Skarner,TOP,2,8.0,1.0,False,Loss
2978289,2,BIG,KHK,KHK,BIG,Red,Densi,Skarner,Seraphine,JGL,3,9.0,1.0,False,Loss
2978289,2,BIG,KHK,BIG,KHK,Blue,113,LeeSin,Caitlyn,JGL,4,10.0,1.0,True,Win
2978289,2,BIG,KHK,BIG,KHK,Blue,Reeker,Viktor,Bard,MID,5,11.0,1.0,True,Win
2978289,2,BIG,KHK,KHK,BIG,Red,Abbedagge,Syndra,Ashe,MID,6,12.0,1.0,False,Loss
2978289,2,BIG,KHK,KHK,BIG,Red,Unforgiven,Ashe,Syndra,BOT,7,17.0,2.0,False,Loss
2978289,2,BIG,KHK,BIG,KHK,Blue,Patrik,Caitlyn,K'Sante,BOT,8,18.0,2.0,True,Win
2978289,2,BIG,KHK,BIG,KHK,Blue,Kaiser,Bard,Viktor,SUP,9,19.0,2.0,True,Win
2978289,2,BIG,KHK,KHK,BIG,Red,Doss,Seraphine,Vayne,SUP,10,20.0,2.0,False,Loss
2978289,3,KHK,BIG,KHK,BIG,Blue,Boda,Trundle,Orianna,TOP,1,7.0,1.0,False,Loss
2978289,3,KHK,BIG,BIG,KHK,Red,Irrelevant,Olaf,Nocturne,TOP,2,8.0,1.0,True,Win
2978289,3,KHK,BIG,BIG,KHK,Red,113,Nocturne,Akali,JGL,3,9.0,1.0,True,Win
2978289,3,KHK,BIG,KHK,BIG,Blue,Densi,MonkeyKing,Wukong,JGL,4,10.0,1.0,False,Loss
2978289,3,KHK,BIG,KHK,BIG,Blue,Abbedagge,Orianna,Nautilus,MID,5,11.0,1.0,False,Loss
2978289,3,KHK,BIG,BIG,KHK,Red,Reeker,Akali,Olaf,MID,6,12.0,1.0,True,Win
2978289,3,KHK,BIG,BIG,KHK,Red,Patrik,Xayah,Xayah,BOT,7,17.0,2.0,True,Win
2978289,3,KHK,BIG,KHK,BIG,Blue,Unforgiven,Kaisa,Kai'Sa,BOT,8,18.0,2.0,False,Loss
2978289,3,KHK,BIG,KHK,BIG,Blue,Doss,Nautilus,Trundle,SUP,9,19.0,2.0,False,Loss
2978289,3,KHK,BIG,BIG,KHK,Red,Kaiser,Alistar,Alistar,SUP,10,20.0,2.0,True,Win
2978289,4,KHK,BIG,KHK,BIG,Blue,Boda,Rumble,Rumble,TOP,1,7.0,1.0,False,Loss
2978289,4,KHK,BIG,BIG,KHK,Red,Irrelevant,Ornn,Jhin,TOP,2,8.0,1.0,True,Win
2978289,4,KHK,BIG,BIG,KHK,Red,113,Jayce,Ornn,JGL,3,9.0,1.0,True,Win
2978289,4,KHK,BIG,KHK,BIG,Blue,Densi,Pantheon,Pantheon,JGL,4,10.0,1.0,False,Loss
2978289,4,KHK,BIG,KHK,BIG,Blue,Abbedagge,Azir,Azir,MID,5,11.0,1.0,False,Loss
2978289,4,KHK,BIG,BIG,KHK,Red,Reeker,Locke,Locke,MID,6,12.0,1.0,True,Win
2978289,4,KHK,BIG,BIG,KHK,Red,Patrik,Jhin,Jayce,BOT,7,17.0,2.0,True,Win
2978289,4,KHK,BIG,KHK,BIG,Blue,Unforgiven,Yunara,Yunara,BOT,8,18.0,2.0,False,Loss
2978289,4,KHK,BIG,KHK,BIG,Blue,Doss,Rell,Rell,SUP,9,19.0,2.0,False,Loss
2978289,4,KHK,BIG,BIG,KHK,Red,Kaiser,Rakan,Rakan,SUP,10,20.0,2.0,True,Win
2978290,1,G2N,BIG,G2N,BIG,Blue,Shelfmade,Olaf,Lulu,TOP,1,7.0,1.0,False,Loss
2978290,1,G2N,BIG,BIG,G2N,Red,Irrelevant,Ambessa,Ezreal,TOP,2,8.0,1.0,True,Win
2978290,1,G2N,BIG,BIG,G2N,Red,113,Qiyana,Karma,JGL,3,9.0,1.0,True,Win
2978290,1,G2N,BIG,G2N,BIG,Blue,Markoon,JarvanIV,Yunara,JGL,4,10.0,1.0,False,Loss
2978290,1,G2N,BIG,G2N,BIG,Blue,Toasty,Ryze,Ryze,MID,5,11.0,1.0,False,Loss
2978290,1,G2N,BIG,BIG,G2N,Red,Reeker,Syndra,Syndra,MID,6,12.0,1.0,True,Win
2978290,1,G2N,BIG,BIG,G2N,Red,Patrik,Ezreal,Qiyana,BOT,7,17.0,2.0,True,Win
2978290,1,G2N,BIG,G2N,BIG,Blue,rin,Yunara,Olaf,BOT,8,18.0,2.0,False,Loss
2978290,1,G2N,BIG,G2N,BIG,Blue,Tockimo,Lulu,Jarvan IV,SUP,9,19.0,2.0,False,Loss
2978290,1,G2N,BIG,BIG,G2N,Red,Kaiser,Karma,Ambessa,SUP,10,20.0,2.0,True,Win
2978290,2,G2N,BIG,G2N,BIG,Blue,Shelfmade,Gnar,Vi,TOP,1,7.0,1.0,True,Win
2978290,2,G2N,BIG,BIG,G2N,Red,Irrelevant,Jax,Xayah,TOP,2,8.0,1.0,False,Loss
2978290,2,G2N,BIG,BIG,G2N,Red,113,Naafiri,Rakan,JGL,3,9.0,1.0,False,Loss
2978290,2,G2N,BIG,G2N,BIG,Blue,Markoon,Vi,Caitlyn,JGL,4,10.0,1.0,True,Win
2978290,2,G2N,BIG,G2N,BIG,Blue,Toasty,Galio,Lux,MID,5,11.0,1.0,True,Win
2978290,2,G2N,BIG,BIG,G2N,Red,Reeker,Akali,Naafiri,MID,6,12.0,1.0,False,Loss
2978290,2,G2N,BIG,BIG,G2N,Red,Patrik,Xayah,Akali,BOT,7,17.0,2.0,False,Loss
2978290,2,G2N,BIG,G2N,BIG,Blue,rin,Caitlyn,Galio,BOT,8,18.0,2.0,True,Win
2978290,2,G2N,BIG,G2N,BIG,Blue,Tockimo,Lux,Gnar,SUP,9,19.0,2.0,True,Win
2978290,2,G2N,BIG,BIG,G2N,Red,Kaiser,Rakan,Jax,SUP,10,20.0,2.0,False,Loss
2978290,3,BIG,G2N,BIG,G2N,Blue,Irrelevant,Camille,Nocturne,TOP,1,7.0,1.0,True,Win
2978290,3,BIG,G2N,G2N,BIG,Red,Shelfmade,Renekton,Tristana,TOP,2,8.0,1.0,False,Loss
2978290,3,BIG,G2N,G2N,BIG,Red,Markoon,Trundle,Trundle,JGL,3,9.0,1.0,False,Loss
2978290,3,BIG,G2N,BIG,G2N,Blue,113,Nocturne,Viktor,JGL,4,10.0,1.0,True,Win
2978290,3,BIG,G2N,BIG,G2N,Blue,Reeker,Viktor,Camille,MID,5,11.0,1.0,True,Win
2978290,3,BIG,G2N,G2N,BIG,Red,Toasty,Locke,Renekton,MID,6,12.0,1.0,False,Loss
2978290,3,BIG,G2N,G2N,BIG,Red,rin,Tristana,Nautilus,BOT,7,17.0,2.0,False,Loss
2978290,3,BIG,G2N,BIG,G2N,Blue,Patrik,Jhin,Jhin,BOT,8,18.0,2.0,True,Win
2978290,3,BIG,G2N,BIG,G2N,Blue,Kaiser,Alistar,Alistar,SUP,9,19.0,2.0,True,Win
2978290,3,BIG,G2N,G2N,BIG,Red,Tockimo,Nautilus,Nautilus,SUP,10,20.0,2.0,False,Loss
2978290,4,G2N,BIG,G2N,BIG,Blue,Shelfmade,KSante,Seraphine,TOP,1,7.0,1.0,True,Win
2978290,4,G2N,BIG,BIG,G2N,Red,Irrelevant,Rumble,Rumble,TOP,2,8.0,1.0,False,Loss
2978290,4,G2N,BIG,BIG,G2N,Red,113,XinZhao,Ashe,JGL,3,9.0,1.0,False,Loss
2978290,4,G2N,BIG,G2N,BIG,Blue,Markoon,Pantheon,K'Sante,JGL,4,10.0,1.0,True,Win
2978290,4,G2N,BIG,G2N,BIG,Blue,Toasty,Ahri,Miss Fortune,MID,5,11.0,1.0,True,Win
2978290,4,G2N,BIG,BIG,G2N,Red,Reeker,Yone,Yone,MID,6,12.0,1.0,False,Loss
2978290,4,G2N,BIG,BIG,G2N,Red,Patrik,Ashe,Braum,BOT,7,17.0,2.0,False,Loss
2978290,4,G2N,BIG,G2N,BIG,Blue,rin,MissFortune,Pantheon,BOT,8,18.0,2.0,True,Win
2978290,4,G2N,BIG,G2N,BIG,Blue,Tockimo,Seraphine,Ahri,SUP,9,19.0,2.0,True,Win
2978290,4,G2N,BIG,BIG,G2N,Red,Kaiser,Braum,Xin Zhao,SUP,10,20.0,2.0,False,Loss
2978290,5,BIG,G2N,BIG,G2N,Blue,Irrelevant,Sion,Lee Sin,TOP,1,7.0,1.0,True,Win
2978290,5,BIG,G2N,G2N,BIG,Red,Shelfmade,Kled,Corki,TOP,2,8.0,1.0,False,Loss
2978290,5,BIG,G2N,G2N,BIG,Red,Markoon,Maokai,Nami,JGL,3,9.0,1.0,False,Loss
2978290,5,BIG,G2N,BIG,G2N,Blue,113,LeeSin,Kalista,JGL,4,10.0,1.0,True,Win
2978290,5,BIG,G2N,BIG,G2N,Blue,Reeker,Sylas,Renata Glasc,MID,5,11.0,1.0,True,Win
2978290,5,BIG,G2N,G2N,BIG,Red,Toasty,Taliyah,Taliyah,MID,6,12.0,1.0,False,Loss
2978290,5,BIG,G2N,G2N,BIG,Red,rin,Corki,Maokai,BOT,7,17.0,2.0,False,Loss
2978290,5,BIG,G2N,BIG,G2N,Blue,Patrik,Kalista,Sion,BOT,8,18.0,2.0,True,Win
2978290,5,BIG,G2N,BIG,G2N,Blue,Kaiser,Renata,Sylas,SUP,9,19.0,2.0,True,Win
2978290,5,BIG,G2N,G2N,BIG,Red,Tockimo,Nami,Kled,SUP,10,20.0,2.0,False,Loss
2992998,1,EWI,ROSS,EWI,ROSS,Blue,Vizicsacsi,KSante,Syndra,TOP,1,7.0,1.0,False,Loss
2992998,1,EWI,ROSS,ROSS,EWI,Red,Leks,Rumble,Rumble,TOP,2,8.0,1.0,True,Win
2992998,1,EWI,ROSS,ROSS,EWI,Red,jokaa,MonkeyKing,Wukong,JGL,3,9.0,1.0,True,Win
2992998,1,EWI,ROSS,EWI,ROSS,Blue,Afroboi,DrMundo,Dr. Mundo,JGL,4,10.0,1.0,False,Loss
2992998,1,EWI,ROSS,EWI,ROSS,Blue,Relative,Ryze,Leona,MID,5,11.0,1.0,False,Loss
2992998,1,EWI,ROSS,ROSS,EWI,Red,c0st0m,Yone,Kai'Sa,MID,6,12.0,1.0,True,Win
2992998,1,EWI,ROSS,ROSS,EWI,Red,Hazel,Kaisa,Taric,BOT,7,17.0,2.0,True,Win
2992998,1,EWI,ROSS,EWI,ROSS,Blue,noz2k,Syndra,K'Sante,BOT,8,18.0,2.0,False,Loss
2992998,1,EWI,ROSS,EWI,ROSS,Blue,Wildenbruch,Leona,Ryze,SUP,9,19.0,2.0,False,Loss
2992998,1,EWI,ROSS,ROSS,EWI,Red,Infoneral,Taric,Yone,SUP,10,20.0,2.0,True,Win
2992998,2,ROSS,EWI,ROSS,EWI,Blue,Leks,Olaf,Naafiri,TOP,1,7.0,1.0,False,Loss
2992998,2,ROSS,EWI,EWI,ROSS,Red,Vizicsacsi,Shen,Ezreal,TOP,2,8.0,1.0,True,Win
2992998,2,ROSS,EWI,EWI,ROSS,Red,Afroboi,Nocturne,Nocturne,JGL,3,9.0,1.0,True,Win
2992998,2,ROSS,EWI,ROSS,EWI,Blue,jokaa,Naafiri,Olaf,JGL,4,10.0,1.0,False,Loss
2992998,2,ROSS,EWI,ROSS,EWI,Blue,c0st0m,Locke,Rakan,MID,5,11.0,1.0,False,Loss
2992998,2,ROSS,EWI,EWI,ROSS,Red,Relative,Akali,Rell,MID,6,12.0,1.0,True,Win
2992998,2,ROSS,EWI,EWI,ROSS,Red,noz2k,Ezreal,Shen,BOT,7,17.0,2.0,True,Win
2992998,2,ROSS,EWI,ROSS,EWI,Blue,Hazel,Yunara,Yunara,BOT,8,18.0,2.0,False,Loss
2992998,2,ROSS,EWI,ROSS,EWI,Blue,Infoneral,Rakan,Rakan,SUP,9,19.0,2.0,False,Loss
2992998,2,ROSS,EWI,EWI,ROSS,Red,Wildenbruch,Rell,Akali,SUP,10,20.0,2.0,True,Win
2992998,3,EWI,ROSS,EWI,ROSS,Blue,Vizicsacsi,Poppy,Viktor,TOP,1,7.0,1.0,False,Loss
2992998,3,EWI,ROSS,ROSS,EWI,Red,Leks,Gnar,Nautilus,TOP,2,8.0,1.0,True,Win
2992998,3,EWI,ROSS,ROSS,EWI,Red,jokaa,Pantheon,Pantheon,JGL,3,9.0,1.0,True,Win
2992998,3,EWI,ROSS,EWI,ROSS,Blue,Afroboi,Darius,Poppy,JGL,4,10.0,1.0,False,Loss
2992998,3,EWI,ROSS,EWI,ROSS,Blue,Relative,Viktor,Darius,MID,5,11.0,1.0,False,Loss
2992998,3,EWI,ROSS,ROSS,EWI,Red,c0st0m,Sylas,Gnar,MID,6,12.0,1.0,True,Win
2992998,3,EWI,ROSS,ROSS,EWI,Red,Hazel,Aphelios,Aphelios,BOT,7,17.0,2.0,True,Win
2992998,3,EWI,ROSS,EWI,ROSS,Blue,noz2k,Hwei,Hwei,BOT,8,18.0,2.0,False,Loss
2992998,3,EWI,ROSS,EWI,ROSS,Blue,Wildenbruch,Alistar,Alistar,SUP,9,19.0,2.0,False,Loss
2992998,3,EWI,ROSS,ROSS,EWI,Red,Infoneral,Nautilus,Sylas,SUP,10,20.0,2.0,True,Win
3008241,1,G2N,NBS,NBS,G2N,Red,SLT,Galio,Qiyana,TOP,1,7.0,1.0,True,Win
3008241,1,G2N,NBS,G2N,NBS,Blue,Shelfmade,Rumble,Rumble,TOP,2,8.0,1.0,False,Loss
3008241,1,G2N,NBS,G2N,NBS,Blue,Markoon,MonkeyKing,Wukong,JGL,3,9.0,1.0,False,Loss
3008241,1,G2N,NBS,NBS,G2N,Red,Savero,Qiyana,Galio,JGL,4,10.0,1.0,True,Win
3008241,1,G2N,NBS,NBS,G2N,Red,Vasco,Orianna,Orianna,MID,5,11.0,1.0,True,Win
3008241,1,G2N,NBS,G2N,NBS,Blue,Toasty,Syndra,Syndra,MID,6,12.0,1.0,False,Loss
3008241,1,G2N,NBS,G2N,NBS,Blue,rin,Ashe,Ashe,BOT,7,17.0,2.0,False,Loss
3008241,1,G2N,NBS,NBS,G2N,Red,Strode,Corki,Nautilus,BOT,8,18.0,2.0,True,Win
3008241,1,G2N,NBS,NBS,G2N,Red,denyk,Nautilus,Corki,SUP,9,19.0,2.0,True,Win
3008241,1,G2N,NBS,G2N,NBS,Blue,Tockimo,Braum,Braum,SUP,10,20.0,2.0,False,Loss
3008242,1,BOOM,TLNP,BOOM,TLNP,Blue,frajgo,Rumble,Rumble,TOP,1,7.0,1.0,False,Loss
3008242,1,BOOM,TLNP,TLNP,BOOM,Red,Spooder,Ornn,Yunara,TOP,2,8.0,1.0,True,Win
3008242,1,BOOM,TLNP,TLNP,BOOM,Red,Stefan,MonkeyKing,Lulu,JGL,3,9.0,1.0,True,Win
3008242,1,BOOM,TLNP,BOOM,TLNP,Blue,adi1,Maokai,Caitlyn,JGL,4,10.0,1.0,False,Loss
3008242,1,BOOM,TLNP,BOOM,TLNP,Blue,Mrozku,Yone,Karma,MID,5,11.0,1.0,False,Loss
3008242,1,BOOM,TLNP,TLNP,BOOM,Red,Toffe,Ryze,Wukong,MID,6,12.0,1.0,True,Win
3008242,1,BOOM,TLNP,TLNP,BOOM,Red,Axelent,Yunara,Ornn,BOT,7,17.0,2.0,True,Win
3008242,1,BOOM,TLNP,BOOM,TLNP,Blue,Odi11,Caitlyn,Maokai,BOT,8,18.0,2.0,False,Loss
3008242,1,BOOM,TLNP,BOOM,TLNP,Blue,minemaciek,Karma,Yone,SUP,9,19.0,2.0,False,Loss
3008242,1,BOOM,TLNP,TLNP,BOOM,Red,Thomas,Lulu,Ryze,SUP,10,20.0,2.0,True,Win
3008243,1,SNSH,HRTS,HRTS,SNSH,Red,Papiteero,Olaf,Karma,TOP,1,7.0,1.0,True,Win
3008243,1,SNSH,HRTS,SNSH,HRTS,Blue,Shourdy,Zaahen,Jhin,TOP,2,8.0,1.0,False,Loss
3008243,1,SNSH,HRTS,SNSH,HRTS,Blue,Markus,Jayce,Rell,JGL,3,9.0,1.0,False,Loss
3008243,1,SNSH,HRTS,HRTS,SNSH,Red,Lurox,XinZhao,Ezreal,JGL,4,10.0,1.0,True,Win
3008243,1,SNSH,HRTS,HRTS,SNSH,Red,Mercy9,Ryze,Ryze,MID,5,11.0,1.0,True,Win
3008243,1,SNSH,HRTS,SNSH,HRTS,Blue,ag0ny,Syndra,Syndra,MID,6,12.0,1.0,False,Loss
3008243,1,SNSH,HRTS,SNSH,HRTS,Blue,Ace0,Jhin,Jayce,BOT,7,17.0,2.0,False,Loss
3008243,1,SNSH,HRTS,HRTS,SNSH,Red,Lure,Ezreal,Olaf,BOT,8,18.0,2.0,True,Win
3008243,1,SNSH,HRTS,HRTS,SNSH,Red,Batuuu,Karma,Xin Zhao,SUP,9,19.0,2.0,True,Win
3008243,1,SNSH,HRTS,SNSH,HRTS,Blue,Strongside,Rell,Zaahen,SUP,10,20.0,2.0,False,Loss
3008244,1,KHK,SC,KHK,SC,Blue,Boda,Olaf,Qiyana,TOP,1,7.0,1.0,False,Loss
3008244,1,KHK,SC,SC,KHK,Red,Yeti,Camille,Yunara,TOP,2,8.0,1.0,True,Win
3008244,1,KHK,SC,SC,KHK,Red,SPOOKY,Skarner,Lulu,JGL,3,9.0,1.0,True,Win
3008244,1,KHK,SC,KHK,SC,Blue,Densi,Qiyana,Ashe,JGL,4,10.0,1.0,False,Loss
3008244,1,KHK,SC,KHK,SC,Blue,Abbedagge,Ryze,Seraphine,MID,5,11.0,1.0,False,Loss
3008244,1,KHK,SC,SC,KHK,Red,Nafkelah,Syndra,Skarner,MID,6,12.0,1.0,True,Win
3008244,1,KHK,SC,SC,KHK,Red,EXOFENG,Yunara,Syndra,BOT,7,17.0,2.0,True,Win
3008244,1,KHK,SC,KHK,SC,Blue,Unforgiven,Ashe,Ryze,BOT,8,18.0,2.0,False,Loss
3008244,1,KHK,SC,KHK,SC,Blue,Doss,Seraphine,Olaf,SUP,9,19.0,2.0,False,Loss
3008244,1,KHK,SC,SC,KHK,Red,SteeelBack,Lulu,Camille,SUP,10,20.0,2.0,True,Win
3008246,1,UCAM,KCB,KCB,UCAM,Red,Tao,Renekton,Jarvan IV,TOP,1,7.0,1.0,True,Win
3008246,1,UCAM,KCB,UCAM,KCB,Blue,Kozi,Gnar,Caitlyn,TOP,2,8.0,1.0,False,Loss
3008246,1,UCAM,KCB,UCAM,KCB,Blue,bluerzor,LeeSin,Bard,JGL,3,9.0,1.0,False,Loss
3008246,1,UCAM,KCB,KCB,UCAM,Red,Yukino,JarvanIV,Ashe,JGL,4,10.0,1.0,True,Win
3008246,1,UCAM,KCB,KCB,UCAM,Red,Kamiloo,Orianna,Seraphine,MID,5,11.0,1.0,True,Win
3008246,1,UCAM,KCB,UCAM,KCB,Blue,ESCIK,Cassiopeia,Lee Sin,MID,6,12.0,1.0,False,Loss
3008246,1,UCAM,KCB,UCAM,KCB,Blue,ANDARIEL,Caitlyn,Cassiopeia,BOT,7,17.0,2.0,False,Loss
3008246,1,UCAM,KCB,KCB,UCAM,Red,Looki,Ashe,Renekton,BOT,8,18.0,2.0,True,Win
3008246,1,UCAM,KCB,KCB,UCAM,Red,Prime,Seraphine,Orianna,SUP,9,19.0,2.0,True,Win
3008246,1,UCAM,KCB,UCAM,KCB,Blue,Passzi,Bard,Gnar,SUP,10,20.0,2.0,False,Loss
3008247,1,JSK,SU,SU,JSK,Red,IlllIma,Rumble,Syndra,TOP,1,7.0,1.0,False,Loss
3008247,1,JSK,SU,JSK,SU,Blue,Dionelux,Galio,Caitlyn,TOP,2,8.0,1.0,True,Win
3008247,1,JSK,SU,JSK,SU,Blue,Shanks2,Naafiri,Bard,JGL,3,9.0,1.0,True,Win
3008247,1,JSK,SU,SU,JSK,Red,Kaboom,Ambessa,Jhin,JGL,4,10.0,1.0,False,Loss
3008247,1,JSK,SU,SU,JSK,Red,Vetheo,Syndra,Nautilus,MID,5,11.0,1.0,False,Loss
3008247,1,JSK,SU,JSK,SU,Blue,VAEII,Zoe,Naafiri,MID,6,12.0,1.0,True,Win
3008247,1,JSK,SU,JSK,SU,Blue,Aeru,Caitlyn,Zoe,BOT,7,17.0,2.0,True,Win
3008247,1,JSK,SU,SU,JSK,Red,Nako,Jhin,Rumble,BOT,8,18.0,2.0,False,Loss
3008247,1,JSK,SU,SU,JSK,Red,Patch,Nautilus,Ambessa,SUP,9,19.0,2.0,False,Loss
3008247,1,JSK,SU,JSK,SU,Blue,marlon,Bard,Galio,SUP,10,20.0,2.0,True,Win
3008248,1,VLR,BIG,VLR,BIG,Blue,kPr,KSante,Lucian,TOP,1,7.0,1.0,True,Win
3008248,1,VLR,BIG,BIG,VLR,Red,Irrelevant,Rumble,Rumble,TOP,2,8.0,1.0,False,Loss
3008248,1,VLR,BIG,BIG,VLR,Red,113,JarvanIV,Jarvan IV,JGL,3,9.0,1.0,False,Loss
3008248,1,VLR,BIG,VLR,BIG,Blue,Cboi,XinZhao,Milio,JGL,4,10.0,1.0,True,Win
3008248,1,VLR,BIG,VLR,BIG,Blue,Peppe,Syndra,K'Sante,MID,5,11.0,1.0,True,Win
3008248,1,VLR,BIG,BIG,VLR,Red,Reeker,Ryze,Ryze,MID,6,12.0,1.0,False,Loss
3008248,1,VLR,BIG,BIG,VLR,Red,Patrik,Kalista,Kalista,BOT,7,17.0,2.0,False,Loss
3008248,1,VLR,BIG,VLR,BIG,Blue,Unkn0wn,Lucian,Syndra,BOT,8,18.0,2.0,True,Win
3008248,1,VLR,BIG,VLR,BIG,Blue,Speedy1,Milio,Xin Zhao,SUP,9,19.0,2.0,True,Win
3008248,1,VLR,BIG,BIG,VLR,Red,Kaiser,Renata,Renata Glasc,SUP,10,20.0,2.0,False,Loss
3008249,1,RUD,CG,CG,RUD,Red,SkaR,Rumble,Rumble,TOP,1,7.0,1.0,False,Loss
3008249,1,RUD,CG,RUD,CG,Blue,Robocop,Sion,Lucian,TOP,2,8.0,1.0,True,Win
3008249,1,RUD,CG,RUD,CG,Blue,Ano,JarvanIV,Milio,JGL,3,9.0,1.0,True,Win
3008249,1,RUD,CG,CG,RUD,Red,Jeykup,Khazix,Zeri,JGL,4,10.0,1.0,False,Loss
3008249,1,RUD,CG,CG,RUD,Red,Sharon,Syndra,Lulu,MID,5,11.0,1.0,False,Loss
3008249,1,RUD,CG,RUD,CG,Blue,Nano,Ryze,Ryze,MID,6,12.0,1.0,True,Win
3008249,1,RUD,CG,RUD,CG,Blue,Afriibi,Lucian,Sion,BOT,7,17.0,2.0,True,Win
3008249,1,RUD,CG,CG,RUD,Red,xHikama,Zeri,Kha'Zix,BOT,8,18.0,2.0,False,Loss
3008249,1,RUD,CG,CG,RUD,Red,Shredder,Lulu,Syndra,SUP,9,19.0,2.0,False,Loss
3008249,1,RUD,CG,RUD,CG,Blue,J3rkie,Milio,Jarvan IV,SUP,10,20.0,2.0,True,Win
3008250,1,TP,BAR,BAR,TP,Red,selenex,Gnar,Orianna,TOP,1,7.0,1.0,False,Loss
3008250,1,TP,BAR,TP,BAR,Blue,Goldmen,Renekton,Syndra,TOP,2,8.0,1.0,True,Win
3008250,1,TP,BAR,TP,BAR,Blue,Drofan,MonkeyKing,Wukong,JGL,3,9.0,1.0,True,Win
3008250,1,TP,BAR,BAR,TP,Red,KoIdo,Nocturne,Nocturne,JGL,4,10.0,1.0,False,Loss
3008250,1,TP,BAR,BAR,TP,Red,Macaquinho,Orianna,Gnar,MID,5,11.0,1.0,False,Loss
3008250,1,TP,BAR,TP,BAR,Blue,Secrett,Syndra,Renekton,MID,6,12.0,1.0,True,Win
3008250,1,TP,BAR,TP,BAR,Blue,Evangelyne,Tristana,Tristana,BOT,7,17.0,2.0,True,Win
3008250,1,TP,BAR,BAR,TP,Red,Legolas,Kaisa,Kai'Sa,BOT,8,18.0,2.0,False,Loss
3008250,1,TP,BAR,BAR,TP,Red,Oscure,Leona,Leona,SUP,9,19.0,2.0,False,Loss
3008250,1,TP,BAR,TP,BAR,Blue,CENTU,Rell,Rell,SUP,10,20.0,2.0,True,Win
3008251,1,LDS,FEC,LDS,FEC,Blue,Sinmivak,Jayce,Ezreal,TOP,1,7.0,1.0,False,Loss
3008251,1,LDS,FEC,FEC,LDS,Red,Leny,Yorick,Lucian,TOP,2,8.0,1.0,True,Win
3008251,1,LDS,FEC,FEC,LDS,Red,Artanis,JarvanIV,Milio,JGL,3,9.0,1.0,True,Win
3008251,1,LDS,FEC,LDS,FEC,Blue,mikusik,XinZhao,Karma,JGL,4,10.0,1.0,False,Loss
3008251,1,LDS,FEC,LDS,FEC,Blue,Czekolad,Ryze,Ryze,MID,5,11.0,1.0,False,Loss
3008251,1,LDS,FEC,FEC,LDS,Red,Wolorz,Anivia,Jarvan IV,MID,6,12.0,1.0,True,Win
3008251,1,LDS,FEC,FEC,LDS,Red,FlickeR,Lucian,Anivia,BOT,7,17.0,2.0,True,Win
3008251,1,LDS,FEC,LDS,FEC,Blue,zamulek,Ezreal,Xin Zhao,BOT,8,18.0,2.0,False,Loss
3008251,1,LDS,FEC,LDS,FEC,Blue,Kaseko,Karma,Jayce,SUP,9,19.0,2.0,False,Loss
3008251,1,LDS,FEC,FEC,LDS,Red,Seal,Milio,Yorick,SUP,10,20.0,2.0,True,Win
3008252,1,TSC,PCF,PCF,TSC,Red,Bayonetta,KSante,Orianna,TOP,1,7.0,1.0,True,Win
3008252,1,TSC,PCF,TSC,PCF,Blue,Danilo,Rumble,Lucian,TOP,2,8.0,1.0,False,Loss
3008252,1,TSC,PCF,TSC,PCF,Blue,Nasser,JarvanIV,Milio,JGL,3,9.0,1.0,False,Loss
3008252,1,TSC,PCF,PCF,TSC,Red,stalken,LeeSin,Yunara,JGL,4,10.0,1.0,True,Win
3008252,1,TSC,PCF,PCF,TSC,Red,FireAscept,Orianna,Lulu,MID,5,11.0,1.0,True,Win
3008252,1,TSC,PCF,TSC,PCF,Blue,Kryzik,Ryze,Ryze,MID,6,12.0,1.0,False,Loss
3008252,1,TSC,PCF,TSC,PCF,Blue,Yuki,Lucian,Jarvan IV,BOT,7,17.0,2.0,False,Loss
3008252,1,TSC,PCF,PCF,TSC,Red,Scorth,Yunara,Lee Sin,BOT,8,18.0,2.0,True,Win
3008252,1,TSC,PCF,PCF,TSC,Red,monkaS,Lulu,K'Sante,SUP,9,19.0,2.0,True,Win
3008252,1,TSC,PCF,TSC,PCF,Blue,Enoch,Milio,Rumble,SUP,10,20.0,2.0,False,Loss
3008253,1,BW,ESB,BW,ESB,Blue,Aytekn,Rumble,Ryze,TOP,1,7.0,1.0,True,Win
3008253,1,BW,ESB,ESB,BW,Red,Darkeszy,KSante,Syndra,TOP,2,8.0,1.0,False,Loss
3008253,1,BW,ESB,ESB,BW,Red,Twight,Naafiri,Naafiri,JGL,3,9.0,1.0,False,Loss
3008253,1,BW,ESB,BW,ESB,Blue,Osman123,LeeSin,Lee Sin,JGL,4,10.0,1.0,True,Win
3008253,1,BW,ESB,BW,ESB,Blue,Camana,Ryze,Rumble,MID,5,11.0,1.0,True,Win
3008253,1,BW,ESB,ESB,BW,Red,DVLK,Syndra,K'Sante,MID,6,12.0,1.0,False,Loss
3008253,1,BW,ESB,ESB,BW,Red,Esko,Zeri,Zeri,BOT,7,17.0,2.0,False,Loss
3008253,1,BW,ESB,BW,ESB,Blue,Ruep,Caitlyn,Caitlyn,BOT,8,18.0,2.0,True,Win
3008253,1,BW,ESB,BW,ESB,Blue,Carry,Bard,Bard,SUP,9,19.0,2.0,True,Win
3008253,1,BW,ESB,ESB,BW,Red,Vlaren,Leona,Leona,SUP,10,20.0,2.0,False,Loss
3008254,1,WD,HMB,WD,HMB,Blue,Falleo,KSante,Ezreal,TOP,1,7.0,1.0,False,Loss
3008254,1,WD,HMB,HMB,WD,Red,APP,Rumble,Jhin,TOP,2,8.0,1.0,True,Win
3008254,1,WD,HMB,HMB,WD,Red,Carnage,MonkeyKing,Rumble,JGL,3,9.0,1.0,True,Win
3008254,1,WD,HMB,WD,HMB,Blue,Salgueiro,LeeSin,K'Sante,JGL,4,10.0,1.0,False,Loss
3008254,1,WD,HMB,WD,HMB,Blue,Fred,Ahri,Karma,MID,5,11.0,1.0,False,Loss
3008254,1,WD,HMB,HMB,WD,Red,Vigil,Viktor,Bard,MID,6,12.0,1.0,True,Win
3008254,1,WD,HMB,HMB,WD,Red,Tyrone,Jhin,Wukong,BOT,7,17.0,2.0,True,Win
3008254,1,WD,HMB,WD,HMB,Blue,GotzY,Ezreal,Lee Sin,BOT,8,18.0,2.0,False,Loss
3008254,1,WD,HMB,WD,HMB,Blue,Calmsky,Karma,Ahri,SUP,9,19.0,2.0,False,Loss
3008254,1,WD,HMB,HMB,WD,Red,Click,Bard,Viktor,SUP,10,20.0,2.0,True,Win
3008255,1,GSMC,MGZ,MGZ,GSMC,Red,pr1me,Jax,Viktor,TOP,1,7.0,1.0,True,Win
3008255,1,GSMC,MGZ,GSMC,MGZ,Blue,Septico1,KSante,Caitlyn,TOP,2,8.0,1.0,False,Loss
3008255,1,GSMC,MGZ,GSMC,MGZ,Blue,Elix1r,JarvanIV,Bard,JGL,3,9.0,1.0,False,Loss
3008255,1,GSMC,MGZ,MGZ,GSMC,Red,Metroflox,Aatrox,Aatrox,JGL,4,10.0,1.0,True,Win
3008255,1,GSMC,MGZ,MGZ,GSMC,Red,FSZ,Galio,Pantheon,MID,5,11.0,1.0,True,Win
3008255,1,GSMC,MGZ,GSMC,MGZ,Blue,Alix,Sylas,Jarvan IV,MID,6,12.0,1.0,False,Loss
3008255,1,GSMC,MGZ,GSMC,MGZ,Blue,Vaynedeta,Caitlyn,Sylas,BOT,7,17.0,2.0,False,Loss
3008255,1,GSMC,MGZ,MGZ,GSMC,Red,Crem,Viktor,Galio,BOT,8,18.0,2.0,True,Win
3008255,1,GSMC,MGZ,MGZ,GSMC,Red,Mxe,Pantheon,Jax,SUP,9,19.0,2.0,True,Win
3008255,1,GSMC,MGZ,GSMC,MGZ,Blue,Abagnale,Bard,K'Sante,SUP,10,20.0,2.0,False,Loss
3008256,1,FSK,OTS,OTS,FSK,Red,GreatGary,Ornn,Lucian,TOP,1,7.0,1.0,True,Win
3008256,1,FSK,OTS,FSK,OTS,Blue,Color,Ambessa,Yunara,TOP,2,8.0,1.0,False,Loss
3008256,1,FSK,OTS,FSK,OTS,Blue,MAXI,JarvanIV,Jarvan IV,JGL,3,9.0,1.0,False,Loss
3008256,1,FSK,OTS,OTS,FSK,Red,Kurama,Zaahen,Milio,JGL,4,10.0,1.0,True,Win
3008256,1,FSK,OTS,OTS,FSK,Red,Baca,Ryze,Zaahen,MID,5,11.0,1.0,True,Win
3008256,1,FSK,OTS,FSK,OTS,Blue,Decay,Viktor,Lulu,MID,6,12.0,1.0,False,Loss
3008256,1,FSK,OTS,FSK,OTS,Blue,Syzyfek,Yunara,Viktor,BOT,7,17.0,2.0,False,Loss
3008256,1,FSK,OTS,OTS,FSK,Red,Deadly,Lucian,Ryze,BOT,8,18.0,2.0,True,Win
3008256,1,FSK,OTS,OTS,FSK,Red,Smarty,Milio,Ornn,SUP,9,19.0,2.0,True,Win
3008256,1,FSK,OTS,FSK,OTS,Blue,Nio,Lulu,Ambessa,SUP,10,20.0,2.0,False,Loss
